pair_type,model,domain,task_id,task_cluster,task_family,both_success,same_final_state,tool_name,field,value_a,value_b,category,opcode
C2_C1,gemma4_31b,airline,12,airline:12,single,False,True,get_user_details,<CALL>,"get_user_details|{""user_id"":""chen_lee_6825""}",<MISSING>,extra argument,replace
C2_C1,gemma4_31b,airline,12,airline:12,single,False,True,get_reservation_details,<CALL>,<MISSING>,"get_reservation_details|{""reservation_id"":""YAX4DR""}",missing argument,replace
C1_C1,gemma4_31b,airline,12,airline:12,single,False,True,get_flight_status,<CALL>,"get_flight_status|{""date"":""2024-05-18"",""flight_number"":""HAT235""}",<MISSING>,extra argument,replace
C1_C1,gemma4_31b,airline,12,airline:12,single,False,True,get_flight_status,<CALL>,"get_flight_status|{""date"":""2024-05-19"",""flight_number"":""HAT298""}",<MISSING>,extra argument,replace
C1_C1,gemma4_31b,airline,12,airline:12,single,False,True,get_user_details,<CALL>,<MISSING>,"get_user_details|{""user_id"":""chen_lee_6825""}",missing argument,replace
C1_C1,gemma4_31b,airline,12,airline:12,single,False,True,calculate,expression,"""(350 + 499) * 2 - (122 + 127) * 2""","""(350 * 2 + 499 * 2) - (122 * 2 + 127 * 2)""",unknown,aligned_tool
C1_C1,gemma4_31b,airline,12,airline:12,single,False,True,get_flight_status,<CALL>,"get_flight_status|{""date"":""2024-05-18"",""flight_number"":""HAT235""}",<MISSING>,extra argument,replace
C1_C1,gemma4_31b,airline,12,airline:12,single,False,True,get_flight_status,<CALL>,"get_flight_status|{""date"":""2024-05-19"",""flight_number"":""HAT298""}",<MISSING>,extra argument,replace
C1_C1,gemma4_31b,airline,12,airline:12,single,False,True,get_user_details,<CALL>,<MISSING>,"get_user_details|{""user_id"":""chen_lee_6825""}",missing argument,replace
C1_C1,gemma4_31b,airline,12,airline:12,single,False,True,calculate,expression,"""(350 + 499) * 2 - (122 + 127) * 2""","""(350 * 2 + 499 * 2) - (122 * 2 + 127 * 2)""",unknown,aligned_tool
C1_C1,gemma4_31b,airline,12,airline:12,single,False,True,get_flight_status,<CALL>,"get_flight_status|{""date"":""2024-05-18"",""flight_number"":""HAT235""}",<MISSING>,extra argument,replace
C1_C1,gemma4_31b,airline,12,airline:12,single,False,True,get_flight_status,<CALL>,"get_flight_status|{""date"":""2024-05-19"",""flight_number"":""HAT298""}",<MISSING>,extra argument,replace
C1_C1,gemma4_31b,airline,12,airline:12,single,False,True,get_user_details,<CALL>,<MISSING>,"get_user_details|{""user_id"":""chen_lee_6825""}",missing argument,replace
C1_C1,gemma4_31b,airline,12,airline:12,single,False,True,calculate,expression,"""(350 + 499) * 2 - (122 + 127) * 2""","""(350 * 2 + 499 * 2) - (122 * 2 + 127 * 2)""",unknown,aligned_tool
C1_C1,gemma4_31b,airline,12,airline:12,single,False,True,get_flight_status,<CALL>,"get_flight_status|{""date"":""2024-05-18"",""flight_number"":""HAT235""}",<MISSING>,extra argument,replace
C1_C1,gemma4_31b,airline,12,airline:12,single,False,True,get_flight_status,<CALL>,"get_flight_status|{""date"":""2024-05-19"",""flight_number"":""HAT298""}",<MISSING>,extra argument,replace
C1_C1,gemma4_31b,airline,12,airline:12,single,False,True,get_user_details,<CALL>,<MISSING>,"get_user_details|{""user_id"":""chen_lee_6825""}",missing argument,replace
C1_C1,gemma4_31b,airline,12,airline:12,single,False,True,calculate,expression,"""(350 + 499) * 2 - (122 + 127) * 2""","""(350 * 2 + 499 * 2) - (122 * 2 + 127 * 2)""",unknown,aligned_tool
C1_C1,gemma4_31b,airline,12,airline:12,single,False,True,get_flight_status,<CALL>,"get_flight_status|{""date"":""2024-05-18"",""flight_number"":""HAT235""}",<MISSING>,extra argument,replace
C1_C1,gemma4_31b,airline,12,airline:12,single,False,True,get_flight_status,<CALL>,"get_flight_status|{""date"":""2024-05-19"",""flight_number"":""HAT298""}",<MISSING>,extra argument,replace
C1_C1,gemma4_31b,airline,12,airline:12,single,False,True,get_user_details,<CALL>,<MISSING>,"get_user_details|{""user_id"":""chen_lee_6825""}",missing argument,replace
C1_C1,gemma4_31b,airline,12,airline:12,single,False,True,calculate,expression,"""(350 + 499) * 2 - (122 + 127) * 2""","""(350 * 2 + 499 * 2) - (122 * 2 + 127 * 2)""",unknown,aligned_tool
C1_C1,gemma4_31b,airline,12,airline:12,single,False,True,get_flight_status,<CALL>,"get_flight_status|{""date"":""2024-05-18"",""flight_number"":""HAT235""}",<MISSING>,extra argument,replace
C1_C1,gemma4_31b,airline,12,airline:12,single,False,True,get_flight_status,<CALL>,"get_flight_status|{""date"":""2024-05-19"",""flight_number"":""HAT298""}",<MISSING>,extra argument,replace
C1_C1,gemma4_31b,airline,12,airline:12,single,False,True,get_user_details,<CALL>,<MISSING>,"get_user_details|{""user_id"":""chen_lee_6825""}",missing argument,replace
C1_C1,gemma4_31b,airline,12,airline:12,single,False,True,calculate,expression,"""(350 + 499) * 2 - (122 + 127) * 2""","""(350 * 2 + 499 * 2) - (122 * 2 + 127 * 2)""",unknown,aligned_tool
C2_C1,gemma4_31b,airline,17,airline:17,compound,False,True,get_reservation_details,reservation_id,"""789012""","""UM3OG5""",order/reservation identifier,aligned_tool
C2_C1,gemma4_31b,airline,17,airline:17,compound,False,True,get_reservation_details,reservation_id,"""7890123""","""5RJ7UH""",order/reservation identifier,aligned_tool
C2_C1,gemma4_31b,airline,17,airline:17,compound,False,True,get_reservation_details,reservation_id,"""QKRY03""","""FQ8APE""",order/reservation identifier,aligned_tool
C2_C1,gemma4_31b,airline,17,airline:17,compound,False,True,get_reservation_details,reservation_id,"""5RJ7UH""","""QKRY03""",order/reservation identifier,aligned_tool
C2_C1,gemma4_31b,airline,2,airline:2,read,True,True,search_direct_flight,destination,"""JFK""","""LGA""",source/destination,aligned_tool
C2_C1,gemma4_31b,airline,2,airline:2,read,True,True,search_onestop_flight,destination,"""JFK""","""LGA""",source/destination,aligned_tool
C2_C1,gemma4_31b,airline,2,airline:2,read,True,True,search_direct_flight,destination,"""JFK""","""LGA""",source/destination,aligned_tool
C2_C1,gemma4_31b,airline,2,airline:2,read,True,True,search_onestop_flight,destination,"""JFK""","""LGA""",source/destination,aligned_tool
C2_C1,gemma4_31b,airline,2,airline:2,read,True,True,get_flight_status,date,"""2024-06-01""","""2024-05-11""",date/time,aligned_tool
C2_C1,gemma4_31b,airline,2,airline:2,read,True,True,get_flight_status,flight_number,"""1234""","""HAT006""",amount/quantity,aligned_tool
C2_C1,gemma4_31b,airline,2,airline:2,read,True,True,get_flight_status,date,"""2024-05-17""","""2024-05-11""",date/time,aligned_tool
C2_C1,gemma4_31b,airline,2,airline:2,read,True,True,get_flight_status,flight_number,"""HAT040""","""HAT018""",amount/quantity,aligned_tool
C2_C1,gemma4_31b,airline,2,airline:2,read,False,False,search_direct_flight,destination,"""JFK""","""LGA""",source/destination,aligned_tool
C2_C1,gemma4_31b,airline,2,airline:2,read,False,False,search_onestop_flight,destination,"""JFK""","""LGA""",source/destination,aligned_tool
C2_C1,gemma4_31b,airline,2,airline:2,read,False,False,send_certificate,<CALL>,"send_certificate|{""amount"":50,""user_id"":""noah_muller_9847""}",<MISSING>,extra argument,replace
C2_C1,gemma4_31b,airline,2,airline:2,read,False,False,get_flight_status,<CALL>,<MISSING>,"get_flight_status|{""date"":""2024-05-11"",""flight_number"":""HAT006""}",missing argument,replace
C2_C1,gemma4_31b,airline,2,airline:2,read,False,False,get_flight_status,<CALL>,<MISSING>,"get_flight_status|{""date"":""2024-05-11"",""flight_number"":""HAT018""}",missing argument,replace
C2_C1,gemma4_31b,airline,2,airline:2,read,True,True,search_direct_flight,destination,"""JFK""","""LGA""",source/destination,aligned_tool
C2_C1,gemma4_31b,airline,2,airline:2,read,True,True,search_onestop_flight,destination,"""JFK""","""LGA""",source/destination,aligned_tool
C2_C1,gemma4_31b,airline,2,airline:2,read,False,False,search_direct_flight,destination,"""JFK""","""LGA""",source/destination,aligned_tool
C2_C1,gemma4_31b,airline,2,airline:2,read,False,False,search_onestop_flight,destination,"""JFK""","""LGA""",source/destination,aligned_tool
C2_C1,gemma4_31b,airline,2,airline:2,read,False,False,send_certificate,<CALL>,"send_certificate|{""amount"":50,""user_id"":""noah_muller_9847""}",<MISSING>,extra argument,replace
C2_C1,gemma4_31b,airline,2,airline:2,read,False,False,get_flight_status,<CALL>,<MISSING>,"get_flight_status|{""date"":""2024-05-11"",""flight_number"":""HAT006""}",missing argument,replace
C2_C1,gemma4_31b,airline,2,airline:2,read,False,False,get_flight_status,<CALL>,<MISSING>,"get_flight_status|{""date"":""2024-05-11"",""flight_number"":""HAT018""}",missing argument,replace
C2_C1,gemma4_31b,airline,23,airline:23,compound,False,False,get_user_details,user_id,"""mohamed_silva_123""","""Mohamed Silva""",account identifier,aligned_tool
C2_C1,gemma4_31b,airline,23,airline:23,compound,False,False,cancel_reservation,<CALL>,"cancel_reservation|{""reservation_id"":""K1NW8N""}",<MISSING>,extra argument,replace
C2_C1,gemma4_31b,airline,23,airline:23,compound,False,False,book_reservation,<CALL>,"book_reservation|{""cabin"":""business"",""destination"":""SFO"",""flight_type"":""round_trip"",""flights"":[{""date"":""2024-05-26"",""destination"":""SFO"",""flight_number"":""HAT023"",""origin"":""JFK""},{""date"":""2024-05-28"",""destination"":""SEA"",""flight_number"":""HAT204"",""origin"":""SFO""},{""date"":""2024-05-28"",""destination"":""JFK"",""flight_number"":""HAT100"",""origin"":""SEA""}],""insurance"":""no"",""nonfree_baggages"":0,""origin"":""JFK"",""passengers"":[{""dob"":""1960-11-26"",""first_name"":""Mohamed"",""last_name"":""Silva""}],""payment_methods"":[{""amount"":500,""id"":""certificate_3765853""},{""amount"":198,""id"":""gift_card_8020792""},{""amount"":129,""id"":""gift_card_6136092""},{""id"":""credit_card_2198526""}],""total_baggages"":6,""user_id"":""mohamed_silva_9265""}",<MISSING>,extra argument,replace
C2_C1,gemma4_31b,airline,23,airline:23,compound,False,False,book_reservation,<CALL>,"book_reservation|{""cabin"":""business"",""destination"":""SFO"",""flight_type"":""round_trip"",""flights"":[{""date"":""2024-05-26"",""destination"":""SFO"",""flight_number"":""HAT023"",""origin"":""JFK""},{""date"":""2024-05-28"",""destination"":""SEA"",""flight_number"":""HAT204"",""origin"":""SFO""},{""date"":""2024-05-28"",""destination"":""JFK"",""flight_number"":""HAT100"",""origin"":""SEA""}],""insurance"":""no"",""nonfree_baggages"":0,""origin"":""JFK"",""passengers"":[{""dob"":""1986-09-12"",""first_name"":""Raj"",""last_name"":""Sanchez""}],""payment_methods"":[{""amount"":250,""id"":""certificate_9984806""},{""id"":""credit_card_2198526""}],""total_baggages"":6,""user_id"":""mohamed_silva_9265""}",<MISSING>,extra argument,replace
C2_C1,gemma4_31b,airline,23,airline:23,compound,False,False,book_reservation,<CALL>,"book_reservation|{""cabin"":""business"",""destination"":""SFO"",""flight_type"":""round_trip"",""flights"":[{""date"":""2024-05-26"",""destination"":""SFO"",""flight_number"":""HAT023"",""origin"":""JFK""},{""date"":""2024-05-28"",""destination"":""SEA"",""flight_number"":""HAT204"",""origin"":""SFO""},{""date"":""2024-05-28"",""destination"":""JFK"",""flight_number"":""HAT100"",""origin"":""SEA""}],""insurance"":""no"",""nonfree_baggages"":0,""origin"":""JFK"",""passengers"":[{""dob"":""1980-03-27"",""first_name"":""Liam"",""last_name"":""Wilson""}],""payment_methods"":[{""amount"":250,""id"":""certificate_2765295""},{""id"":""credit_card_2198526""}],""total_baggages"":6,""user_id"":""mohamed_silva_9265""}",<MISSING>,extra argument,replace
C2_C1,gemma4_31b,airline,23,airline:23,compound,False,False,book_reservation,<CALL>,"book_reservation|{""cabin"":""business"",""destination"":""SFO"",""flight_type"":""round_trip"",""flights"":[{""date"":""2024-05-26"",""destination"":""SFO"",""flight_number"":""HAT023"",""origin"":""JFK""},{""date"":""2024-05-28"",""destination"":""SEA"",""flight_number"":""HAT204"",""origin"":""SFO""},{""date"":""2024-05-28"",""destination"":""JFK"",""flight_number"":""HAT100"",""origin"":""SEA""}],""insurance"":""no"",""nonfree_baggages"":0,""origin"":""JFK"",""passengers"":[{""dob"":""1960-11-26"",""first_name"":""Mohamed"",""last_name"":""Silva""}],""payment_methods"":[{""payment_id"":""certificate_3765853""},{""payment_id"":""gift_card_8020792""},{""payment_id"":""gift_card_6136092""},{""payment_id"":""credit_card_2198526""}],""total_baggages"":6,""user_id"":""mohamed_silva_9265""}",<MISSING>,extra argument,replace
C2_C1,gemma4_31b,airline,23,airline:23,compound,False,False,book_reservation,<CALL>,"book_reservation|{""cabin"":""business"",""destination"":""SFO"",""flight_type"":""round_trip"",""flights"":[{""date"":""2024-05-26"",""destination"":""SFO"",""flight_number"":""HAT023"",""origin"":""JFK""},{""date"":""2024-05-28"",""destination"":""SEA"",""flight_number"":""HAT204"",""origin"":""SFO""},{""date"":""2024-05-28"",""destination"":""JFK"",""flight_number"":""HAT100"",""origin"":""SEA""}],""insurance"":""no"",""nonfree_baggages"":0,""origin"":""JFK"",""passengers"":[{""dob"":""1986-09-12"",""first_name"":""Raj"",""last_name"":""Sanchez""}],""payment_methods"":[{""payment_id"":""certificate_9984806""},{""payment_id"":""credit_card_2198526""}],""total_baggages"":6,""user_id"":""mohamed_silva_9265""}",<MISSING>,extra argument,replace
C2_C1,gemma4_31b,airline,23,airline:23,compound,False,False,book_reservation,<CALL>,"book_reservation|{""cabin"":""business"",""destination"":""SFO"",""flight_type"":""round_trip"",""flights"":[{""date"":""2024-05-26"",""destination"":""SFO"",""flight_number"":""HAT023"",""origin"":""JFK""},{""date"":""2024-05-28"",""destination"":""SEA"",""flight_number"":""HAT204"",""origin"":""SFO""},{""date"":""2024-05-28"",""destination"":""JFK"",""flight_number"":""HAT100"",""origin"":""SEA""}],""insurance"":""no"",""nonfree_baggages"":0,""origin"":""JFK"",""passengers"":[{""dob"":""1980-03-27"",""first_name"":""Liam"",""last_name"":""Wilson""}],""payment_methods"":[{""payment_id"":""certificate_2765295""},{""payment_id"":""credit_card_2198526""}],""total_baggages"":6,""user_id"":""mohamed_silva_9265""}",<MISSING>,extra argument,replace
C2_C1,gemma4_31b,airline,23,airline:23,compound,False,False,book_reservation,<CALL>,"book_reservation|{""cabin"":""business"",""destination"":""SFO"",""flight_type"":""round_trip"",""flights"":[{""date"":""2024-05-26"",""destination"":""SFO"",""flight_number"":""HAT023"",""origin"":""JFK""},{""date"":""2024-05-28"",""destination"":""SEA"",""flight_number"":""HAT204"",""origin"":""SFO""},{""date"":""2024-05-28"",""destination"":""JFK"",""flight_number"":""HAT100"",""origin"":""SEA""}],""insurance"":""no"",""nonfree_baggages"":0,""origin"":""JFK"",""passengers"":[{""dob"":""1960-11-26"",""first_name"":""Mohamed"",""last_name"":""Silva""}],""payment_methods"":[{""amount"":500,""payment_id"":""certificate_3765853""},{""amount"":198,""payment_id"":""gift_card_8020792""},{""amount"":129,""payment_id"":""gift_card_6136092""},{""amount"":44,""payment_id"":""credit_card_2198526""}],""total_baggages"":6,""user_id"":""mohamed_silva_9265""}",<MISSING>,extra argument,replace
C2_C1,gemma4_31b,airline,23,airline:23,compound,False,False,book_reservation,<CALL>,"book_reservation|{""cabin"":""business"",""destination"":""SFO"",""flight_type"":""round_trip"",""flights"":[{""date"":""2024-05-26"",""destination"":""SFO"",""flight_number"":""HAT023"",""origin"":""JFK""},{""date"":""2024-05-28"",""destination"":""SEA"",""flight_number"":""HAT204"",""origin"":""SFO""},{""date"":""2024-05-28"",""destination"":""JFK"",""flight_number"":""HAT100"",""origin"":""SEA""}],""insurance"":""no"",""nonfree_baggages"":0,""origin"":""JFK"",""passengers"":[{""dob"":""1986-09-12"",""first_name"":""Raj"",""last_name"":""Sanchez""}],""payment_methods"":[{""amount"":250,""payment_id"":""certificate_9984806""},{""amount"":621,""payment_id"":""credit_card_2198526""}],""total_baggages"":6,""user_id"":""mohamed_silva_9265""}",<MISSING>,extra argument,replace
C2_C1,gemma4_31b,airline,23,airline:23,compound,False,False,book_reservation,<CALL>,"book_reservation|{""cabin"":""business"",""destination"":""SFO"",""flight_type"":""round_trip"",""flights"":[{""date"":""2024-05-26"",""destination"":""SFO"",""flight_number"":""HAT023"",""origin"":""JFK""},{""date"":""2024-05-28"",""destination"":""SEA"",""flight_number"":""HAT204"",""origin"":""SFO""},{""date"":""2024-05-28"",""destination"":""JFK"",""flight_number"":""HAT100"",""origin"":""SEA""}],""insurance"":""no"",""nonfree_baggages"":0,""origin"":""JFK"",""passengers"":[{""dob"":""1980-03-27"",""first_name"":""Liam"",""last_name"":""Wilson""}],""payment_methods"":[{""amount"":250,""payment_id"":""certificate_2765295""},{""amount"":621,""payment_id"":""credit_card_2198526""}],""total_baggages"":6,""user_id"":""mohamed_silva_9265""}",<MISSING>,extra argument,replace
C2_C1,gemma4_31b,airline,23,airline:23,compound,False,False,calculate,<CALL>,<MISSING>,"calculate|{""expression"":""(364 + 248 + 453) * 3""}",missing argument,replace
C2_C1,gemma4_31b,airline,23,airline:23,compound,False,False,calculate,<CALL>,<MISSING>,"calculate|{""expression"":""(364 + 248 + 453) * 3 - 567""}",missing argument,replace
C2_C1,gemma4_31b,airline,23,airline:23,compound,False,False,update_reservation_flights,<CALL>,<MISSING>,"update_reservation_flights|{""cabin"":""business"",""flights"":[{""date"":""2024-05-26"",""destination"":""SFO"",""flight_number"":""HAT023"",""origin"":""JFK""},{""date"":""2024-05-28"",""destination"":""SEA"",""flight_number"":""HAT204"",""origin"":""SFO""},{""date"":""2024-05-28"",""destination"":""JFK"",""flight_number"":""HAT021"",""origin"":""SEA""}],""payment_id"":""credit_card_2198526"",""reservation_id"":""K1NW8N""}",missing argument,replace
C2_C1,gemma4_31b,airline,23,airline:23,compound,False,False,get_user_details,user_id,"""mohamed_silva_123""","""Mohamed Silva""",account identifier,aligned_tool
C2_C1,gemma4_31b,airline,23,airline:23,compound,False,False,cancel_reservation,<CALL>,"cancel_reservation|{""reservation_id"":""K1NW8N""}",<MISSING>,extra argument,replace
C2_C1,gemma4_31b,airline,23,airline:23,compound,False,False,book_reservation,<CALL>,"book_reservation|{""cabin"":""business"",""destination"":""SFO"",""flight_type"":""round_trip"",""flights"":[{""date"":""2024-05-26"",""destination"":""SFO"",""flight_number"":""HAT023"",""origin"":""JFK""},{""date"":""2024-05-28"",""destination"":""SEA"",""flight_number"":""HAT204"",""origin"":""SFO""},{""date"":""2024-05-28"",""destination"":""JFK"",""flight_number"":""HAT100"",""origin"":""SEA""}],""insurance"":""no"",""nonfree_baggages"":0,""origin"":""JFK"",""passengers"":[{""dob"":""1960-11-26"",""first_name"":""Mohamed"",""last_name"":""Silva""}],""payment_methods"":[{""amount"":500,""id"":""certificate_3765853""},{""amount"":198,""id"":""gift_card_8020792""},{""amount"":129,""id"":""gift_card_6136092""},{""id"":""credit_card_2198526""}],""total_baggages"":6,""user_id"":""mohamed_silva_9265""}",<MISSING>,extra argument,replace
C2_C1,gemma4_31b,airline,23,airline:23,compound,False,False,book_reservation,<CALL>,"book_reservation|{""cabin"":""business"",""destination"":""SFO"",""flight_type"":""round_trip"",""flights"":[{""date"":""2024-05-26"",""destination"":""SFO"",""flight_number"":""HAT023"",""origin"":""JFK""},{""date"":""2024-05-28"",""destination"":""SEA"",""flight_number"":""HAT204"",""origin"":""SFO""},{""date"":""2024-05-28"",""destination"":""JFK"",""flight_number"":""HAT100"",""origin"":""SEA""}],""insurance"":""no"",""nonfree_baggages"":0,""origin"":""JFK"",""passengers"":[{""dob"":""1986-09-12"",""first_name"":""Raj"",""last_name"":""Sanchez""}],""payment_methods"":[{""amount"":250,""id"":""certificate_9984806""},{""id"":""credit_card_2198526""}],""total_baggages"":6,""user_id"":""mohamed_silva_9265""}",<MISSING>,extra argument,replace
C2_C1,gemma4_31b,airline,23,airline:23,compound,False,False,book_reservation,<CALL>,"book_reservation|{""cabin"":""business"",""destination"":""SFO"",""flight_type"":""round_trip"",""flights"":[{""date"":""2024-05-26"",""destination"":""SFO"",""flight_number"":""HAT023"",""origin"":""JFK""},{""date"":""2024-05-28"",""destination"":""SEA"",""flight_number"":""HAT204"",""origin"":""SFO""},{""date"":""2024-05-28"",""destination"":""JFK"",""flight_number"":""HAT100"",""origin"":""SEA""}],""insurance"":""no"",""nonfree_baggages"":0,""origin"":""JFK"",""passengers"":[{""dob"":""1980-03-27"",""first_name"":""Liam"",""last_name"":""Wilson""}],""payment_methods"":[{""amount"":250,""id"":""certificate_2765295""},{""id"":""credit_card_2198526""}],""total_baggages"":6,""user_id"":""mohamed_silva_9265""}",<MISSING>,extra argument,replace
C2_C1,gemma4_31b,airline,23,airline:23,compound,False,False,book_reservation,<CALL>,"book_reservation|{""cabin"":""business"",""destination"":""SFO"",""flight_type"":""round_trip"",""flights"":[{""date"":""2024-05-26"",""destination"":""SFO"",""flight_number"":""HAT023"",""origin"":""JFK""},{""date"":""2024-05-28"",""destination"":""SEA"",""flight_number"":""HAT204"",""origin"":""SFO""},{""date"":""2024-05-28"",""destination"":""JFK"",""flight_number"":""HAT100"",""origin"":""SEA""}],""insurance"":""no"",""nonfree_baggages"":0,""origin"":""JFK"",""passengers"":[{""dob"":""1960-11-26"",""first_name"":""Mohamed"",""last_name"":""Silva""}],""payment_methods"":[{""payment_id"":""certificate_3765853""},{""payment_id"":""gift_card_8020792""},{""payment_id"":""gift_card_6136092""},{""payment_id"":""credit_card_2198526""}],""total_baggages"":6,""user_id"":""mohamed_silva_9265""}",<MISSING>,extra argument,replace
C2_C1,gemma4_31b,airline,23,airline:23,compound,False,False,book_reservation,<CALL>,"book_reservation|{""cabin"":""business"",""destination"":""SFO"",""flight_type"":""round_trip"",""flights"":[{""date"":""2024-05-26"",""destination"":""SFO"",""flight_number"":""HAT023"",""origin"":""JFK""},{""date"":""2024-05-28"",""destination"":""SEA"",""flight_number"":""HAT204"",""origin"":""SFO""},{""date"":""2024-05-28"",""destination"":""JFK"",""flight_number"":""HAT100"",""origin"":""SEA""}],""insurance"":""no"",""nonfree_baggages"":0,""origin"":""JFK"",""passengers"":[{""dob"":""1986-09-12"",""first_name"":""Raj"",""last_name"":""Sanchez""}],""payment_methods"":[{""payment_id"":""certificate_9984806""},{""payment_id"":""credit_card_2198526""}],""total_baggages"":6,""user_id"":""mohamed_silva_9265""}",<MISSING>,extra argument,replace
C2_C1,gemma4_31b,airline,23,airline:23,compound,False,False,book_reservation,<CALL>,"book_reservation|{""cabin"":""business"",""destination"":""SFO"",""flight_type"":""round_trip"",""flights"":[{""date"":""2024-05-26"",""destination"":""SFO"",""flight_number"":""HAT023"",""origin"":""JFK""},{""date"":""2024-05-28"",""destination"":""SEA"",""flight_number"":""HAT204"",""origin"":""SFO""},{""date"":""2024-05-28"",""destination"":""JFK"",""flight_number"":""HAT100"",""origin"":""SEA""}],""insurance"":""no"",""nonfree_baggages"":0,""origin"":""JFK"",""passengers"":[{""dob"":""1980-03-27"",""first_name"":""Liam"",""last_name"":""Wilson""}],""payment_methods"":[{""payment_id"":""certificate_2765295""},{""payment_id"":""credit_card_2198526""}],""total_baggages"":6,""user_id"":""mohamed_silva_9265""}",<MISSING>,extra argument,replace
C2_C1,gemma4_31b,airline,23,airline:23,compound,False,False,book_reservation,<CALL>,"book_reservation|{""cabin"":""business"",""destination"":""SFO"",""flight_type"":""round_trip"",""flights"":[{""date"":""2024-05-26"",""destination"":""SFO"",""flight_number"":""HAT023"",""origin"":""JFK""},{""date"":""2024-05-28"",""destination"":""SEA"",""flight_number"":""HAT204"",""origin"":""SFO""},{""date"":""2024-05-28"",""destination"":""JFK"",""flight_number"":""HAT100"",""origin"":""SEA""}],""insurance"":""no"",""nonfree_baggages"":0,""origin"":""JFK"",""passengers"":[{""dob"":""1960-11-26"",""first_name"":""Mohamed"",""last_name"":""Silva""}],""payment_methods"":[{""amount"":500,""payment_id"":""certificate_3765853""},{""amount"":198,""payment_id"":""gift_card_8020792""},{""amount"":129,""payment_id"":""gift_card_6136092""},{""amount"":44,""payment_id"":""credit_card_2198526""}],""total_baggages"":6,""user_id"":""mohamed_silva_9265""}",<MISSING>,extra argument,replace
C2_C1,gemma4_31b,airline,23,airline:23,compound,False,False,book_reservation,<CALL>,"book_reservation|{""cabin"":""business"",""destination"":""SFO"",""flight_type"":""round_trip"",""flights"":[{""date"":""2024-05-26"",""destination"":""SFO"",""flight_number"":""HAT023"",""origin"":""JFK""},{""date"":""2024-05-28"",""destination"":""SEA"",""flight_number"":""HAT204"",""origin"":""SFO""},{""date"":""2024-05-28"",""destination"":""JFK"",""flight_number"":""HAT100"",""origin"":""SEA""}],""insurance"":""no"",""nonfree_baggages"":0,""origin"":""JFK"",""passengers"":[{""dob"":""1986-09-12"",""first_name"":""Raj"",""last_name"":""Sanchez""}],""payment_methods"":[{""amount"":250,""payment_id"":""certificate_9984806""},{""amount"":621,""payment_id"":""credit_card_2198526""}],""total_baggages"":6,""user_id"":""mohamed_silva_9265""}",<MISSING>,extra argument,replace
C2_C1,gemma4_31b,airline,23,airline:23,compound,False,False,book_reservation,<CALL>,"book_reservation|{""cabin"":""business"",""destination"":""SFO"",""flight_type"":""round_trip"",""flights"":[{""date"":""2024-05-26"",""destination"":""SFO"",""flight_number"":""HAT023"",""origin"":""JFK""},{""date"":""2024-05-28"",""destination"":""SEA"",""flight_number"":""HAT204"",""origin"":""SFO""},{""date"":""2024-05-28"",""destination"":""JFK"",""flight_number"":""HAT100"",""origin"":""SEA""}],""insurance"":""no"",""nonfree_baggages"":0,""origin"":""JFK"",""passengers"":[{""dob"":""1980-03-27"",""first_name"":""Liam"",""last_name"":""Wilson""}],""payment_methods"":[{""amount"":250,""payment_id"":""certificate_2765295""},{""amount"":621,""payment_id"":""credit_card_2198526""}],""total_baggages"":6,""user_id"":""mohamed_silva_9265""}",<MISSING>,extra argument,replace
C2_C1,gemma4_31b,airline,23,airline:23,compound,False,False,calculate,<CALL>,<MISSING>,"calculate|{""expression"":""(364 + 248 + 453) * 3""}",missing argument,replace
C2_C1,gemma4_31b,airline,23,airline:23,compound,False,False,calculate,<CALL>,<MISSING>,"calculate|{""expression"":""(364 + 248 + 453) * 3 - 567""}",missing argument,replace
C2_C1,gemma4_31b,airline,23,airline:23,compound,False,False,update_reservation_flights,<CALL>,<MISSING>,"update_reservation_flights|{""cabin"":""business"",""flights"":[{""date"":""2024-05-26"",""destination"":""SFO"",""flight_number"":""HAT023"",""origin"":""JFK""},{""date"":""2024-05-28"",""destination"":""SEA"",""flight_number"":""HAT204"",""origin"":""SFO""},{""date"":""2024-05-28"",""destination"":""JFK"",""flight_number"":""HAT021"",""origin"":""SEA""}],""payment_id"":""credit_card_2198526"",""reservation_id"":""K1NW8N""}",missing argument,replace
C2_C1,gemma4_31b,airline,23,airline:23,compound,False,False,get_user_details,user_id,"""mohamed_silva_123""","""Mohamed Silva""",account identifier,aligned_tool
C2_C1,gemma4_31b,airline,23,airline:23,compound,False,False,cancel_reservation,<CALL>,"cancel_reservation|{""reservation_id"":""K1NW8N""}",<MISSING>,extra argument,replace
C2_C1,gemma4_31b,airline,23,airline:23,compound,False,False,book_reservation,<CALL>,"book_reservation|{""cabin"":""business"",""destination"":""SFO"",""flight_type"":""round_trip"",""flights"":[{""date"":""2024-05-26"",""destination"":""SFO"",""flight_number"":""HAT023"",""origin"":""JFK""},{""date"":""2024-05-28"",""destination"":""SEA"",""flight_number"":""HAT204"",""origin"":""SFO""},{""date"":""2024-05-28"",""destination"":""JFK"",""flight_number"":""HAT100"",""origin"":""SEA""}],""insurance"":""no"",""nonfree_baggages"":0,""origin"":""JFK"",""passengers"":[{""dob"":""1960-11-26"",""first_name"":""Mohamed"",""last_name"":""Silva""}],""payment_methods"":[{""amount"":500,""id"":""certificate_3765853""},{""amount"":198,""id"":""gift_card_8020792""},{""amount"":129,""id"":""gift_card_6136092""},{""id"":""credit_card_2198526""}],""total_baggages"":6,""user_id"":""mohamed_silva_9265""}",<MISSING>,extra argument,replace
C2_C1,gemma4_31b,airline,23,airline:23,compound,False,False,book_reservation,<CALL>,"book_reservation|{""cabin"":""business"",""destination"":""SFO"",""flight_type"":""round_trip"",""flights"":[{""date"":""2024-05-26"",""destination"":""SFO"",""flight_number"":""HAT023"",""origin"":""JFK""},{""date"":""2024-05-28"",""destination"":""SEA"",""flight_number"":""HAT204"",""origin"":""SFO""},{""date"":""2024-05-28"",""destination"":""JFK"",""flight_number"":""HAT100"",""origin"":""SEA""}],""insurance"":""no"",""nonfree_baggages"":0,""origin"":""JFK"",""passengers"":[{""dob"":""1986-09-12"",""first_name"":""Raj"",""last_name"":""Sanchez""}],""payment_methods"":[{""amount"":250,""id"":""certificate_9984806""},{""id"":""credit_card_2198526""}],""total_baggages"":6,""user_id"":""mohamed_silva_9265""}",<MISSING>,extra argument,replace
C2_C1,gemma4_31b,airline,23,airline:23,compound,False,False,book_reservation,<CALL>,"book_reservation|{""cabin"":""business"",""destination"":""SFO"",""flight_type"":""round_trip"",""flights"":[{""date"":""2024-05-26"",""destination"":""SFO"",""flight_number"":""HAT023"",""origin"":""JFK""},{""date"":""2024-05-28"",""destination"":""SEA"",""flight_number"":""HAT204"",""origin"":""SFO""},{""date"":""2024-05-28"",""destination"":""JFK"",""flight_number"":""HAT100"",""origin"":""SEA""}],""insurance"":""no"",""nonfree_baggages"":0,""origin"":""JFK"",""passengers"":[{""dob"":""1980-03-27"",""first_name"":""Liam"",""last_name"":""Wilson""}],""payment_methods"":[{""amount"":250,""id"":""certificate_2765295""},{""id"":""credit_card_2198526""}],""total_baggages"":6,""user_id"":""mohamed_silva_9265""}",<MISSING>,extra argument,replace
C2_C1,gemma4_31b,airline,23,airline:23,compound,False,False,book_reservation,<CALL>,"book_reservation|{""cabin"":""business"",""destination"":""SFO"",""flight_type"":""round_trip"",""flights"":[{""date"":""2024-05-26"",""destination"":""SFO"",""flight_number"":""HAT023"",""origin"":""JFK""},{""date"":""2024-05-28"",""destination"":""SEA"",""flight_number"":""HAT204"",""origin"":""SFO""},{""date"":""2024-05-28"",""destination"":""JFK"",""flight_number"":""HAT100"",""origin"":""SEA""}],""insurance"":""no"",""nonfree_baggages"":0,""origin"":""JFK"",""passengers"":[{""dob"":""1960-11-26"",""first_name"":""Mohamed"",""last_name"":""Silva""}],""payment_methods"":[{""payment_id"":""certificate_3765853""},{""payment_id"":""gift_card_8020792""},{""payment_id"":""gift_card_6136092""},{""payment_id"":""credit_card_2198526""}],""total_baggages"":6,""user_id"":""mohamed_silva_9265""}",<MISSING>,extra argument,replace
C2_C1,gemma4_31b,airline,23,airline:23,compound,False,False,book_reservation,<CALL>,"book_reservation|{""cabin"":""business"",""destination"":""SFO"",""flight_type"":""round_trip"",""flights"":[{""date"":""2024-05-26"",""destination"":""SFO"",""flight_number"":""HAT023"",""origin"":""JFK""},{""date"":""2024-05-28"",""destination"":""SEA"",""flight_number"":""HAT204"",""origin"":""SFO""},{""date"":""2024-05-28"",""destination"":""JFK"",""flight_number"":""HAT100"",""origin"":""SEA""}],""insurance"":""no"",""nonfree_baggages"":0,""origin"":""JFK"",""passengers"":[{""dob"":""1986-09-12"",""first_name"":""Raj"",""last_name"":""Sanchez""}],""payment_methods"":[{""payment_id"":""certificate_9984806""},{""payment_id"":""credit_card_2198526""}],""total_baggages"":6,""user_id"":""mohamed_silva_9265""}",<MISSING>,extra argument,replace
C2_C1,gemma4_31b,airline,23,airline:23,compound,False,False,book_reservation,<CALL>,"book_reservation|{""cabin"":""business"",""destination"":""SFO"",""flight_type"":""round_trip"",""flights"":[{""date"":""2024-05-26"",""destination"":""SFO"",""flight_number"":""HAT023"",""origin"":""JFK""},{""date"":""2024-05-28"",""destination"":""SEA"",""flight_number"":""HAT204"",""origin"":""SFO""},{""date"":""2024-05-28"",""destination"":""JFK"",""flight_number"":""HAT100"",""origin"":""SEA""}],""insurance"":""no"",""nonfree_baggages"":0,""origin"":""JFK"",""passengers"":[{""dob"":""1980-03-27"",""first_name"":""Liam"",""last_name"":""Wilson""}],""payment_methods"":[{""payment_id"":""certificate_2765295""},{""payment_id"":""credit_card_2198526""}],""total_baggages"":6,""user_id"":""mohamed_silva_9265""}",<MISSING>,extra argument,replace
C2_C1,gemma4_31b,airline,23,airline:23,compound,False,False,book_reservation,<CALL>,"book_reservation|{""cabin"":""business"",""destination"":""SFO"",""flight_type"":""round_trip"",""flights"":[{""date"":""2024-05-26"",""destination"":""SFO"",""flight_number"":""HAT023"",""origin"":""JFK""},{""date"":""2024-05-28"",""destination"":""SEA"",""flight_number"":""HAT204"",""origin"":""SFO""},{""date"":""2024-05-28"",""destination"":""JFK"",""flight_number"":""HAT100"",""origin"":""SEA""}],""insurance"":""no"",""nonfree_baggages"":0,""origin"":""JFK"",""passengers"":[{""dob"":""1960-11-26"",""first_name"":""Mohamed"",""last_name"":""Silva""}],""payment_methods"":[{""amount"":500,""payment_id"":""certificate_3765853""},{""amount"":198,""payment_id"":""gift_card_8020792""},{""amount"":129,""payment_id"":""gift_card_6136092""},{""amount"":44,""payment_id"":""credit_card_2198526""}],""total_baggages"":6,""user_id"":""mohamed_silva_9265""}",<MISSING>,extra argument,replace
C2_C1,gemma4_31b,airline,23,airline:23,compound,False,False,book_reservation,<CALL>,"book_reservation|{""cabin"":""business"",""destination"":""SFO"",""flight_type"":""round_trip"",""flights"":[{""date"":""2024-05-26"",""destination"":""SFO"",""flight_number"":""HAT023"",""origin"":""JFK""},{""date"":""2024-05-28"",""destination"":""SEA"",""flight_number"":""HAT204"",""origin"":""SFO""},{""date"":""2024-05-28"",""destination"":""JFK"",""flight_number"":""HAT100"",""origin"":""SEA""}],""insurance"":""no"",""nonfree_baggages"":0,""origin"":""JFK"",""passengers"":[{""dob"":""1986-09-12"",""first_name"":""Raj"",""last_name"":""Sanchez""}],""payment_methods"":[{""amount"":250,""payment_id"":""certificate_9984806""},{""amount"":621,""payment_id"":""credit_card_2198526""}],""total_baggages"":6,""user_id"":""mohamed_silva_9265""}",<MISSING>,extra argument,replace
C2_C1,gemma4_31b,airline,23,airline:23,compound,False,False,book_reservation,<CALL>,"book_reservation|{""cabin"":""business"",""destination"":""SFO"",""flight_type"":""round_trip"",""flights"":[{""date"":""2024-05-26"",""destination"":""SFO"",""flight_number"":""HAT023"",""origin"":""JFK""},{""date"":""2024-05-28"",""destination"":""SEA"",""flight_number"":""HAT204"",""origin"":""SFO""},{""date"":""2024-05-28"",""destination"":""JFK"",""flight_number"":""HAT100"",""origin"":""SEA""}],""insurance"":""no"",""nonfree_baggages"":0,""origin"":""JFK"",""passengers"":[{""dob"":""1980-03-27"",""first_name"":""Liam"",""last_name"":""Wilson""}],""payment_methods"":[{""amount"":250,""payment_id"":""certificate_2765295""},{""amount"":621,""payment_id"":""credit_card_2198526""}],""total_baggages"":6,""user_id"":""mohamed_silva_9265""}",<MISSING>,extra argument,replace
C2_C1,gemma4_31b,airline,23,airline:23,compound,False,False,calculate,<CALL>,<MISSING>,"calculate|{""expression"":""(364 + 248 + 453) * 3""}",missing argument,replace
C2_C1,gemma4_31b,airline,23,airline:23,compound,False,False,calculate,<CALL>,<MISSING>,"calculate|{""expression"":""(364 + 248 + 453) * 3 - 567""}",missing argument,replace
C2_C1,gemma4_31b,airline,23,airline:23,compound,False,False,update_reservation_flights,<CALL>,<MISSING>,"update_reservation_flights|{""cabin"":""business"",""flights"":[{""date"":""2024-05-26"",""destination"":""SFO"",""flight_number"":""HAT023"",""origin"":""JFK""},{""date"":""2024-05-28"",""destination"":""SEA"",""flight_number"":""HAT204"",""origin"":""SFO""},{""date"":""2024-05-28"",""destination"":""JFK"",""flight_number"":""HAT021"",""origin"":""SEA""}],""payment_id"":""credit_card_2198526"",""reservation_id"":""K1NW8N""}",missing argument,replace
C2_C1,gemma4_31b,airline,23,airline:23,compound,False,False,get_user_details,user_id,"""mohamed_silva_123""","""Mohamed Silva""",account identifier,aligned_tool
C2_C1,gemma4_31b,airline,23,airline:23,compound,False,False,get_user_details,user_id,"""mohamed_silva_123""","""Mohamed Silva""",account identifier,aligned_tool
C2_C1,gemma4_31b,airline,23,airline:23,compound,False,False,cancel_reservation,<CALL>,"cancel_reservation|{""reservation_id"":""K1NW8N""}",<MISSING>,extra argument,replace
C2_C1,gemma4_31b,airline,23,airline:23,compound,False,False,book_reservation,<CALL>,"book_reservation|{""cabin"":""business"",""destination"":""SFO"",""flight_type"":""round_trip"",""flights"":[{""date"":""2024-05-26"",""destination"":""SFO"",""flight_number"":""HAT023"",""origin"":""JFK""},{""date"":""2024-05-28"",""destination"":""SEA"",""flight_number"":""HAT204"",""origin"":""SFO""},{""date"":""2024-05-28"",""destination"":""JFK"",""flight_number"":""HAT100"",""origin"":""SEA""}],""insurance"":""no"",""nonfree_baggages"":0,""origin"":""JFK"",""passengers"":[{""dob"":""1960-11-26"",""first_name"":""Mohamed"",""last_name"":""Silva""}],""payment_methods"":[{""amount"":500,""id"":""certificate_3765853""},{""amount"":198,""id"":""gift_card_8020792""},{""amount"":129,""id"":""gift_card_6136092""},{""id"":""credit_card_2198526""}],""total_baggages"":6,""user_id"":""mohamed_silva_9265""}",<MISSING>,extra argument,replace
C2_C1,gemma4_31b,airline,23,airline:23,compound,False,False,book_reservation,<CALL>,"book_reservation|{""cabin"":""business"",""destination"":""SFO"",""flight_type"":""round_trip"",""flights"":[{""date"":""2024-05-26"",""destination"":""SFO"",""flight_number"":""HAT023"",""origin"":""JFK""},{""date"":""2024-05-28"",""destination"":""SEA"",""flight_number"":""HAT204"",""origin"":""SFO""},{""date"":""2024-05-28"",""destination"":""JFK"",""flight_number"":""HAT100"",""origin"":""SEA""}],""insurance"":""no"",""nonfree_baggages"":0,""origin"":""JFK"",""passengers"":[{""dob"":""1986-09-12"",""first_name"":""Raj"",""last_name"":""Sanchez""}],""payment_methods"":[{""amount"":250,""id"":""certificate_9984806""},{""id"":""credit_card_2198526""}],""total_baggages"":6,""user_id"":""mohamed_silva_9265""}",<MISSING>,extra argument,replace
C2_C1,gemma4_31b,airline,23,airline:23,compound,False,False,book_reservation,<CALL>,"book_reservation|{""cabin"":""business"",""destination"":""SFO"",""flight_type"":""round_trip"",""flights"":[{""date"":""2024-05-26"",""destination"":""SFO"",""flight_number"":""HAT023"",""origin"":""JFK""},{""date"":""2024-05-28"",""destination"":""SEA"",""flight_number"":""HAT204"",""origin"":""SFO""},{""date"":""2024-05-28"",""destination"":""JFK"",""flight_number"":""HAT100"",""origin"":""SEA""}],""insurance"":""no"",""nonfree_baggages"":0,""origin"":""JFK"",""passengers"":[{""dob"":""1980-03-27"",""first_name"":""Liam"",""last_name"":""Wilson""}],""payment_methods"":[{""amount"":250,""id"":""certificate_2765295""},{""id"":""credit_card_2198526""}],""total_baggages"":6,""user_id"":""mohamed_silva_9265""}",<MISSING>,extra argument,replace
C2_C1,gemma4_31b,airline,23,airline:23,compound,False,False,book_reservation,<CALL>,"book_reservation|{""cabin"":""business"",""destination"":""SFO"",""flight_type"":""round_trip"",""flights"":[{""date"":""2024-05-26"",""destination"":""SFO"",""flight_number"":""HAT023"",""origin"":""JFK""},{""date"":""2024-05-28"",""destination"":""SEA"",""flight_number"":""HAT204"",""origin"":""SFO""},{""date"":""2024-05-28"",""destination"":""JFK"",""flight_number"":""HAT100"",""origin"":""SEA""}],""insurance"":""no"",""nonfree_baggages"":0,""origin"":""JFK"",""passengers"":[{""dob"":""1960-11-26"",""first_name"":""Mohamed"",""last_name"":""Silva""}],""payment_methods"":[{""payment_id"":""certificate_3765853""},{""payment_id"":""gift_card_8020792""},{""payment_id"":""gift_card_6136092""},{""payment_id"":""credit_card_2198526""}],""total_baggages"":6,""user_id"":""mohamed_silva_9265""}",<MISSING>,extra argument,replace
C2_C1,gemma4_31b,airline,23,airline:23,compound,False,False,book_reservation,<CALL>,"book_reservation|{""cabin"":""business"",""destination"":""SFO"",""flight_type"":""round_trip"",""flights"":[{""date"":""2024-05-26"",""destination"":""SFO"",""flight_number"":""HAT023"",""origin"":""JFK""},{""date"":""2024-05-28"",""destination"":""SEA"",""flight_number"":""HAT204"",""origin"":""SFO""},{""date"":""2024-05-28"",""destination"":""JFK"",""flight_number"":""HAT100"",""origin"":""SEA""}],""insurance"":""no"",""nonfree_baggages"":0,""origin"":""JFK"",""passengers"":[{""dob"":""1986-09-12"",""first_name"":""Raj"",""last_name"":""Sanchez""}],""payment_methods"":[{""payment_id"":""certificate_9984806""},{""payment_id"":""credit_card_2198526""}],""total_baggages"":6,""user_id"":""mohamed_silva_9265""}",<MISSING>,extra argument,replace
C2_C1,gemma4_31b,airline,23,airline:23,compound,False,False,book_reservation,<CALL>,"book_reservation|{""cabin"":""business"",""destination"":""SFO"",""flight_type"":""round_trip"",""flights"":[{""date"":""2024-05-26"",""destination"":""SFO"",""flight_number"":""HAT023"",""origin"":""JFK""},{""date"":""2024-05-28"",""destination"":""SEA"",""flight_number"":""HAT204"",""origin"":""SFO""},{""date"":""2024-05-28"",""destination"":""JFK"",""flight_number"":""HAT100"",""origin"":""SEA""}],""insurance"":""no"",""nonfree_baggages"":0,""origin"":""JFK"",""passengers"":[{""dob"":""1980-03-27"",""first_name"":""Liam"",""last_name"":""Wilson""}],""payment_methods"":[{""payment_id"":""certificate_2765295""},{""payment_id"":""credit_card_2198526""}],""total_baggages"":6,""user_id"":""mohamed_silva_9265""}",<MISSING>,extra argument,replace
C2_C1,gemma4_31b,airline,23,airline:23,compound,False,False,book_reservation,<CALL>,"book_reservation|{""cabin"":""business"",""destination"":""SFO"",""flight_type"":""round_trip"",""flights"":[{""date"":""2024-05-26"",""destination"":""SFO"",""flight_number"":""HAT023"",""origin"":""JFK""},{""date"":""2024-05-28"",""destination"":""SEA"",""flight_number"":""HAT204"",""origin"":""SFO""},{""date"":""2024-05-28"",""destination"":""JFK"",""flight_number"":""HAT100"",""origin"":""SEA""}],""insurance"":""no"",""nonfree_baggages"":0,""origin"":""JFK"",""passengers"":[{""dob"":""1960-11-26"",""first_name"":""Mohamed"",""last_name"":""Silva""}],""payment_methods"":[{""amount"":500,""payment_id"":""certificate_3765853""},{""amount"":198,""payment_id"":""gift_card_8020792""},{""amount"":129,""payment_id"":""gift_card_6136092""},{""amount"":44,""payment_id"":""credit_card_2198526""}],""total_baggages"":6,""user_id"":""mohamed_silva_9265""}",<MISSING>,extra argument,replace
C2_C1,gemma4_31b,airline,23,airline:23,compound,False,False,book_reservation,<CALL>,"book_reservation|{""cabin"":""business"",""destination"":""SFO"",""flight_type"":""round_trip"",""flights"":[{""date"":""2024-05-26"",""destination"":""SFO"",""flight_number"":""HAT023"",""origin"":""JFK""},{""date"":""2024-05-28"",""destination"":""SEA"",""flight_number"":""HAT204"",""origin"":""SFO""},{""date"":""2024-05-28"",""destination"":""JFK"",""flight_number"":""HAT100"",""origin"":""SEA""}],""insurance"":""no"",""nonfree_baggages"":0,""origin"":""JFK"",""passengers"":[{""dob"":""1986-09-12"",""first_name"":""Raj"",""last_name"":""Sanchez""}],""payment_methods"":[{""amount"":250,""payment_id"":""certificate_9984806""},{""amount"":621,""payment_id"":""credit_card_2198526""}],""total_baggages"":6,""user_id"":""mohamed_silva_9265""}",<MISSING>,extra argument,replace
C2_C1,gemma4_31b,airline,23,airline:23,compound,False,False,book_reservation,<CALL>,"book_reservation|{""cabin"":""business"",""destination"":""SFO"",""flight_type"":""round_trip"",""flights"":[{""date"":""2024-05-26"",""destination"":""SFO"",""flight_number"":""HAT023"",""origin"":""JFK""},{""date"":""2024-05-28"",""destination"":""SEA"",""flight_number"":""HAT204"",""origin"":""SFO""},{""date"":""2024-05-28"",""destination"":""JFK"",""flight_number"":""HAT100"",""origin"":""SEA""}],""insurance"":""no"",""nonfree_baggages"":0,""origin"":""JFK"",""passengers"":[{""dob"":""1980-03-27"",""first_name"":""Liam"",""last_name"":""Wilson""}],""payment_methods"":[{""amount"":250,""payment_id"":""certificate_2765295""},{""amount"":621,""payment_id"":""credit_card_2198526""}],""total_baggages"":6,""user_id"":""mohamed_silva_9265""}",<MISSING>,extra argument,replace
C2_C1,gemma4_31b,airline,23,airline:23,compound,False,False,calculate,<CALL>,<MISSING>,"calculate|{""expression"":""(364 + 248 + 453) * 3""}",missing argument,replace
C2_C1,gemma4_31b,airline,23,airline:23,compound,False,False,calculate,<CALL>,<MISSING>,"calculate|{""expression"":""(364 + 248 + 453) * 3 - 567""}",missing argument,replace
C2_C1,gemma4_31b,airline,23,airline:23,compound,False,False,update_reservation_flights,<CALL>,<MISSING>,"update_reservation_flights|{""cabin"":""business"",""flights"":[{""date"":""2024-05-26"",""destination"":""SFO"",""flight_number"":""HAT023"",""origin"":""JFK""},{""date"":""2024-05-28"",""destination"":""SEA"",""flight_number"":""HAT204"",""origin"":""SFO""},{""date"":""2024-05-28"",""destination"":""JFK"",""flight_number"":""HAT021"",""origin"":""SEA""}],""payment_id"":""credit_card_2198526"",""reservation_id"":""K1NW8N""}",missing argument,replace
C2_C1,gemma4_31b,airline,30,airline:30,single,False,False,search_direct_flight,date,"""2024-06-15""","""2024-05-19""",date/time,aligned_tool
C2_C1,gemma4_31b,airline,30,airline:30,single,False,False,search_direct_flight,<CALL>,"search_direct_flight|{""date"":""2024-06-14"",""destination"":""IAH"",""origin"":""LAS""}",<MISSING>,extra argument,replace
C2_C1,gemma4_31b,airline,30,airline:30,single,False,False,search_direct_flight,<CALL>,"search_direct_flight|{""date"":""2024-06-16"",""destination"":""IAH"",""origin"":""LAS""}",<MISSING>,extra argument,replace
C2_C1,gemma4_31b,airline,30,airline:30,single,False,False,get_user_details,<CALL>,<MISSING>,"get_user_details|{""user_id"":""james_taylor_7043""}",missing argument,replace
C2_C1,gemma4_31b,airline,30,airline:30,single,False,False,update_reservation_flights,<CALL>,<MISSING>,"update_reservation_flights|{""cabin"":""economy"",""flights"":[{""date"":""2024-05-19"",""destination"":""IAH"",""flight_number"":""HAT266"",""origin"":""LAS""},{""date"":""2024-05-27"",""destination"":""LAS"",""flight_number"":""HAT112"",""origin"":""IAH""}],""payment_id"":""gift_card_5634230"",""reservation_id"":""1N99U6""}",missing argument,replace
C2_C1,gemma4_31b,airline,30,airline:30,single,False,False,search_direct_flight,date,"""2024-06-15""","""2024-05-19""",date/time,aligned_tool
C2_C1,gemma4_31b,airline,30,airline:30,single,False,False,search_direct_flight,<CALL>,"search_direct_flight|{""date"":""2024-06-14"",""destination"":""IAH"",""origin"":""LAS""}",<MISSING>,extra argument,replace
C2_C1,gemma4_31b,airline,30,airline:30,single,False,False,search_direct_flight,<CALL>,"search_direct_flight|{""date"":""2024-06-16"",""destination"":""IAH"",""origin"":""LAS""}",<MISSING>,extra argument,replace
C2_C1,gemma4_31b,airline,30,airline:30,single,False,False,get_user_details,<CALL>,<MISSING>,"get_user_details|{""user_id"":""james_taylor_7043""}",missing argument,replace
C2_C1,gemma4_31b,airline,30,airline:30,single,False,False,update_reservation_flights,<CALL>,<MISSING>,"update_reservation_flights|{""cabin"":""economy"",""flights"":[{""date"":""2024-05-19"",""destination"":""IAH"",""flight_number"":""HAT266"",""origin"":""LAS""},{""date"":""2024-05-27"",""destination"":""LAS"",""flight_number"":""HAT112"",""origin"":""IAH""}],""payment_id"":""gift_card_5634230"",""reservation_id"":""1N99U6""}",missing argument,replace
C2_C1,gemma4_31b,airline,30,airline:30,single,False,False,search_direct_flight,date,"""2024-06-15""","""2024-05-19""",date/time,aligned_tool
C2_C1,gemma4_31b,airline,30,airline:30,single,False,False,search_direct_flight,<CALL>,"search_direct_flight|{""date"":""2024-06-14"",""destination"":""IAH"",""origin"":""LAS""}",<MISSING>,extra argument,replace
C2_C1,gemma4_31b,airline,30,airline:30,single,False,False,search_direct_flight,<CALL>,"search_direct_flight|{""date"":""2024-06-16"",""destination"":""IAH"",""origin"":""LAS""}",<MISSING>,extra argument,replace
C2_C1,gemma4_31b,airline,30,airline:30,single,False,False,get_user_details,<CALL>,<MISSING>,"get_user_details|{""user_id"":""james_taylor_7043""}",missing argument,replace
C2_C1,gemma4_31b,airline,30,airline:30,single,False,False,update_reservation_flights,<CALL>,<MISSING>,"update_reservation_flights|{""cabin"":""economy"",""flights"":[{""date"":""2024-05-19"",""destination"":""IAH"",""flight_number"":""HAT266"",""origin"":""LAS""},{""date"":""2024-05-27"",""destination"":""LAS"",""flight_number"":""HAT112"",""origin"":""IAH""}],""payment_id"":""gift_card_5634230"",""reservation_id"":""1N99U6""}",missing argument,replace
C2_C1,gemma4_31b,airline,30,airline:30,single,False,False,search_direct_flight,date,"""2024-06-15""","""2024-05-19""",date/time,aligned_tool
C2_C1,gemma4_31b,airline,30,airline:30,single,False,False,search_direct_flight,<CALL>,"search_direct_flight|{""date"":""2024-06-14"",""destination"":""IAH"",""origin"":""LAS""}",<MISSING>,extra argument,replace
C2_C1,gemma4_31b,airline,30,airline:30,single,False,False,search_direct_flight,<CALL>,"search_direct_flight|{""date"":""2024-06-16"",""destination"":""IAH"",""origin"":""LAS""}",<MISSING>,extra argument,replace
C2_C1,gemma4_31b,airline,30,airline:30,single,False,False,get_user_details,<CALL>,<MISSING>,"get_user_details|{""user_id"":""james_taylor_7043""}",missing argument,replace
C2_C1,gemma4_31b,airline,30,airline:30,single,False,False,update_reservation_flights,<CALL>,<MISSING>,"update_reservation_flights|{""cabin"":""economy"",""flights"":[{""date"":""2024-05-19"",""destination"":""IAH"",""flight_number"":""HAT266"",""origin"":""LAS""},{""date"":""2024-05-27"",""destination"":""LAS"",""flight_number"":""HAT112"",""origin"":""IAH""}],""payment_id"":""gift_card_5634230"",""reservation_id"":""1N99U6""}",missing argument,replace
C2_C1,gemma4_31b,airline,30,airline:30,single,False,False,search_direct_flight,date,"""2024-06-15""","""2024-05-19""",date/time,aligned_tool
C2_C1,gemma4_31b,airline,30,airline:30,single,False,False,search_direct_flight,<CALL>,"search_direct_flight|{""date"":""2024-06-14"",""destination"":""IAH"",""origin"":""LAS""}",<MISSING>,extra argument,replace
C2_C1,gemma4_31b,airline,30,airline:30,single,False,False,search_direct_flight,<CALL>,"search_direct_flight|{""date"":""2024-06-16"",""destination"":""IAH"",""origin"":""LAS""}",<MISSING>,extra argument,replace
C2_C1,gemma4_31b,airline,30,airline:30,single,False,False,get_user_details,<CALL>,<MISSING>,"get_user_details|{""user_id"":""james_taylor_7043""}",missing argument,replace
C2_C1,gemma4_31b,airline,30,airline:30,single,False,False,update_reservation_flights,<CALL>,<MISSING>,"update_reservation_flights|{""cabin"":""economy"",""flights"":[{""date"":""2024-05-19"",""destination"":""IAH"",""flight_number"":""HAT266"",""origin"":""LAS""},{""date"":""2024-05-27"",""destination"":""LAS"",""flight_number"":""HAT112"",""origin"":""IAH""}],""payment_id"":""gift_card_5634230"",""reservation_id"":""1N99U6""}",missing argument,replace
C2_C1,gemma4_31b,airline,32,airline:32,compound,False,False,update_reservation_flights,flights,"[{""date"": ""2024-05-21"", ""destination"": ""LAX"", ""flight_number"": ""HAT041"", ""origin"": ""EWR""}]","[{""date"": ""2024-05-21"", ""destination"": ""LAX"", ""flight_number"": ""HAT041"", ""origin"": ""EWR"", ""price"": 136}]",unknown,aligned_tool
C2_C1,gemma4_31b,airline,32,airline:32,compound,False,False,update_reservation_flights,payment_id,"""gift_card_9823297""","""credit_card_9659780""",write value,aligned_tool
C2_C1,gemma4_31b,airline,32,airline:32,compound,False,False,search_direct_flight,destination,"""LAX""","""MIA""",source/destination,aligned_tool
C2_C1,gemma4_31b,airline,32,airline:32,compound,False,False,update_reservation_flights,<CALL>,"update_reservation_flights|{""cabin"":""economy"",""flights"":[{""date"":""2024-05-21"",""destination"":""LAX"",""flight_number"":""HAT041"",""origin"":""EWR""}],""payment_id"":""gift_card_9823297"",""reservation_id"":""OWZ4XL""}",<MISSING>,extra argument,replace
C2_C1,gemma4_31b,airline,32,airline:32,compound,False,False,search_direct_flight,<CALL>,<MISSING>,"search_direct_flight|{""date"":""2024-05-21"",""destination"":""LAX"",""origin"":""MIA""}",missing argument,replace
C2_C1,gemma4_31b,airline,32,airline:32,compound,False,False,calculate,<CALL>,<MISSING>,"calculate|{""expression"":""(196 + 110) - (94 + 80)""}",missing argument,replace
C2_C1,gemma4_31b,airline,32,airline:32,compound,False,False,transfer_to_human_agents,<CALL>,<MISSING>,"transfer_to_human_agents|{""summary"":""User Ivan Rossi (ivan_rossi_8555) wants to change his flight (OWZ4XL) from EWR on May 21 due to a family emergency. The reservation is currently in basic economy, which is non-modifiable. The user is willing to upgrade to economy to enable the change but found the upgrade cost ($396 total) too high, stating a budget of $100. He is requesting a human agent to explore other options.""}",missing argument,replace
C2_C1,gemma4_31b,airline,32,airline:32,compound,False,False,search_direct_flight,destination,"""LAX""","""MIA""",source/destination,aligned_tool
C2_C1,gemma4_31b,airline,32,airline:32,compound,False,False,update_reservation_flights,<CALL>,"update_reservation_flights|{""cabin"":""economy"",""flights"":[{""date"":""2024-05-21"",""destination"":""LAX"",""flight_number"":""HAT041"",""origin"":""EWR""}],""payment_id"":""gift_card_9823297"",""reservation_id"":""OWZ4XL""}",<MISSING>,extra argument,replace
C2_C1,gemma4_31b,airline,32,airline:32,compound,False,False,search_direct_flight,<CALL>,<MISSING>,"search_direct_flight|{""date"":""2024-05-21"",""destination"":""LAX"",""origin"":""MIA""}",missing argument,replace
C2_C1,gemma4_31b,airline,32,airline:32,compound,False,False,calculate,<CALL>,<MISSING>,"calculate|{""expression"":""(196 + 110) - (94 + 80)""}",missing argument,replace
C2_C1,gemma4_31b,airline,32,airline:32,compound,False,False,transfer_to_human_agents,<CALL>,<MISSING>,"transfer_to_human_agents|{""summary"":""User Ivan Rossi (ivan_rossi_8555) wants to change his flight (OWZ4XL) from EWR on May 21 due to a family emergency. The reservation is currently in basic economy, which is non-modifiable. The user is willing to upgrade to economy to enable the change but found the upgrade cost ($396 total) too high, stating a budget of $100. He is requesting a human agent to explore other options.""}",missing argument,replace
C2_C1,gemma4_31b,airline,32,airline:32,compound,False,False,search_direct_flight,destination,"""LAX""","""MIA""",source/destination,aligned_tool
C2_C1,gemma4_31b,airline,32,airline:32,compound,False,False,update_reservation_flights,<CALL>,"update_reservation_flights|{""cabin"":""economy"",""flights"":[{""date"":""2024-05-21"",""destination"":""LAX"",""flight_number"":""HAT041"",""origin"":""EWR""}],""payment_id"":""gift_card_9823297"",""reservation_id"":""OWZ4XL""}",<MISSING>,extra argument,replace
C2_C1,gemma4_31b,airline,32,airline:32,compound,False,False,search_direct_flight,<CALL>,<MISSING>,"search_direct_flight|{""date"":""2024-05-21"",""destination"":""LAX"",""origin"":""MIA""}",missing argument,replace
C2_C1,gemma4_31b,airline,32,airline:32,compound,False,False,calculate,<CALL>,<MISSING>,"calculate|{""expression"":""(196 + 110) - (94 + 80)""}",missing argument,replace
C2_C1,gemma4_31b,airline,32,airline:32,compound,False,False,transfer_to_human_agents,<CALL>,<MISSING>,"transfer_to_human_agents|{""summary"":""User Ivan Rossi (ivan_rossi_8555) wants to change his flight (OWZ4XL) from EWR on May 21 due to a family emergency. The reservation is currently in basic economy, which is non-modifiable. The user is willing to upgrade to economy to enable the change but found the upgrade cost ($396 total) too high, stating a budget of $100. He is requesting a human agent to explore other options.""}",missing argument,replace
C2_C1,gemma4_31b,airline,32,airline:32,compound,False,False,search_direct_flight,destination,"""LAX""","""MIA""",source/destination,aligned_tool
C2_C1,gemma4_31b,airline,32,airline:32,compound,False,False,update_reservation_flights,<CALL>,"update_reservation_flights|{""cabin"":""economy"",""flights"":[{""date"":""2024-05-21"",""destination"":""LAX"",""flight_number"":""HAT041"",""origin"":""EWR""}],""payment_id"":""gift_card_9823297"",""reservation_id"":""OWZ4XL""}",<MISSING>,extra argument,replace
C2_C1,gemma4_31b,airline,32,airline:32,compound,False,False,search_direct_flight,<CALL>,<MISSING>,"search_direct_flight|{""date"":""2024-05-21"",""destination"":""LAX"",""origin"":""MIA""}",missing argument,replace
C2_C1,gemma4_31b,airline,32,airline:32,compound,False,False,calculate,<CALL>,<MISSING>,"calculate|{""expression"":""(196 + 110) - (94 + 80)""}",missing argument,replace
C2_C1,gemma4_31b,airline,32,airline:32,compound,False,False,transfer_to_human_agents,<CALL>,<MISSING>,"transfer_to_human_agents|{""summary"":""User Ivan Rossi (ivan_rossi_8555) wants to change his flight (OWZ4XL) from EWR on May 21 due to a family emergency. The reservation is currently in basic economy, which is non-modifiable. The user is willing to upgrade to economy to enable the change but found the upgrade cost ($396 total) too high, stating a budget of $100. He is requesting a human agent to explore other options.""}",missing argument,replace
C1_C1,gemma4_31b,airline,32,airline:32,compound,False,False,get_reservation_details,reservation_id,"""F3IQK1""","""OWZ4XL""",order/reservation identifier,aligned_tool
C1_C1,gemma4_31b,airline,32,airline:32,compound,False,False,get_reservation_details,reservation_id,"""8WMF4C""","""F3IQK1""",order/reservation identifier,aligned_tool
C1_C1,gemma4_31b,airline,32,airline:32,compound,False,False,get_reservation_details,reservation_id,"""L2H5FP""","""8WMF4C""",order/reservation identifier,aligned_tool
C1_C1,gemma4_31b,airline,32,airline:32,compound,False,False,get_reservation_details,reservation_id,"""OWZ4XL""","""L2H5FP""",order/reservation identifier,aligned_tool
C1_C1,gemma4_31b,airline,32,airline:32,compound,False,False,calculate,expression,"""(196 + 110) * 3 - (94 + 80) * 3""","""(196 + 110) - (94 + 80)""",unknown,aligned_tool
C1_C1,gemma4_31b,airline,32,airline:32,compound,False,False,update_reservation_flights,<CALL>,"update_reservation_flights|{""cabin"":""economy"",""flights"":[{""date"":""2024-05-21"",""destination"":""MIA"",""flight_number"":""HAT202"",""origin"":""EWR"",""price"":196},{""date"":""2024-05-21"",""destination"":""LAX"",""flight_number"":""HAT232"",""origin"":""MIA"",""price"":110}],""payment_id"":""credit_card_9659780"",""reservation_id"":""OWZ4XL""}",<MISSING>,extra argument,replace
C1_C1,gemma4_31b,airline,32,airline:32,compound,False,False,search_direct_flight,<CALL>,"search_direct_flight|{""date"":""2024-05-21"",""destination"":""LAX"",""origin"":""EWR""}",<MISSING>,extra argument,replace
C1_C1,gemma4_31b,airline,32,airline:32,compound,False,False,update_reservation_flights,<CALL>,"update_reservation_flights|{""cabin"":""economy"",""flights"":[{""date"":""2024-05-21"",""destination"":""LAX"",""flight_number"":""HAT041"",""origin"":""EWR"",""price"":136}],""payment_id"":""credit_card_9659780"",""reservation_id"":""OWZ4XL""}",<MISSING>,extra argument,replace
C1_C1,gemma4_31b,airline,32,airline:32,compound,False,False,transfer_to_human_agents,<CALL>,<MISSING>,"transfer_to_human_agents|{""summary"":""User Ivan Rossi (ivan_rossi_8555) wants to change his flight (OWZ4XL) from EWR on May 21 due to a family emergency. The reservation is currently in basic economy, which is non-modifiable. The user is willing to upgrade to economy to enable the change but found the upgrade cost ($396 total) too high, stating a budget of $100. He is requesting a human agent to explore other options.""}",missing argument,replace
C1_C1,gemma4_31b,airline,32,airline:32,compound,False,False,get_reservation_details,reservation_id,"""F3IQK1""","""OWZ4XL""",order/reservation identifier,aligned_tool
C1_C1,gemma4_31b,airline,32,airline:32,compound,False,False,get_reservation_details,reservation_id,"""8WMF4C""","""F3IQK1""",order/reservation identifier,aligned_tool
C1_C1,gemma4_31b,airline,32,airline:32,compound,False,False,get_reservation_details,reservation_id,"""L2H5FP""","""8WMF4C""",order/reservation identifier,aligned_tool
C1_C1,gemma4_31b,airline,32,airline:32,compound,False,False,get_reservation_details,reservation_id,"""OWZ4XL""","""L2H5FP""",order/reservation identifier,aligned_tool
C1_C1,gemma4_31b,airline,32,airline:32,compound,False,False,calculate,expression,"""(196 + 110) * 3 - (94 + 80) * 3""","""(196 + 110) - (94 + 80)""",unknown,aligned_tool
C1_C1,gemma4_31b,airline,32,airline:32,compound,False,False,update_reservation_flights,<CALL>,"update_reservation_flights|{""cabin"":""economy"",""flights"":[{""date"":""2024-05-21"",""destination"":""MIA"",""flight_number"":""HAT202"",""origin"":""EWR"",""price"":196},{""date"":""2024-05-21"",""destination"":""LAX"",""flight_number"":""HAT232"",""origin"":""MIA"",""price"":110}],""payment_id"":""credit_card_9659780"",""reservation_id"":""OWZ4XL""}",<MISSING>,extra argument,replace
C1_C1,gemma4_31b,airline,32,airline:32,compound,False,False,search_direct_flight,<CALL>,"search_direct_flight|{""date"":""2024-05-21"",""destination"":""LAX"",""origin"":""EWR""}",<MISSING>,extra argument,replace
C1_C1,gemma4_31b,airline,32,airline:32,compound,False,False,update_reservation_flights,<CALL>,"update_reservation_flights|{""cabin"":""economy"",""flights"":[{""date"":""2024-05-21"",""destination"":""LAX"",""flight_number"":""HAT041"",""origin"":""EWR"",""price"":136}],""payment_id"":""credit_card_9659780"",""reservation_id"":""OWZ4XL""}",<MISSING>,extra argument,replace
C1_C1,gemma4_31b,airline,32,airline:32,compound,False,False,transfer_to_human_agents,<CALL>,<MISSING>,"transfer_to_human_agents|{""summary"":""User Ivan Rossi (ivan_rossi_8555) wants to change his flight (OWZ4XL) from EWR on May 21 due to a family emergency. The reservation is currently in basic economy, which is non-modifiable. The user is willing to upgrade to economy to enable the change but found the upgrade cost ($396 total) too high, stating a budget of $100. He is requesting a human agent to explore other options.""}",missing argument,replace
C1_C1,gemma4_31b,airline,32,airline:32,compound,False,False,get_reservation_details,reservation_id,"""F3IQK1""","""OWZ4XL""",order/reservation identifier,aligned_tool
C1_C1,gemma4_31b,airline,32,airline:32,compound,False,False,get_reservation_details,reservation_id,"""8WMF4C""","""F3IQK1""",order/reservation identifier,aligned_tool
C1_C1,gemma4_31b,airline,32,airline:32,compound,False,False,get_reservation_details,reservation_id,"""L2H5FP""","""8WMF4C""",order/reservation identifier,aligned_tool
C1_C1,gemma4_31b,airline,32,airline:32,compound,False,False,get_reservation_details,reservation_id,"""OWZ4XL""","""L2H5FP""",order/reservation identifier,aligned_tool
C1_C1,gemma4_31b,airline,32,airline:32,compound,False,False,calculate,expression,"""(196 + 110) * 3 - (94 + 80) * 3""","""(196 + 110) - (94 + 80)""",unknown,aligned_tool
C1_C1,gemma4_31b,airline,32,airline:32,compound,False,False,update_reservation_flights,<CALL>,"update_reservation_flights|{""cabin"":""economy"",""flights"":[{""date"":""2024-05-21"",""destination"":""MIA"",""flight_number"":""HAT202"",""origin"":""EWR"",""price"":196},{""date"":""2024-05-21"",""destination"":""LAX"",""flight_number"":""HAT232"",""origin"":""MIA"",""price"":110}],""payment_id"":""credit_card_9659780"",""reservation_id"":""OWZ4XL""}",<MISSING>,extra argument,replace
C1_C1,gemma4_31b,airline,32,airline:32,compound,False,False,search_direct_flight,<CALL>,"search_direct_flight|{""date"":""2024-05-21"",""destination"":""LAX"",""origin"":""EWR""}",<MISSING>,extra argument,replace
C1_C1,gemma4_31b,airline,32,airline:32,compound,False,False,update_reservation_flights,<CALL>,"update_reservation_flights|{""cabin"":""economy"",""flights"":[{""date"":""2024-05-21"",""destination"":""LAX"",""flight_number"":""HAT041"",""origin"":""EWR"",""price"":136}],""payment_id"":""credit_card_9659780"",""reservation_id"":""OWZ4XL""}",<MISSING>,extra argument,replace
C1_C1,gemma4_31b,airline,32,airline:32,compound,False,False,transfer_to_human_agents,<CALL>,<MISSING>,"transfer_to_human_agents|{""summary"":""User Ivan Rossi (ivan_rossi_8555) wants to change his flight (OWZ4XL) from EWR on May 21 due to a family emergency. The reservation is currently in basic economy, which is non-modifiable. The user is willing to upgrade to economy to enable the change but found the upgrade cost ($396 total) too high, stating a budget of $100. He is requesting a human agent to explore other options.""}",missing argument,replace
C1_C1,gemma4_31b,airline,32,airline:32,compound,False,False,get_reservation_details,reservation_id,"""F3IQK1""","""OWZ4XL""",order/reservation identifier,aligned_tool
C1_C1,gemma4_31b,airline,32,airline:32,compound,False,False,get_reservation_details,reservation_id,"""8WMF4C""","""F3IQK1""",order/reservation identifier,aligned_tool
C1_C1,gemma4_31b,airline,32,airline:32,compound,False,False,get_reservation_details,reservation_id,"""L2H5FP""","""8WMF4C""",order/reservation identifier,aligned_tool
C1_C1,gemma4_31b,airline,32,airline:32,compound,False,False,get_reservation_details,reservation_id,"""OWZ4XL""","""L2H5FP""",order/reservation identifier,aligned_tool
C1_C1,gemma4_31b,airline,32,airline:32,compound,False,False,calculate,expression,"""(196 + 110) * 3 - (94 + 80) * 3""","""(196 + 110) - (94 + 80)""",unknown,aligned_tool
C1_C1,gemma4_31b,airline,32,airline:32,compound,False,False,update_reservation_flights,<CALL>,"update_reservation_flights|{""cabin"":""economy"",""flights"":[{""date"":""2024-05-21"",""destination"":""MIA"",""flight_number"":""HAT202"",""origin"":""EWR"",""price"":196},{""date"":""2024-05-21"",""destination"":""LAX"",""flight_number"":""HAT232"",""origin"":""MIA"",""price"":110}],""payment_id"":""credit_card_9659780"",""reservation_id"":""OWZ4XL""}",<MISSING>,extra argument,replace
C1_C1,gemma4_31b,airline,32,airline:32,compound,False,False,search_direct_flight,<CALL>,"search_direct_flight|{""date"":""2024-05-21"",""destination"":""LAX"",""origin"":""EWR""}",<MISSING>,extra argument,replace
C1_C1,gemma4_31b,airline,32,airline:32,compound,False,False,update_reservation_flights,<CALL>,"update_reservation_flights|{""cabin"":""economy"",""flights"":[{""date"":""2024-05-21"",""destination"":""LAX"",""flight_number"":""HAT041"",""origin"":""EWR"",""price"":136}],""payment_id"":""credit_card_9659780"",""reservation_id"":""OWZ4XL""}",<MISSING>,extra argument,replace
C1_C1,gemma4_31b,airline,32,airline:32,compound,False,False,transfer_to_human_agents,<CALL>,<MISSING>,"transfer_to_human_agents|{""summary"":""User Ivan Rossi (ivan_rossi_8555) wants to change his flight (OWZ4XL) from EWR on May 21 due to a family emergency. The reservation is currently in basic economy, which is non-modifiable. The user is willing to upgrade to economy to enable the change but found the upgrade cost ($396 total) too high, stating a budget of $100. He is requesting a human agent to explore other options.""}",missing argument,replace
C2_C1,gemma4_31b,airline,33,airline:33,compound,False,False,search_direct_flight,date,"""2024-05-23""","""2024-05-21""",date/time,aligned_tool
C2_C1,gemma4_31b,airline,33,airline:33,compound,False,False,update_reservation_flights,flights,"[{""date"": ""2024-05-19"", ""destination"": ""SFO"", ""flight_number"": ""HAT072"", ""origin"": ""IAH""}, {""date"": ""2024-05-23"", ""destination"": ""IAH"", ""flight_number"": ""HAT278"", ""origin"": ""SFO""}]","[{""date"": ""2024-05-19"", ""destination"": ""SFO"", ""flight_number"": ""HAT072"", ""origin"": ""IAH""}, {""date"": ""2024-05-21"", ""destination"": ""IAH"", ""flight_number"": ""HAT278"", ""origin"": ""SFO""}]",unknown,aligned_tool
C2_C1,gemma4_31b,airline,33,airline:33,compound,False,False,search_direct_flight,date,"""2024-05-23""","""2024-05-21""",date/time,aligned_tool
C2_C1,gemma4_31b,airline,33,airline:33,compound,False,False,calculate,expression,"""130 + 187""","""130 + 174""",unknown,aligned_tool
C2_C1,gemma4_31b,airline,33,airline:33,compound,False,False,update_reservation_flights,flights,"[{""date"": ""2024-05-19"", ""destination"": ""SFO"", ""flight_number"": ""HAT072"", ""origin"": ""IAH""}, {""date"": ""2024-05-23"", ""destination"": ""IAH"", ""flight_number"": ""HAT278"", ""origin"": ""SFO""}]","[{""date"": ""2024-05-19"", ""destination"": ""SFO"", ""flight_number"": ""HAT072"", ""origin"": ""IAH""}, {""date"": ""2024-05-21"", ""destination"": ""IAH"", ""flight_number"": ""HAT278"", ""origin"": ""SFO""}]",unknown,aligned_tool
C2_C1,gemma4_31b,airline,33,airline:33,compound,False,False,get_reservation_details,<CALL>,"get_reservation_details|{""reservation_id"":""HXDUBJ""}",<MISSING>,extra argument,replace
C2_C1,gemma4_31b,airline,33,airline:33,compound,False,False,get_flight_status,<CALL>,"get_flight_status|{""date"":""2024-05-19"",""flight_number"":""HAT072""}",<MISSING>,extra argument,replace
C2_C1,gemma4_31b,airline,33,airline:33,compound,False,False,get_flight_status,<CALL>,"get_flight_status|{""date"":""2024-05-23"",""flight_number"":""HAT278""}",<MISSING>,extra argument,replace
C2_C1,gemma4_31b,airline,33,airline:33,compound,False,False,get_user_details,<CALL>,<MISSING>,"get_user_details|{""user_id"":""yara_garcia_1905""}",missing argument,replace
C2_C1,gemma4_31b,airline,33,airline:33,compound,False,False,search_direct_flight,date,"""2024-05-23""","""2024-05-21""",date/time,aligned_tool
C2_C1,gemma4_31b,airline,33,airline:33,compound,False,False,calculate,expression,"""(282 + 443) - (130 + 187)""","""282 + 257""",unknown,aligned_tool
C2_C1,gemma4_31b,airline,33,airline:33,compound,False,False,get_user_details,<CALL>,"get_user_details|{""user_id"":""yara_garcia_1905""}",<MISSING>,extra argument,replace
C2_C1,gemma4_31b,airline,33,airline:33,compound,False,False,calculate,<CALL>,<MISSING>,"calculate|{""expression"":""130 + 174""}",missing argument,replace
C2_C1,gemma4_31b,airline,33,airline:33,compound,False,False,calculate,<CALL>,<MISSING>,"calculate|{""expression"":""539 - 304""}",missing argument,replace
C2_C1,gemma4_31b,airline,33,airline:33,compound,False,False,search_direct_flight,date,"""2024-05-23""","""2024-05-21""",date/time,aligned_tool
C2_C1,gemma4_31b,airline,33,airline:33,compound,False,False,update_reservation_flights,flights,"[{""date"": ""2024-05-19"", ""destination"": ""SFO"", ""flight_number"": ""HAT072"", ""origin"": ""IAH""}, {""date"": ""2024-05-23"", ""destination"": ""IAH"", ""flight_number"": ""HAT278"", ""origin"": ""SFO""}]","[{""date"": ""2024-05-19"", ""destination"": ""SFO"", ""flight_number"": ""HAT072"", ""origin"": ""IAH""}, {""date"": ""2024-05-21"", ""destination"": ""IAH"", ""flight_number"": ""HAT278"", ""origin"": ""SFO""}]",unknown,aligned_tool
C2_C1,gemma4_31b,airline,33,airline:33,compound,False,False,search_direct_flight,date,"""2024-05-23""","""2024-05-21""",date/time,aligned_tool
C2_C1,gemma4_31b,airline,33,airline:33,compound,False,False,update_reservation_flights,flights,"[{""date"": ""2024-05-19"", ""destination"": ""SFO"", ""flight_number"": ""HAT072"", ""origin"": ""IAH""}, {""date"": ""2024-05-23"", ""destination"": ""IAH"", ""flight_number"": ""HAT278"", ""origin"": ""SFO""}]","[{""date"": ""2024-05-19"", ""destination"": ""SFO"", ""flight_number"": ""HAT072"", ""origin"": ""IAH""}, {""date"": ""2024-05-21"", ""destination"": ""IAH"", ""flight_number"": ""HAT278"", ""origin"": ""SFO""}]",unknown,aligned_tool
C2_C1,gemma4_31b,airline,33,airline:33,compound,False,False,search_direct_flight,date,"""2024-05-23""","""2024-05-21""",date/time,aligned_tool
C2_C1,gemma4_31b,airline,33,airline:33,compound,False,False,update_reservation_flights,flights,"[{""date"": ""2024-05-19"", ""destination"": ""SFO"", ""flight_number"": ""HAT072"", ""origin"": ""IAH""}, {""date"": ""2024-05-23"", ""destination"": ""IAH"", ""flight_number"": ""HAT278"", ""origin"": ""SFO""}]","[{""date"": ""2024-05-19"", ""destination"": ""SFO"", ""flight_number"": ""HAT072"", ""origin"": ""IAH""}, {""date"": ""2024-05-21"", ""destination"": ""IAH"", ""flight_number"": ""HAT278"", ""origin"": ""SFO""}]",unknown,aligned_tool
C1_C1,gemma4_31b,airline,33,airline:33,compound,False,True,calculate,expression,"""(282 + 257) - (130 + 174)""","""282 + 257""",unknown,aligned_tool
C1_C1,gemma4_31b,airline,33,airline:33,compound,False,True,calculate,expression,"""(282 + 257) - (130 + 174)""","""282 + 257""",unknown,aligned_tool
C1_C1,gemma4_31b,airline,33,airline:33,compound,False,True,calculate,expression,"""(282 + 257) - (130 + 174)""","""282 + 257""",unknown,aligned_tool
C1_C1,gemma4_31b,airline,33,airline:33,compound,False,True,calculate,expression,"""(282 + 257) - (130 + 174)""","""282 + 257""",unknown,aligned_tool
C2_C1,gemma4_31b,airline,4,airline:4,read,True,True,get_reservation_details,reservation_id,"""7557-123456""","""54321""",order/reservation identifier,aligned_tool
C2_C1,gemma4_31b,airline,4,airline:4,read,True,True,transfer_to_human_agents,summary,"""User Sophia Silva (sophia_silva_7557) is requesting compensation for a canceled business flight from earlier this month. The user is certain the flight was business class and was canceled, but no such reservation was found in the system under her user ID or the provided reservation number (7557-123456). User wants to be compensated for a missed meeting and inconvenience.""","""User Sophia Silva (sophia_silva_7557) is requesting compensation for a canceled business flight to New York on March 15th. I have checked all reservations associated with her user ID, but none match these details. The user is certain of the flight and insists on compensation for a missed meeting.""",unknown,aligned_tool
C1_C1,gemma4_31b,airline,4,airline:4,read,True,True,get_reservation_details,reservation_id,"""54321""","""7557-123456""",order/reservation identifier,aligned_tool
C1_C1,gemma4_31b,airline,4,airline:4,read,True,True,get_reservation_details,reservation_id,"""54321""","""7557-123456""",order/reservation identifier,aligned_tool
C1_C1,gemma4_31b,airline,4,airline:4,read,True,True,get_reservation_details,reservation_id,"""54321""","""7557-123456""",order/reservation identifier,aligned_tool
C1_C1,gemma4_31b,airline,4,airline:4,read,True,True,get_reservation_details,reservation_id,"""54321""","""7557-123456""",order/reservation identifier,aligned_tool
C1_C1,gemma4_31b,airline,4,airline:4,read,True,True,transfer_to_human_agents,summary,"""User Sophia Silva (sophia_silva_7557) is requesting compensation for a canceled business flight to New York on March 15th. The user provided reservation number 7557-123456, but it was not found in the system, nor were any matching flights found in her account history. User insists the information is correct and requests a human agent.""","""User Sophia Silva (sophia_silva_7557) is requesting compensation for a canceled business flight to New York on March 15th. The user provided reservation number 7557-123456, but it was not found in the system, nor were any matching flights found in her account history. User wants to discuss compensation for a missed meeting and inconvenience.""",unknown,aligned_tool
C1_C1,gemma4_31b,airline,4,airline:4,read,True,True,transfer_to_human_agents,summary,"""User Sophia Silva (sophia_silva_7557) is requesting compensation for a canceled business flight to New York on March 15th. The user provided reservation number 7557-123456, but it was not found in the system, nor were any matching flights found in her account history. User insists the information is correct and requests a human agent.""","""User Sophia Silva (sophia_silva_7557) is requesting compensation for a canceled business flight to New York on March 15th. I have checked all reservations associated with her user ID, but none match these details. The user is certain of the flight and insists on compensation for a missed meeting.""",unknown,aligned_tool
C1_C1,gemma4_31b,airline,4,airline:4,read,True,True,transfer_to_human_agents,summary,"""User Sophia Silva (sophia_silva_7557) is requesting compensation for a canceled business flight to New York on March 15th. The user provided reservation number 7557-123456, but it was not found in the system, nor were any matching flights found in her account history. User insists the information is correct and requests a human agent.""","""User Sophia Silva (sophia_silva_7557) is requesting compensation for a canceled business flight to New York on March 15th. The user is certain of the details, but the reservation cannot be found in the system using the provided reservation number (7557-123456) or by searching through the user's existing reservations.""",unknown,aligned_tool
C1_C1,gemma4_31b,airline,4,airline:4,read,True,True,transfer_to_human_agents,summary,"""User Sophia Silva (sophia_silva_7557) is requesting compensation for a canceled business flight to New York on March 15th. The user provided reservation number 7557-123456, but it was not found in the system, nor were any matching flights found in her account history. User wants to discuss compensation for a missed meeting and inconvenience.""","""User Sophia Silva (sophia_silva_7557) is requesting compensation for a canceled business flight to New York on March 15th. I have checked all reservations associated with her user ID, but none match these details. The user is certain of the flight and insists on compensation for a missed meeting.""",unknown,aligned_tool
C1_C1,gemma4_31b,airline,4,airline:4,read,True,True,transfer_to_human_agents,summary,"""User Sophia Silva (sophia_silva_7557) is requesting compensation for a canceled business flight to New York on March 15th. The user provided reservation number 7557-123456, but it was not found in the system, nor were any matching flights found in her account history. User wants to discuss compensation for a missed meeting and inconvenience.""","""User Sophia Silva (sophia_silva_7557) is requesting compensation for a canceled business flight to New York on March 15th. The user is certain of the details, but the reservation cannot be found in the system using the provided reservation number (7557-123456) or by searching through the user's existing reservations.""",unknown,aligned_tool
C1_C1,gemma4_31b,airline,4,airline:4,read,True,True,transfer_to_human_agents,summary,"""User Sophia Silva (sophia_silva_7557) is requesting compensation for a canceled business flight to New York on March 15th. I have checked all reservations associated with her user ID, but none match these details. The user is certain of the flight and insists on compensation for a missed meeting.""","""User Sophia Silva (sophia_silva_7557) is requesting compensation for a canceled business flight to New York on March 15th. The user is certain of the details, but the reservation cannot be found in the system using the provided reservation number (7557-123456) or by searching through the user's existing reservations.""",unknown,aligned_tool
C2_C1,gemma4_31b,airline,41,airline:41,read,True,True,transfer_to_human_agents,summary,"""User amelia_davis_8890 wants to cancel reservation UDMOP1 (basic economy) to give up their seat. The reservation is not eligible for cancellation under the current policy as it was booked more than 24 hours ago, is not a business flight, and has no travel insurance.""","""User amelia_davis_8890 wants to cancel reservation UDMOP1 (basic economy) to give up their seat for someone else. The reservation does not meet the automated cancellation criteria (not within 24h, not airline cancelled, no insurance).""",unknown,aligned_tool
C2_C1,gemma4_31b,airline,42,airline:42,compound,False,True,get_reservation_details,reservation_id,"""FDZ0T5""","""PUNERT""",order/reservation identifier,aligned_tool
C2_C1,gemma4_31b,airline,42,airline:42,compound,False,True,get_reservation_details,reservation_id,"""FDZ0T5""","""PUNERT""",order/reservation identifier,aligned_tool
C2_C1,gemma4_31b,airline,42,airline:42,compound,False,True,get_reservation_details,reservation_id,"""FDZ0T5""","""PUNERT""",order/reservation identifier,aligned_tool
C1_C1,gemma4_31b,airline,42,airline:42,compound,False,False,get_reservation_details,reservation_id,"""FDZ0T5""","""PUNERT""",order/reservation identifier,aligned_tool
C1_C1,gemma4_31b,airline,42,airline:42,compound,False,False,get_reservation_details,reservation_id,"""FDZ0T5""","""PUNERT""",order/reservation identifier,aligned_tool
C1_C1,gemma4_31b,airline,42,airline:42,compound,False,False,get_reservation_details,reservation_id,"""FDZ0T5""","""PUNERT""",order/reservation identifier,aligned_tool
C2_C1,gemma4_31b,airline,43,airline:43,read,True,True,transfer_to_human_agents,<CALL>,"transfer_to_human_agents|{""summary"":""User mohamed_hernandez_5188 wants to cancel reservation D1EW9B (ATL to JFK on 2024-05-17) because they accidentally booked two flights for the same day. However, the reservation is basic economy, was made more than 24 hours ago, and has no insurance, so it doesn't meet the automated cancellation criteria. User is a silver member.""}",<MISSING>,extra argument,replace
C2_C1,gemma4_31b,airline,43,airline:43,read,True,True,get_reservation_details,<CALL>,<MISSING>,"get_reservation_details|{""reservation_id"":""9HBUV8""}",missing argument,replace
C2_C1,gemma4_31b,airline,43,airline:43,read,True,True,transfer_to_human_agents,summary,"""User mohamed_hernandez_5188 wants to cancel reservation D1EW9B (ATL to JFK on 2024-05-17) because they accidentally booked two flights for the same day. However, the reservation is basic economy, was made more than 24 hours ago, and has no insurance, so it doesn't meet the automated cancellation criteria. User is a silver member.""","""User wants to cancel reservation D1EW9B (ATL to JFK on 2024-05-17) because they booked two flights for the same day. The reservation is basic economy, has no insurance, and was booked more than 24 hours ago, so it doesn't meet the automated cancellation criteria.""",unknown,aligned_tool
C2_C1,gemma4_31b,airline,43,airline:43,read,True,True,transfer_to_human_agents,summary,"""User mohamed_hernandez_5188 wants to cancel reservation D1EW9B (ATL to JFK on 2024-05-17) because they accidentally booked two flights for the same day. The reservation is basic economy, was booked more than 24 hours ago, and has no insurance, so it doesn't meet the automated cancellation criteria. User is a silver member.""","""User wants to cancel reservation D1EW9B (ATL to JFK on 2024-05-17) because they booked two flights for the same day. However, the reservation is basic economy, has no insurance, and was booked more than 24 hours ago, so it doesn't meet the automated cancellation criteria.""",unknown,aligned_tool
C2_C1,gemma4_31b,airline,43,airline:43,read,True,True,transfer_to_human_agents,summary,"""User mohamed_hernandez_5188 wants to cancel reservation D1EW9B (ATL to JFK on 2024-05-17) because they accidentally booked two flights for the same day. The reservation is basic economy, was booked more than 24 hours ago, and has no insurance, so it doesn't meet the automated cancellation criteria. User is a silver member.""","""User wants to cancel reservation D1EW9B (ATL to JFK on 2024-05-17) because they booked two flights for the same day. The reservation is basic economy, has no insurance, and was booked more than 24 hours ago, so it doesn't meet the automated cancellation criteria.""",unknown,aligned_tool
C2_C1,gemma4_31b,airline,43,airline:43,read,True,True,get_user_details,<CALL>,"get_user_details|{""user_id"":""mohamed_hernandez_5188""}",<MISSING>,extra argument,replace
C2_C1,gemma4_31b,airline,43,airline:43,read,True,True,get_reservation_details,<CALL>,"get_reservation_details|{""reservation_id"":""35V5SM""}",<MISSING>,extra argument,replace
C2_C1,gemma4_31b,airline,43,airline:43,read,True,True,get_reservation_details,<CALL>,"get_reservation_details|{""reservation_id"":""XXDC1M""}",<MISSING>,extra argument,replace
C2_C1,gemma4_31b,airline,43,airline:43,read,True,True,get_reservation_details,<CALL>,"get_reservation_details|{""reservation_id"":""V5EMZH""}",<MISSING>,extra argument,replace
C2_C1,gemma4_31b,airline,43,airline:43,read,True,True,get_reservation_details,<CALL>,"get_reservation_details|{""reservation_id"":""D1EW9B""}",<MISSING>,extra argument,replace
C2_C1,gemma4_31b,airline,43,airline:43,read,True,True,get_reservation_details,<CALL>,"get_reservation_details|{""reservation_id"":""9HBUV8""}",<MISSING>,extra argument,replace
C2_C1,gemma4_31b,airline,43,airline:43,read,True,True,get_reservation_details,<CALL>,"get_reservation_details|{""reservation_id"":""DGZSYX""}",<MISSING>,extra argument,replace
C2_C1,gemma4_31b,airline,43,airline:43,read,True,True,transfer_to_human_agents,<CALL>,<MISSING>,"transfer_to_human_agents|{""summary"":""User wants to cancel reservation D1EW9B (ATL to JFK on 2024-05-17) because they booked two flights for the same day. However, the reservation is basic economy, has no insurance, and was booked more than 24 hours ago, so it doesn't meet the automated cancellation criteria.""}",missing argument,replace
C1_C1,gemma4_31b,airline,43,airline:43,read,True,True,get_reservation_details,<CALL>,"get_reservation_details|{""reservation_id"":""9HBUV8""}",<MISSING>,extra argument,replace
C1_C1,gemma4_31b,airline,43,airline:43,read,True,True,transfer_to_human_agents,<CALL>,<MISSING>,"transfer_to_human_agents|{""summary"":""User wants to cancel reservation D1EW9B (ATL to JFK on 2024-05-17) because they booked two flights for the same day. The reservation is basic economy, has no insurance, and was booked more than 24 hours ago, so it doesn't meet the automated cancellation criteria.""}",missing argument,replace
C1_C1,gemma4_31b,airline,43,airline:43,read,True,True,get_reservation_details,<CALL>,"get_reservation_details|{""reservation_id"":""9HBUV8""}",<MISSING>,extra argument,replace
C1_C1,gemma4_31b,airline,43,airline:43,read,True,True,transfer_to_human_agents,<CALL>,<MISSING>,"transfer_to_human_agents|{""summary"":""User wants to cancel reservation D1EW9B (ATL to JFK on 2024-05-17) because they booked two flights for the same day. However, the reservation is basic economy, has no insurance, and was booked more than 24 hours ago, so it doesn't meet the automated cancellation criteria.""}",missing argument,replace
C1_C1,gemma4_31b,airline,43,airline:43,read,True,True,get_reservation_details,<CALL>,"get_reservation_details|{""reservation_id"":""9HBUV8""}",<MISSING>,extra argument,replace
C1_C1,gemma4_31b,airline,43,airline:43,read,True,True,transfer_to_human_agents,<CALL>,<MISSING>,"transfer_to_human_agents|{""summary"":""User wants to cancel reservation D1EW9B (ATL to JFK on 2024-05-17) because they booked two flights for the same day. The reservation is basic economy, has no insurance, and was booked more than 24 hours ago, so it doesn't meet the automated cancellation criteria.""}",missing argument,replace
C1_C1,gemma4_31b,airline,43,airline:43,read,True,True,get_reservation_details,<CALL>,"get_reservation_details|{""reservation_id"":""9HBUV8""}",<MISSING>,extra argument,replace
C1_C1,gemma4_31b,airline,43,airline:43,read,True,True,transfer_to_human_agents,<CALL>,<MISSING>,"transfer_to_human_agents|{""summary"":""User wants to cancel reservation D1EW9B (ATL to JFK on 2024-05-17) because they booked two flights for the same day. However, the reservation is basic economy, has no insurance, and was booked more than 24 hours ago, so it doesn't meet the automated cancellation criteria.""}",missing argument,replace
C1_C1,gemma4_31b,airline,43,airline:43,read,True,True,transfer_to_human_agents,summary,"""User wants to cancel reservation D1EW9B (ATL to JFK on 2024-05-17) because they booked two flights for the same day. The reservation is basic economy, has no insurance, and was booked more than 24 hours ago, so it doesn't meet the automated cancellation criteria.""","""User wants to cancel reservation D1EW9B (ATL to JFK on 2024-05-17) because they booked two flights for the same day. However, the reservation is basic economy, has no insurance, and was booked more than 24 hours ago, so it doesn't meet the automated cancellation criteria.""",unknown,aligned_tool
C1_C1,gemma4_31b,airline,43,airline:43,read,True,True,transfer_to_human_agents,summary,"""User wants to cancel reservation D1EW9B (ATL to JFK on 2024-05-17) because they booked two flights for the same day. The reservation is basic economy, has no insurance, and was booked more than 24 hours ago, so it doesn't meet the automated cancellation criteria.""","""User wants to cancel reservation D1EW9B (ATL to JFK on 2024-05-17) because they booked two flights for the same day. However, the reservation is basic economy, has no insurance, and was booked more than 24 hours ago, so it doesn't meet the automated cancellation criteria.""",unknown,aligned_tool
C1_C1,gemma4_31b,airline,43,airline:43,read,True,True,transfer_to_human_agents,summary,"""User wants to cancel reservation D1EW9B (ATL to JFK on 2024-05-17) because they booked two flights for the same day. However, the reservation is basic economy, has no insurance, and was booked more than 24 hours ago, so it doesn't meet the automated cancellation criteria.""","""User wants to cancel reservation D1EW9B (ATL to JFK on 2024-05-17) because they booked two flights for the same day. The reservation is basic economy, has no insurance, and was booked more than 24 hours ago, so it doesn't meet the automated cancellation criteria.""",unknown,aligned_tool
C1_C1,gemma4_31b,airline,43,airline:43,read,True,True,transfer_to_human_agents,summary,"""User wants to cancel reservation D1EW9B (ATL to JFK on 2024-05-17) because they booked two flights for the same day. The reservation is basic economy, has no insurance, and was booked more than 24 hours ago, so it doesn't meet the automated cancellation criteria.""","""User wants to cancel reservation D1EW9B (ATL to JFK on 2024-05-17) because they booked two flights for the same day. However, the reservation is basic economy, has no insurance, and was booked more than 24 hours ago, so it doesn't meet the automated cancellation criteria.""",unknown,aligned_tool
C2_C1,gemma4_31b,airline,44,airline:44,compound,False,True,transfer_to_human_agents,summary,"""User wants to cancel all future reservations that include flights longer than 4 hours. I was unable to determine flight durations as the available tools do not provide departure and arrival times.""","""The user wants to cancel reservations with flight durations longer than 4 hours, but the agent is unable to provide flight durations as the available tools do not provide departure and arrival times.""",unknown,aligned_tool
C2_C1,gemma4_31b,airline,44,airline:44,compound,False,True,transfer_to_human_agents,summary,"""The user wants to cancel all future reservations that include flights longer than 4 hours. However, the agent does not have access to flight duration information and cannot determine which reservations meet the user's criteria.""","""The user wants to cancel all future reservations that include flights longer than 4 hours. I was unable to determine the flight durations using the available tools.""",unknown,aligned_tool
C1_C1,gemma4_31b,airline,44,airline:44,compound,False,True,transfer_to_human_agents,<CALL>,"transfer_to_human_agents|{""summary"":""The user wants to cancel reservations with flight durations longer than 4 hours, but the agent is unable to provide flight durations as the available tools do not provide departure and arrival times.""}",<MISSING>,extra argument,replace
C1_C1,gemma4_31b,airline,44,airline:44,compound,False,True,get_flight_status,<CALL>,<MISSING>,"get_flight_status|{""date"":""2024-05-10"",""flight_number"":""HAT271""}",missing argument,replace
C1_C1,gemma4_31b,airline,44,airline:44,compound,False,True,transfer_to_human_agents,summary,"""The user wants to cancel reservations with flight durations longer than 4 hours, but the agent is unable to provide flight durations as the available tools do not provide departure and arrival times.""","""The user wants to cancel all future reservations that include flights longer than 4 hours. I was unable to determine the flight durations using the available tools.""",unknown,aligned_tool
C1_C1,gemma4_31b,airline,44,airline:44,compound,False,True,transfer_to_human_agents,summary,"""The user wants to cancel reservations with flight durations longer than 4 hours, but the agent is unable to provide flight durations as the available tools do not provide departure and arrival times.""","""The user wants to cancel all future reservations that include flights longer than 4 hours. I was unable to determine the flight durations using the available tools.""",unknown,aligned_tool
C1_C1,gemma4_31b,airline,44,airline:44,compound,False,True,transfer_to_human_agents,summary,"""The user wants to cancel reservations with flight durations longer than 4 hours, but the agent is unable to provide flight durations as the available tools do not provide departure and arrival times.""","""The user wants to cancel all future reservations that include flights longer than 4 hours. I was unable to determine the flight durations using the available tools.""",unknown,aligned_tool
C2_C1,gemma4_31b,retail,10,retail:10,read,True,True,transfer_to_human_agents,summary,"""The user is frustrated and wants to speak to a human representative after being informed that refunds must be issued to the original payment method or a gift card, and cannot be swapped between different payment methods used for different orders.""","""The user wants to return all items from two delivered orders (#W5490111 and #W7387996). They requested refunds to be sent to payment methods other than the original ones, which was denied per policy. The user became frustrated and requested to speak with a human representative.""",unknown,aligned_tool
C2_C1,gemma4_31b,retail,10,retail:10,read,True,True,transfer_to_human_agents,summary,"""The user is frustrated and wants to speak to a human representative after being informed that refunds must be issued to the original payment method or a gift card, and cannot be swapped between different payment methods used for different orders.""","""The user wants to return all items from two delivered orders (#W5490111 and #W7387996). They requested refunds to be sent to payment methods other than the original ones, which was denied per policy. The user became frustrated and requested to speak with a human representative.""",unknown,aligned_tool
C2_C1,gemma4_31b,retail,10,retail:10,read,True,True,transfer_to_human_agents,summary,"""The user is frustrated and wants to speak to a human representative after being informed that refunds must be issued to the original payment method or a gift card, and cannot be swapped between different payment methods used for different orders.""","""The user is frustrated because they want to return two delivered orders (#W5490111 and #W7387996) but requested the refunds be sent to payment methods other than the original ones, which is against policy. They have now requested to speak with a human representative.""",unknown,aligned_tool
C2_C1,gemma4_31b,retail,10,retail:10,read,True,True,transfer_to_human_agents,summary,"""The user is frustrated and wants to speak to a human representative after being informed that refunds must be issued to the original payment method or a gift card, and cannot be swapped between different payment methods used for different orders.""","""The user is frustrated because they want to return two delivered orders (#W5490111 and #W7387996) but requested the refunds be sent to payment methods other than the original ones used for those orders, which is against policy. They have now requested to speak with a human representative.""",unknown,aligned_tool
C2_C1,gemma4_31b,retail,10,retail:10,read,True,True,transfer_to_human_agents,summary,"""The user is frustrated and wants to speak to a human representative after being informed that refunds must be issued to the original payment method or a gift card, and cannot be swapped between different payment methods used for different orders.""","""The user is frustrated because they want to return two delivered orders (#W5490111 and #W7387996) but requested the refunds be sent to payment methods other than the original ones used for those orders, which is against policy. They have now requested to speak with a human representative.""",unknown,aligned_tool
C1_C1,gemma4_31b,retail,10,retail:10,read,True,True,transfer_to_human_agents,summary,"""The user wants to return all items from two delivered orders (#W5490111 and #W7387996). They requested refunds to be sent to payment methods other than the original ones, which was denied per policy. The user became frustrated and requested to speak with a human representative.""","""The user is frustrated because they want to return two delivered orders (#W5490111 and #W7387996) but requested the refunds be sent to payment methods other than the original ones, which is against policy. They have now requested to speak with a human representative.""",unknown,aligned_tool
C1_C1,gemma4_31b,retail,10,retail:10,read,True,True,transfer_to_human_agents,summary,"""The user wants to return all items from two delivered orders (#W5490111 and #W7387996). They requested refunds to be sent to payment methods other than the original ones, which was denied per policy. The user became frustrated and requested to speak with a human representative.""","""The user is frustrated because they want to return two delivered orders (#W5490111 and #W7387996) but requested the refunds be sent to payment methods other than the original ones used for those orders, which is against policy. They have now requested to speak with a human representative.""",unknown,aligned_tool
C1_C1,gemma4_31b,retail,10,retail:10,read,True,True,transfer_to_human_agents,summary,"""The user wants to return all items from two delivered orders (#W5490111 and #W7387996). They requested refunds to be sent to payment methods other than the original ones, which was denied per policy. The user became frustrated and requested to speak with a human representative.""","""The user is frustrated because they want to return two delivered orders (#W5490111 and #W7387996) but requested the refunds be sent to payment methods other than the original ones used for those orders, which is against policy. They have now requested to speak with a human representative.""",unknown,aligned_tool
C1_C1,gemma4_31b,retail,10,retail:10,read,True,True,transfer_to_human_agents,summary,"""The user wants to return all items from two delivered orders (#W5490111 and #W7387996). They requested refunds to be sent to payment methods other than the original ones, which was denied per policy. The user became frustrated and requested to speak with a human representative.""","""The user is frustrated because they want to return two delivered orders (#W5490111 and #W7387996) but requested the refunds be sent to payment methods other than the original ones, which is against policy. They have now requested to speak with a human representative.""",unknown,aligned_tool
C1_C1,gemma4_31b,retail,10,retail:10,read,True,True,transfer_to_human_agents,summary,"""The user wants to return all items from two delivered orders (#W5490111 and #W7387996). They requested refunds to be sent to payment methods other than the original ones, which was denied per policy. The user became frustrated and requested to speak with a human representative.""","""The user is frustrated because they want to return two delivered orders (#W5490111 and #W7387996) but requested the refunds be sent to payment methods other than the original ones used for those orders, which is against policy. They have now requested to speak with a human representative.""",unknown,aligned_tool
C1_C1,gemma4_31b,retail,10,retail:10,read,True,True,transfer_to_human_agents,summary,"""The user wants to return all items from two delivered orders (#W5490111 and #W7387996). They requested refunds to be sent to payment methods other than the original ones, which was denied per policy. The user became frustrated and requested to speak with a human representative.""","""The user is frustrated because they want to return two delivered orders (#W5490111 and #W7387996) but requested the refunds be sent to payment methods other than the original ones used for those orders, which is against policy. They have now requested to speak with a human representative.""",unknown,aligned_tool
C1_C1,gemma4_31b,retail,10,retail:10,read,True,True,transfer_to_human_agents,summary,"""The user is frustrated because they want to return two delivered orders (#W5490111 and #W7387996) but requested the refunds be sent to payment methods other than the original ones, which is against policy. They have now requested to speak with a human representative.""","""The user is frustrated because they want to return two delivered orders (#W5490111 and #W7387996) but requested the refunds be sent to payment methods other than the original ones used for those orders, which is against policy. They have now requested to speak with a human representative.""",unknown,aligned_tool
C1_C1,gemma4_31b,retail,10,retail:10,read,True,True,transfer_to_human_agents,summary,"""The user is frustrated because they want to return two delivered orders (#W5490111 and #W7387996) but requested the refunds be sent to payment methods other than the original ones, which is against policy. They have now requested to speak with a human representative.""","""The user is frustrated because they want to return two delivered orders (#W5490111 and #W7387996) but requested the refunds be sent to payment methods other than the original ones used for those orders, which is against policy. They have now requested to speak with a human representative.""",unknown,aligned_tool
C2_C1,gemma4_31b,retail,12,retail:12,read,True,True,transfer_to_human_agents,summary,"""User Mia Garcia (mia_garcia_4516) wants to return items from order #W5490111 but insists on receiving the refund via PayPal. According to policy, refunds must go to the original payment method (credit card) or a gift card. The user has declined the original payment method and requested a human agent.""","""User wants to return items (Water Bottle, Action Camera, Backpack) from order #W5490111 but insists on receiving the refund via PayPal, which is not the original payment method (credit card) and is not a gift card. User requested a human agent.""",unknown,aligned_tool
C2_C1,gemma4_31b,retail,12,retail:12,read,True,True,transfer_to_human_agents,summary,"""User Mia Garcia (mia_garcia_4516) wants to return items from order #W5490111 but insists on receiving the refund via PayPal. According to policy, refunds must go to the original payment method (credit card) or a gift card. The user has declined the original payment method and requested a human agent.""","""User wants to return items (Water Bottle, Action Camera, Backpack) from order #W5490111 but insists on receiving the refund via PayPal, which is not the original payment method (credit card) and is not a gift card. The user has requested to speak with a human agent.""",unknown,aligned_tool
C2_C1,gemma4_31b,retail,12,retail:12,read,True,True,transfer_to_human_agents,summary,"""User wants to return items from order #W5490111 but insists on receiving the refund via PayPal, which is not the original payment method (credit card) and not a gift card. The user has requested to speak with a human agent.""","""User wants to return items (Water Bottle, Action Camera, Backpack) from order #W5490111 but insists on a refund via PayPal. The system only allows refunds to the original payment method (credit card) or a gift card. User is dissatisfied and requested a human agent.""",unknown,aligned_tool
C2_C1,gemma4_31b,retail,12,retail:12,read,True,True,transfer_to_human_agents,summary,"""User Mia Garcia (mia_garcia_4516) wants to return items from order #W5490111 but insists on receiving the refund via PayPal. According to policy, refunds must go to the original payment method (credit card) or a gift card. The user has declined the original payment method and requested a human agent.""","""User wants to return items (Water Bottle, Action Camera, Backpack) from order #W5490111 but insists on receiving the refund via PayPal, which is not the original payment method (credit card) and is not a gift card. User requested a human agent.""",unknown,aligned_tool
C2_C1,gemma4_31b,retail,12,retail:12,read,True,True,transfer_to_human_agents,summary,"""User Mia Garcia (mia_garcia_4516) wants to return items from order #W5490111 but insists on receiving the refund via PayPal. According to policy, refunds must go to the original payment method (credit card) or a gift card. The user has declined the original payment method and requested a human agent.""","""User wants to return items (Water Bottle, Action Camera, Backpack) from order #W5490111 but insists on receiving the refund via PayPal, which is not the original payment method (credit card) and is not a gift card. User requested a human agent.""",unknown,aligned_tool
C1_C1,gemma4_31b,retail,12,retail:12,read,True,True,transfer_to_human_agents,summary,"""User wants to return items (Water Bottle, Action Camera, Backpack) from order #W5490111 but insists on receiving the refund via PayPal, which is not the original payment method (credit card) and is not a gift card. User requested a human agent.""","""User wants to return items (Water Bottle, Action Camera, Backpack) from order #W5490111 but insists on receiving the refund via PayPal, which is not the original payment method (credit card) and is not a gift card. The user has requested to speak with a human agent.""",unknown,aligned_tool
C1_C1,gemma4_31b,retail,12,retail:12,read,True,True,transfer_to_human_agents,summary,"""User wants to return items (Water Bottle, Action Camera, Backpack) from order #W5490111 but insists on receiving the refund via PayPal, which is not the original payment method (credit card) and is not a gift card. User requested a human agent.""","""User wants to return items (Water Bottle, Action Camera, Backpack) from order #W5490111 but insists on a refund via PayPal. The system only allows refunds to the original payment method (credit card) or a gift card. User is dissatisfied and requested a human agent.""",unknown,aligned_tool
C1_C1,gemma4_31b,retail,12,retail:12,read,True,True,transfer_to_human_agents,summary,"""User wants to return items (Water Bottle, Action Camera, Backpack) from order #W5490111 but insists on receiving the refund via PayPal, which is not the original payment method (credit card) and is not a gift card. The user has requested to speak with a human agent.""","""User wants to return items (Water Bottle, Action Camera, Backpack) from order #W5490111 but insists on a refund via PayPal. The system only allows refunds to the original payment method (credit card) or a gift card. User is dissatisfied and requested a human agent.""",unknown,aligned_tool
C1_C1,gemma4_31b,retail,12,retail:12,read,True,True,transfer_to_human_agents,summary,"""User wants to return items (Water Bottle, Action Camera, Backpack) from order #W5490111 but insists on receiving the refund via PayPal, which is not the original payment method (credit card) and is not a gift card. The user has requested to speak with a human agent.""","""User wants to return items (Water Bottle, Action Camera, Backpack) from order #W5490111 but insists on receiving the refund via PayPal, which is not the original payment method (credit card) and is not a gift card. User requested a human agent.""",unknown,aligned_tool
C1_C1,gemma4_31b,retail,12,retail:12,read,True,True,transfer_to_human_agents,summary,"""User wants to return items (Water Bottle, Action Camera, Backpack) from order #W5490111 but insists on receiving the refund via PayPal, which is not the original payment method (credit card) and is not a gift card. The user has requested to speak with a human agent.""","""User wants to return items (Water Bottle, Action Camera, Backpack) from order #W5490111 but insists on receiving the refund via PayPal, which is not the original payment method (credit card) and is not a gift card. User requested a human agent.""",unknown,aligned_tool
C1_C1,gemma4_31b,retail,12,retail:12,read,True,True,transfer_to_human_agents,summary,"""User wants to return items (Water Bottle, Action Camera, Backpack) from order #W5490111 but insists on a refund via PayPal. The system only allows refunds to the original payment method (credit card) or a gift card. User is dissatisfied and requested a human agent.""","""User wants to return items (Water Bottle, Action Camera, Backpack) from order #W5490111 but insists on receiving the refund via PayPal, which is not the original payment method (credit card) and is not a gift card. User requested a human agent.""",unknown,aligned_tool
C1_C1,gemma4_31b,retail,12,retail:12,read,True,True,transfer_to_human_agents,summary,"""User wants to return items (Water Bottle, Action Camera, Backpack) from order #W5490111 but insists on a refund via PayPal. The system only allows refunds to the original payment method (credit card) or a gift card. User is dissatisfied and requested a human agent.""","""User wants to return items (Water Bottle, Action Camera, Backpack) from order #W5490111 but insists on receiving the refund via PayPal, which is not the original payment method (credit card) and is not a gift card. User requested a human agent.""",unknown,aligned_tool
C2_C1,gemma4_31b,retail,20,retail:20,single,False,False,calculate,expression,"""(54.85 - 54.04) + (272.33 - 235.13) + (158.67 - 147.05) + (261.11 - 235.44)""","""(54.85 + 272.33 + 158.67 + 261.11) - 671.66""",unknown,aligned_tool
C2_C1,gemma4_31b,retail,20,retail:20,single,False,False,get_order_details,<CALL>,"get_order_details|{""order_id"":""#W9911714""}",<MISSING>,extra argument,replace
C2_C1,gemma4_31b,retail,20,retail:20,single,False,False,get_product_details,<CALL>,<MISSING>,"get_product_details|{""product_id"":""4794339885""}",missing argument,replace
C2_C1,gemma4_31b,retail,20,retail:20,single,False,False,get_product_details,<CALL>,<MISSING>,"get_product_details|{""product_id"":""6066914160""}",missing argument,replace
C2_C1,gemma4_31b,retail,20,retail:20,single,False,False,get_order_details,order_id,"""#W5733668""","""#W9911714""",order/reservation identifier,aligned_tool
C2_C1,gemma4_31b,retail,20,retail:20,single,False,False,get_product_details,product_id,"""8310926033""","""6938111410""",order/reservation identifier,aligned_tool
C2_C1,gemma4_31b,retail,20,retail:20,single,False,False,modify_pending_order_items,item_ids,"[""2366567022"", ""1340995114"", ""9791469541"", ""1763705424""]","[""9791469541""]",order/reservation identifier,aligned_tool
C2_C1,gemma4_31b,retail,20,retail:20,single,False,False,modify_pending_order_items,new_item_ids,"[""4579334072"", ""1151293680"", ""4153505238"", ""2882812427""]","[""4107812777""]",order/reservation identifier,aligned_tool
C2_C1,gemma4_31b,retail,20,retail:20,single,False,False,get_order_details,<CALL>,"get_order_details|{""order_id"":""#W9911714""}",<MISSING>,extra argument,replace
C2_C1,gemma4_31b,retail,20,retail:20,single,False,False,get_product_details,<CALL>,<MISSING>,"get_product_details|{""product_id"":""4794339885""}",missing argument,replace
C2_C1,gemma4_31b,retail,20,retail:20,single,False,False,get_product_details,<CALL>,<MISSING>,"get_product_details|{""product_id"":""6066914160""}",missing argument,replace
C2_C1,gemma4_31b,retail,20,retail:20,single,False,False,get_order_details,order_id,"""#W5733668""","""#W9911714""",order/reservation identifier,aligned_tool
C2_C1,gemma4_31b,retail,20,retail:20,single,False,False,get_product_details,product_id,"""8310926033""","""6938111410""",order/reservation identifier,aligned_tool
C2_C1,gemma4_31b,retail,20,retail:20,single,False,False,modify_pending_order_items,item_ids,"[""2366567022"", ""1340995114"", ""9791469541"", ""1763705424""]","[""9791469541""]",order/reservation identifier,aligned_tool
C2_C1,gemma4_31b,retail,20,retail:20,single,False,False,modify_pending_order_items,new_item_ids,"[""4579334072"", ""1151293680"", ""4153505238"", ""2882812427""]","[""4107812777""]",order/reservation identifier,aligned_tool
C2_C1,gemma4_31b,retail,20,retail:20,single,False,False,get_order_details,<CALL>,"get_order_details|{""order_id"":""#W9911714""}",<MISSING>,extra argument,replace
C2_C1,gemma4_31b,retail,20,retail:20,single,False,False,get_product_details,<CALL>,<MISSING>,"get_product_details|{""product_id"":""4794339885""}",missing argument,replace
C2_C1,gemma4_31b,retail,20,retail:20,single,False,False,get_product_details,<CALL>,<MISSING>,"get_product_details|{""product_id"":""6066914160""}",missing argument,replace
C2_C1,gemma4_31b,retail,20,retail:20,single,False,False,get_order_details,order_id,"""#W5733668""","""#W9911714""",order/reservation identifier,aligned_tool
C2_C1,gemma4_31b,retail,20,retail:20,single,False,False,get_product_details,product_id,"""8310926033""","""6938111410""",order/reservation identifier,aligned_tool
C2_C1,gemma4_31b,retail,20,retail:20,single,False,False,modify_pending_order_items,item_ids,"[""2366567022"", ""1340995114"", ""9791469541"", ""1763705424""]","[""9791469541""]",order/reservation identifier,aligned_tool
C2_C1,gemma4_31b,retail,20,retail:20,single,False,False,modify_pending_order_items,new_item_ids,"[""4579334072"", ""1151293680"", ""4153505238"", ""2882812427""]","[""4107812777""]",order/reservation identifier,aligned_tool
C2_C1,gemma4_31b,retail,20,retail:20,single,False,False,get_order_details,<CALL>,"get_order_details|{""order_id"":""#W9911714""}",<MISSING>,extra argument,replace
C2_C1,gemma4_31b,retail,20,retail:20,single,False,False,get_product_details,<CALL>,<MISSING>,"get_product_details|{""product_id"":""4794339885""}",missing argument,replace
C2_C1,gemma4_31b,retail,20,retail:20,single,False,False,get_product_details,<CALL>,<MISSING>,"get_product_details|{""product_id"":""6066914160""}",missing argument,replace
C2_C1,gemma4_31b,retail,20,retail:20,single,False,False,get_order_details,order_id,"""#W5733668""","""#W9911714""",order/reservation identifier,aligned_tool
C2_C1,gemma4_31b,retail,20,retail:20,single,False,False,get_product_details,product_id,"""8310926033""","""6938111410""",order/reservation identifier,aligned_tool
C2_C1,gemma4_31b,retail,20,retail:20,single,False,False,modify_pending_order_items,item_ids,"[""2366567022"", ""1340995114"", ""9791469541"", ""1763705424""]","[""9791469541""]",order/reservation identifier,aligned_tool
C2_C1,gemma4_31b,retail,20,retail:20,single,False,False,modify_pending_order_items,new_item_ids,"[""4579334072"", ""1151293680"", ""4153505238"", ""2882812427""]","[""4107812777""]",order/reservation identifier,aligned_tool
C1_C1,gemma4_31b,retail,20,retail:20,single,False,False,get_order_details,<CALL>,"get_order_details|{""order_id"":""#W9911714""}",<MISSING>,extra argument,replace
C1_C1,gemma4_31b,retail,20,retail:20,single,False,False,get_product_details,<CALL>,<MISSING>,"get_product_details|{""product_id"":""4794339885""}",missing argument,replace
C1_C1,gemma4_31b,retail,20,retail:20,single,False,False,get_product_details,<CALL>,<MISSING>,"get_product_details|{""product_id"":""6066914160""}",missing argument,replace
C1_C1,gemma4_31b,retail,20,retail:20,single,False,False,get_order_details,order_id,"""#W5733668""","""#W9911714""",order/reservation identifier,aligned_tool
C1_C1,gemma4_31b,retail,20,retail:20,single,False,False,get_product_details,product_id,"""8310926033""","""6938111410""",order/reservation identifier,aligned_tool
C1_C1,gemma4_31b,retail,20,retail:20,single,False,False,get_product_details,<CALL>,"get_product_details|{""product_id"":""1656367028""}",<MISSING>,extra argument,replace
C1_C1,gemma4_31b,retail,20,retail:20,single,False,False,get_product_details,<CALL>,"get_product_details|{""product_id"":""6938111410""}",<MISSING>,extra argument,replace
C1_C1,gemma4_31b,retail,20,retail:20,single,False,False,get_product_details,<CALL>,"get_product_details|{""product_id"":""5149340237""}",<MISSING>,extra argument,replace
C1_C1,gemma4_31b,retail,20,retail:20,single,False,False,calculate,<CALL>,"calculate|{""expression"":""(54.85 + 272.33 + 158.67 + 261.11) - 671.66""}",<MISSING>,extra argument,replace
C1_C1,gemma4_31b,retail,20,retail:20,single,False,False,modify_pending_order_items,<CALL>,<MISSING>,"modify_pending_order_items|{""item_ids"":[""9791469541""],""new_item_ids"":[""4107812777""],""order_id"":""#W9911714"",""payment_method_id"":""gift_card_4332117""}",missing argument,replace
C1_C1,gemma4_31b,retail,20,retail:20,single,False,False,get_order_details,<CALL>,<MISSING>,"get_order_details|{""order_id"":""#W5733668""}",missing argument,replace
C1_C1,gemma4_31b,retail,20,retail:20,single,False,False,get_order_details,<CALL>,"get_order_details|{""order_id"":""#W9911714""}",<MISSING>,extra argument,replace
C1_C1,gemma4_31b,retail,20,retail:20,single,False,False,get_product_details,<CALL>,<MISSING>,"get_product_details|{""product_id"":""4794339885""}",missing argument,replace
C1_C1,gemma4_31b,retail,20,retail:20,single,False,False,get_product_details,<CALL>,<MISSING>,"get_product_details|{""product_id"":""6066914160""}",missing argument,replace
C1_C1,gemma4_31b,retail,20,retail:20,single,False,False,get_order_details,order_id,"""#W5733668""","""#W9911714""",order/reservation identifier,aligned_tool
C1_C1,gemma4_31b,retail,20,retail:20,single,False,False,get_product_details,product_id,"""8310926033""","""6938111410""",order/reservation identifier,aligned_tool
C1_C1,gemma4_31b,retail,20,retail:20,single,False,False,get_product_details,<CALL>,"get_product_details|{""product_id"":""1656367028""}",<MISSING>,extra argument,replace
C1_C1,gemma4_31b,retail,20,retail:20,single,False,False,get_product_details,<CALL>,"get_product_details|{""product_id"":""6938111410""}",<MISSING>,extra argument,replace
C1_C1,gemma4_31b,retail,20,retail:20,single,False,False,get_product_details,<CALL>,"get_product_details|{""product_id"":""5149340237""}",<MISSING>,extra argument,replace
C1_C1,gemma4_31b,retail,20,retail:20,single,False,False,calculate,<CALL>,"calculate|{""expression"":""(54.85 + 272.33 + 158.67 + 261.11) - 671.66""}",<MISSING>,extra argument,replace
C1_C1,gemma4_31b,retail,20,retail:20,single,False,False,modify_pending_order_items,<CALL>,<MISSING>,"modify_pending_order_items|{""item_ids"":[""9791469541""],""new_item_ids"":[""4107812777""],""order_id"":""#W9911714"",""payment_method_id"":""gift_card_4332117""}",missing argument,replace
C1_C1,gemma4_31b,retail,20,retail:20,single,False,False,get_order_details,<CALL>,<MISSING>,"get_order_details|{""order_id"":""#W5733668""}",missing argument,replace
C1_C1,gemma4_31b,retail,20,retail:20,single,False,False,get_order_details,<CALL>,"get_order_details|{""order_id"":""#W9911714""}",<MISSING>,extra argument,replace
C1_C1,gemma4_31b,retail,20,retail:20,single,False,False,get_product_details,<CALL>,<MISSING>,"get_product_details|{""product_id"":""4794339885""}",missing argument,replace
C1_C1,gemma4_31b,retail,20,retail:20,single,False,False,get_product_details,<CALL>,<MISSING>,"get_product_details|{""product_id"":""6066914160""}",missing argument,replace
C1_C1,gemma4_31b,retail,20,retail:20,single,False,False,get_order_details,order_id,"""#W5733668""","""#W9911714""",order/reservation identifier,aligned_tool
C1_C1,gemma4_31b,retail,20,retail:20,single,False,False,get_product_details,product_id,"""8310926033""","""6938111410""",order/reservation identifier,aligned_tool
C1_C1,gemma4_31b,retail,20,retail:20,single,False,False,get_product_details,<CALL>,"get_product_details|{""product_id"":""1656367028""}",<MISSING>,extra argument,replace
C1_C1,gemma4_31b,retail,20,retail:20,single,False,False,get_product_details,<CALL>,"get_product_details|{""product_id"":""6938111410""}",<MISSING>,extra argument,replace
C1_C1,gemma4_31b,retail,20,retail:20,single,False,False,get_product_details,<CALL>,"get_product_details|{""product_id"":""5149340237""}",<MISSING>,extra argument,replace
C1_C1,gemma4_31b,retail,20,retail:20,single,False,False,calculate,<CALL>,"calculate|{""expression"":""(54.85 + 272.33 + 158.67 + 261.11) - 671.66""}",<MISSING>,extra argument,replace
C1_C1,gemma4_31b,retail,20,retail:20,single,False,False,modify_pending_order_items,<CALL>,<MISSING>,"modify_pending_order_items|{""item_ids"":[""9791469541""],""new_item_ids"":[""4107812777""],""order_id"":""#W9911714"",""payment_method_id"":""gift_card_4332117""}",missing argument,replace
C1_C1,gemma4_31b,retail,20,retail:20,single,False,False,get_order_details,<CALL>,<MISSING>,"get_order_details|{""order_id"":""#W5733668""}",missing argument,replace
C1_C1,gemma4_31b,retail,20,retail:20,single,False,False,get_order_details,<CALL>,"get_order_details|{""order_id"":""#W9911714""}",<MISSING>,extra argument,replace
C1_C1,gemma4_31b,retail,20,retail:20,single,False,False,get_product_details,<CALL>,<MISSING>,"get_product_details|{""product_id"":""4794339885""}",missing argument,replace
C1_C1,gemma4_31b,retail,20,retail:20,single,False,False,get_product_details,<CALL>,<MISSING>,"get_product_details|{""product_id"":""6066914160""}",missing argument,replace
C1_C1,gemma4_31b,retail,20,retail:20,single,False,False,get_order_details,order_id,"""#W5733668""","""#W9911714""",order/reservation identifier,aligned_tool
C1_C1,gemma4_31b,retail,20,retail:20,single,False,False,get_product_details,product_id,"""8310926033""","""6938111410""",order/reservation identifier,aligned_tool
C1_C1,gemma4_31b,retail,20,retail:20,single,False,False,get_product_details,<CALL>,"get_product_details|{""product_id"":""1656367028""}",<MISSING>,extra argument,replace
C1_C1,gemma4_31b,retail,20,retail:20,single,False,False,get_product_details,<CALL>,"get_product_details|{""product_id"":""6938111410""}",<MISSING>,extra argument,replace
C1_C1,gemma4_31b,retail,20,retail:20,single,False,False,get_product_details,<CALL>,"get_product_details|{""product_id"":""5149340237""}",<MISSING>,extra argument,replace
C1_C1,gemma4_31b,retail,20,retail:20,single,False,False,calculate,<CALL>,"calculate|{""expression"":""(54.85 + 272.33 + 158.67 + 261.11) - 671.66""}",<MISSING>,extra argument,replace
C1_C1,gemma4_31b,retail,20,retail:20,single,False,False,modify_pending_order_items,<CALL>,<MISSING>,"modify_pending_order_items|{""item_ids"":[""9791469541""],""new_item_ids"":[""4107812777""],""order_id"":""#W9911714"",""payment_method_id"":""gift_card_4332117""}",missing argument,replace
C1_C1,gemma4_31b,retail,20,retail:20,single,False,False,get_order_details,<CALL>,<MISSING>,"get_order_details|{""order_id"":""#W5733668""}",missing argument,replace
C2_C1,gemma4_31b,retail,21,retail:21,single,False,True,get_item_details,item_id,"""4107812777""","""9791469541""",order/reservation identifier,aligned_tool
C2_C1,gemma4_31b,retail,21,retail:21,single,False,True,transfer_to_human_agents,<CALL>,"transfer_to_human_agents|{""summary"":""User Ethan Garcia wants to exchange item ID 4107812777, but the item is not found in any of the orders associated with his authenticated profile (ethan_garcia_1261). The user believes the order was delivered but does not remember his email address to check for other possible accounts.""}",<MISSING>,extra argument,replace
C2_C1,gemma4_31b,retail,21,retail:21,single,False,True,get_item_details,<CALL>,<MISSING>,"get_item_details|{""item_id"":""4107812777""}",missing argument,replace
C2_C1,gemma4_31b,retail,21,retail:21,single,False,True,get_item_details,<CALL>,<MISSING>,"get_item_details|{""item_id"":""1656367028""}",missing argument,replace
C2_C1,gemma4_31b,retail,21,retail:21,single,False,True,get_item_details,<CALL>,<MISSING>,"get_item_details|{""item_id"":""1421289881""}",missing argument,replace
C2_C1,gemma4_31b,retail,21,retail:21,single,False,True,get_item_details,<CALL>,<MISSING>,"get_item_details|{""item_id"":""1340995114""}",missing argument,replace
C2_C1,gemma4_31b,retail,21,retail:21,single,False,True,transfer_to_human_agents,summary,"""User Ethan Garcia wants to exchange item ID 4107812777, but the item is not found in any of the orders associated with his authenticated profile (ethan_garcia_1261). The user believes the order was delivered but does not remember his email address to check for other possible accounts.""","""User Ethan Garcia wants to exchange shoes but cannot provide the order ID or a valid item/product ID. The only shoe order found (#W9911714) is still pending and cannot be exchanged. User requested transfer to a human agent to locate the correct order.""",unknown,aligned_tool
C2_C1,gemma4_31b,retail,21,retail:21,single,False,True,get_item_details,item_id,"""4107812777""","""1656367028""",order/reservation identifier,aligned_tool
C2_C1,gemma4_31b,retail,21,retail:21,single,False,True,transfer_to_human_agents,<CALL>,"transfer_to_human_agents|{""summary"":""User Ethan Garcia wants to exchange item ID 4107812777, but the item is not found in any of the orders associated with his authenticated profile (ethan_garcia_1261). The user believes the order was delivered but does not remember his email address to check for other possible accounts.""}",<MISSING>,extra argument,replace
C2_C1,gemma4_31b,retail,21,retail:21,single,False,True,get_item_details,<CALL>,<MISSING>,"get_item_details|{""item_id"":""1421289881""}",missing argument,replace
C2_C1,gemma4_31b,retail,21,retail:21,single,False,True,get_product_details,<CALL>,<MISSING>,"get_product_details|{""product_id"":""1656367028""}",missing argument,replace
C2_C1,gemma4_31b,retail,21,retail:21,single,False,False,get_item_details,item_id,"""4107812777""","""1421289881""",order/reservation identifier,aligned_tool
C2_C1,gemma4_31b,retail,21,retail:21,single,False,False,get_product_details,product_id,"""4107812777""","""1656367028""",order/reservation identifier,aligned_tool
C1_C1,gemma4_31b,retail,21,retail:21,single,False,True,get_item_details,<CALL>,"get_item_details|{""item_id"":""9791469541""}",<MISSING>,extra argument,replace
C1_C1,gemma4_31b,retail,21,retail:21,single,False,True,get_item_details,<CALL>,"get_item_details|{""item_id"":""4107812777""}",<MISSING>,extra argument,replace
C1_C1,gemma4_31b,retail,21,retail:21,single,False,True,get_item_details,<CALL>,"get_item_details|{""item_id"":""1656367028""}",<MISSING>,extra argument,replace
C1_C1,gemma4_31b,retail,21,retail:21,single,False,True,get_item_details,<CALL>,"get_item_details|{""item_id"":""1421289881""}",<MISSING>,extra argument,replace
C1_C1,gemma4_31b,retail,21,retail:21,single,False,True,get_item_details,<CALL>,"get_item_details|{""item_id"":""1340995114""}",<MISSING>,extra argument,replace
C1_C1,gemma4_31b,retail,21,retail:21,single,False,True,get_product_details,<CALL>,<MISSING>,"get_product_details|{""product_id"":""4107812777""}",missing argument,replace
C1_C1,gemma4_31b,retail,21,retail:21,single,False,True,transfer_to_human_agents,<CALL>,<MISSING>,"transfer_to_human_agents|{""summary"":""User Ethan Garcia wants to exchange shoes but cannot provide the order ID or a valid item/product ID. The only shoe order found (#W9911714) is still pending and cannot be exchanged. User requested transfer to a human agent to locate the correct order.""}",missing argument,replace
C1_C1,gemma4_31b,retail,21,retail:21,single,False,True,get_item_details,item_id,"""9791469541""","""1656367028""",order/reservation identifier,aligned_tool
C1_C1,gemma4_31b,retail,21,retail:21,single,False,True,get_item_details,item_id,"""4107812777""","""1421289881""",order/reservation identifier,aligned_tool
C1_C1,gemma4_31b,retail,21,retail:21,single,False,True,get_item_details,<CALL>,"get_item_details|{""item_id"":""1656367028""}",<MISSING>,extra argument,replace
C1_C1,gemma4_31b,retail,21,retail:21,single,False,True,get_item_details,<CALL>,"get_item_details|{""item_id"":""1421289881""}",<MISSING>,extra argument,replace
C1_C1,gemma4_31b,retail,21,retail:21,single,False,True,get_item_details,<CALL>,"get_item_details|{""item_id"":""1340995114""}",<MISSING>,extra argument,replace
C1_C1,gemma4_31b,retail,21,retail:21,single,False,True,get_product_details,<CALL>,<MISSING>,"get_product_details|{""product_id"":""1656367028""}",missing argument,replace
C1_C1,gemma4_31b,retail,21,retail:21,single,False,True,get_item_details,item_id,"""9791469541""","""1656367028""",order/reservation identifier,aligned_tool
C1_C1,gemma4_31b,retail,21,retail:21,single,False,True,get_item_details,item_id,"""4107812777""","""1421289881""",order/reservation identifier,aligned_tool
C1_C1,gemma4_31b,retail,21,retail:21,single,False,True,get_item_details,<CALL>,"get_item_details|{""item_id"":""1656367028""}",<MISSING>,extra argument,replace
C1_C1,gemma4_31b,retail,21,retail:21,single,False,True,get_item_details,<CALL>,"get_item_details|{""item_id"":""1421289881""}",<MISSING>,extra argument,replace
C1_C1,gemma4_31b,retail,21,retail:21,single,False,True,get_item_details,<CALL>,"get_item_details|{""item_id"":""1340995114""}",<MISSING>,extra argument,replace
C1_C1,gemma4_31b,retail,21,retail:21,single,False,True,get_product_details,<CALL>,<MISSING>,"get_product_details|{""product_id"":""1656367028""}",missing argument,replace
C1_C1,gemma4_31b,retail,21,retail:21,single,False,True,transfer_to_human_agents,<CALL>,"transfer_to_human_agents|{""summary"":""User Ethan Garcia wants to exchange shoes but cannot provide the order ID or a valid item/product ID. The only shoe order found (#W9911714) is still pending and cannot be exchanged. User requested transfer to a human agent to locate the correct order.""}",<MISSING>,extra argument,replace
C1_C1,gemma4_31b,retail,21,retail:21,single,False,True,get_item_details,<CALL>,<MISSING>,"get_item_details|{""item_id"":""1656367028""}",missing argument,replace
C1_C1,gemma4_31b,retail,21,retail:21,single,False,True,get_item_details,<CALL>,<MISSING>,"get_item_details|{""item_id"":""1421289881""}",missing argument,replace
C1_C1,gemma4_31b,retail,21,retail:21,single,False,True,get_product_details,<CALL>,<MISSING>,"get_product_details|{""product_id"":""1656367028""}",missing argument,replace
C1_C1,gemma4_31b,retail,21,retail:21,single,False,True,transfer_to_human_agents,<CALL>,"transfer_to_human_agents|{""summary"":""User Ethan Garcia wants to exchange shoes but cannot provide the order ID or a valid item/product ID. The only shoe order found (#W9911714) is still pending and cannot be exchanged. User requested transfer to a human agent to locate the correct order.""}",<MISSING>,extra argument,replace
C1_C1,gemma4_31b,retail,21,retail:21,single,False,True,get_item_details,<CALL>,<MISSING>,"get_item_details|{""item_id"":""1656367028""}",missing argument,replace
C1_C1,gemma4_31b,retail,21,retail:21,single,False,True,get_item_details,<CALL>,<MISSING>,"get_item_details|{""item_id"":""1421289881""}",missing argument,replace
C1_C1,gemma4_31b,retail,21,retail:21,single,False,True,get_product_details,<CALL>,<MISSING>,"get_product_details|{""product_id"":""1656367028""}",missing argument,replace
C1_C1,gemma4_31b,retail,25,retail:25,read,True,True,transfer_to_human_agents,summary,"""User Isabella Johansson wants to return an Electric Kettle and Mechanical Keyboard from order #W5565470. However, she is requesting the refund be sent to an Amex credit card, which is not the original payment method (PayPal) and is not on her profile. Since our policy only allows refunds to the original payment method or a gift card, the user has requested a human agent.""","""User Isabella Johansson wants to return an Electric Kettle and Mechanical Keyboard from order #W5565470. However, she is requesting the refund be sent to an Amex credit card, which is not the original payment method (PayPal) nor is it on her profile. Since our policy only allows refunds to the original payment method or a gift card, the user has requested a human agent to resolve this.""",unknown,aligned_tool
C1_C1,gemma4_31b,retail,25,retail:25,read,True,True,transfer_to_human_agents,summary,"""User Isabella Johansson wants to return an Electric Kettle and Mechanical Keyboard from order #W5565470. However, she is requesting the refund be sent to an Amex credit card, which is not the original payment method (PayPal) and is not on her profile. Since our policy only allows refunds to the original payment method or a gift card, the user has requested a human agent.""","""User Isabella Johansson wants to return an Electric Kettle and Mechanical Keyboard from order #W5565470. She is requesting the refund be sent to an Amex credit card, which is not the original payment method (PayPal) and is not on her profile. Since this is against policy, she has requested a human agent.""",unknown,aligned_tool
C1_C1,gemma4_31b,retail,25,retail:25,read,True,True,transfer_to_human_agents,summary,"""User Isabella Johansson wants to return an Electric Kettle and Mechanical Keyboard from order #W5565470. However, she is requesting the refund be sent to an Amex credit card, which is not the original payment method (PayPal) nor is it on her profile. Since our policy only allows refunds to the original payment method or a gift card, the user has requested a human agent to resolve this.""","""User Isabella Johansson wants to return an Electric Kettle and Mechanical Keyboard from order #W5565470. She is requesting the refund be sent to an Amex credit card, which is not the original payment method (PayPal) and is not on her profile. Since this is against policy, she has requested a human agent.""",unknown,aligned_tool
C2_C1,gemma4_31b,retail,26,retail:26,single,False,True,get_order_details,order_id,"""#W3792453""","""#W7181492""",order/reservation identifier,aligned_tool
C2_C1,gemma4_31b,retail,26,retail:26,single,False,True,get_order_details,order_id,"""#W3792453""","""#W7181492""",order/reservation identifier,aligned_tool
C2_C1,gemma4_31b,retail,26,retail:26,single,False,True,get_order_details,order_id,"""#W3792453""","""#W7181492""",order/reservation identifier,aligned_tool
C2_C1,gemma4_31b,retail,26,retail:26,single,False,True,get_order_details,order_id,"""#W3792453""","""#W7181492""",order/reservation identifier,aligned_tool
C2_C1,gemma4_31b,retail,26,retail:26,single,False,True,get_order_details,order_id,"""#W3792453""","""#W7181492""",order/reservation identifier,aligned_tool
C2_C1,gemma4_31b,retail,30,retail:30,compound,False,False,cancel_pending_order,reason,"""ordered by mistake""","""no longer needed""",unknown,aligned_tool
C2_C1,gemma4_31b,retail,30,retail:30,compound,False,False,get_order_details,order_id,"""#W9373487""","""#W7449508""",order/reservation identifier,aligned_tool
C2_C1,gemma4_31b,retail,30,retail:30,compound,False,False,get_order_details,order_id,"""#W9373487""","""#W7449508""",order/reservation identifier,aligned_tool
C2_C1,gemma4_31b,retail,30,retail:30,compound,False,False,get_order_details,order_id,"""#W9373487""","""#W7449508""",order/reservation identifier,aligned_tool
C2_C1,gemma4_31b,retail,30,retail:30,compound,False,False,get_order_details,order_id,"""#W9373487""","""#W7449508""",order/reservation identifier,aligned_tool
C1_C1,gemma4_31b,retail,30,retail:30,compound,False,False,get_order_details,order_id,"""#W9373487""","""#W7449508""",order/reservation identifier,aligned_tool
C1_C1,gemma4_31b,retail,30,retail:30,compound,False,False,get_order_details,order_id,"""#W9373487""","""#W7449508""",order/reservation identifier,aligned_tool
C1_C1,gemma4_31b,retail,30,retail:30,compound,False,False,get_order_details,order_id,"""#W9373487""","""#W7449508""",order/reservation identifier,aligned_tool
C1_C1,gemma4_31b,retail,30,retail:30,compound,False,False,get_order_details,order_id,"""#W9373487""","""#W7449508""",order/reservation identifier,aligned_tool
C2_C1,gemma4_31b,retail,31,retail:31,compound,False,True,get_order_details,<CALL>,"get_order_details|{""order_id"":""#W2692684""}",<MISSING>,extra argument,replace
C2_C1,gemma4_31b,retail,31,retail:31,compound,False,True,transfer_to_human_agents,<CALL>,<MISSING>,"transfer_to_human_agents|{""summary"":""User Olivia Lopez (olivia_lopez_3865) lost a delivered tablet from order #W2692684 and is requesting a refund or a way to reorder it.""}",missing argument,replace
C2_C1,gemma4_31b,retail,31,retail:31,compound,False,False,return_delivered_order_items,<CALL>,"return_delivered_order_items|{""item_ids"":[""3788616824""],""order_id"":""#W2692684"",""payment_method_id"":""gift_card_7711863""}",<MISSING>,extra argument,replace
C2_C1,gemma4_31b,retail,31,retail:31,compound,False,False,cancel_pending_order,<CALL>,"cancel_pending_order|{""order_id"":""#W9373487"",""reason"":""no longer needed""}",<MISSING>,extra argument,replace
C2_C1,gemma4_31b,retail,31,retail:31,compound,False,False,transfer_to_human_agents,<CALL>,<MISSING>,"transfer_to_human_agents|{""summary"":""The user, Olivia Lopez, lost a tablet from order #W2692684 and is requesting a refund or a way to reorder it. Since the item is lost and cannot be returned, this falls outside the standard return policy.""}",missing argument,replace
C2_C1,gemma4_31b,retail,31,retail:31,compound,False,False,return_delivered_order_items,<CALL>,"return_delivered_order_items|{""item_ids"":[""3788616824""],""order_id"":""#W2692684"",""payment_method_id"":""gift_card_7711863""}",<MISSING>,extra argument,replace
C2_C1,gemma4_31b,retail,31,retail:31,compound,False,False,cancel_pending_order,<CALL>,"cancel_pending_order|{""order_id"":""#W9373487"",""reason"":""no longer needed""}",<MISSING>,extra argument,replace
C2_C1,gemma4_31b,retail,31,retail:31,compound,False,False,transfer_to_human_agents,<CALL>,<MISSING>,"transfer_to_human_agents|{""summary"":""The user, Olivia Lopez, lost a tablet from order #W2692684 and is requesting a refund or a way to reorder it. Since the item is lost and cannot be returned, this falls outside the standard return policy.""}",missing argument,replace
C2_C1,gemma4_31b,retail,31,retail:31,compound,False,False,return_delivered_order_items,<CALL>,"return_delivered_order_items|{""item_ids"":[""3788616824""],""order_id"":""#W2692684"",""payment_method_id"":""gift_card_7711863""}",<MISSING>,extra argument,replace
C2_C1,gemma4_31b,retail,31,retail:31,compound,False,False,cancel_pending_order,<CALL>,"cancel_pending_order|{""order_id"":""#W9373487"",""reason"":""no longer needed""}",<MISSING>,extra argument,replace
C2_C1,gemma4_31b,retail,31,retail:31,compound,False,False,transfer_to_human_agents,<CALL>,<MISSING>,"transfer_to_human_agents|{""summary"":""User Olivia Lopez (olivia_lopez_3865) lost a delivered tablet from order #W2692684 and is requesting a refund or a way to reorder it.""}",missing argument,replace
C2_C1,gemma4_31b,retail,31,retail:31,compound,False,False,return_delivered_order_items,<CALL>,"return_delivered_order_items|{""item_ids"":[""3788616824""],""order_id"":""#W2692684"",""payment_method_id"":""gift_card_7711863""}",<MISSING>,extra argument,replace
C2_C1,gemma4_31b,retail,31,retail:31,compound,False,False,cancel_pending_order,<CALL>,"cancel_pending_order|{""order_id"":""#W9373487"",""reason"":""no longer needed""}",<MISSING>,extra argument,replace
C2_C1,gemma4_31b,retail,31,retail:31,compound,False,False,transfer_to_human_agents,<CALL>,<MISSING>,"transfer_to_human_agents|{""summary"":""User Olivia Lopez (olivia_lopez_3865) lost a delivered tablet from order #W2692684 and is requesting a refund or a way to reorder it.""}",missing argument,replace
C1_C1,gemma4_31b,retail,31,retail:31,compound,False,True,transfer_to_human_agents,summary,"""User Olivia Lopez (olivia_lopez_3865) lost a delivered tablet from order #W2692684 and is requesting a refund or a way to reorder it.""","""The user, Olivia Lopez, lost a tablet from order #W2692684 and is requesting a refund or a way to reorder it. Since the item is lost and cannot be returned, this falls outside the standard return policy.""",unknown,aligned_tool
C1_C1,gemma4_31b,retail,31,retail:31,compound,False,True,transfer_to_human_agents,summary,"""User Olivia Lopez (olivia_lopez_3865) lost a delivered tablet from order #W2692684 and is requesting a refund or a way to reorder it.""","""The user, Olivia Lopez, lost a tablet from order #W2692684 and is requesting a refund or a way to reorder it. Since the item is lost and cannot be returned, this falls outside the standard return policy.""",unknown,aligned_tool
C1_C1,gemma4_31b,retail,31,retail:31,compound,False,True,transfer_to_human_agents,summary,"""The user, Olivia Lopez, lost a tablet from order #W2692684 and is requesting a refund or a way to reorder it. Since the item is lost and cannot be returned, this falls outside the standard return policy.""","""User Olivia Lopez (olivia_lopez_3865) lost a delivered tablet from order #W2692684 and is requesting a refund or a way to reorder it.""",unknown,aligned_tool
C1_C1,gemma4_31b,retail,31,retail:31,compound,False,True,transfer_to_human_agents,summary,"""The user, Olivia Lopez, lost a tablet from order #W2692684 and is requesting a refund or a way to reorder it. Since the item is lost and cannot be returned, this falls outside the standard return policy.""","""User Olivia Lopez (olivia_lopez_3865) lost a delivered tablet from order #W2692684 and is requesting a refund or a way to reorder it.""",unknown,aligned_tool
C1_C1,gemma4_31b,retail,31,retail:31,compound,False,True,transfer_to_human_agents,summary,"""The user, Olivia Lopez, lost a tablet from order #W2692684 and is requesting a refund or a way to reorder it. Since the item is lost and cannot be returned, this falls outside the standard return policy.""","""User Olivia Lopez (olivia_lopez_3865) lost a delivered tablet from order #W2692684 and is requesting a refund or a way to reorder it.""",unknown,aligned_tool
C1_C1,gemma4_31b,retail,31,retail:31,compound,False,True,transfer_to_human_agents,summary,"""The user, Olivia Lopez, lost a tablet from order #W2692684 and is requesting a refund or a way to reorder it. Since the item is lost and cannot be returned, this falls outside the standard return policy.""","""User Olivia Lopez (olivia_lopez_3865) lost a delivered tablet from order #W2692684 and is requesting a refund or a way to reorder it.""",unknown,aligned_tool
C2_C1,gemma4_31b,retail,32,retail:32,compound,False,False,get_order_details,<CALL>,"get_order_details|{""order_id"":""#W2692684""}",<MISSING>,extra argument,replace
C2_C1,gemma4_31b,retail,32,retail:32,compound,False,False,return_delivered_order_items,<CALL>,"return_delivered_order_items|{""item_ids"":[""3788616824""],""order_id"":""#W2692684"",""payment_method_id"":""gift_card_7711863""}",<MISSING>,extra argument,replace
C2_C1,gemma4_31b,retail,32,retail:32,compound,False,False,get_user_details,<CALL>,"get_user_details|{""user_id"":""olivia_lopez_3865""}",<MISSING>,extra argument,replace
C2_C1,gemma4_31b,retail,32,retail:32,compound,False,False,get_order_details,<CALL>,"get_order_details|{""order_id"":""#W9373487""}",<MISSING>,extra argument,replace
C2_C1,gemma4_31b,retail,32,retail:32,compound,False,False,cancel_pending_order,<CALL>,"cancel_pending_order|{""order_id"":""#W9373487"",""reason"":""no longer needed""}",<MISSING>,extra argument,replace
C2_C1,gemma4_31b,retail,32,retail:32,compound,False,False,get_order_details,<CALL>,"get_order_details|{""order_id"":""#W5481803""}",<MISSING>,extra argument,replace
C2_C1,gemma4_31b,retail,32,retail:32,compound,False,False,get_order_details,<CALL>,"get_order_details|{""order_id"":""#W7449508""}",<MISSING>,extra argument,replace
C2_C1,gemma4_31b,retail,32,retail:32,compound,False,False,cancel_pending_order,<CALL>,"cancel_pending_order|{""order_id"":""#W5481803"",""reason"":""no longer needed""}",<MISSING>,extra argument,replace
C2_C1,gemma4_31b,retail,32,retail:32,compound,False,False,return_delivered_order_items,<CALL>,"return_delivered_order_items|{""item_ids"":[""6477915553""],""order_id"":""#W7449508"",""payment_method_id"":""gift_card_7711863""}",<MISSING>,extra argument,replace
C2_C1,gemma4_31b,retail,32,retail:32,compound,False,False,transfer_to_human_agents,<CALL>,<MISSING>,"transfer_to_human_agents|{""summary"":""User Olivia Lopez (olivia_lopez_3865) lost a delivered tablet from order #W2692684 and is requesting a refund or a way to reorder it.""}",missing argument,replace
C2_C1,gemma4_31b,retail,32,retail:32,compound,False,False,get_order_details,<CALL>,"get_order_details|{""order_id"":""#W2692684""}",<MISSING>,extra argument,replace
C2_C1,gemma4_31b,retail,32,retail:32,compound,False,False,return_delivered_order_items,<CALL>,"return_delivered_order_items|{""item_ids"":[""3788616824""],""order_id"":""#W2692684"",""payment_method_id"":""gift_card_7711863""}",<MISSING>,extra argument,replace
C2_C1,gemma4_31b,retail,32,retail:32,compound,False,False,get_user_details,<CALL>,"get_user_details|{""user_id"":""olivia_lopez_3865""}",<MISSING>,extra argument,replace
C2_C1,gemma4_31b,retail,32,retail:32,compound,False,False,get_order_details,<CALL>,"get_order_details|{""order_id"":""#W9373487""}",<MISSING>,extra argument,replace
C2_C1,gemma4_31b,retail,32,retail:32,compound,False,False,cancel_pending_order,<CALL>,"cancel_pending_order|{""order_id"":""#W9373487"",""reason"":""no longer needed""}",<MISSING>,extra argument,replace
C2_C1,gemma4_31b,retail,32,retail:32,compound,False,False,get_order_details,<CALL>,"get_order_details|{""order_id"":""#W5481803""}",<MISSING>,extra argument,replace
C2_C1,gemma4_31b,retail,32,retail:32,compound,False,False,get_order_details,<CALL>,"get_order_details|{""order_id"":""#W7449508""}",<MISSING>,extra argument,replace
C2_C1,gemma4_31b,retail,32,retail:32,compound,False,False,cancel_pending_order,<CALL>,"cancel_pending_order|{""order_id"":""#W5481803"",""reason"":""no longer needed""}",<MISSING>,extra argument,replace
C2_C1,gemma4_31b,retail,32,retail:32,compound,False,False,return_delivered_order_items,<CALL>,"return_delivered_order_items|{""item_ids"":[""6477915553""],""order_id"":""#W7449508"",""payment_method_id"":""gift_card_7711863""}",<MISSING>,extra argument,replace
C2_C1,gemma4_31b,retail,32,retail:32,compound,False,False,transfer_to_human_agents,<CALL>,<MISSING>,"transfer_to_human_agents|{""summary"":""User Olivia Lopez (olivia_lopez_3865) lost a delivered tablet from order #W2692684 and is requesting a refund or a way to reorder it.""}",missing argument,replace
C2_C1,gemma4_31b,retail,32,retail:32,compound,False,False,get_order_details,<CALL>,"get_order_details|{""order_id"":""#W2692684""}",<MISSING>,extra argument,replace
C2_C1,gemma4_31b,retail,32,retail:32,compound,False,False,return_delivered_order_items,<CALL>,"return_delivered_order_items|{""item_ids"":[""3788616824""],""order_id"":""#W2692684"",""payment_method_id"":""gift_card_7711863""}",<MISSING>,extra argument,replace
C2_C1,gemma4_31b,retail,32,retail:32,compound,False,False,get_user_details,<CALL>,"get_user_details|{""user_id"":""olivia_lopez_3865""}",<MISSING>,extra argument,replace
C2_C1,gemma4_31b,retail,32,retail:32,compound,False,False,get_order_details,<CALL>,"get_order_details|{""order_id"":""#W9373487""}",<MISSING>,extra argument,replace
C2_C1,gemma4_31b,retail,32,retail:32,compound,False,False,cancel_pending_order,<CALL>,"cancel_pending_order|{""order_id"":""#W9373487"",""reason"":""no longer needed""}",<MISSING>,extra argument,replace
C2_C1,gemma4_31b,retail,32,retail:32,compound,False,False,get_order_details,<CALL>,"get_order_details|{""order_id"":""#W5481803""}",<MISSING>,extra argument,replace
C2_C1,gemma4_31b,retail,32,retail:32,compound,False,False,get_order_details,<CALL>,"get_order_details|{""order_id"":""#W7449508""}",<MISSING>,extra argument,replace
C2_C1,gemma4_31b,retail,32,retail:32,compound,False,False,cancel_pending_order,<CALL>,"cancel_pending_order|{""order_id"":""#W5481803"",""reason"":""no longer needed""}",<MISSING>,extra argument,replace
C2_C1,gemma4_31b,retail,32,retail:32,compound,False,False,return_delivered_order_items,<CALL>,"return_delivered_order_items|{""item_ids"":[""6477915553""],""order_id"":""#W7449508"",""payment_method_id"":""gift_card_7711863""}",<MISSING>,extra argument,replace
C2_C1,gemma4_31b,retail,32,retail:32,compound,False,False,transfer_to_human_agents,<CALL>,<MISSING>,"transfer_to_human_agents|{""summary"":""User Olivia Lopez (olivia_lopez_3865) lost a delivered tablet from order #W2692684 and is requesting a refund or a way to reorder it.""}",missing argument,replace
C2_C1,gemma4_31b,retail,32,retail:32,compound,False,False,get_order_details,<CALL>,"get_order_details|{""order_id"":""#W2692684""}",<MISSING>,extra argument,replace
C2_C1,gemma4_31b,retail,32,retail:32,compound,False,False,return_delivered_order_items,<CALL>,"return_delivered_order_items|{""item_ids"":[""3788616824""],""order_id"":""#W2692684"",""payment_method_id"":""gift_card_7711863""}",<MISSING>,extra argument,replace
C2_C1,gemma4_31b,retail,32,retail:32,compound,False,False,get_user_details,<CALL>,"get_user_details|{""user_id"":""olivia_lopez_3865""}",<MISSING>,extra argument,replace
C2_C1,gemma4_31b,retail,32,retail:32,compound,False,False,get_order_details,<CALL>,"get_order_details|{""order_id"":""#W9373487""}",<MISSING>,extra argument,replace
C2_C1,gemma4_31b,retail,32,retail:32,compound,False,False,cancel_pending_order,<CALL>,"cancel_pending_order|{""order_id"":""#W9373487"",""reason"":""no longer needed""}",<MISSING>,extra argument,replace
C2_C1,gemma4_31b,retail,32,retail:32,compound,False,False,get_order_details,<CALL>,"get_order_details|{""order_id"":""#W5481803""}",<MISSING>,extra argument,replace
C2_C1,gemma4_31b,retail,32,retail:32,compound,False,False,get_order_details,<CALL>,"get_order_details|{""order_id"":""#W7449508""}",<MISSING>,extra argument,replace
C2_C1,gemma4_31b,retail,32,retail:32,compound,False,False,cancel_pending_order,<CALL>,"cancel_pending_order|{""order_id"":""#W5481803"",""reason"":""no longer needed""}",<MISSING>,extra argument,replace
C2_C1,gemma4_31b,retail,32,retail:32,compound,False,False,return_delivered_order_items,<CALL>,"return_delivered_order_items|{""item_ids"":[""6477915553""],""order_id"":""#W7449508"",""payment_method_id"":""gift_card_7711863""}",<MISSING>,extra argument,replace
C2_C1,gemma4_31b,retail,32,retail:32,compound,False,False,transfer_to_human_agents,<CALL>,<MISSING>,"transfer_to_human_agents|{""summary"":""User Olivia Lopez (olivia_lopez_3865) lost a delivered tablet from order #W2692684 and is requesting a refund or a way to reorder it.""}",missing argument,replace
C2_C1,gemma4_31b,retail,32,retail:32,compound,False,False,get_order_details,<CALL>,"get_order_details|{""order_id"":""#W2692684""}",<MISSING>,extra argument,replace
C2_C1,gemma4_31b,retail,32,retail:32,compound,False,False,return_delivered_order_items,<CALL>,"return_delivered_order_items|{""item_ids"":[""3788616824""],""order_id"":""#W2692684"",""payment_method_id"":""gift_card_7711863""}",<MISSING>,extra argument,replace
C2_C1,gemma4_31b,retail,32,retail:32,compound,False,False,get_user_details,<CALL>,"get_user_details|{""user_id"":""olivia_lopez_3865""}",<MISSING>,extra argument,replace
C2_C1,gemma4_31b,retail,32,retail:32,compound,False,False,get_order_details,<CALL>,"get_order_details|{""order_id"":""#W9373487""}",<MISSING>,extra argument,replace
C2_C1,gemma4_31b,retail,32,retail:32,compound,False,False,cancel_pending_order,<CALL>,"cancel_pending_order|{""order_id"":""#W9373487"",""reason"":""no longer needed""}",<MISSING>,extra argument,replace
C2_C1,gemma4_31b,retail,32,retail:32,compound,False,False,get_order_details,<CALL>,"get_order_details|{""order_id"":""#W5481803""}",<MISSING>,extra argument,replace
C2_C1,gemma4_31b,retail,32,retail:32,compound,False,False,get_order_details,<CALL>,"get_order_details|{""order_id"":""#W7449508""}",<MISSING>,extra argument,replace
C2_C1,gemma4_31b,retail,32,retail:32,compound,False,False,cancel_pending_order,<CALL>,"cancel_pending_order|{""order_id"":""#W5481803"",""reason"":""no longer needed""}",<MISSING>,extra argument,replace
C2_C1,gemma4_31b,retail,32,retail:32,compound,False,False,return_delivered_order_items,<CALL>,"return_delivered_order_items|{""item_ids"":[""6477915553""],""order_id"":""#W7449508"",""payment_method_id"":""gift_card_7711863""}",<MISSING>,extra argument,replace
C2_C1,gemma4_31b,retail,32,retail:32,compound,False,False,transfer_to_human_agents,<CALL>,<MISSING>,"transfer_to_human_agents|{""summary"":""User Olivia Lopez (olivia_lopez_3865) lost a delivered tablet from order #W2692684 and is requesting a refund or a way to reorder it.""}",missing argument,replace
C2_C1,gemma4_31b,retail,54,retail:54,compound,False,False,cancel_pending_order,reason,"""ordered by mistake""","""no longer needed""",unknown,aligned_tool
C2_C1,gemma4_31b,retail,54,retail:54,compound,False,False,cancel_pending_order,reason,"""ordered by mistake""","""no longer needed""",unknown,aligned_tool
C2_C1,gemma4_31b,retail,62,retail:62,read,True,True,get_order_details,order_id,"""#W5797164""","""#W5061109""",order/reservation identifier,aligned_tool
C2_C1,gemma4_31b,retail,62,retail:62,read,True,True,get_order_details,order_id,"""#W5061109""","""#W3973757""",order/reservation identifier,aligned_tool
C2_C1,gemma4_31b,retail,62,retail:62,read,True,True,get_order_details,order_id,"""#W5797164""","""#W5061109""",order/reservation identifier,aligned_tool
C2_C1,gemma4_31b,retail,62,retail:62,read,True,True,get_order_details,order_id,"""#W5061109""","""#W3973757""",order/reservation identifier,aligned_tool
C2_C1,gemma4_31b,retail,67,retail:67,read,False,True,transfer_to_human_agents,summary,"""User NoNo Ito is unable to authenticate their identity as their name and zip code (98187) do not match any records and they do not remember their email address. They need help accessing their account to check the payment amount of their most recent order.""","""User NoNo Ito is unable to be authenticated via name and zip code (98187) and does not remember their email address. They need help locating their account to check the payment of their most recent order.""",unknown,aligned_tool
C1_C1,gemma4_31b,retail,67,retail:67,read,False,True,transfer_to_human_agents,summary,"""User NoNo Ito is unable to be authenticated via name and zip code (98187) and does not remember their email address. They need help checking the payment amount of their most recent order.""","""User NoNo Ito is unable to be authenticated via name and zip code (98187) and does not remember their email address. They need help locating their account to check the payment of their most recent order.""",unknown,aligned_tool
C1_C1,gemma4_31b,retail,67,retail:67,read,False,True,transfer_to_human_agents,summary,"""User NoNo Ito is unable to be authenticated via name and zip code (98187) and does not remember their email address. They need help checking the payment amount of their most recent order.""","""User NoNo Ito is unable to be authenticated via name and zip code (98187) and does not remember their email address. They need help locating their account to check the payment of their most recent order.""",unknown,aligned_tool
C1_C1,gemma4_31b,retail,67,retail:67,read,False,True,transfer_to_human_agents,summary,"""User NoNo Ito is unable to be authenticated via name and zip code (98187) and does not remember their email address. They need help checking the payment amount of their most recent order.""","""User NoNo Ito is unable to be authenticated via name and zip code (98187) and does not remember their email address. They need help locating their account to check the payment of their most recent order.""",unknown,aligned_tool
C1_C1,gemma4_31b,retail,67,retail:67,read,False,True,transfer_to_human_agents,summary,"""User NoNo Ito is unable to be authenticated via name and zip code (98187) and does not remember their email address. They need help checking the payment amount of their most recent order.""","""User NoNo Ito is unable to be authenticated via name and zip code (98187) and does not remember their email address. They need help locating their account to check the payment of their most recent order.""",unknown,aligned_tool
C2_C1,gpt_oss_120b,airline,12,airline:12,single,False,False,get_flight_status,<CALL>,"get_flight_status|{""date"":""2024-05-18"",""flight_number"":""HAT235""}",<MISSING>,extra argument,replace
C2_C1,gpt_oss_120b,airline,12,airline:12,single,False,False,update_reservation_flights,<CALL>,"update_reservation_flights|{""cabin"":""business"",""flights"":[{""date"":""2024-05-18"",""destination"":""MCO"",""flight_number"":""HAT235"",""origin"":""BOS"",""price"":122},{""date"":""2024-05-19"",""destination"":""MSP"",""flight_number"":""HAT298"",""origin"":""MCO"",""price"":127}],""payment_id"":""credit_card_4938634"",""reservation_id"":""YAX4DR""}",<MISSING>,extra argument,replace
C2_C1,gpt_oss_120b,airline,12,airline:12,single,False,False,search_direct_flight,<CALL>,<MISSING>,"search_direct_flight|{""date"":""2024-05-18"",""destination"":""MCO"",""origin"":""BOS""}",missing argument,replace
C2_C1,gpt_oss_120b,airline,12,airline:12,single,False,False,search_direct_flight,<CALL>,<MISSING>,"search_direct_flight|{""date"":""2024-05-19"",""destination"":""MSP"",""origin"":""MCO""}",missing argument,replace
C2_C1,gpt_oss_120b,airline,12,airline:12,single,False,False,get_user_details,<CALL>,"get_user_details|{""user_id"":""chen_lee_6825""}",<MISSING>,extra argument,replace
C2_C1,gpt_oss_120b,airline,12,airline:12,single,False,False,search_direct_flight,<CALL>,<MISSING>,"search_direct_flight|{""date"":""2024-05-18"",""destination"":""MCO"",""origin"":""BOS""}",missing argument,replace
C2_C1,gpt_oss_120b,airline,12,airline:12,single,False,False,get_flight_status,<CALL>,<MISSING>,"get_flight_status|{""date"":""2024-05-18"",""flight_number"":""HAT235""}",missing argument,replace
C2_C1,gpt_oss_120b,airline,12,airline:12,single,False,False,search_direct_flight,<CALL>,<MISSING>,"search_direct_flight|{""date"":""2024-05-19"",""destination"":""MSP"",""origin"":""MCO""}",missing argument,replace
C2_C1,gpt_oss_120b,airline,12,airline:12,single,False,False,book_reservation,<CALL>,"book_reservation|{""cabin"":""business"",""destination"":""MSP"",""flight_type"":""one_way"",""flights"":[{""date"":""2024-05-18"",""destination"":""MCO"",""flight_number"":""HAT182"",""origin"":""BOS"",""price"":226},{""date"":""2024-05-19"",""destination"":""MSP"",""flight_number"":""HAT298"",""origin"":""MCO"",""price"":499}],""insurance"":""no"",""nonfree_baggages"":0,""origin"":""BOS"",""passengers"":[{""dob"":""1968-01-06"",""first_name"":""Noah"",""last_name"":""Hernandez""}],""payment_methods"":[{""amount"":725,""payment_id"":""credit_card_4938634""}],""total_baggages"":2,""user_id"":""chen_lee_6825""}",<MISSING>,extra argument,replace
C2_C1,gpt_oss_120b,airline,12,airline:12,single,False,False,update_reservation_flights,<CALL>,<MISSING>,"update_reservation_flights|{""cabin"":""business"",""flights"":[{""date"":""2024-05-18"",""destination"":""MCO"",""flight_number"":""HAT235"",""origin"":""BOS"",""price"":350},{""date"":""2024-05-19"",""destination"":""MSP"",""flight_number"":""HAT298"",""origin"":""MCO"",""price"":499}],""payment_id"":""credit_card_4938634"",""reservation_id"":""YAX4DR""}",missing argument,replace
C1_C1,gpt_oss_120b,airline,12,airline:12,single,False,False,get_user_details,<CALL>,"get_user_details|{""user_id"":""chen_lee_6825""}",<MISSING>,extra argument,replace
C1_C1,gpt_oss_120b,airline,12,airline:12,single,False,False,update_reservation_flights,<CALL>,<MISSING>,"update_reservation_flights|{""cabin"":""business"",""flights"":[{""date"":""2024-05-18"",""destination"":""MCO"",""flight_number"":""HAT235"",""origin"":""BOS""},{""date"":""2024-05-19"",""destination"":""MSP"",""flight_number"":""HAT298"",""origin"":""MCO""}],""payment_id"":""credit_card_4938634"",""reservation_id"":""YAX4DR""}",missing argument,replace
C1_C1,gpt_oss_120b,airline,12,airline:12,single,False,False,update_reservation_baggages,<CALL>,<MISSING>,"update_reservation_baggages|{""nonfree_baggages"":0,""payment_id"":""credit_card_4938634"",""reservation_id"":""YAX4DR"",""total_baggages"":2}",missing argument,replace
C1_C1,gpt_oss_120b,airline,12,airline:12,single,False,False,get_user_details,<CALL>,"get_user_details|{""user_id"":""chen_lee_6825""}",<MISSING>,extra argument,replace
C1_C1,gpt_oss_120b,airline,12,airline:12,single,False,False,update_reservation_flights,<CALL>,<MISSING>,"update_reservation_flights|{""cabin"":""business"",""flights"":[{""date"":""2024-05-18"",""destination"":""MCO"",""flight_number"":""HAT235"",""origin"":""BOS"",""price"":350},{""date"":""2024-05-19"",""destination"":""MSP"",""flight_number"":""HAT298"",""origin"":""MCO"",""price"":499}],""payment_id"":""credit_card_4938634"",""reservation_id"":""YAX4DR""}",missing argument,replace
C1_C1,gpt_oss_120b,airline,12,airline:12,single,False,False,get_user_details,<CALL>,"get_user_details|{""user_id"":""chen_lee_6825""}",<MISSING>,extra argument,replace
C1_C1,gpt_oss_120b,airline,12,airline:12,single,False,False,update_reservation_flights,<CALL>,<MISSING>,"update_reservation_flights|{""cabin"":""business"",""flights"":[{""date"":""2024-05-18"",""destination"":""MCO"",""flight_number"":""HAT235"",""origin"":""BOS"",""price"":350},{""date"":""2024-05-19"",""destination"":""MSP"",""flight_number"":""HAT298"",""origin"":""MCO"",""price"":499}],""payment_id"":""credit_card_4938634"",""reservation_id"":""YAX4DR""}",missing argument,replace
C1_C1,gpt_oss_120b,airline,12,airline:12,single,False,False,update_reservation_baggages,<CALL>,<MISSING>,"update_reservation_baggages|{""nonfree_baggages"":0,""payment_id"":""credit_card_4938634"",""reservation_id"":""YAX4DR"",""total_baggages"":2}",missing argument,replace
C1_C1,gpt_oss_120b,airline,12,airline:12,single,False,False,get_user_details,<CALL>,"get_user_details|{""user_id"":""chen_lee_6825""}",<MISSING>,extra argument,replace
C1_C1,gpt_oss_120b,airline,12,airline:12,single,False,False,update_reservation_flights,<CALL>,<MISSING>,"update_reservation_flights|{""cabin"":""business"",""flights"":[{""date"":""2024-05-18"",""destination"":""MCO"",""flight_number"":""HAT235"",""origin"":""BOS"",""price"":350},{""date"":""2024-05-19"",""destination"":""MSP"",""flight_number"":""HAT298"",""origin"":""MCO"",""price"":499}],""payment_id"":""credit_card_4938634"",""reservation_id"":""YAX4DR""}",missing argument,replace
C1_C1,gpt_oss_120b,airline,12,airline:12,single,False,False,update_reservation_flights,flights,"[{""date"": ""2024-05-18"", ""destination"": ""MCO"", ""flight_number"": ""HAT235"", ""origin"": ""BOS""}, {""date"": ""2024-05-19"", ""destination"": ""MSP"", ""flight_number"": ""HAT298"", ""origin"": ""MCO""}]","[{""date"": ""2024-05-18"", ""destination"": ""MCO"", ""flight_number"": ""HAT235"", ""origin"": ""BOS"", ""price"": 350}, {""date"": ""2024-05-19"", ""destination"": ""MSP"", ""flight_number"": ""HAT298"", ""origin"": ""MCO"", ""price"": 499}]",unknown,aligned_tool
C1_C1,gpt_oss_120b,airline,12,airline:12,single,False,True,update_reservation_flights,flights,"[{""date"": ""2024-05-18"", ""destination"": ""MCO"", ""flight_number"": ""HAT235"", ""origin"": ""BOS""}, {""date"": ""2024-05-19"", ""destination"": ""MSP"", ""flight_number"": ""HAT298"", ""origin"": ""MCO""}]","[{""date"": ""2024-05-18"", ""destination"": ""MCO"", ""flight_number"": ""HAT235"", ""origin"": ""BOS"", ""price"": 350}, {""date"": ""2024-05-19"", ""destination"": ""MSP"", ""flight_number"": ""HAT298"", ""origin"": ""MCO"", ""price"": 499}]",unknown,aligned_tool
C1_C1,gpt_oss_120b,airline,12,airline:12,single,False,False,update_reservation_flights,flights,"[{""date"": ""2024-05-18"", ""destination"": ""MCO"", ""flight_number"": ""HAT235"", ""origin"": ""BOS""}, {""date"": ""2024-05-19"", ""destination"": ""MSP"", ""flight_number"": ""HAT298"", ""origin"": ""MCO""}]","[{""date"": ""2024-05-18"", ""destination"": ""MCO"", ""flight_number"": ""HAT235"", ""origin"": ""BOS"", ""price"": 350}, {""date"": ""2024-05-19"", ""destination"": ""MSP"", ""flight_number"": ""HAT298"", ""origin"": ""MCO"", ""price"": 499}]",unknown,aligned_tool
C2_C1,gpt_oss_120b,airline,17,airline:17,compound,False,False,get_reservation_details,reservation_id,"""7X9L2K""","""7X92K5""",order/reservation identifier,aligned_tool
C2_C1,gpt_oss_120b,airline,17,airline:17,compound,False,False,get_reservation_details,reservation_id,"""7X9L2M""","""5RJ7UH""",order/reservation identifier,aligned_tool
C2_C1,gpt_oss_120b,airline,17,airline:17,compound,False,False,get_reservation_details,<CALL>,"get_reservation_details|{""reservation_id"":""UM3OG5""}",<MISSING>,extra argument,replace
C2_C1,gpt_oss_120b,airline,17,airline:17,compound,False,False,update_reservation_baggages,<CALL>,<MISSING>,"update_reservation_baggages|{""nonfree_baggages"":0,""payment_id"":""credit_card_7407366"",""reservation_id"":""5RJ7UH"",""total_baggages"":4}",missing argument,replace
C2_C1,gpt_oss_120b,airline,17,airline:17,compound,False,True,update_reservation_flights,flights,"[{""date"": ""2024-05-25"", ""destination"": ""IAH"", ""flight_number"": ""HAT056"", ""origin"": ""EWR"", ""price"": 155}, {""date"": ""2024-05-25"", ""destination"": ""ORD"", ""flight_number"": ""HAT138"", ""origin"": ""IAH"", ""price"": 185}]","[{""date"": ""2024-05-25"", ""destination"": ""IAH"", ""flight_number"": ""HAT056"", ""origin"": ""EWR"", ""price"": 71}, {""date"": ""2024-05-25"", ""destination"": ""ORD"", ""flight_number"": ""HAT138"", ""origin"": ""IAH"", ""price"": 60}]",unknown,aligned_tool
C1_C1,gpt_oss_120b,airline,17,airline:17,compound,False,False,get_reservation_details,reservation_id,"""7X92K5""","""UM3OG5""",order/reservation identifier,aligned_tool
C1_C1,gpt_oss_120b,airline,17,airline:17,compound,False,False,update_reservation_baggages,<CALL>,"update_reservation_baggages|{""nonfree_baggages"":0,""payment_id"":""credit_card_7407366"",""reservation_id"":""5RJ7UH"",""total_baggages"":4}",<MISSING>,extra argument,replace
C1_C1,gpt_oss_120b,airline,17,airline:17,compound,False,False,get_reservation_details,<CALL>,<MISSING>,"get_reservation_details|{""reservation_id"":""FQ8APE""}",missing argument,replace
C1_C1,gpt_oss_120b,airline,17,airline:17,compound,False,False,update_reservation_flights,<CALL>,<MISSING>,"update_reservation_flights|{""cabin"":""economy"",""flights"":[{""date"":""2024-05-25"",""destination"":""IAH"",""flight_number"":""HAT056"",""origin"":""EWR"",""price"":71},{""date"":""2024-05-25"",""destination"":""ORD"",""flight_number"":""HAT138"",""origin"":""IAH"",""price"":60}],""payment_id"":""gift_card_8190333"",""reservation_id"":""FQ8APE""}",missing argument,replace
C1_C1,gpt_oss_120b,airline,17,airline:17,compound,False,False,get_reservation_details,reservation_id,"""7X92K5""","""UM3OG5""",order/reservation identifier,aligned_tool
C1_C1,gpt_oss_120b,airline,17,airline:17,compound,False,False,get_reservation_details,reservation_id,"""7X92K5""","""UM3OG5""",order/reservation identifier,aligned_tool
C1_C1,gpt_oss_120b,airline,17,airline:17,compound,False,False,get_reservation_details,reservation_id,"""7X92K5""","""UM3OG5""",order/reservation identifier,aligned_tool
C2_C1,gpt_oss_120b,airline,18,airline:18,compound,False,False,search_direct_flight,<CALL>,"search_direct_flight|{""date"":""2024-05-21"",""destination"":""BOS"",""origin"":""MCO""}",<MISSING>,extra argument,replace
C2_C1,gpt_oss_120b,airline,18,airline:18,compound,False,False,search_direct_flight,<CALL>,"search_direct_flight|{""date"":""2024-05-21"",""destination"":""CLT"",""origin"":""BOS""}",<MISSING>,extra argument,replace
C2_C1,gpt_oss_120b,airline,18,airline:18,compound,False,False,get_flight_status,<CALL>,<MISSING>,"get_flight_status|{""date"":""2024-05-21"",""flight_number"":""HAT028""}",missing argument,replace
C2_C1,gpt_oss_120b,airline,18,airline:18,compound,False,False,get_reservation_details,<CALL>,<MISSING>,"get_reservation_details|{""reservation_id"":""LQ940Q""}",missing argument,replace
C2_C1,gpt_oss_120b,airline,18,airline:18,compound,False,False,get_reservation_details,<CALL>,<MISSING>,"get_reservation_details|{""reservation_id"":""2FBBAH""}",missing argument,replace
C2_C1,gpt_oss_120b,airline,18,airline:18,compound,False,False,get_reservation_details,reservation_id,"""LQ940Q""","""X7BYG1""",order/reservation identifier,aligned_tool
C2_C1,gpt_oss_120b,airline,18,airline:18,compound,False,False,get_reservation_details,reservation_id,"""2FBBAH""","""EQ1G6C""",order/reservation identifier,aligned_tool
C2_C1,gpt_oss_120b,airline,18,airline:18,compound,False,False,get_reservation_details,reservation_id,"""X7BYG1""","""BOH180""",order/reservation identifier,aligned_tool
C2_C1,gpt_oss_120b,airline,18,airline:18,compound,False,False,update_reservation_flights,flights,"[{""date"": ""2024-05-21"", ""destination"": ""BOS"", ""flight_number"": ""HAT028"", ""origin"": ""MCO"", ""price"": 140}, {""date"": ""2024-05-21"", ""destination"": ""CLT"", ""flight_number"": ""HAT277"", ""origin"": ""BOS"", ""price"": 101}]","[{""date"": ""2024-05-21"", ""destination"": ""BOS"", ""flight_number"": ""HAT028"", ""origin"": ""MCO"", ""price"": 1859}, {""date"": ""2024-05-21"", ""destination"": ""CLT"", ""flight_number"": ""HAT277"", ""origin"": ""BOS"", ""price"": 1679}]",unknown,aligned_tool
C2_C1,gpt_oss_120b,airline,18,airline:18,compound,False,False,get_reservation_details,<CALL>,"get_reservation_details|{""reservation_id"":""EQ1G6C""}",<MISSING>,extra argument,replace
C2_C1,gpt_oss_120b,airline,18,airline:18,compound,False,False,search_direct_flight,<CALL>,"search_direct_flight|{""date"":""2024-05-28"",""destination"":""PHL"",""origin"":""DEN""}",<MISSING>,extra argument,replace
C2_C1,gpt_oss_120b,airline,18,airline:18,compound,False,False,get_reservation_details,<CALL>,"get_reservation_details|{""reservation_id"":""BOH180""}",<MISSING>,extra argument,replace
C2_C1,gpt_oss_120b,airline,18,airline:18,compound,False,False,search_direct_flight,<CALL>,"search_direct_flight|{""date"":""2024-05-28"",""destination"":""DEN"",""origin"":""PHL""}",<MISSING>,extra argument,replace
C2_C1,gpt_oss_120b,airline,18,airline:18,compound,False,False,search_direct_flight,<CALL>,"search_direct_flight|{""date"":""2024-05-30"",""destination"":""MIA"",""origin"":""DEN""}",<MISSING>,extra argument,replace
C2_C1,gpt_oss_120b,airline,18,airline:18,compound,False,False,search_direct_flight,<CALL>,"search_direct_flight|{""date"":""2024-05-30"",""destination"":""DEN"",""origin"":""MIA""}",<MISSING>,extra argument,replace
C2_C1,gpt_oss_120b,airline,18,airline:18,compound,False,False,search_direct_flight,<CALL>,"search_direct_flight|{""date"":""2024-05-24"",""destination"":""LAX"",""origin"":""MIA""}",<MISSING>,extra argument,replace
C2_C1,gpt_oss_120b,airline,18,airline:18,compound,False,False,search_direct_flight,<CALL>,"search_direct_flight|{""date"":""2024-05-24"",""destination"":""EWR"",""origin"":""LAX""}",<MISSING>,extra argument,replace
C2_C1,gpt_oss_120b,airline,18,airline:18,compound,False,False,search_direct_flight,<CALL>,"search_direct_flight|{""date"":""2024-05-23"",""destination"":""LAS"",""origin"":""DEN""}",<MISSING>,extra argument,replace
C2_C1,gpt_oss_120b,airline,18,airline:18,compound,False,False,search_direct_flight,<CALL>,"search_direct_flight|{""date"":""2024-05-23"",""destination"":""IAH"",""origin"":""LAS""}",<MISSING>,extra argument,replace
C2_C1,gpt_oss_120b,airline,18,airline:18,compound,False,False,search_direct_flight,<CALL>,"search_direct_flight|{""date"":""2024-05-21"",""destination"":""JFK"",""origin"":""SEA""}",<MISSING>,extra argument,replace
C2_C1,gpt_oss_120b,airline,18,airline:18,compound,False,False,update_reservation_flights,<CALL>,<MISSING>,"update_reservation_flights|{""cabin"":""economy"",""flights"":[{""date"":""2024-05-28"",""destination"":""PHL"",""flight_number"":""HAT080"",""origin"":""DEN""},{""date"":""2024-05-28"",""destination"":""DEN"",""flight_number"":""HAT076"",""origin"":""PHL""},{""date"":""2024-05-30"",""destination"":""MIA"",""flight_number"":""HAT255"",""origin"":""DEN""},{""date"":""2024-05-30"",""destination"":""DEN"",""flight_number"":""HAT148"",""origin"":""MIA""}],""payment_id"":""gift_card_3481935"",""reservation_id"":""2FBBAH""}",missing argument,replace
C2_C1,gpt_oss_120b,airline,18,airline:18,compound,False,False,update_reservation_flights,<CALL>,<MISSING>,"update_reservation_flights|{""cabin"":""economy"",""flights"":[{""date"":""2024-05-24"",""destination"":""LAX"",""flight_number"":""HAT232"",""origin"":""MIA""},{""date"":""2024-05-24"",""destination"":""EWR"",""flight_number"":""HAT228"",""origin"":""LAX""}],""payment_id"":""credit_card_2929732"",""reservation_id"":""X7BYG1""}",missing argument,replace
C2_C1,gpt_oss_120b,airline,18,airline:18,compound,False,False,update_reservation_flights,<CALL>,<MISSING>,"update_reservation_flights|{""cabin"":""economy"",""flights"":[{""date"":""2024-05-23"",""destination"":""LAS"",""flight_number"":""HAT084"",""origin"":""DEN""},{""date"":""2024-05-23"",""destination"":""IAH"",""flight_number"":""HAT175"",""origin"":""LAS""}],""payment_id"":""gift_card_6847880"",""reservation_id"":""EQ1G6C""}",missing argument,replace
C2_C1,gpt_oss_120b,airline,18,airline:18,compound,False,False,search_direct_flight,<CALL>,"search_direct_flight|{""date"":""2024-05-21"",""destination"":""CLT"",""origin"":""BOS""}",<MISSING>,extra argument,replace
C2_C1,gpt_oss_120b,airline,18,airline:18,compound,False,False,get_reservation_details,<CALL>,<MISSING>,"get_reservation_details|{""reservation_id"":""LQ940Q""}",missing argument,replace
C2_C1,gpt_oss_120b,airline,18,airline:18,compound,False,False,get_reservation_details,reservation_id,"""LQ940Q""","""2FBBAH""",order/reservation identifier,aligned_tool
C2_C1,gpt_oss_120b,airline,18,airline:18,compound,False,False,get_reservation_details,reservation_id,"""2FBBAH""","""X7BYG1""",order/reservation identifier,aligned_tool
C2_C1,gpt_oss_120b,airline,18,airline:18,compound,False,False,search_direct_flight,date,"""2024-05-28""","""2024-05-21""",date/time,aligned_tool
C2_C1,gpt_oss_120b,airline,18,airline:18,compound,False,False,search_direct_flight,destination,"""PHL""","""CLT""",source/destination,aligned_tool
C2_C1,gpt_oss_120b,airline,18,airline:18,compound,False,False,search_direct_flight,origin,"""DEN""","""BOS""",source/destination,aligned_tool
C2_C1,gpt_oss_120b,airline,18,airline:18,compound,False,False,search_direct_flight,destination,"""DEN""","""PHL""",source/destination,aligned_tool
C2_C1,gpt_oss_120b,airline,18,airline:18,compound,False,False,search_direct_flight,origin,"""PHL""","""DEN""",source/destination,aligned_tool
C2_C1,gpt_oss_120b,airline,18,airline:18,compound,False,False,search_direct_flight,date,"""2024-05-30""","""2024-05-28""",date/time,aligned_tool
C2_C1,gpt_oss_120b,airline,18,airline:18,compound,False,False,search_direct_flight,destination,"""MIA""","""DEN""",source/destination,aligned_tool
C2_C1,gpt_oss_120b,airline,18,airline:18,compound,False,False,search_direct_flight,origin,"""DEN""","""PHL""",source/destination,aligned_tool
C2_C1,gpt_oss_120b,airline,18,airline:18,compound,False,False,search_direct_flight,destination,"""DEN""","""MIA""",source/destination,aligned_tool
C2_C1,gpt_oss_120b,airline,18,airline:18,compound,False,False,search_direct_flight,origin,"""MIA""","""DEN""",source/destination,aligned_tool
C2_C1,gpt_oss_120b,airline,18,airline:18,compound,False,False,update_reservation_flights,flights,"[{""date"": ""2024-05-21"", ""destination"": ""BOS"", ""flight_number"": ""HAT028"", ""origin"": ""MCO""}, {""date"": ""2024-05-21"", ""destination"": ""CLT"", ""flight_number"": ""HAT277"", ""origin"": ""BOS""}]","[{""date"": ""2024-05-21"", ""destination"": ""BOS"", ""flight_number"": ""HAT028"", ""origin"": ""MCO"", ""price"": 140}, {""date"": ""2024-05-21"", ""destination"": ""CLT"", ""flight_number"": ""HAT277"", ""origin"": ""BOS"", ""price"": 101}]",unknown,aligned_tool
C2_C1,gpt_oss_120b,airline,18,airline:18,compound,False,False,update_reservation_flights,flights,"[{""date"": ""2024-05-28"", ""destination"": ""PHL"", ""flight_number"": ""HAT080"", ""origin"": ""DEN""}, {""date"": ""2024-05-28"", ""destination"": ""DEN"", ""flight_number"": ""HAT076"", ""origin"": ""PHL""}, {""date"": ""2024-05-30"", ""destination"": ""MIA"", ""flight_number"": ""HAT255"", ""origin"": ""DEN""}, {""date"": ""2024-05-30"", ""destination"": ""DEN"", ""flight_number"": ""HAT148"", ""origin"": ""MIA""}]","[{""date"": ""2024-05-28"", ""destination"": ""PHL"", ""flight_number"": ""HAT080"", ""origin"": ""DEN"", ""price"": 107}, {""date"": ""2024-05-28"", ""destination"": ""DEN"", ""flight_number"": ""HAT076"", ""origin"": ""PHL"", ""price"": 141}, {""date"": ""2024-05-30"", ""destination"": ""MIA"", ""flight_number"": ""HAT130"", ""origin"": ""DEN"", ""price"": 165}, {""date"": ""2024-05-30"", ""destination"": ""DEN"", ""flight_number"": ""HAT255"", ""origin"": ""MIA"", ""price"": 108}]",unknown,aligned_tool
C2_C1,gpt_oss_120b,airline,18,airline:18,compound,False,False,search_direct_flight,date,"""2024-05-28""","""2024-05-21""",date/time,aligned_tool
C2_C1,gpt_oss_120b,airline,18,airline:18,compound,False,False,search_direct_flight,destination,"""DEN""","""BOS""",source/destination,aligned_tool
C2_C1,gpt_oss_120b,airline,18,airline:18,compound,False,False,search_direct_flight,origin,"""PHL""","""MCO""",source/destination,aligned_tool
C2_C1,gpt_oss_120b,airline,18,airline:18,compound,False,False,search_direct_flight,date,"""2024-05-30""","""2024-05-21""",date/time,aligned_tool
C2_C1,gpt_oss_120b,airline,18,airline:18,compound,False,False,search_direct_flight,destination,"""MIA""","""CLT""",source/destination,aligned_tool
C2_C1,gpt_oss_120b,airline,18,airline:18,compound,False,False,search_direct_flight,origin,"""DEN""","""BOS""",source/destination,aligned_tool
C2_C1,gpt_oss_120b,airline,18,airline:18,compound,False,False,search_direct_flight,date,"""2024-05-30""","""2024-05-28""",date/time,aligned_tool
C2_C1,gpt_oss_120b,airline,18,airline:18,compound,False,False,search_direct_flight,destination,"""DEN""","""PHL""",source/destination,aligned_tool
C2_C1,gpt_oss_120b,airline,18,airline:18,compound,False,False,search_direct_flight,origin,"""MIA""","""DEN""",source/destination,aligned_tool
C2_C1,gpt_oss_120b,airline,18,airline:18,compound,False,False,search_direct_flight,date,"""2024-05-24""","""2024-05-28""",date/time,aligned_tool
C2_C1,gpt_oss_120b,airline,18,airline:18,compound,False,False,search_direct_flight,destination,"""LAX""","""DEN""",source/destination,aligned_tool
C2_C1,gpt_oss_120b,airline,18,airline:18,compound,False,False,search_direct_flight,origin,"""MIA""","""PHL""",source/destination,aligned_tool
C2_C1,gpt_oss_120b,airline,18,airline:18,compound,False,False,search_direct_flight,date,"""2024-05-24""","""2024-05-30""",date/time,aligned_tool
C2_C1,gpt_oss_120b,airline,18,airline:18,compound,False,False,search_direct_flight,destination,"""EWR""","""MIA""",source/destination,aligned_tool
C2_C1,gpt_oss_120b,airline,18,airline:18,compound,False,False,search_direct_flight,origin,"""LAX""","""DEN""",source/destination,aligned_tool
C2_C1,gpt_oss_120b,airline,18,airline:18,compound,False,False,search_direct_flight,date,"""2024-05-23""","""2024-05-24""",date/time,aligned_tool
C2_C1,gpt_oss_120b,airline,18,airline:18,compound,False,False,search_direct_flight,destination,"""LAS""","""EWR""",source/destination,aligned_tool
C2_C1,gpt_oss_120b,airline,18,airline:18,compound,False,False,search_direct_flight,origin,"""DEN""","""LAX""",source/destination,aligned_tool
C2_C1,gpt_oss_120b,airline,18,airline:18,compound,False,False,search_direct_flight,destination,"""IAH""","""LAS""",source/destination,aligned_tool
C2_C1,gpt_oss_120b,airline,18,airline:18,compound,False,False,search_direct_flight,origin,"""LAS""","""DEN""",source/destination,aligned_tool
C2_C1,gpt_oss_120b,airline,18,airline:18,compound,False,False,update_reservation_baggages,<CALL>,"update_reservation_baggages|{""nonfree_baggages"":1,""payment_id"":""credit_card_2929732"",""reservation_id"":""JG7FMM"",""total_baggages"":3}",<MISSING>,extra argument,replace
C2_C1,gpt_oss_120b,airline,18,airline:18,compound,False,False,update_reservation_flights,<CALL>,<MISSING>,"update_reservation_flights|{""cabin"":""economy"",""flights"":[{""date"":""2024-05-23"",""destination"":""LAS"",""flight_number"":""HAT084"",""origin"":""DEN""},{""date"":""2024-05-23"",""destination"":""IAH"",""flight_number"":""HAT175"",""origin"":""LAS""}],""payment_id"":""gift_card_6847880"",""reservation_id"":""EQ1G6C""}",missing argument,replace
C2_C1,gpt_oss_120b,airline,18,airline:18,compound,False,False,get_reservation_details,reservation_id,"""JG7FNN""","""JG7FMM""",order/reservation identifier,aligned_tool
C2_C1,gpt_oss_120b,airline,18,airline:18,compound,False,False,search_direct_flight,<CALL>,"search_direct_flight|{""date"":""2024-05-28"",""destination"":""PHL"",""origin"":""DEN""}",<MISSING>,extra argument,replace
C2_C1,gpt_oss_120b,airline,18,airline:18,compound,False,False,search_direct_flight,<CALL>,"search_direct_flight|{""date"":""2024-05-28"",""destination"":""DEN"",""origin"":""PHL""}",<MISSING>,extra argument,replace
C2_C1,gpt_oss_120b,airline,18,airline:18,compound,False,False,search_direct_flight,<CALL>,"search_direct_flight|{""date"":""2024-05-30"",""destination"":""MIA"",""origin"":""DEN""}",<MISSING>,extra argument,replace
C2_C1,gpt_oss_120b,airline,18,airline:18,compound,False,False,search_direct_flight,<CALL>,"search_direct_flight|{""date"":""2024-05-30"",""destination"":""DEN"",""origin"":""MIA""}",<MISSING>,extra argument,replace
C2_C1,gpt_oss_120b,airline,18,airline:18,compound,False,False,update_reservation_flights,<CALL>,<MISSING>,"update_reservation_flights|{""cabin"":""economy"",""flights"":[{""date"":""2024-05-21"",""destination"":""BOS"",""flight_number"":""HAT028"",""origin"":""MCO""},{""date"":""2024-05-21"",""destination"":""CLT"",""flight_number"":""HAT277"",""origin"":""BOS""}],""payment_id"":""credit_card_2929732"",""reservation_id"":""JG7FMM""}",missing argument,replace
C2_C1,gpt_oss_120b,airline,18,airline:18,compound,False,False,update_reservation_flights,<CALL>,<MISSING>,"update_reservation_flights|{""cabin"":""economy"",""flights"":[{""date"":""2024-05-28"",""destination"":""PHL"",""flight_number"":""HAT080"",""origin"":""DEN""},{""date"":""2024-05-28"",""destination"":""DEN"",""flight_number"":""HAT076"",""origin"":""PHL""},{""date"":""2024-05-30"",""destination"":""MIA"",""flight_number"":""HAT255"",""origin"":""DEN""},{""date"":""2024-05-30"",""destination"":""DEN"",""flight_number"":""HAT148"",""origin"":""MIA""}],""payment_id"":""gift_card_3481935"",""reservation_id"":""2FBBAH""}",missing argument,replace
C2_C1,gpt_oss_120b,airline,18,airline:18,compound,False,False,search_direct_flight,<CALL>,"search_direct_flight|{""date"":""2024-05-21"",""destination"":""CLT"",""origin"":""BOS""}",<MISSING>,extra argument,replace
C2_C1,gpt_oss_120b,airline,18,airline:18,compound,False,False,update_reservation_flights,<CALL>,"update_reservation_flights|{""cabin"":""economy"",""flights"":[{""date"":""2024-05-21"",""destination"":""BOS"",""flight_number"":""HAT028"",""origin"":""MCO"",""price"":140},{""date"":""2024-05-21"",""destination"":""CLT"",""flight_number"":""HAT277"",""origin"":""BOS"",""price"":101}],""payment_id"":""credit_card_2929732"",""reservation_id"":""JG7FMM""}",<MISSING>,extra argument,replace
C2_C1,gpt_oss_120b,airline,18,airline:18,compound,False,False,get_reservation_details,<CALL>,<MISSING>,"get_reservation_details|{""reservation_id"":""LQ940Q""}",missing argument,replace
C2_C1,gpt_oss_120b,airline,18,airline:18,compound,False,False,get_reservation_details,<CALL>,<MISSING>,"get_reservation_details|{""reservation_id"":""2FBBAH""}",missing argument,replace
C2_C1,gpt_oss_120b,airline,18,airline:18,compound,False,False,get_reservation_details,reservation_id,"""LQ940Q""","""X7BYG1""",order/reservation identifier,aligned_tool
C2_C1,gpt_oss_120b,airline,18,airline:18,compound,False,False,search_direct_flight,date,"""2024-05-16""","""2024-05-21""",date/time,aligned_tool
C2_C1,gpt_oss_120b,airline,18,airline:18,compound,False,False,search_direct_flight,destination,"""BOS""","""CLT""",source/destination,aligned_tool
C2_C1,gpt_oss_120b,airline,18,airline:18,compound,False,False,search_direct_flight,origin,"""SFO""","""BOS""",source/destination,aligned_tool
C2_C1,gpt_oss_120b,airline,18,airline:18,compound,False,False,search_direct_flight,date,"""2024-05-16""","""2024-05-28""",date/time,aligned_tool
C2_C1,gpt_oss_120b,airline,18,airline:18,compound,False,False,search_direct_flight,destination,"""MCO""","""PHL""",source/destination,aligned_tool
C2_C1,gpt_oss_120b,airline,18,airline:18,compound,False,False,search_direct_flight,origin,"""BOS""","""DEN""",source/destination,aligned_tool
C2_C1,gpt_oss_120b,airline,18,airline:18,compound,False,False,search_direct_flight,date,"""2024-05-19""","""2024-05-28""",date/time,aligned_tool
C2_C1,gpt_oss_120b,airline,18,airline:18,compound,False,False,search_direct_flight,destination,"""PHX""","""DEN""",source/destination,aligned_tool
C2_C1,gpt_oss_120b,airline,18,airline:18,compound,False,False,search_direct_flight,origin,"""MCO""","""PHL""",source/destination,aligned_tool
C2_C1,gpt_oss_120b,airline,18,airline:18,compound,False,False,search_direct_flight,date,"""2024-05-19""","""2024-05-30""",date/time,aligned_tool
C2_C1,gpt_oss_120b,airline,18,airline:18,compound,False,False,search_direct_flight,destination,"""SFO""","""MIA""",source/destination,aligned_tool
C2_C1,gpt_oss_120b,airline,18,airline:18,compound,False,False,search_direct_flight,origin,"""PHX""","""DEN""",source/destination,aligned_tool
C1_C1,gpt_oss_120b,airline,18,airline:18,compound,False,False,get_flight_status,<CALL>,"get_flight_status|{""date"":""2024-05-21"",""flight_number"":""HAT028""}",<MISSING>,extra argument,replace
C1_C1,gpt_oss_120b,airline,18,airline:18,compound,False,False,search_direct_flight,<CALL>,<MISSING>,"search_direct_flight|{""date"":""2024-05-21"",""destination"":""BOS"",""origin"":""MCO""}",missing argument,replace
C1_C1,gpt_oss_120b,airline,18,airline:18,compound,False,False,get_reservation_details,<CALL>,"get_reservation_details|{""reservation_id"":""EQ1G6C""}",<MISSING>,extra argument,replace
C1_C1,gpt_oss_120b,airline,18,airline:18,compound,False,False,get_reservation_details,<CALL>,"get_reservation_details|{""reservation_id"":""BOH180""}",<MISSING>,extra argument,replace
C1_C1,gpt_oss_120b,airline,18,airline:18,compound,False,False,search_direct_flight,<CALL>,<MISSING>,"search_direct_flight|{""date"":""2024-05-21"",""destination"":""CLT"",""origin"":""BOS""}",missing argument,replace
C1_C1,gpt_oss_120b,airline,18,airline:18,compound,False,False,search_direct_flight,<CALL>,<MISSING>,"search_direct_flight|{""date"":""2024-05-28"",""destination"":""PHL"",""origin"":""DEN""}",missing argument,replace
C1_C1,gpt_oss_120b,airline,18,airline:18,compound,False,False,search_direct_flight,<CALL>,<MISSING>,"search_direct_flight|{""date"":""2024-05-28"",""destination"":""DEN"",""origin"":""PHL""}",missing argument,replace
C1_C1,gpt_oss_120b,airline,18,airline:18,compound,False,False,search_direct_flight,<CALL>,<MISSING>,"search_direct_flight|{""date"":""2024-05-30"",""destination"":""MIA"",""origin"":""DEN""}",missing argument,replace
C1_C1,gpt_oss_120b,airline,18,airline:18,compound,False,False,search_direct_flight,<CALL>,<MISSING>,"search_direct_flight|{""date"":""2024-05-30"",""destination"":""DEN"",""origin"":""MIA""}",missing argument,replace
C1_C1,gpt_oss_120b,airline,18,airline:18,compound,False,False,search_direct_flight,<CALL>,<MISSING>,"search_direct_flight|{""date"":""2024-05-24"",""destination"":""LAX"",""origin"":""MIA""}",missing argument,replace
C1_C1,gpt_oss_120b,airline,18,airline:18,compound,False,False,search_direct_flight,<CALL>,<MISSING>,"search_direct_flight|{""date"":""2024-05-24"",""destination"":""EWR"",""origin"":""LAX""}",missing argument,replace
C1_C1,gpt_oss_120b,airline,18,airline:18,compound,False,False,update_reservation_flights,flights,"[{""date"": ""2024-05-21"", ""destination"": ""BOS"", ""flight_number"": ""HAT028"", ""origin"": ""MCO"", ""price"": 1859}, {""date"": ""2024-05-21"", ""destination"": ""CLT"", ""flight_number"": ""HAT277"", ""origin"": ""BOS"", ""price"": 1679}]","[{""date"": ""2024-05-21"", ""destination"": ""BOS"", ""flight_number"": ""HAT028"", ""origin"": ""MCO"", ""price"": 140}, {""date"": ""2024-05-21"", ""destination"": ""CLT"", ""flight_number"": ""HAT277"", ""origin"": ""BOS"", ""price"": 101}]",unknown,aligned_tool
C1_C1,gpt_oss_120b,airline,18,airline:18,compound,False,False,update_reservation_flights,flights,"[{""date"": ""2024-05-28"", ""destination"": ""PHL"", ""flight_number"": ""HAT080"", ""origin"": ""DEN""}, {""date"": ""2024-05-28"", ""destination"": ""DEN"", ""flight_number"": ""HAT076"", ""origin"": ""PHL""}, {""date"": ""2024-05-30"", ""destination"": ""MIA"", ""flight_number"": ""HAT255"", ""origin"": ""DEN""}, {""date"": ""2024-05-30"", ""destination"": ""DEN"", ""flight_number"": ""HAT148"", ""origin"": ""MIA""}]","[{""date"": ""2024-05-28"", ""destination"": ""PHL"", ""flight_number"": ""HAT080"", ""origin"": ""DEN"", ""price"": 107}, {""date"": ""2024-05-28"", ""destination"": ""DEN"", ""flight_number"": ""HAT076"", ""origin"": ""PHL"", ""price"": 141}, {""date"": ""2024-05-30"", ""destination"": ""MIA"", ""flight_number"": ""HAT130"", ""origin"": ""DEN"", ""price"": 165}, {""date"": ""2024-05-30"", ""destination"": ""DEN"", ""flight_number"": ""HAT255"", ""origin"": ""MIA"", ""price"": 108}]",unknown,aligned_tool
C1_C1,gpt_oss_120b,airline,18,airline:18,compound,False,False,update_reservation_flights,flights,"[{""date"": ""2024-05-24"", ""destination"": ""LAX"", ""flight_number"": ""HAT232"", ""origin"": ""MIA""}, {""date"": ""2024-05-24"", ""destination"": ""EWR"", ""flight_number"": ""HAT228"", ""origin"": ""LAX""}]","[{""date"": ""2024-05-24"", ""destination"": ""LAX"", ""flight_number"": ""HAT232"", ""origin"": ""MIA"", ""price"": 162}, {""date"": ""2024-05-24"", ""destination"": ""EWR"", ""flight_number"": ""HAT228"", ""origin"": ""LAX"", ""price"": 153}]",unknown,aligned_tool
C1_C1,gpt_oss_120b,airline,18,airline:18,compound,False,True,get_reservation_details,reservation_id,"""LQ940Q""","""JG7FMM""",order/reservation identifier,aligned_tool
C1_C1,gpt_oss_120b,airline,18,airline:18,compound,False,True,get_reservation_details,reservation_id,"""2FBBAH""","""LQ940Q""",order/reservation identifier,aligned_tool
C1_C1,gpt_oss_120b,airline,18,airline:18,compound,False,True,get_reservation_details,reservation_id,"""X7BYG1""","""2FBBAH""",order/reservation identifier,aligned_tool
C1_C1,gpt_oss_120b,airline,18,airline:18,compound,False,True,get_reservation_details,reservation_id,"""EQ1G6C""","""X7BYG1""",order/reservation identifier,aligned_tool
C1_C1,gpt_oss_120b,airline,18,airline:18,compound,False,True,get_reservation_details,reservation_id,"""BOH180""","""EQ1G6C""",order/reservation identifier,aligned_tool
C1_C1,gpt_oss_120b,airline,18,airline:18,compound,False,True,update_reservation_flights,flights,"[{""date"": ""2024-05-21"", ""destination"": ""BOS"", ""flight_number"": ""HAT028"", ""origin"": ""MCO"", ""price"": 1859}, {""date"": ""2024-05-21"", ""destination"": ""CLT"", ""flight_number"": ""HAT277"", ""origin"": ""BOS"", ""price"": 1679}]","[{""date"": ""2024-05-21"", ""destination"": ""BOS"", ""flight_number"": ""HAT028"", ""origin"": ""MCO""}, {""date"": ""2024-05-21"", ""destination"": ""CLT"", ""flight_number"": ""HAT277"", ""origin"": ""BOS""}]",unknown,aligned_tool
C1_C1,gpt_oss_120b,airline,18,airline:18,compound,False,False,get_reservation_details,reservation_id,"""X7BYG1""","""JG7FMM""",order/reservation identifier,aligned_tool
C1_C1,gpt_oss_120b,airline,18,airline:18,compound,False,False,get_reservation_details,reservation_id,"""EQ1G6C""","""LQ940Q""",order/reservation identifier,aligned_tool
C1_C1,gpt_oss_120b,airline,18,airline:18,compound,False,False,get_reservation_details,reservation_id,"""BOH180""","""2FBBAH""",order/reservation identifier,aligned_tool
C1_C1,gpt_oss_120b,airline,18,airline:18,compound,False,False,update_reservation_flights,flights,"[{""date"": ""2024-05-21"", ""destination"": ""BOS"", ""flight_number"": ""HAT028"", ""origin"": ""MCO"", ""price"": 1859}, {""date"": ""2024-05-21"", ""destination"": ""CLT"", ""flight_number"": ""HAT277"", ""origin"": ""BOS"", ""price"": 1679}]","[{""date"": ""2024-05-21"", ""destination"": ""BOS"", ""flight_number"": ""HAT028"", ""origin"": ""MCO""}, {""date"": ""2024-05-21"", ""destination"": ""CLT"", ""flight_number"": ""HAT277"", ""origin"": ""BOS""}]",unknown,aligned_tool
C1_C1,gpt_oss_120b,airline,18,airline:18,compound,False,False,get_flight_status,<CALL>,"get_flight_status|{""date"":""2024-05-21"",""flight_number"":""HAT028""}",<MISSING>,extra argument,replace
C1_C1,gpt_oss_120b,airline,18,airline:18,compound,False,False,search_direct_flight,<CALL>,<MISSING>,"search_direct_flight|{""date"":""2024-05-21"",""destination"":""BOS"",""origin"":""MCO""}",missing argument,replace
C1_C1,gpt_oss_120b,airline,18,airline:18,compound,False,False,get_reservation_details,<CALL>,"get_reservation_details|{""reservation_id"":""BOH180""}",<MISSING>,extra argument,replace
C1_C1,gpt_oss_120b,airline,18,airline:18,compound,False,False,update_reservation_flights,<CALL>,"update_reservation_flights|{""cabin"":""economy"",""flights"":[{""date"":""2024-05-21"",""destination"":""BOS"",""flight_number"":""HAT028"",""origin"":""MCO"",""price"":1859},{""date"":""2024-05-21"",""destination"":""CLT"",""flight_number"":""HAT277"",""origin"":""BOS"",""price"":1679}],""payment_id"":""credit_card_2929732"",""reservation_id"":""JG7FMM""}",<MISSING>,extra argument,replace
C1_C1,gpt_oss_120b,airline,18,airline:18,compound,False,False,update_reservation_flights,<CALL>,"update_reservation_flights|{""cabin"":""economy"",""flights"":[{""date"":""2024-05-28"",""destination"":""PHL"",""flight_number"":""HAT080"",""origin"":""DEN""},{""date"":""2024-05-28"",""destination"":""DEN"",""flight_number"":""HAT076"",""origin"":""PHL""},{""date"":""2024-05-30"",""destination"":""MIA"",""flight_number"":""HAT255"",""origin"":""DEN""},{""date"":""2024-05-30"",""destination"":""DEN"",""flight_number"":""HAT148"",""origin"":""MIA""}],""payment_id"":""gift_card_3481935"",""reservation_id"":""2FBBAH""}",<MISSING>,extra argument,replace
C1_C1,gpt_oss_120b,airline,18,airline:18,compound,False,False,update_reservation_flights,<CALL>,"update_reservation_flights|{""cabin"":""economy"",""flights"":[{""date"":""2024-05-24"",""destination"":""LAX"",""flight_number"":""HAT232"",""origin"":""MIA""},{""date"":""2024-05-24"",""destination"":""EWR"",""flight_number"":""HAT228"",""origin"":""LAX""}],""payment_id"":""credit_card_2929732"",""reservation_id"":""X7BYG1""}",<MISSING>,extra argument,replace
C1_C1,gpt_oss_120b,airline,18,airline:18,compound,False,False,update_reservation_flights,<CALL>,"update_reservation_flights|{""cabin"":""economy"",""flights"":[{""date"":""2024-05-23"",""destination"":""LAS"",""flight_number"":""HAT084"",""origin"":""DEN""},{""date"":""2024-05-23"",""destination"":""IAH"",""flight_number"":""HAT175"",""origin"":""LAS""}],""payment_id"":""gift_card_6847880"",""reservation_id"":""EQ1G6C""}",<MISSING>,extra argument,replace
C1_C1,gpt_oss_120b,airline,18,airline:18,compound,False,False,search_direct_flight,<CALL>,<MISSING>,"search_direct_flight|{""date"":""2024-05-23"",""destination"":""LAS"",""origin"":""DEN""}",missing argument,replace
C1_C1,gpt_oss_120b,airline,18,airline:18,compound,False,False,search_direct_flight,<CALL>,<MISSING>,"search_direct_flight|{""date"":""2024-05-23"",""destination"":""IAH"",""origin"":""LAS""}",missing argument,replace
C1_C1,gpt_oss_120b,airline,18,airline:18,compound,False,False,search_direct_flight,destination,"""CLT""","""BOS""",source/destination,aligned_tool
C1_C1,gpt_oss_120b,airline,18,airline:18,compound,False,False,search_direct_flight,origin,"""BOS""","""MCO""",source/destination,aligned_tool
C1_C1,gpt_oss_120b,airline,18,airline:18,compound,False,False,search_direct_flight,date,"""2024-05-28""","""2024-05-21""",date/time,aligned_tool
C1_C1,gpt_oss_120b,airline,18,airline:18,compound,False,False,search_direct_flight,destination,"""PHL""","""CLT""",source/destination,aligned_tool
C1_C1,gpt_oss_120b,airline,18,airline:18,compound,False,False,search_direct_flight,origin,"""DEN""","""BOS""",source/destination,aligned_tool
C1_C1,gpt_oss_120b,airline,18,airline:18,compound,False,False,search_direct_flight,destination,"""DEN""","""PHL""",source/destination,aligned_tool
C1_C1,gpt_oss_120b,airline,18,airline:18,compound,False,False,search_direct_flight,origin,"""PHL""","""DEN""",source/destination,aligned_tool
C1_C1,gpt_oss_120b,airline,18,airline:18,compound,False,False,search_direct_flight,date,"""2024-05-30""","""2024-05-28""",date/time,aligned_tool
C1_C1,gpt_oss_120b,airline,18,airline:18,compound,False,False,search_direct_flight,destination,"""MIA""","""DEN""",source/destination,aligned_tool
C1_C1,gpt_oss_120b,airline,18,airline:18,compound,False,False,search_direct_flight,origin,"""DEN""","""PHL""",source/destination,aligned_tool
C1_C1,gpt_oss_120b,airline,18,airline:18,compound,False,False,search_direct_flight,destination,"""DEN""","""MIA""",source/destination,aligned_tool
C1_C1,gpt_oss_120b,airline,18,airline:18,compound,False,False,search_direct_flight,origin,"""MIA""","""DEN""",source/destination,aligned_tool
C1_C1,gpt_oss_120b,airline,18,airline:18,compound,False,False,search_direct_flight,destination,"""LAX""","""EWR""",source/destination,aligned_tool
C1_C1,gpt_oss_120b,airline,18,airline:18,compound,False,False,search_direct_flight,origin,"""MIA""","""LAX""",source/destination,aligned_tool
C1_C1,gpt_oss_120b,airline,18,airline:18,compound,False,False,search_direct_flight,date,"""2024-05-24""","""2024-05-23""",date/time,aligned_tool
C1_C1,gpt_oss_120b,airline,18,airline:18,compound,False,False,search_direct_flight,destination,"""EWR""","""LAS""",source/destination,aligned_tool
C1_C1,gpt_oss_120b,airline,18,airline:18,compound,False,False,search_direct_flight,origin,"""LAX""","""DEN""",source/destination,aligned_tool
C1_C1,gpt_oss_120b,airline,18,airline:18,compound,False,False,update_reservation_flights,flights,"[{""date"": ""2024-05-21"", ""destination"": ""BOS"", ""flight_number"": ""HAT028"", ""origin"": ""MCO"", ""price"": 140}, {""date"": ""2024-05-21"", ""destination"": ""CLT"", ""flight_number"": ""HAT277"", ""origin"": ""BOS"", ""price"": 101}]","[{""date"": ""2024-05-21"", ""destination"": ""BOS"", ""flight_number"": ""HAT028"", ""origin"": ""MCO""}, {""date"": ""2024-05-21"", ""destination"": ""CLT"", ""flight_number"": ""HAT277"", ""origin"": ""BOS""}]",unknown,aligned_tool
C1_C1,gpt_oss_120b,airline,18,airline:18,compound,False,False,update_reservation_flights,flights,"[{""date"": ""2024-05-28"", ""destination"": ""PHL"", ""flight_number"": ""HAT080"", ""origin"": ""DEN"", ""price"": 107}, {""date"": ""2024-05-28"", ""destination"": ""DEN"", ""flight_number"": ""HAT076"", ""origin"": ""PHL"", ""price"": 141}, {""date"": ""2024-05-30"", ""destination"": ""MIA"", ""flight_number"": ""HAT130"", ""origin"": ""DEN"", ""price"": 165}, {""date"": ""2024-05-30"", ""destination"": ""DEN"", ""flight_number"": ""HAT255"", ""origin"": ""MIA"", ""price"": 108}]","[{""date"": ""2024-05-28"", ""destination"": ""PHL"", ""flight_number"": ""HAT080"", ""origin"": ""DEN""}, {""date"": ""2024-05-28"", ""destination"": ""DEN"", ""flight_number"": ""HAT076"", ""origin"": ""PHL""}, {""date"": ""2024-05-30"", ""destination"": ""MIA"", ""flight_number"": ""HAT255"", ""origin"": ""DEN""}, {""date"": ""2024-05-30"", ""destination"": ""DEN"", ""flight_number"": ""HAT148"", ""origin"": ""MIA""}]",unknown,aligned_tool
C1_C1,gpt_oss_120b,airline,18,airline:18,compound,False,False,update_reservation_flights,flights,"[{""date"": ""2024-05-24"", ""destination"": ""LAX"", ""flight_number"": ""HAT232"", ""origin"": ""MIA"", ""price"": 162}, {""date"": ""2024-05-24"", ""destination"": ""EWR"", ""flight_number"": ""HAT228"", ""origin"": ""LAX"", ""price"": 153}]","[{""date"": ""2024-05-24"", ""destination"": ""LAX"", ""flight_number"": ""HAT232"", ""origin"": ""MIA""}, {""date"": ""2024-05-24"", ""destination"": ""EWR"", ""flight_number"": ""HAT228"", ""origin"": ""LAX""}]",unknown,aligned_tool
C1_C1,gpt_oss_120b,airline,18,airline:18,compound,False,False,get_reservation_details,reservation_id,"""LQ940Q""","""JG7FMM""",order/reservation identifier,aligned_tool
C1_C1,gpt_oss_120b,airline,18,airline:18,compound,False,False,get_reservation_details,reservation_id,"""2FBBAH""","""LQ940Q""",order/reservation identifier,aligned_tool
C1_C1,gpt_oss_120b,airline,18,airline:18,compound,False,False,get_reservation_details,reservation_id,"""X7BYG1""","""2FBBAH""",order/reservation identifier,aligned_tool
C1_C1,gpt_oss_120b,airline,18,airline:18,compound,False,False,update_reservation_flights,flights,"[{""date"": ""2024-05-21"", ""destination"": ""BOS"", ""flight_number"": ""HAT028"", ""origin"": ""MCO"", ""price"": 140}, {""date"": ""2024-05-21"", ""destination"": ""CLT"", ""flight_number"": ""HAT277"", ""origin"": ""BOS"", ""price"": 101}]","[{""date"": ""2024-05-21"", ""destination"": ""BOS"", ""flight_number"": ""HAT028"", ""origin"": ""MCO""}, {""date"": ""2024-05-21"", ""destination"": ""CLT"", ""flight_number"": ""HAT277"", ""origin"": ""BOS""}]",unknown,aligned_tool
C1_C1,gpt_oss_120b,airline,18,airline:18,compound,False,False,update_reservation_flights,flights,"[{""date"": ""2024-05-28"", ""destination"": ""PHL"", ""flight_number"": ""HAT080"", ""origin"": ""DEN"", ""price"": 107}, {""date"": ""2024-05-28"", ""destination"": ""DEN"", ""flight_number"": ""HAT076"", ""origin"": ""PHL"", ""price"": 141}, {""date"": ""2024-05-30"", ""destination"": ""MIA"", ""flight_number"": ""HAT130"", ""origin"": ""DEN"", ""price"": 165}, {""date"": ""2024-05-30"", ""destination"": ""DEN"", ""flight_number"": ""HAT255"", ""origin"": ""MIA"", ""price"": 108}]","[{""date"": ""2024-05-28"", ""destination"": ""PHL"", ""flight_number"": ""HAT080"", ""origin"": ""DEN""}, {""date"": ""2024-05-28"", ""destination"": ""DEN"", ""flight_number"": ""HAT076"", ""origin"": ""PHL""}, {""date"": ""2024-05-30"", ""destination"": ""MIA"", ""flight_number"": ""HAT255"", ""origin"": ""DEN""}, {""date"": ""2024-05-30"", ""destination"": ""DEN"", ""flight_number"": ""HAT148"", ""origin"": ""MIA""}]",unknown,aligned_tool
C1_C1,gpt_oss_120b,airline,18,airline:18,compound,False,False,update_reservation_flights,<CALL>,"update_reservation_flights|{""cabin"":""economy"",""flights"":[{""date"":""2024-05-21"",""destination"":""BOS"",""flight_number"":""HAT028"",""origin"":""MCO"",""price"":140},{""date"":""2024-05-21"",""destination"":""CLT"",""flight_number"":""HAT277"",""origin"":""BOS"",""price"":101}],""payment_id"":""credit_card_2929732"",""reservation_id"":""JG7FMM""}",<MISSING>,extra argument,replace
C1_C1,gpt_oss_120b,airline,18,airline:18,compound,False,False,update_reservation_flights,<CALL>,"update_reservation_flights|{""cabin"":""economy"",""flights"":[{""date"":""2024-05-28"",""destination"":""PHL"",""flight_number"":""HAT080"",""origin"":""DEN"",""price"":107},{""date"":""2024-05-28"",""destination"":""DEN"",""flight_number"":""HAT076"",""origin"":""PHL"",""price"":141},{""date"":""2024-05-30"",""destination"":""MIA"",""flight_number"":""HAT130"",""origin"":""DEN"",""price"":165},{""date"":""2024-05-30"",""destination"":""DEN"",""flight_number"":""HAT255"",""origin"":""MIA"",""price"":108}],""payment_id"":""gift_card_3481935"",""reservation_id"":""2FBBAH""}",<MISSING>,extra argument,replace
C1_C1,gpt_oss_120b,airline,18,airline:18,compound,False,False,update_reservation_flights,<CALL>,"update_reservation_flights|{""cabin"":""economy"",""flights"":[{""date"":""2024-05-24"",""destination"":""LAX"",""flight_number"":""HAT232"",""origin"":""MIA"",""price"":162},{""date"":""2024-05-24"",""destination"":""EWR"",""flight_number"":""HAT228"",""origin"":""LAX"",""price"":153}],""payment_id"":""credit_card_2929732"",""reservation_id"":""X7BYG1""}",<MISSING>,extra argument,replace
C1_C1,gpt_oss_120b,airline,18,airline:18,compound,False,False,get_reservation_details,<CALL>,<MISSING>,"get_reservation_details|{""reservation_id"":""EQ1G6C""}",missing argument,replace
C1_C1,gpt_oss_120b,airline,18,airline:18,compound,False,False,search_direct_flight,<CALL>,<MISSING>,"search_direct_flight|{""date"":""2024-05-23"",""destination"":""LAS"",""origin"":""DEN""}",missing argument,replace
C1_C1,gpt_oss_120b,airline,18,airline:18,compound,False,False,search_direct_flight,<CALL>,<MISSING>,"search_direct_flight|{""date"":""2024-05-23"",""destination"":""IAH"",""origin"":""LAS""}",missing argument,replace
C1_C1,gpt_oss_120b,airline,18,airline:18,compound,False,False,search_direct_flight,destination,"""BOS""","""CLT""",source/destination,aligned_tool
C1_C1,gpt_oss_120b,airline,18,airline:18,compound,False,False,search_direct_flight,origin,"""MCO""","""BOS""",source/destination,aligned_tool
C1_C1,gpt_oss_120b,airline,18,airline:18,compound,False,False,search_direct_flight,date,"""2024-05-21""","""2024-05-28""",date/time,aligned_tool
C1_C1,gpt_oss_120b,airline,18,airline:18,compound,False,False,search_direct_flight,destination,"""CLT""","""PHL""",source/destination,aligned_tool
C1_C1,gpt_oss_120b,airline,18,airline:18,compound,False,False,search_direct_flight,origin,"""BOS""","""DEN""",source/destination,aligned_tool
C1_C1,gpt_oss_120b,airline,18,airline:18,compound,False,False,search_direct_flight,destination,"""PHL""","""DEN""",source/destination,aligned_tool
C1_C1,gpt_oss_120b,airline,18,airline:18,compound,False,False,search_direct_flight,origin,"""DEN""","""PHL""",source/destination,aligned_tool
C1_C1,gpt_oss_120b,airline,18,airline:18,compound,False,False,search_direct_flight,date,"""2024-05-28""","""2024-05-30""",date/time,aligned_tool
C1_C1,gpt_oss_120b,airline,18,airline:18,compound,False,False,search_direct_flight,destination,"""DEN""","""MIA""",source/destination,aligned_tool
C1_C1,gpt_oss_120b,airline,18,airline:18,compound,False,False,search_direct_flight,origin,"""PHL""","""DEN""",source/destination,aligned_tool
C1_C1,gpt_oss_120b,airline,18,airline:18,compound,False,False,get_flight_status,<CALL>,"get_flight_status|{""date"":""2024-05-21"",""flight_number"":""HAT028""}",<MISSING>,extra argument,replace
C1_C1,gpt_oss_120b,airline,18,airline:18,compound,False,False,get_flight_status,<CALL>,"get_flight_status|{""date"":""2024-05-21"",""flight_number"":""HAT277""}",<MISSING>,extra argument,replace
C1_C1,gpt_oss_120b,airline,18,airline:18,compound,False,False,search_direct_flight,<CALL>,<MISSING>,"search_direct_flight|{""date"":""2024-05-30"",""destination"":""DEN"",""origin"":""MIA""}",missing argument,replace
C1_C1,gpt_oss_120b,airline,18,airline:18,compound,False,False,search_direct_flight,<CALL>,<MISSING>,"search_direct_flight|{""date"":""2024-05-24"",""destination"":""LAX"",""origin"":""MIA""}",missing argument,replace
C1_C1,gpt_oss_120b,airline,18,airline:18,compound,False,False,search_direct_flight,date,"""2024-05-30""","""2024-05-24""",date/time,aligned_tool
C1_C1,gpt_oss_120b,airline,18,airline:18,compound,False,False,search_direct_flight,destination,"""MIA""","""EWR""",source/destination,aligned_tool
C1_C1,gpt_oss_120b,airline,18,airline:18,compound,False,False,search_direct_flight,origin,"""DEN""","""LAX""",source/destination,aligned_tool
C1_C1,gpt_oss_120b,airline,18,airline:18,compound,False,False,search_direct_flight,date,"""2024-05-30""","""2024-05-23""",date/time,aligned_tool
C1_C1,gpt_oss_120b,airline,18,airline:18,compound,False,False,search_direct_flight,destination,"""DEN""","""LAS""",source/destination,aligned_tool
C1_C1,gpt_oss_120b,airline,18,airline:18,compound,False,False,search_direct_flight,origin,"""MIA""","""DEN""",source/destination,aligned_tool
C1_C1,gpt_oss_120b,airline,18,airline:18,compound,False,False,search_direct_flight,date,"""2024-05-24""","""2024-05-23""",date/time,aligned_tool
C1_C1,gpt_oss_120b,airline,18,airline:18,compound,False,False,search_direct_flight,destination,"""LAX""","""IAH""",source/destination,aligned_tool
C1_C1,gpt_oss_120b,airline,18,airline:18,compound,False,False,search_direct_flight,origin,"""MIA""","""LAS""",source/destination,aligned_tool
C1_C1,gpt_oss_120b,airline,18,airline:18,compound,False,False,get_reservation_details,reservation_id,"""JG7FMM""","""LQ940Q""",order/reservation identifier,aligned_tool
C1_C1,gpt_oss_120b,airline,18,airline:18,compound,False,False,get_reservation_details,reservation_id,"""LQ940Q""","""2FBBAH""",order/reservation identifier,aligned_tool
C1_C1,gpt_oss_120b,airline,18,airline:18,compound,False,False,get_reservation_details,reservation_id,"""2FBBAH""","""X7BYG1""",order/reservation identifier,aligned_tool
C1_C1,gpt_oss_120b,airline,18,airline:18,compound,False,False,update_reservation_flights,<CALL>,"update_reservation_flights|{""cabin"":""economy"",""flights"":[{""date"":""2024-05-21"",""destination"":""BOS"",""flight_number"":""HAT028"",""origin"":""MCO""},{""date"":""2024-05-21"",""destination"":""CLT"",""flight_number"":""HAT277"",""origin"":""BOS""}],""payment_id"":""credit_card_2929732"",""reservation_id"":""JG7FMM""}",<MISSING>,extra argument,replace
C1_C1,gpt_oss_120b,airline,18,airline:18,compound,False,False,update_reservation_flights,<CALL>,"update_reservation_flights|{""cabin"":""economy"",""flights"":[{""date"":""2024-05-28"",""destination"":""PHL"",""flight_number"":""HAT080"",""origin"":""DEN""},{""date"":""2024-05-28"",""destination"":""DEN"",""flight_number"":""HAT076"",""origin"":""PHL""},{""date"":""2024-05-30"",""destination"":""MIA"",""flight_number"":""HAT255"",""origin"":""DEN""},{""date"":""2024-05-30"",""destination"":""DEN"",""flight_number"":""HAT148"",""origin"":""MIA""}],""payment_id"":""gift_card_3481935"",""reservation_id"":""2FBBAH""}",<MISSING>,extra argument,replace
C1_C1,gpt_oss_120b,airline,18,airline:18,compound,False,False,search_direct_flight,<CALL>,<MISSING>,"search_direct_flight|{""date"":""2024-05-21"",""destination"":""CLT"",""origin"":""BOS""}",missing argument,replace
C1_C1,gpt_oss_120b,airline,18,airline:18,compound,False,False,search_direct_flight,<CALL>,<MISSING>,"search_direct_flight|{""date"":""2024-05-28"",""destination"":""PHL"",""origin"":""DEN""}",missing argument,replace
C1_C1,gpt_oss_120b,airline,18,airline:18,compound,False,False,search_direct_flight,<CALL>,<MISSING>,"search_direct_flight|{""date"":""2024-05-28"",""destination"":""DEN"",""origin"":""PHL""}",missing argument,replace
C1_C1,gpt_oss_120b,airline,18,airline:18,compound,False,False,search_direct_flight,<CALL>,<MISSING>,"search_direct_flight|{""date"":""2024-05-30"",""destination"":""MIA"",""origin"":""DEN""}",missing argument,replace
C1_C1,gpt_oss_120b,airline,18,airline:18,compound,False,False,search_direct_flight,<CALL>,<MISSING>,"search_direct_flight|{""date"":""2024-05-30"",""destination"":""DEN"",""origin"":""MIA""}",missing argument,replace
C1_C1,gpt_oss_120b,airline,18,airline:18,compound,False,False,search_direct_flight,<CALL>,<MISSING>,"search_direct_flight|{""date"":""2024-05-24"",""destination"":""LAX"",""origin"":""MIA""}",missing argument,replace
C1_C1,gpt_oss_120b,airline,18,airline:18,compound,False,False,search_direct_flight,<CALL>,<MISSING>,"search_direct_flight|{""date"":""2024-05-24"",""destination"":""EWR"",""origin"":""LAX""}",missing argument,replace
C1_C1,gpt_oss_120b,airline,18,airline:18,compound,False,False,get_reservation_details,<CALL>,<MISSING>,"get_reservation_details|{""reservation_id"":""EQ1G6C""}",missing argument,replace
C1_C1,gpt_oss_120b,airline,18,airline:18,compound,False,False,search_direct_flight,<CALL>,<MISSING>,"search_direct_flight|{""date"":""2024-05-23"",""destination"":""LAS"",""origin"":""DEN""}",missing argument,replace
C1_C1,gpt_oss_120b,airline,18,airline:18,compound,False,False,search_direct_flight,<CALL>,<MISSING>,"search_direct_flight|{""date"":""2024-05-23"",""destination"":""IAH"",""origin"":""LAS""}",missing argument,replace
C2_C1,gpt_oss_120b,airline,2,airline:2,read,True,True,get_reservation_details,reservation_id,"""SDZQKO""","""4OG6T3""",order/reservation identifier,aligned_tool
C2_C1,gpt_oss_120b,airline,2,airline:2,read,True,True,transfer_to_human_agents,summary,"""User requests compensation for a delayed flight on reservation SDZQKO but cannot provide flight number or date. System shows all flight segments as available (no delay recorded). Unable to verify delay, so cannot grant compensation per policy.""","""User experienced a flight delay but cannot provide flight number or date. No record of delay found in system. User wants to discuss compensation or goodwill gesture.""",unknown,aligned_tool
C2_C1,gpt_oss_120b,airline,2,airline:2,read,False,False,search_direct_flight,date,"""2024-05-20""","""2024-06-15""",date/time,aligned_tool
C2_C1,gpt_oss_120b,airline,2,airline:2,read,False,False,search_onestop_flight,date,"""2024-05-20""","""2024-06-15""",date/time,aligned_tool
C2_C1,gpt_oss_120b,airline,2,airline:2,read,False,False,get_reservation_details,reservation_id,"""SDZQKO""","""4OG6T3""",order/reservation identifier,aligned_tool
C2_C1,gpt_oss_120b,airline,2,airline:2,read,False,False,get_flight_status,date,"""2024-05-27""","""2024-05-11""",date/time,aligned_tool
C2_C1,gpt_oss_120b,airline,2,airline:2,read,False,False,get_flight_status,flight_number,"""HAT228""","""HAT006""",amount/quantity,aligned_tool
C2_C1,gpt_oss_120b,airline,2,airline:2,read,False,False,get_flight_status,date,"""2024-05-28""","""2024-05-11""",date/time,aligned_tool
C2_C1,gpt_oss_120b,airline,2,airline:2,read,False,False,get_flight_status,flight_number,"""HAT202""","""HAT018""",amount/quantity,aligned_tool
C2_C1,gpt_oss_120b,airline,2,airline:2,read,False,False,get_reservation_details,<CALL>,"get_reservation_details|{""reservation_id"":""4OG6T3""}",<MISSING>,extra argument,replace
C2_C1,gpt_oss_120b,airline,2,airline:2,read,False,False,get_flight_status,<CALL>,"get_flight_status|{""date"":""2024-05-28"",""flight_number"":""HAT192""}",<MISSING>,extra argument,replace
C2_C1,gpt_oss_120b,airline,2,airline:2,read,False,False,get_flight_status,<CALL>,"get_flight_status|{""date"":""2024-05-29"",""flight_number"":""HAT041""}",<MISSING>,extra argument,replace
C2_C1,gpt_oss_120b,airline,2,airline:2,read,False,False,send_certificate,<CALL>,<MISSING>,"send_certificate|{""amount"":150,""user_id"":""noah_muller_9847""}",missing argument,replace
C2_C1,gpt_oss_120b,airline,2,airline:2,read,True,True,search_direct_flight,date,"""2024-05-20""","""2024-06-15""",date/time,aligned_tool
C2_C1,gpt_oss_120b,airline,2,airline:2,read,True,True,search_onestop_flight,date,"""2024-05-20""","""2024-06-15""",date/time,aligned_tool
C2_C1,gpt_oss_120b,airline,2,airline:2,read,True,True,get_flight_status,date,"""2024-05-28""","""2024-05-11""",date/time,aligned_tool
C2_C1,gpt_oss_120b,airline,2,airline:2,read,True,True,get_flight_status,flight_number,"""HAT192""","""HAT006""",amount/quantity,aligned_tool
C2_C1,gpt_oss_120b,airline,2,airline:2,read,True,True,transfer_to_human_agents,summary,"""User noah_muller_9847 is upset about a delayed flight (HAT018 on 2024-05-11) in reservation 4OG6T3. User claims the reservation was for three passengers, but system shows only one passenger. Part of the trip has already flown (HAT006 landed). User requests compensation. According to policy, we cannot modify or cancel because a portion has already flown, so we need to transfer to a human agent.""","""User experienced a delayed flight and wants assistance. The reservation appears to be round-trip Boston to Las Vegas (reservation ID 4OG6T3). Flight HAT006 on 2024-05-11 has status 'landed', meaning part of the reservation has already been flown, so the system cannot process cancellation or modification. User may need human assistance for compensation or further help.""",unknown,aligned_tool
C2_C1,gpt_oss_120b,airline,2,airline:2,read,True,True,search_direct_flight,date,"""2024-05-20""","""2024-06-15""",date/time,aligned_tool
C2_C1,gpt_oss_120b,airline,2,airline:2,read,True,True,search_onestop_flight,date,"""2024-05-20""","""2024-06-15""",date/time,aligned_tool
C2_C1,gpt_oss_120b,airline,2,airline:2,read,True,True,get_flight_status,date,"""2024-05-27""","""2024-05-11""",date/time,aligned_tool
C2_C1,gpt_oss_120b,airline,2,airline:2,read,True,True,get_flight_status,flight_number,"""HAT228""","""HAT006""",amount/quantity,aligned_tool
C2_C1,gpt_oss_120b,airline,2,airline:2,read,True,True,get_flight_status,<CALL>,"get_flight_status|{""date"":""2024-05-28"",""flight_number"":""HAT202""}",<MISSING>,extra argument,replace
C2_C1,gpt_oss_120b,airline,2,airline:2,read,True,True,get_flight_status,<CALL>,"get_flight_status|{""date"":""2024-05-28"",""flight_number"":""HAT202""}",<MISSING>,extra argument,replace
C2_C1,gpt_oss_120b,airline,2,airline:2,read,True,True,get_reservation_details,<CALL>,"get_reservation_details|{""reservation_id"":""4OG6T3""}",<MISSING>,extra argument,replace
C2_C1,gpt_oss_120b,airline,2,airline:2,read,True,True,search_direct_flight,<CALL>,<MISSING>,"search_direct_flight|{""date"":""2024-05-10"",""destination"":""ORD"",""origin"":""SFO""}",missing argument,replace
C2_C1,gpt_oss_120b,airline,2,airline:2,read,True,True,transfer_to_human_agents,summary,"""User Noah Muller (ID noah_muller_9847) wants to modify a basic economy reservation (ID SDZQKO) with passengers Noah Muller and Lucas Anderson, but basic economy cannot be modified. User requests a travel certificate and wants to speak to a human agent.""","""User Noah Muller (ID noah_muller_9847) reports a delayed flight around May 10, 2024 from San Francisco (SFO) to Chicago (ORD). No reservation matching this flight is found in the system (reservations SDZQKO and 4OG6T3 have different routes). User needs assistance locating the reservation and possible compensation.""",unknown,aligned_tool
C2_C1,gpt_oss_120b,airline,2,airline:2,read,True,True,search_direct_flight,date,"""2024-05-20""","""2024-06-15""",date/time,aligned_tool
C2_C1,gpt_oss_120b,airline,2,airline:2,read,True,True,search_onestop_flight,date,"""2024-05-20""","""2024-06-15""",date/time,aligned_tool
C2_C1,gpt_oss_120b,airline,2,airline:2,read,True,True,get_reservation_details,reservation_id,"""SDZQKO""","""D-7890""",order/reservation identifier,aligned_tool
C2_C1,gpt_oss_120b,airline,2,airline:2,read,True,True,transfer_to_human_agents,summary,"""User requests compensation for a delayed flight in reservation SDZQKO, but no delay is recorded in the system and the user cannot provide additional details.""","""User unable to provide exact reservation number or flight details for a delayed Delta round-trip flight with three passengers around May 20. Agent cannot locate reservation in system to verify delay and process compensation.""",unknown,aligned_tool
C1_C1,gpt_oss_120b,airline,2,airline:2,read,False,False,get_reservation_details,reservation_id,"""SDZQKO""","""4OG6T3""",order/reservation identifier,aligned_tool
C1_C1,gpt_oss_120b,airline,2,airline:2,read,False,False,get_flight_status,date,"""2024-05-27""","""2024-05-11""",date/time,aligned_tool
C1_C1,gpt_oss_120b,airline,2,airline:2,read,False,False,get_flight_status,flight_number,"""HAT228""","""HAT006""",amount/quantity,aligned_tool
C1_C1,gpt_oss_120b,airline,2,airline:2,read,False,False,get_flight_status,date,"""2024-05-28""","""2024-05-11""",date/time,aligned_tool
C1_C1,gpt_oss_120b,airline,2,airline:2,read,False,False,get_flight_status,flight_number,"""HAT202""","""HAT018""",amount/quantity,aligned_tool
C1_C1,gpt_oss_120b,airline,2,airline:2,read,False,False,get_flight_status,<CALL>,"get_flight_status|{""date"":""2024-05-28"",""flight_number"":""HAT192""}",<MISSING>,extra argument,replace
C1_C1,gpt_oss_120b,airline,2,airline:2,read,False,False,transfer_to_human_agents,<CALL>,"transfer_to_human_agents|{""summary"":""User experienced a flight delay but cannot provide flight number or date. No record of delay found in system. User wants to discuss compensation or goodwill gesture.""}",<MISSING>,extra argument,replace
C1_C1,gpt_oss_120b,airline,2,airline:2,read,False,False,send_certificate,<CALL>,<MISSING>,"send_certificate|{""amount"":150,""user_id"":""noah_muller_9847""}",missing argument,replace
C1_C1,gpt_oss_120b,airline,2,airline:2,read,True,True,get_flight_status,date,"""2024-05-28""","""2024-05-11""",date/time,aligned_tool
C1_C1,gpt_oss_120b,airline,2,airline:2,read,True,True,get_flight_status,flight_number,"""HAT192""","""HAT006""",amount/quantity,aligned_tool
C1_C1,gpt_oss_120b,airline,2,airline:2,read,True,True,transfer_to_human_agents,summary,"""User experienced a flight delay but cannot provide flight number or date. No record of delay found in system. User wants to discuss compensation or goodwill gesture.""","""User experienced a delayed flight and wants assistance. The reservation appears to be round-trip Boston to Las Vegas (reservation ID 4OG6T3). Flight HAT006 on 2024-05-11 has status 'landed', meaning part of the reservation has already been flown, so the system cannot process cancellation or modification. User may need human assistance for compensation or further help.""",unknown,aligned_tool
C1_C1,gpt_oss_120b,airline,2,airline:2,read,True,True,get_flight_status,date,"""2024-05-27""","""2024-05-11""",date/time,aligned_tool
C1_C1,gpt_oss_120b,airline,2,airline:2,read,True,True,get_flight_status,flight_number,"""HAT228""","""HAT006""",amount/quantity,aligned_tool
C1_C1,gpt_oss_120b,airline,2,airline:2,read,True,True,get_flight_status,<CALL>,"get_flight_status|{""date"":""2024-05-28"",""flight_number"":""HAT202""}",<MISSING>,extra argument,replace
C1_C1,gpt_oss_120b,airline,2,airline:2,read,True,True,get_flight_status,<CALL>,"get_flight_status|{""date"":""2024-05-28"",""flight_number"":""HAT192""}",<MISSING>,extra argument,replace
C1_C1,gpt_oss_120b,airline,2,airline:2,read,True,True,search_direct_flight,<CALL>,<MISSING>,"search_direct_flight|{""date"":""2024-05-10"",""destination"":""ORD"",""origin"":""SFO""}",missing argument,replace
C1_C1,gpt_oss_120b,airline,2,airline:2,read,True,True,transfer_to_human_agents,summary,"""User experienced a flight delay but cannot provide flight number or date. No record of delay found in system. User wants to discuss compensation or goodwill gesture.""","""User Noah Muller (ID noah_muller_9847) reports a delayed flight around May 10, 2024 from San Francisco (SFO) to Chicago (ORD). No reservation matching this flight is found in the system (reservations SDZQKO and 4OG6T3 have different routes). User needs assistance locating the reservation and possible compensation.""",unknown,aligned_tool
C1_C1,gpt_oss_120b,airline,2,airline:2,read,True,True,get_reservation_details,reservation_id,"""SDZQKO""","""D-7890""",order/reservation identifier,aligned_tool
C1_C1,gpt_oss_120b,airline,2,airline:2,read,True,True,transfer_to_human_agents,summary,"""User experienced a flight delay but cannot provide flight number or date. No record of delay found in system. User wants to discuss compensation or goodwill gesture.""","""User unable to provide exact reservation number or flight details for a delayed Delta round-trip flight with three passengers around May 20. Agent cannot locate reservation in system to verify delay and process compensation.""",unknown,aligned_tool
C1_C1,gpt_oss_120b,airline,2,airline:2,read,False,False,get_reservation_details,reservation_id,"""4OG6T3""","""SDZQKO""",order/reservation identifier,aligned_tool
C1_C1,gpt_oss_120b,airline,2,airline:2,read,False,False,get_flight_status,date,"""2024-05-11""","""2024-05-27""",date/time,aligned_tool
C1_C1,gpt_oss_120b,airline,2,airline:2,read,False,False,get_flight_status,flight_number,"""HAT006""","""HAT228""",amount/quantity,aligned_tool
C1_C1,gpt_oss_120b,airline,2,airline:2,read,False,False,get_flight_status,date,"""2024-05-11""","""2024-05-28""",date/time,aligned_tool
C1_C1,gpt_oss_120b,airline,2,airline:2,read,False,False,get_flight_status,flight_number,"""HAT018""","""HAT202""",amount/quantity,aligned_tool
C1_C1,gpt_oss_120b,airline,2,airline:2,read,False,False,send_certificate,<CALL>,"send_certificate|{""amount"":150,""user_id"":""noah_muller_9847""}",<MISSING>,extra argument,replace
C1_C1,gpt_oss_120b,airline,2,airline:2,read,False,False,get_flight_status,<CALL>,<MISSING>,"get_flight_status|{""date"":""2024-05-11"",""flight_number"":""HAT006""}",missing argument,replace
C1_C1,gpt_oss_120b,airline,2,airline:2,read,False,False,transfer_to_human_agents,<CALL>,<MISSING>,"transfer_to_human_agents|{""summary"":""User experienced a delayed flight and wants assistance. The reservation appears to be round-trip Boston to Las Vegas (reservation ID 4OG6T3). Flight HAT006 on 2024-05-11 has status 'landed', meaning part of the reservation has already been flown, so the system cannot process cancellation or modification. User may need human assistance for compensation or further help.""}",missing argument,replace
C1_C1,gpt_oss_120b,airline,2,airline:2,read,False,False,get_flight_status,<CALL>,"get_flight_status|{""date"":""2024-05-11"",""flight_number"":""HAT018""}",<MISSING>,extra argument,replace
C1_C1,gpt_oss_120b,airline,2,airline:2,read,False,False,send_certificate,<CALL>,"send_certificate|{""amount"":150,""user_id"":""noah_muller_9847""}",<MISSING>,extra argument,replace
C1_C1,gpt_oss_120b,airline,2,airline:2,read,False,False,search_direct_flight,<CALL>,<MISSING>,"search_direct_flight|{""date"":""2024-05-10"",""destination"":""ORD"",""origin"":""SFO""}",missing argument,replace
C1_C1,gpt_oss_120b,airline,2,airline:2,read,False,False,transfer_to_human_agents,<CALL>,<MISSING>,"transfer_to_human_agents|{""summary"":""User Noah Muller (ID noah_muller_9847) reports a delayed flight around May 10, 2024 from San Francisco (SFO) to Chicago (ORD). No reservation matching this flight is found in the system (reservations SDZQKO and 4OG6T3 have different routes). User needs assistance locating the reservation and possible compensation.""}",missing argument,replace
C1_C1,gpt_oss_120b,airline,2,airline:2,read,False,False,get_reservation_details,reservation_id,"""4OG6T3""","""D-7890""",order/reservation identifier,aligned_tool
C1_C1,gpt_oss_120b,airline,2,airline:2,read,False,False,get_flight_status,<CALL>,"get_flight_status|{""date"":""2024-05-11"",""flight_number"":""HAT006""}",<MISSING>,extra argument,replace
C1_C1,gpt_oss_120b,airline,2,airline:2,read,False,False,get_flight_status,<CALL>,"get_flight_status|{""date"":""2024-05-11"",""flight_number"":""HAT018""}",<MISSING>,extra argument,replace
C1_C1,gpt_oss_120b,airline,2,airline:2,read,False,False,send_certificate,<CALL>,"send_certificate|{""amount"":150,""user_id"":""noah_muller_9847""}",<MISSING>,extra argument,replace
C1_C1,gpt_oss_120b,airline,2,airline:2,read,False,False,transfer_to_human_agents,<CALL>,<MISSING>,"transfer_to_human_agents|{""summary"":""User unable to provide exact reservation number or flight details for a delayed Delta round-trip flight with three passengers around May 20. Agent cannot locate reservation in system to verify delay and process compensation.""}",missing argument,replace
C1_C1,gpt_oss_120b,airline,2,airline:2,read,True,True,get_flight_status,date,"""2024-05-27""","""2024-05-11""",date/time,aligned_tool
C1_C1,gpt_oss_120b,airline,2,airline:2,read,True,True,get_flight_status,flight_number,"""HAT228""","""HAT006""",amount/quantity,aligned_tool
C1_C1,gpt_oss_120b,airline,2,airline:2,read,True,True,get_flight_status,<CALL>,"get_flight_status|{""date"":""2024-05-28"",""flight_number"":""HAT202""}",<MISSING>,extra argument,replace
C1_C1,gpt_oss_120b,airline,2,airline:2,read,True,True,get_flight_status,<CALL>,"get_flight_status|{""date"":""2024-05-11"",""flight_number"":""HAT006""}",<MISSING>,extra argument,replace
C1_C1,gpt_oss_120b,airline,2,airline:2,read,True,True,search_direct_flight,<CALL>,<MISSING>,"search_direct_flight|{""date"":""2024-05-10"",""destination"":""ORD"",""origin"":""SFO""}",missing argument,replace
C1_C1,gpt_oss_120b,airline,2,airline:2,read,True,True,transfer_to_human_agents,summary,"""User experienced a delayed flight and wants assistance. The reservation appears to be round-trip Boston to Las Vegas (reservation ID 4OG6T3). Flight HAT006 on 2024-05-11 has status 'landed', meaning part of the reservation has already been flown, so the system cannot process cancellation or modification. User may need human assistance for compensation or further help.""","""User Noah Muller (ID noah_muller_9847) reports a delayed flight around May 10, 2024 from San Francisco (SFO) to Chicago (ORD). No reservation matching this flight is found in the system (reservations SDZQKO and 4OG6T3 have different routes). User needs assistance locating the reservation and possible compensation.""",unknown,aligned_tool
C1_C1,gpt_oss_120b,airline,2,airline:2,read,True,True,get_reservation_details,reservation_id,"""SDZQKO""","""D-7890""",order/reservation identifier,aligned_tool
C1_C1,gpt_oss_120b,airline,2,airline:2,read,True,True,transfer_to_human_agents,summary,"""User experienced a delayed flight and wants assistance. The reservation appears to be round-trip Boston to Las Vegas (reservation ID 4OG6T3). Flight HAT006 on 2024-05-11 has status 'landed', meaning part of the reservation has already been flown, so the system cannot process cancellation or modification. User may need human assistance for compensation or further help.""","""User unable to provide exact reservation number or flight details for a delayed Delta round-trip flight with three passengers around May 20. Agent cannot locate reservation in system to verify delay and process compensation.""",unknown,aligned_tool
C1_C1,gpt_oss_120b,airline,2,airline:2,read,True,True,get_flight_status,<CALL>,"get_flight_status|{""date"":""2024-05-11"",""flight_number"":""HAT006""}",<MISSING>,extra argument,replace
C1_C1,gpt_oss_120b,airline,2,airline:2,read,True,True,search_direct_flight,<CALL>,"search_direct_flight|{""date"":""2024-05-10"",""destination"":""ORD"",""origin"":""SFO""}",<MISSING>,extra argument,replace
C1_C1,gpt_oss_120b,airline,2,airline:2,read,True,True,get_reservation_details,<CALL>,<MISSING>,"get_reservation_details|{""reservation_id"":""D-7890""}",missing argument,replace
C1_C1,gpt_oss_120b,airline,2,airline:2,read,True,True,transfer_to_human_agents,summary,"""User Noah Muller (ID noah_muller_9847) reports a delayed flight around May 10, 2024 from San Francisco (SFO) to Chicago (ORD). No reservation matching this flight is found in the system (reservations SDZQKO and 4OG6T3 have different routes). User needs assistance locating the reservation and possible compensation.""","""User unable to provide exact reservation number or flight details for a delayed Delta round-trip flight with three passengers around May 20. Agent cannot locate reservation in system to verify delay and process compensation.""",unknown,aligned_tool
C2_C1,gpt_oss_120b,airline,22,airline:22,compound,False,False,get_reservation_details,reservation_id,"""UM3OG5""","""QKRY03""",order/reservation identifier,aligned_tool
C2_C1,gpt_oss_120b,airline,22,airline:22,compound,False,False,update_reservation_baggages,<CALL>,"update_reservation_baggages|{""nonfree_baggages"":0,""payment_id"":""credit_card_6754990"",""reservation_id"":""UM3OG5"",""total_baggages"":3}",<MISSING>,extra argument,replace
C2_C1,gpt_oss_120b,airline,22,airline:22,compound,False,False,search_direct_flight,<CALL>,<MISSING>,"search_direct_flight|{""date"":""2024-05-24"",""destination"":""PHX"",""origin"":""MCO""}",missing argument,replace
C2_C1,gpt_oss_120b,airline,22,airline:22,compound,False,False,search_direct_flight,<CALL>,<MISSING>,"search_direct_flight|{""date"":""2024-05-25"",""destination"":""DTW"",""origin"":""PHX""}",missing argument,replace
C2_C1,gpt_oss_120b,airline,22,airline:22,compound,False,False,get_reservation_details,reservation_id,"""UM3OG5""","""5RJ7UH""",order/reservation identifier,aligned_tool
C2_C1,gpt_oss_120b,airline,22,airline:22,compound,False,False,update_reservation_baggages,payment_id,"""credit_card_6754990""","""credit_card_7407366""",write value,aligned_tool
C2_C1,gpt_oss_120b,airline,22,airline:22,compound,False,False,update_reservation_baggages,reservation_id,"""UM3OG5""","""5RJ7UH""",order/reservation identifier,aligned_tool
C2_C1,gpt_oss_120b,airline,22,airline:22,compound,False,False,get_reservation_details,reservation_id,"""UM3OG5""","""5RJ7UH""",order/reservation identifier,aligned_tool
C2_C1,gpt_oss_120b,airline,22,airline:22,compound,False,True,get_reservation_details,reservation_id,"""UM3OG5""","""5RJ7UH""",order/reservation identifier,aligned_tool
C2_C1,gpt_oss_120b,airline,22,airline:22,compound,False,True,get_reservation_details,reservation_id,"""UM3OG5""","""5RJ7UH""",order/reservation identifier,aligned_tool
C1_C1,gpt_oss_120b,airline,22,airline:22,compound,False,False,get_reservation_details,reservation_id,"""QKRY03""","""5RJ7UH""",order/reservation identifier,aligned_tool
C1_C1,gpt_oss_120b,airline,22,airline:22,compound,False,False,search_direct_flight,<CALL>,"search_direct_flight|{""date"":""2024-05-24"",""destination"":""PHX"",""origin"":""MCO""}",<MISSING>,extra argument,replace
C1_C1,gpt_oss_120b,airline,22,airline:22,compound,False,False,search_direct_flight,<CALL>,"search_direct_flight|{""date"":""2024-05-25"",""destination"":""DTW"",""origin"":""PHX""}",<MISSING>,extra argument,replace
C1_C1,gpt_oss_120b,airline,22,airline:22,compound,False,False,update_reservation_baggages,<CALL>,<MISSING>,"update_reservation_baggages|{""nonfree_baggages"":0,""payment_id"":""credit_card_7407366"",""reservation_id"":""5RJ7UH"",""total_baggages"":3}",missing argument,replace
C1_C1,gpt_oss_120b,airline,22,airline:22,compound,False,False,get_reservation_details,reservation_id,"""QKRY03""","""5RJ7UH""",order/reservation identifier,aligned_tool
C1_C1,gpt_oss_120b,airline,22,airline:22,compound,False,False,search_direct_flight,<CALL>,"search_direct_flight|{""date"":""2024-05-24"",""destination"":""PHX"",""origin"":""MCO""}",<MISSING>,extra argument,replace
C1_C1,gpt_oss_120b,airline,22,airline:22,compound,False,False,search_direct_flight,<CALL>,"search_direct_flight|{""date"":""2024-05-25"",""destination"":""DTW"",""origin"":""PHX""}",<MISSING>,extra argument,replace
C1_C1,gpt_oss_120b,airline,22,airline:22,compound,False,False,update_reservation_passengers,<CALL>,<MISSING>,"update_reservation_passengers|{""passengers"":[{""dob"":""1970-06-06"",""first_name"":""Omar"",""last_name"":""Rossi""},{""dob"":""1970-06-06"",""first_name"":""Omar"",""last_name"":""Rossi""}],""reservation_id"":""5RJ7UH""}",missing argument,replace
C1_C1,gpt_oss_120b,airline,22,airline:22,compound,False,False,update_reservation_baggages,<CALL>,<MISSING>,"update_reservation_baggages|{""nonfree_baggages"":0,""payment_id"":""credit_card_7407366"",""reservation_id"":""5RJ7UH"",""total_baggages"":3}",missing argument,replace
C1_C1,gpt_oss_120b,airline,22,airline:22,compound,False,True,get_reservation_details,reservation_id,"""QKRY03""","""5RJ7UH""",order/reservation identifier,aligned_tool
C1_C1,gpt_oss_120b,airline,22,airline:22,compound,False,True,get_reservation_details,reservation_id,"""QKRY03""","""5RJ7UH""",order/reservation identifier,aligned_tool
C2_C1,gpt_oss_120b,airline,23,airline:23,compound,False,False,transfer_to_human_agents,<CALL>,"transfer_to_human_agents|{""summary"":""User Mohamed Silva (user ID mohamed_silva_9265) wants to modify reservation ID 92837465 to the cheapest business round‑trip on the same dates, but the reservation ID cannot be found in the system. Unable to locate reservation to proceed.""}",<MISSING>,extra argument,replace
C2_C1,gpt_oss_120b,airline,23,airline:23,compound,False,False,get_reservation_details,<CALL>,<MISSING>,"get_reservation_details|{""reservation_id"":""K1NW8N""}",missing argument,replace
C2_C1,gpt_oss_120b,airline,23,airline:23,compound,False,False,search_direct_flight,<CALL>,<MISSING>,"search_direct_flight|{""date"":""2024-05-26"",""destination"":""SFO"",""origin"":""JFK""}",missing argument,replace
C2_C1,gpt_oss_120b,airline,23,airline:23,compound,False,False,search_direct_flight,<CALL>,<MISSING>,"search_direct_flight|{""date"":""2024-05-28"",""destination"":""JFK"",""origin"":""SFO""}",missing argument,replace
C2_C1,gpt_oss_120b,airline,23,airline:23,compound,False,False,search_onestop_flight,<CALL>,<MISSING>,"search_onestop_flight|{""date"":""2024-05-28"",""destination"":""JFK"",""origin"":""SFO""}",missing argument,replace
C2_C1,gpt_oss_120b,airline,23,airline:23,compound,False,False,cancel_reservation,<CALL>,<MISSING>,"cancel_reservation|{""reservation_id"":""K1NW8N""}",missing argument,replace
C2_C1,gpt_oss_120b,airline,23,airline:23,compound,False,False,book_reservation,<CALL>,<MISSING>,"book_reservation|{""cabin"":""business"",""destination"":""SFO"",""flight_type"":""round_trip"",""flights"":[{""date"":""2024-05-26"",""destination"":""SFO"",""flight_number"":""HAT023"",""origin"":""JFK"",""price"":364},{""date"":""2024-05-28"",""destination"":""SEA"",""flight_number"":""HAT204"",""origin"":""SFO"",""price"":248},{""date"":""2024-05-28"",""destination"":""JFK"",""flight_number"":""HAT100"",""origin"":""SEA"",""price"":259}],""insurance"":""no"",""nonfree_baggages"":0,""origin"":""JFK"",""passengers"":[{""dob"":""1960-11-26"",""first_name"":""Mohamed"",""last_name"":""Silva""},{""dob"":""1986-09-12"",""first_name"":""Raj"",""last_name"":""Sanchez""},{""dob"":""1980-03-27"",""first_name"":""Liam"",""last_name"":""Wilson""}],""payment_methods"":[{""amount"":500,""payment_id"":""certificate_3765853""},{""amount"":198,""payment_id"":""gift_card_8020792""},{""amount"":129,""payment_id"":""gift_card_6136092""},{""amount"":44,""payment_id"":""credit_card_5843230""}],""total_baggages"":0,""user_id"":""mohamed_silva_9265""}",missing argument,replace
C2_C1,gpt_oss_120b,airline,23,airline:23,compound,False,False,book_reservation,<CALL>,<MISSING>,"book_reservation|{""cabin"":""business"",""destination"":""SFO"",""flight_type"":""round_trip"",""flights"":[{""date"":""2024-05-26"",""destination"":""SFO"",""flight_number"":""HAT023"",""origin"":""JFK"",""price"":364},{""date"":""2024-05-28"",""destination"":""SEA"",""flight_number"":""HAT204"",""origin"":""SFO"",""price"":248},{""date"":""2024-05-28"",""destination"":""JFK"",""flight_number"":""HAT100"",""origin"":""SEA"",""price"":259}],""insurance"":""no"",""nonfree_baggages"":0,""origin"":""JFK"",""passengers"":[{""dob"":""1960-11-26"",""first_name"":""Mohamed"",""last_name"":""Silva""},{""dob"":""1986-09-12"",""first_name"":""Raj"",""last_name"":""Sanchez""},{""dob"":""1980-03-27"",""first_name"":""Liam"",""last_name"":""Wilson""}],""payment_methods"":[{""amount"":500,""payment_id"":""certificate_3765853""},{""amount"":198,""payment_id"":""gift_card_8020792""},{""amount"":129,""payment_id"":""gift_card_6136092""},{""amount"":1786,""payment_id"":""credit_card_5843230""}],""total_baggages"":0,""user_id"":""mohamed_silva_9265""}",missing argument,replace
C2_C1,gpt_oss_120b,airline,23,airline:23,compound,False,False,search_direct_flight,destination,"""JFK""","""SEA""",source/destination,aligned_tool
C2_C1,gpt_oss_120b,airline,23,airline:23,compound,False,False,get_user_details,<CALL>,"get_user_details|{""user_id"":""mohamed_silva_9265""}",<MISSING>,extra argument,replace
C2_C1,gpt_oss_120b,airline,23,airline:23,compound,False,False,get_reservation_details,<CALL>,<MISSING>,"get_reservation_details|{""reservation_id"":""9283746""}",missing argument,replace
C2_C1,gpt_oss_120b,airline,23,airline:23,compound,False,False,search_direct_flight,destination,"""SEA""","""JFK""",source/destination,aligned_tool
C2_C1,gpt_oss_120b,airline,23,airline:23,compound,False,False,search_direct_flight,<CALL>,"search_direct_flight|{""date"":""2024-05-28"",""destination"":""JFK"",""origin"":""SEA""}",<MISSING>,extra argument,replace
C2_C1,gpt_oss_120b,airline,23,airline:23,compound,False,False,cancel_reservation,<CALL>,"cancel_reservation|{""reservation_id"":""K1NW8N""}",<MISSING>,extra argument,replace
C2_C1,gpt_oss_120b,airline,23,airline:23,compound,False,False,book_reservation,<CALL>,"book_reservation|{""cabin"":""business"",""destination"":""SFO"",""flight_type"":""round_trip"",""flights"":[{""date"":""2024-05-26"",""destination"":""SFO"",""flight_number"":""HAT023"",""origin"":""JFK"",""price"":364},{""date"":""2024-05-28"",""destination"":""SEA"",""flight_number"":""HAT204"",""origin"":""SFO"",""price"":248},{""date"":""2024-05-28"",""destination"":""JFK"",""flight_number"":""HAT100"",""origin"":""SEA"",""price"":259}],""insurance"":""no"",""nonfree_baggages"":0,""origin"":""JFK"",""passengers"":[{""dob"":""1960-11-26"",""first_name"":""Mohamed"",""last_name"":""Silva""},{""dob"":""1986-09-12"",""first_name"":""Raj"",""last_name"":""Sanchez""},{""dob"":""1980-03-27"",""first_name"":""Liam"",""last_name"":""Wilson""}],""payment_methods"":[{""amount"":500,""payment_id"":""certificate_3765853""},{""amount"":198,""payment_id"":""gift_card_8020792""},{""amount"":173,""payment_id"":""gift_card_6136092""}],""total_baggages"":0,""user_id"":""mohamed_silva_9265""}",<MISSING>,extra argument,replace
C2_C1,gpt_oss_120b,airline,23,airline:23,compound,False,False,book_reservation,<CALL>,"book_reservation|{""cabin"":""business"",""destination"":""SFO"",""flight_type"":""round_trip"",""flights"":[{""date"":""2024-05-26"",""destination"":""SFO"",""flight_number"":""HAT023"",""origin"":""JFK"",""price"":364},{""date"":""2024-05-28"",""destination"":""SEA"",""flight_number"":""HAT204"",""origin"":""SFO"",""price"":248},{""date"":""2024-05-28"",""destination"":""JFK"",""flight_number"":""HAT100"",""origin"":""SEA"",""price"":259}],""insurance"":""no"",""nonfree_baggages"":0,""origin"":""JFK"",""passengers"":[{""dob"":""1960-11-26"",""first_name"":""Mohamed"",""last_name"":""Silva""},{""dob"":""1986-09-12"",""first_name"":""Raj"",""last_name"":""Sanchez""},{""dob"":""1980-03-27"",""first_name"":""Liam"",""last_name"":""Wilson""}],""payment_methods"":[{""amount"":500,""payment_id"":""certificate_3765853""},{""amount"":173,""payment_id"":""certificate_9984806""},{""amount"":198,""payment_id"":""gift_card_8020792""}],""total_baggages"":0,""user_id"":""mohamed_silva_9265""}",<MISSING>,extra argument,replace
C2_C1,gpt_oss_120b,airline,23,airline:23,compound,False,False,book_reservation,<CALL>,"book_reservation|{""cabin"":""business"",""destination"":""SFO"",""flight_type"":""round_trip"",""flights"":[{""date"":""2024-05-26"",""destination"":""SFO"",""flight_number"":""HAT023"",""origin"":""JFK"",""price"":364},{""date"":""2024-05-28"",""destination"":""SEA"",""flight_number"":""HAT204"",""origin"":""SFO"",""price"":248},{""date"":""2024-05-28"",""destination"":""JFK"",""flight_number"":""HAT100"",""origin"":""SEA"",""price"":259}],""insurance"":""no"",""nonfree_baggages"":0,""origin"":""JFK"",""passengers"":[{""dob"":""1960-11-26"",""first_name"":""Mohamed"",""last_name"":""Silva""}],""payment_methods"":[{""amount"":500,""payment_id"":""certificate_3765853""},{""amount"":198,""payment_id"":""gift_card_8020792""},{""amount"":129,""payment_id"":""gift_card_6136092""},{""amount"":44,""payment_id"":""credit_card_2198526""}],""total_baggages"":0,""user_id"":""mohamed_silva_9265""}",<MISSING>,extra argument,replace
C2_C1,gpt_oss_120b,airline,23,airline:23,compound,False,False,book_reservation,<CALL>,"book_reservation|{""cabin"":""business"",""destination"":""SFO"",""flight_type"":""round_trip"",""flights"":[{""date"":""2024-05-26"",""destination"":""SFO"",""flight_number"":""HAT023"",""origin"":""JFK"",""price"":364},{""date"":""2024-05-28"",""destination"":""SEA"",""flight_number"":""HAT204"",""origin"":""SFO"",""price"":248},{""date"":""2024-05-28"",""destination"":""JFK"",""flight_number"":""HAT100"",""origin"":""SEA"",""price"":259}],""insurance"":""no"",""nonfree_baggages"":0,""origin"":""JFK"",""passengers"":[{""dob"":""1986-09-12"",""first_name"":""Raj"",""last_name"":""Sanchez""}],""payment_methods"":[{""amount"":250,""payment_id"":""certificate_9984806""},{""amount"":621,""payment_id"":""credit_card_2198526""}],""total_baggages"":0,""user_id"":""mohamed_silva_9265""}",<MISSING>,extra argument,replace
C2_C1,gpt_oss_120b,airline,23,airline:23,compound,False,False,book_reservation,<CALL>,"book_reservation|{""cabin"":""business"",""destination"":""SFO"",""flight_type"":""round_trip"",""flights"":[{""date"":""2024-05-26"",""destination"":""SFO"",""flight_number"":""HAT023"",""origin"":""JFK"",""price"":364},{""date"":""2024-05-28"",""destination"":""SEA"",""flight_number"":""HAT204"",""origin"":""SFO"",""price"":248},{""date"":""2024-05-28"",""destination"":""JFK"",""flight_number"":""HAT100"",""origin"":""SEA"",""price"":259}],""insurance"":""no"",""nonfree_baggages"":0,""origin"":""JFK"",""passengers"":[{""dob"":""1980-03-27"",""first_name"":""Liam"",""last_name"":""Wilson""}],""payment_methods"":[{""amount"":250,""payment_id"":""certificate_2765295""},{""amount"":621,""payment_id"":""credit_card_2198526""}],""total_baggages"":0,""user_id"":""mohamed_silva_9265""}",<MISSING>,extra argument,replace
C2_C1,gpt_oss_120b,airline,23,airline:23,compound,False,False,search_onestop_flight,<CALL>,<MISSING>,"search_onestop_flight|{""date"":""2024-05-28"",""destination"":""JFK"",""origin"":""SFO""}",missing argument,replace
C2_C1,gpt_oss_120b,airline,23,airline:23,compound,False,False,book_reservation,<CALL>,"book_reservation|{""cabin"":""business"",""destination"":""SFO"",""flight_type"":""round_trip"",""flights"":[{""date"":""2024-05-26"",""destination"":""SFO"",""flight_number"":""HAT023"",""origin"":""JFK""},{""date"":""2024-05-28"",""destination"":""SEA"",""flight_number"":""HAT204"",""origin"":""SFO""},{""date"":""2024-05-28"",""destination"":""JFK"",""flight_number"":""HAT100"",""origin"":""SEA""}],""insurance"":""no"",""nonfree_baggages"":0,""origin"":""JFK"",""passengers"":[{""dob"":""1960-11-26"",""first_name"":""Mohamed"",""last_name"":""Silva""}],""payment_methods"":[{""amount"":500.0,""id"":""certificate_3765853"",""type"":""certificate""},{""amount"":198.0,""id"":""gift_card_8020792"",""type"":""gift_card""},{""amount"":129.0,""id"":""gift_card_6136092"",""type"":""gift_card""},{""amount"":44.0,""id"":""credit_card_5843230"",""type"":""credit_card""}],""total_baggages"":0,""user_id"":""mohamed_silva_9265""}",<MISSING>,extra argument,replace
C2_C1,gpt_oss_120b,airline,23,airline:23,compound,False,False,book_reservation,<CALL>,"book_reservation|{""cabin"":""business"",""destination"":""SFO"",""flight_type"":""round_trip"",""flights"":[{""date"":""2024-05-26"",""destination"":""SFO"",""flight_number"":""HAT023"",""origin"":""JFK""},{""date"":""2024-05-28"",""destination"":""SEA"",""flight_number"":""HAT204"",""origin"":""SFO""},{""date"":""2024-05-28"",""destination"":""JFK"",""flight_number"":""HAT100"",""origin"":""SEA""}],""insurance"":""no"",""nonfree_baggages"":0,""origin"":""JFK"",""passengers"":[{""dob"":""1960-11-26"",""first_name"":""Mohamed"",""last_name"":""Silva""}],""payment_methods"":[{""amount"":500.0,""payment_id"":""certificate_3765853""},{""amount"":198.0,""payment_id"":""gift_card_8020792""},{""amount"":129.0,""payment_id"":""gift_card_6136092""},{""amount"":44.0,""payment_id"":""credit_card_5843230""}],""total_baggages"":0,""user_id"":""mohamed_silva_9265""}",<MISSING>,extra argument,replace
C2_C1,gpt_oss_120b,airline,23,airline:23,compound,False,False,book_reservation,<CALL>,"book_reservation|{""cabin"":""business"",""destination"":""SFO"",""flight_type"":""round_trip"",""flights"":[{""date"":""2024-05-26"",""destination"":""SFO"",""flight_number"":""HAT023"",""origin"":""JFK""},{""date"":""2024-05-28"",""destination"":""SEA"",""flight_number"":""HAT204"",""origin"":""SFO""},{""date"":""2024-05-28"",""destination"":""JFK"",""flight_number"":""HAT100"",""origin"":""SEA""}],""insurance"":""no"",""nonfree_baggages"":0,""origin"":""JFK"",""passengers"":[{""dob"":""1986-09-12"",""first_name"":""Raj"",""last_name"":""Sanchez""}],""payment_methods"":[{""amount"":250.0,""payment_id"":""certificate_9984806""},{""amount"":621.0,""payment_id"":""credit_card_5843230""}],""total_baggages"":0,""user_id"":""mohamed_silva_9265""}",<MISSING>,extra argument,replace
C2_C1,gpt_oss_120b,airline,23,airline:23,compound,False,False,book_reservation,<CALL>,"book_reservation|{""cabin"":""business"",""destination"":""SFO"",""flight_type"":""round_trip"",""flights"":[{""date"":""2024-05-26"",""destination"":""SFO"",""flight_number"":""HAT023"",""origin"":""JFK""},{""date"":""2024-05-28"",""destination"":""SEA"",""flight_number"":""HAT204"",""origin"":""SFO""},{""date"":""2024-05-28"",""destination"":""JFK"",""flight_number"":""HAT100"",""origin"":""SEA""}],""insurance"":""no"",""nonfree_baggages"":0,""origin"":""JFK"",""passengers"":[{""dob"":""1980-03-27"",""first_name"":""Liam"",""last_name"":""Wilson""}],""payment_methods"":[{""amount"":250.0,""payment_id"":""certificate_2765295""},{""amount"":621.0,""payment_id"":""credit_card_5843230""}],""total_baggages"":0,""user_id"":""mohamed_silva_9265""}",<MISSING>,extra argument,replace
C2_C1,gpt_oss_120b,airline,23,airline:23,compound,False,False,update_reservation_flights,<CALL>,<MISSING>,"update_reservation_flights|{""cabin"":""business"",""flights"":[{""date"":""2024-05-26"",""destination"":""SFO"",""flight_number"":""HAT023"",""origin"":""JFK"",""price"":364},{""date"":""2024-05-28"",""destination"":""SEA"",""flight_number"":""HAT204"",""origin"":""SFO"",""price"":248},{""date"":""2024-05-28"",""destination"":""JFK"",""flight_number"":""HAT100"",""origin"":""SEA"",""price"":259}],""payment_id"":""certificate_3765853"",""reservation_id"":""K1NW8N""}",missing argument,replace
C2_C1,gpt_oss_120b,airline,23,airline:23,compound,False,False,cancel_reservation,<CALL>,<MISSING>,"cancel_reservation|{""reservation_id"":""K1NW8N""}",missing argument,replace
C1_C1,gpt_oss_120b,airline,23,airline:23,compound,False,False,search_direct_flight,destination,"""JFK""","""SEA""",source/destination,aligned_tool
C1_C1,gpt_oss_120b,airline,23,airline:23,compound,False,False,get_reservation_details,reservation_id,"""92837465""","""9283746""",order/reservation identifier,aligned_tool
C1_C1,gpt_oss_120b,airline,23,airline:23,compound,False,False,get_reservation_details,reservation_id,"""92837465""","""K1NW8N""",order/reservation identifier,aligned_tool
C1_C1,gpt_oss_120b,airline,23,airline:23,compound,False,False,get_reservation_details,<CALL>,"get_reservation_details|{""reservation_id"":""K1NW8N""}",<MISSING>,extra argument,replace
C1_C1,gpt_oss_120b,airline,23,airline:23,compound,False,False,search_direct_flight,<CALL>,<MISSING>,"search_direct_flight|{""date"":""2024-05-26"",""destination"":""SFO"",""origin"":""JFK""}",missing argument,replace
C1_C1,gpt_oss_120b,airline,23,airline:23,compound,False,False,search_direct_flight,date,"""2024-05-26""","""2024-05-28""",date/time,aligned_tool
C1_C1,gpt_oss_120b,airline,23,airline:23,compound,False,False,search_direct_flight,destination,"""SFO""","""JFK""",source/destination,aligned_tool
C1_C1,gpt_oss_120b,airline,23,airline:23,compound,False,False,search_direct_flight,origin,"""JFK""","""SFO""",source/destination,aligned_tool
C1_C1,gpt_oss_120b,airline,23,airline:23,compound,False,False,search_direct_flight,destination,"""JFK""","""SEA""",source/destination,aligned_tool
C1_C1,gpt_oss_120b,airline,23,airline:23,compound,False,False,book_reservation,passengers,"[{""dob"": ""1960-11-26"", ""first_name"": ""Mohamed"", ""last_name"": ""Silva""}, {""dob"": ""1986-09-12"", ""first_name"": ""Raj"", ""last_name"": ""Sanchez""}, {""dob"": ""1980-03-27"", ""first_name"": ""Liam"", ""last_name"": ""Wilson""}]","[{""dob"": ""1960-11-26"", ""first_name"": ""Mohamed"", ""last_name"": ""Silva""}]",entity identifier,aligned_tool
C1_C1,gpt_oss_120b,airline,23,airline:23,compound,False,False,book_reservation,payment_methods,"[{""amount"": 500, ""payment_id"": ""certificate_3765853""}, {""amount"": 198, ""payment_id"": ""gift_card_8020792""}, {""amount"": 129, ""payment_id"": ""gift_card_6136092""}, {""amount"": 44, ""payment_id"": ""credit_card_5843230""}]","[{""amount"": 500, ""payment_id"": ""certificate_3765853""}, {""amount"": 198, ""payment_id"": ""gift_card_8020792""}, {""amount"": 129, ""payment_id"": ""gift_card_6136092""}, {""amount"": 44, ""payment_id"": ""credit_card_2198526""}]",write value,aligned_tool
C1_C1,gpt_oss_120b,airline,23,airline:23,compound,False,False,book_reservation,passengers,"[{""dob"": ""1960-11-26"", ""first_name"": ""Mohamed"", ""last_name"": ""Silva""}, {""dob"": ""1986-09-12"", ""first_name"": ""Raj"", ""last_name"": ""Sanchez""}, {""dob"": ""1980-03-27"", ""first_name"": ""Liam"", ""last_name"": ""Wilson""}]","[{""dob"": ""1986-09-12"", ""first_name"": ""Raj"", ""last_name"": ""Sanchez""}]",entity identifier,aligned_tool
C1_C1,gpt_oss_120b,airline,23,airline:23,compound,False,False,book_reservation,payment_methods,"[{""amount"": 500, ""payment_id"": ""certificate_3765853""}, {""amount"": 198, ""payment_id"": ""gift_card_8020792""}, {""amount"": 129, ""payment_id"": ""gift_card_6136092""}, {""amount"": 1786, ""payment_id"": ""credit_card_5843230""}]","[{""amount"": 250, ""payment_id"": ""certificate_9984806""}, {""amount"": 621, ""payment_id"": ""credit_card_2198526""}]",write value,aligned_tool
C1_C1,gpt_oss_120b,airline,23,airline:23,compound,False,True,get_reservation_details,reservation_id,"""92837465""","""9283746""",order/reservation identifier,aligned_tool
C1_C1,gpt_oss_120b,airline,23,airline:23,compound,False,True,search_direct_flight,destination,"""SEA""","""JFK""",source/destination,aligned_tool
C1_C1,gpt_oss_120b,airline,23,airline:23,compound,False,False,search_direct_flight,destination,"""SEA""","""JFK""",source/destination,aligned_tool
C1_C1,gpt_oss_120b,airline,23,airline:23,compound,False,False,search_direct_flight,destination,"""SEA""","""JFK""",source/destination,aligned_tool
C1_C1,gpt_oss_120b,airline,23,airline:23,compound,False,False,search_direct_flight,destination,"""JFK""","""SEA""",source/destination,aligned_tool
C2_C1,gpt_oss_120b,airline,30,airline:30,single,False,False,update_reservation_flights,<CALL>,"update_reservation_flights|{""cabin"":""economy"",""flights"":[{""date"":""2024-05-19"",""destination"":""IAH"",""flight_number"":""HAT266"",""origin"":""LAS"",""price"":146},{""date"":""2024-05-27"",""destination"":""LAS"",""flight_number"":""HAT112"",""origin"":""IAH"",""price"":184}],""payment_id"":""gift_card_5634230"",""reservation_id"":""1N99U6""}",<MISSING>,extra argument,replace
C2_C1,gpt_oss_120b,airline,30,airline:30,single,False,False,get_user_details,<CALL>,<MISSING>,"get_user_details|{""user_id"":""james_taylor_7043""}",missing argument,replace
C1_C1,gpt_oss_120b,airline,30,airline:30,single,False,False,get_user_details,<CALL>,"get_user_details|{""user_id"":""james_taylor_7043""}",<MISSING>,extra argument,replace
C1_C1,gpt_oss_120b,airline,30,airline:30,single,False,False,search_direct_flight,<CALL>,<MISSING>,"search_direct_flight|{""date"":""2024-05-27"",""destination"":""LAS"",""origin"":""IAH""}",missing argument,replace
C1_C1,gpt_oss_120b,airline,30,airline:30,single,False,False,update_reservation_flights,<CALL>,<MISSING>,"update_reservation_flights|{""cabin"":""economy"",""flights"":[{""date"":""2024-05-19"",""destination"":""IAH"",""flight_number"":""HAT266"",""origin"":""LAS""},{""date"":""2024-05-27"",""destination"":""LAS"",""flight_number"":""HAT112"",""origin"":""IAH""}],""payment_id"":""gift_card_5634230"",""reservation_id"":""1N99U6""}",missing argument,replace
C1_C1,gpt_oss_120b,airline,30,airline:30,single,False,False,search_direct_flight,<CALL>,"search_direct_flight|{""date"":""2024-05-27"",""destination"":""LAS"",""origin"":""IAH""}",<MISSING>,extra argument,replace
C1_C1,gpt_oss_120b,airline,30,airline:30,single,False,False,get_user_details,<CALL>,<MISSING>,"get_user_details|{""user_id"":""james_taylor_7043""}",missing argument,replace
C2_C1,gpt_oss_120b,airline,32,airline:32,compound,False,True,get_reservation_details,reservation_id,"""OWZ4XL""","""6X92M7""",order/reservation identifier,aligned_tool
C2_C1,gpt_oss_120b,airline,32,airline:32,compound,False,True,transfer_to_human_agents,summary,"""User Ivan Rossi (user ID ivan_rossi_8555) wants to modify a basic economy one-way reservation OWZ4XL from EWR on May 21 to return home sooner due to mother's illness. Policy states basic economy flights cannot be modified.""","""User Ivan Rossi (user_id ivan_rossi_8555) wants to change a basic economy one-way reservation OWZ4XL (EWR to LAX on 2024-05-21) to get home sooner due to a sick mother. Basic economy flights cannot be modified per policy, and cancellation is not permitted under current conditions.""",unknown,aligned_tool
C2_C1,gpt_oss_120b,airline,32,airline:32,compound,False,False,search_direct_flight,<CALL>,"search_direct_flight|{""date"":""2024-05-21"",""destination"":""LAX"",""origin"":""EWR""}",<MISSING>,extra argument,replace
C2_C1,gpt_oss_120b,airline,32,airline:32,compound,False,False,book_reservation,<CALL>,"book_reservation|{""cabin"":""economy"",""destination"":""LAX"",""flight_type"":""one_way"",""flights"":[{""date"":""2024-05-21"",""destination"":""LAX"",""flight_number"":""HAT041"",""origin"":""EWR"",""price"":136}],""insurance"":""no"",""nonfree_baggages"":0,""origin"":""EWR"",""passengers"":[{""dob"":""1954-01-14"",""first_name"":""Ivan"",""last_name"":""Rossi""}],""payment_methods"":[{""payment_id"":""credit_card_9659780"",""type"":""credit_card""}],""total_baggages"":0,""user_id"":""ivan_rossi_8555""}",<MISSING>,extra argument,replace
C2_C1,gpt_oss_120b,airline,32,airline:32,compound,False,False,book_reservation,<CALL>,"book_reservation|{""cabin"":""economy"",""destination"":""LAX"",""flight_type"":""one_way"",""flights"":[{""date"":""2024-05-21"",""destination"":""LAX"",""flight_number"":""HAT041"",""origin"":""EWR"",""price"":136}],""insurance"":""no"",""nonfree_baggages"":0,""origin"":""EWR"",""passengers"":[{""dob"":""1954-01-14"",""first_name"":""Ivan"",""last_name"":""Rossi""}],""payment_methods"":[{""amount"":136,""payment_id"":""credit_card_9659780""}],""total_baggages"":0,""user_id"":""ivan_rossi_8555""}",<MISSING>,extra argument,replace
C2_C1,gpt_oss_120b,airline,32,airline:32,compound,False,False,transfer_to_human_agents,<CALL>,<MISSING>,"transfer_to_human_agents|{""summary"":""User Ivan Rossi (user ID ivan_rossi_8555) wants to change a basic economy reservation (ID OWZ4XL) to a nonstop flight on the same day. Basic economy reservations cannot be modified per policy.""}",missing argument,replace
C2_C1,gpt_oss_120b,airline,32,airline:32,compound,False,False,transfer_to_human_agents,<CALL>,"transfer_to_human_agents|{""summary"":""User ivan_rossi_8555 wants to change a basic economy one-way reservation OWZ4XL (EWR to LAX via MIA on 2024-05-21) to an earlier flight due to mother's illness. Basic economy cannot be modified, and cancellation conditions are not met. Need human assistance.""}",<MISSING>,extra argument,replace
C2_C1,gpt_oss_120b,airline,32,airline:32,compound,False,False,search_direct_flight,<CALL>,<MISSING>,"search_direct_flight|{""date"":""2024-05-21"",""destination"":""MIA"",""origin"":""EWR""}",missing argument,replace
C2_C1,gpt_oss_120b,airline,32,airline:32,compound,False,False,search_direct_flight,<CALL>,<MISSING>,"search_direct_flight|{""date"":""2024-05-21"",""destination"":""LAX"",""origin"":""MIA""}",missing argument,replace
C2_C1,gpt_oss_120b,airline,32,airline:32,compound,False,False,update_reservation_flights,<CALL>,<MISSING>,"update_reservation_flights|{""cabin"":""economy"",""flights"":[{""date"":""2024-05-21"",""destination"":""MIA"",""flight_number"":""HAT202"",""origin"":""EWR""},{""date"":""2024-05-21"",""destination"":""LAX"",""flight_number"":""HAT232"",""origin"":""MIA""}],""payment_id"":""gift_card_9823297"",""reservation_id"":""OWZ4XL""}",missing argument,replace
C2_C1,gpt_oss_120b,airline,32,airline:32,compound,False,False,update_reservation_flights,<CALL>,<MISSING>,"update_reservation_flights|{""cabin"":""economy"",""flights"":[{""date"":""2024-05-21"",""destination"":""MIA"",""flight_number"":""HAT202"",""origin"":""EWR""},{""date"":""2024-05-21"",""destination"":""LAX"",""flight_number"":""HAT232"",""origin"":""MIA""}],""payment_id"":""gift_card_7344518"",""reservation_id"":""OWZ4XL""}",missing argument,replace
C2_C1,gpt_oss_120b,airline,32,airline:32,compound,False,False,update_reservation_flights,<CALL>,<MISSING>,"update_reservation_flights|{""cabin"":""economy"",""flights"":[{""date"":""2024-05-21"",""destination"":""MIA"",""flight_number"":""HAT202"",""origin"":""EWR""},{""date"":""2024-05-21"",""destination"":""LAX"",""flight_number"":""HAT232"",""origin"":""MIA""}],""payment_id"":""credit_card_9659780"",""reservation_id"":""OWZ4XL""}",missing argument,replace
C2_C1,gpt_oss_120b,airline,32,airline:32,compound,False,False,search_direct_flight,<CALL>,<MISSING>,"search_direct_flight|{""date"":""2024-05-21"",""destination"":""LAX"",""origin"":""EWR""}",missing argument,replace
C2_C1,gpt_oss_120b,airline,32,airline:32,compound,False,True,transfer_to_human_agents,summary,"""User ivan_rossi_8555 wants to change a basic economy one-way reservation OWZ4XL (EWR to LAX via MIA on 2024-05-21) to an earlier flight due to mother's illness. Basic economy cannot be modified, and cancellation conditions are not met. Need human assistance.""","""User Ivan Rossi (user ID ivan_rossi_8555) wants to change a basic economy reservation (OWZ4XL) from a connecting flight (EWR-MIA-LAX) on 2024-05-21 to a nonstop flight on the same day. Basic economy flights cannot be modified per policy, and cancellation is not permitted under the rules. Need human assistance.""",unknown,aligned_tool
C2_C1,gpt_oss_120b,airline,32,airline:32,compound,False,True,transfer_to_human_agents,summary,"""User ivan_rossi_8555 wants to change a basic economy one-way reservation OWZ4XL (EWR to LAX via MIA on 2024-05-21) to an earlier flight due to mother's illness. Basic economy cannot be modified, and cancellation conditions are not met. Need human assistance.""","""User Ivan Rossi (user ID ivan_rossi_8555) wants to change a basic economy reservation (OWZ4XL) from a connecting flight (EWR-MIA-LAX) on 2024-05-21 to a nonstop flight on the same day. Basic economy flights cannot be modified per policy, and cancellation is not permitted under the rules. Need human assistance.""",unknown,aligned_tool
C1_C1,gpt_oss_120b,airline,32,airline:32,compound,False,True,get_reservation_details,reservation_id,"""6X92M7""","""OWZ4XL""",order/reservation identifier,aligned_tool
C1_C1,gpt_oss_120b,airline,32,airline:32,compound,False,True,transfer_to_human_agents,summary,"""User Ivan Rossi (user_id ivan_rossi_8555) wants to change a basic economy one-way reservation OWZ4XL (EWR to LAX on 2024-05-21) to get home sooner due to a sick mother. Basic economy flights cannot be modified per policy, and cancellation is not permitted under current conditions.""","""User Ivan Rossi (user ID ivan_rossi_8555) wants to change a basic economy reservation (ID OWZ4XL) to a nonstop flight on the same day. Basic economy reservations cannot be modified per policy.""",unknown,aligned_tool
C1_C1,gpt_oss_120b,airline,32,airline:32,compound,False,False,get_reservation_details,reservation_id,"""6X92M7""","""OWZ4XL""",order/reservation identifier,aligned_tool
C1_C1,gpt_oss_120b,airline,32,airline:32,compound,False,False,get_reservation_details,<CALL>,"get_reservation_details|{""reservation_id"":""OWZ4XL""}",<MISSING>,extra argument,replace
C1_C1,gpt_oss_120b,airline,32,airline:32,compound,False,False,transfer_to_human_agents,<CALL>,"transfer_to_human_agents|{""summary"":""User Ivan Rossi (user_id ivan_rossi_8555) wants to change a basic economy one-way reservation OWZ4XL (EWR to LAX on 2024-05-21) to get home sooner due to a sick mother. Basic economy flights cannot be modified per policy, and cancellation is not permitted under current conditions.""}",<MISSING>,extra argument,replace
C1_C1,gpt_oss_120b,airline,32,airline:32,compound,False,False,search_direct_flight,<CALL>,<MISSING>,"search_direct_flight|{""date"":""2024-05-21"",""destination"":""MIA"",""origin"":""EWR""}",missing argument,replace
C1_C1,gpt_oss_120b,airline,32,airline:32,compound,False,False,search_direct_flight,<CALL>,<MISSING>,"search_direct_flight|{""date"":""2024-05-21"",""destination"":""LAX"",""origin"":""MIA""}",missing argument,replace
C1_C1,gpt_oss_120b,airline,32,airline:32,compound,False,False,update_reservation_flights,<CALL>,<MISSING>,"update_reservation_flights|{""cabin"":""economy"",""flights"":[{""date"":""2024-05-21"",""destination"":""MIA"",""flight_number"":""HAT202"",""origin"":""EWR""},{""date"":""2024-05-21"",""destination"":""LAX"",""flight_number"":""HAT232"",""origin"":""MIA""}],""payment_id"":""gift_card_9823297"",""reservation_id"":""OWZ4XL""}",missing argument,replace
C1_C1,gpt_oss_120b,airline,32,airline:32,compound,False,False,update_reservation_flights,<CALL>,<MISSING>,"update_reservation_flights|{""cabin"":""economy"",""flights"":[{""date"":""2024-05-21"",""destination"":""MIA"",""flight_number"":""HAT202"",""origin"":""EWR""},{""date"":""2024-05-21"",""destination"":""LAX"",""flight_number"":""HAT232"",""origin"":""MIA""}],""payment_id"":""gift_card_7344518"",""reservation_id"":""OWZ4XL""}",missing argument,replace
C1_C1,gpt_oss_120b,airline,32,airline:32,compound,False,False,update_reservation_flights,<CALL>,<MISSING>,"update_reservation_flights|{""cabin"":""economy"",""flights"":[{""date"":""2024-05-21"",""destination"":""MIA"",""flight_number"":""HAT202"",""origin"":""EWR""},{""date"":""2024-05-21"",""destination"":""LAX"",""flight_number"":""HAT232"",""origin"":""MIA""}],""payment_id"":""credit_card_9659780"",""reservation_id"":""OWZ4XL""}",missing argument,replace
C1_C1,gpt_oss_120b,airline,32,airline:32,compound,False,False,search_direct_flight,<CALL>,<MISSING>,"search_direct_flight|{""date"":""2024-05-21"",""destination"":""LAX"",""origin"":""EWR""}",missing argument,replace
C1_C1,gpt_oss_120b,airline,32,airline:32,compound,False,True,get_reservation_details,reservation_id,"""6X92M7""","""OWZ4XL""",order/reservation identifier,aligned_tool
C1_C1,gpt_oss_120b,airline,32,airline:32,compound,False,True,transfer_to_human_agents,summary,"""User Ivan Rossi (user_id ivan_rossi_8555) wants to change a basic economy one-way reservation OWZ4XL (EWR to LAX on 2024-05-21) to get home sooner due to a sick mother. Basic economy flights cannot be modified per policy, and cancellation is not permitted under current conditions.""","""User Ivan Rossi (user ID ivan_rossi_8555) wants to change a basic economy reservation (OWZ4XL) from a connecting flight (EWR-MIA-LAX) on 2024-05-21 to a nonstop flight on the same day. Basic economy flights cannot be modified per policy, and cancellation is not permitted under the rules. Need human assistance.""",unknown,aligned_tool
C1_C1,gpt_oss_120b,airline,32,airline:32,compound,False,True,get_reservation_details,reservation_id,"""6X92M7""","""OWZ4XL""",order/reservation identifier,aligned_tool
C1_C1,gpt_oss_120b,airline,32,airline:32,compound,False,True,transfer_to_human_agents,summary,"""User Ivan Rossi (user_id ivan_rossi_8555) wants to change a basic economy one-way reservation OWZ4XL (EWR to LAX on 2024-05-21) to get home sooner due to a sick mother. Basic economy flights cannot be modified per policy, and cancellation is not permitted under current conditions.""","""User Ivan Rossi (user ID ivan_rossi_8555) wants to change a basic economy reservation (OWZ4XL) from a connecting flight (EWR-MIA-LAX) on 2024-05-21 to a nonstop flight on the same day. Basic economy flights cannot be modified per policy, and cancellation is not permitted under the rules. Need human assistance.""",unknown,aligned_tool
C1_C1,gpt_oss_120b,airline,32,airline:32,compound,False,False,transfer_to_human_agents,<CALL>,"transfer_to_human_agents|{""summary"":""User Ivan Rossi (user ID ivan_rossi_8555) wants to change a basic economy reservation (ID OWZ4XL) to a nonstop flight on the same day. Basic economy reservations cannot be modified per policy.""}",<MISSING>,extra argument,replace
C1_C1,gpt_oss_120b,airline,32,airline:32,compound,False,False,search_direct_flight,<CALL>,<MISSING>,"search_direct_flight|{""date"":""2024-05-21"",""destination"":""MIA"",""origin"":""EWR""}",missing argument,replace
C1_C1,gpt_oss_120b,airline,32,airline:32,compound,False,False,search_direct_flight,<CALL>,<MISSING>,"search_direct_flight|{""date"":""2024-05-21"",""destination"":""LAX"",""origin"":""MIA""}",missing argument,replace
C1_C1,gpt_oss_120b,airline,32,airline:32,compound,False,False,update_reservation_flights,<CALL>,<MISSING>,"update_reservation_flights|{""cabin"":""economy"",""flights"":[{""date"":""2024-05-21"",""destination"":""MIA"",""flight_number"":""HAT202"",""origin"":""EWR""},{""date"":""2024-05-21"",""destination"":""LAX"",""flight_number"":""HAT232"",""origin"":""MIA""}],""payment_id"":""gift_card_9823297"",""reservation_id"":""OWZ4XL""}",missing argument,replace
C1_C1,gpt_oss_120b,airline,32,airline:32,compound,False,False,update_reservation_flights,<CALL>,<MISSING>,"update_reservation_flights|{""cabin"":""economy"",""flights"":[{""date"":""2024-05-21"",""destination"":""MIA"",""flight_number"":""HAT202"",""origin"":""EWR""},{""date"":""2024-05-21"",""destination"":""LAX"",""flight_number"":""HAT232"",""origin"":""MIA""}],""payment_id"":""gift_card_7344518"",""reservation_id"":""OWZ4XL""}",missing argument,replace
C1_C1,gpt_oss_120b,airline,32,airline:32,compound,False,False,update_reservation_flights,<CALL>,<MISSING>,"update_reservation_flights|{""cabin"":""economy"",""flights"":[{""date"":""2024-05-21"",""destination"":""MIA"",""flight_number"":""HAT202"",""origin"":""EWR""},{""date"":""2024-05-21"",""destination"":""LAX"",""flight_number"":""HAT232"",""origin"":""MIA""}],""payment_id"":""credit_card_9659780"",""reservation_id"":""OWZ4XL""}",missing argument,replace
C1_C1,gpt_oss_120b,airline,32,airline:32,compound,False,False,search_direct_flight,<CALL>,<MISSING>,"search_direct_flight|{""date"":""2024-05-21"",""destination"":""LAX"",""origin"":""EWR""}",missing argument,replace
C1_C1,gpt_oss_120b,airline,32,airline:32,compound,False,True,transfer_to_human_agents,summary,"""User Ivan Rossi (user ID ivan_rossi_8555) wants to change a basic economy reservation (ID OWZ4XL) to a nonstop flight on the same day. Basic economy reservations cannot be modified per policy.""","""User Ivan Rossi (user ID ivan_rossi_8555) wants to change a basic economy reservation (OWZ4XL) from a connecting flight (EWR-MIA-LAX) on 2024-05-21 to a nonstop flight on the same day. Basic economy flights cannot be modified per policy, and cancellation is not permitted under the rules. Need human assistance.""",unknown,aligned_tool
C1_C1,gpt_oss_120b,airline,32,airline:32,compound,False,True,transfer_to_human_agents,summary,"""User Ivan Rossi (user ID ivan_rossi_8555) wants to change a basic economy reservation (ID OWZ4XL) to a nonstop flight on the same day. Basic economy reservations cannot be modified per policy.""","""User Ivan Rossi (user ID ivan_rossi_8555) wants to change a basic economy reservation (OWZ4XL) from a connecting flight (EWR-MIA-LAX) on 2024-05-21 to a nonstop flight on the same day. Basic economy flights cannot be modified per policy, and cancellation is not permitted under the rules. Need human assistance.""",unknown,aligned_tool
C1_C1,gpt_oss_120b,airline,32,airline:32,compound,False,False,search_direct_flight,<CALL>,"search_direct_flight|{""date"":""2024-05-21"",""destination"":""MIA"",""origin"":""EWR""}",<MISSING>,extra argument,replace
C1_C1,gpt_oss_120b,airline,32,airline:32,compound,False,False,search_direct_flight,<CALL>,"search_direct_flight|{""date"":""2024-05-21"",""destination"":""LAX"",""origin"":""MIA""}",<MISSING>,extra argument,replace
C1_C1,gpt_oss_120b,airline,32,airline:32,compound,False,False,update_reservation_flights,<CALL>,"update_reservation_flights|{""cabin"":""economy"",""flights"":[{""date"":""2024-05-21"",""destination"":""MIA"",""flight_number"":""HAT202"",""origin"":""EWR""},{""date"":""2024-05-21"",""destination"":""LAX"",""flight_number"":""HAT232"",""origin"":""MIA""}],""payment_id"":""gift_card_9823297"",""reservation_id"":""OWZ4XL""}",<MISSING>,extra argument,replace
C1_C1,gpt_oss_120b,airline,32,airline:32,compound,False,False,update_reservation_flights,<CALL>,"update_reservation_flights|{""cabin"":""economy"",""flights"":[{""date"":""2024-05-21"",""destination"":""MIA"",""flight_number"":""HAT202"",""origin"":""EWR""},{""date"":""2024-05-21"",""destination"":""LAX"",""flight_number"":""HAT232"",""origin"":""MIA""}],""payment_id"":""gift_card_7344518"",""reservation_id"":""OWZ4XL""}",<MISSING>,extra argument,replace
C1_C1,gpt_oss_120b,airline,32,airline:32,compound,False,False,update_reservation_flights,<CALL>,"update_reservation_flights|{""cabin"":""economy"",""flights"":[{""date"":""2024-05-21"",""destination"":""MIA"",""flight_number"":""HAT202"",""origin"":""EWR""},{""date"":""2024-05-21"",""destination"":""LAX"",""flight_number"":""HAT232"",""origin"":""MIA""}],""payment_id"":""credit_card_9659780"",""reservation_id"":""OWZ4XL""}",<MISSING>,extra argument,replace
C1_C1,gpt_oss_120b,airline,32,airline:32,compound,False,False,search_direct_flight,<CALL>,"search_direct_flight|{""date"":""2024-05-21"",""destination"":""LAX"",""origin"":""EWR""}",<MISSING>,extra argument,replace
C1_C1,gpt_oss_120b,airline,32,airline:32,compound,False,False,transfer_to_human_agents,<CALL>,<MISSING>,"transfer_to_human_agents|{""summary"":""User Ivan Rossi (user ID ivan_rossi_8555) wants to change a basic economy reservation (OWZ4XL) from a connecting flight (EWR-MIA-LAX) on 2024-05-21 to a nonstop flight on the same day. Basic economy flights cannot be modified per policy, and cancellation is not permitted under the rules. Need human assistance.""}",missing argument,replace
C1_C1,gpt_oss_120b,airline,32,airline:32,compound,False,False,search_direct_flight,<CALL>,"search_direct_flight|{""date"":""2024-05-21"",""destination"":""MIA"",""origin"":""EWR""}",<MISSING>,extra argument,replace
C1_C1,gpt_oss_120b,airline,32,airline:32,compound,False,False,search_direct_flight,<CALL>,"search_direct_flight|{""date"":""2024-05-21"",""destination"":""LAX"",""origin"":""MIA""}",<MISSING>,extra argument,replace
C1_C1,gpt_oss_120b,airline,32,airline:32,compound,False,False,update_reservation_flights,<CALL>,"update_reservation_flights|{""cabin"":""economy"",""flights"":[{""date"":""2024-05-21"",""destination"":""MIA"",""flight_number"":""HAT202"",""origin"":""EWR""},{""date"":""2024-05-21"",""destination"":""LAX"",""flight_number"":""HAT232"",""origin"":""MIA""}],""payment_id"":""gift_card_9823297"",""reservation_id"":""OWZ4XL""}",<MISSING>,extra argument,replace
C1_C1,gpt_oss_120b,airline,32,airline:32,compound,False,False,update_reservation_flights,<CALL>,"update_reservation_flights|{""cabin"":""economy"",""flights"":[{""date"":""2024-05-21"",""destination"":""MIA"",""flight_number"":""HAT202"",""origin"":""EWR""},{""date"":""2024-05-21"",""destination"":""LAX"",""flight_number"":""HAT232"",""origin"":""MIA""}],""payment_id"":""gift_card_7344518"",""reservation_id"":""OWZ4XL""}",<MISSING>,extra argument,replace
C1_C1,gpt_oss_120b,airline,32,airline:32,compound,False,False,update_reservation_flights,<CALL>,"update_reservation_flights|{""cabin"":""economy"",""flights"":[{""date"":""2024-05-21"",""destination"":""MIA"",""flight_number"":""HAT202"",""origin"":""EWR""},{""date"":""2024-05-21"",""destination"":""LAX"",""flight_number"":""HAT232"",""origin"":""MIA""}],""payment_id"":""credit_card_9659780"",""reservation_id"":""OWZ4XL""}",<MISSING>,extra argument,replace
C1_C1,gpt_oss_120b,airline,32,airline:32,compound,False,False,search_direct_flight,<CALL>,"search_direct_flight|{""date"":""2024-05-21"",""destination"":""LAX"",""origin"":""EWR""}",<MISSING>,extra argument,replace
C1_C1,gpt_oss_120b,airline,32,airline:32,compound,False,False,transfer_to_human_agents,<CALL>,<MISSING>,"transfer_to_human_agents|{""summary"":""User Ivan Rossi (user ID ivan_rossi_8555) wants to change a basic economy reservation (OWZ4XL) from a connecting flight (EWR-MIA-LAX) on 2024-05-21 to a nonstop flight on the same day. Basic economy flights cannot be modified per policy, and cancellation is not permitted under the rules. Need human assistance.""}",missing argument,replace
C2_C1,gpt_oss_120b,airline,33,airline:33,compound,False,False,update_reservation_flights,flights,"[{""date"": ""2024-05-19"", ""destination"": ""SFO"", ""flight_number"": ""HAT180"", ""origin"": ""IAH"", ""price"": 130}, {""date"": ""2024-05-23"", ""destination"": ""IAH"", ""flight_number"": ""HAT278"", ""origin"": ""SFO"", ""price"": 187}]","[{""date"": ""2024-05-19"", ""destination"": ""SFO"", ""flight_number"": ""HAT180"", ""origin"": ""IAH"", ""price"": 130}, {""date"": ""2024-05-18"", ""destination"": ""SFO"", ""flight_number"": ""HAT023"", ""origin"": ""JFK"", ""price"": 146}, {""date"": ""2024-05-23"", ""destination"": ""IAH"", ""flight_number"": ""HAT278"", ""origin"": ""SFO"", ""price"": 187}]",unknown,aligned_tool
C2_C1,gpt_oss_120b,airline,33,airline:33,compound,False,False,update_reservation_flights,flights,"[{""date"": ""2024-05-19"", ""destination"": ""SFO"", ""flight_number"": ""HAT072"", ""origin"": ""IAH"", ""price"": 130}, {""date"": ""2024-05-23"", ""destination"": ""IAH"", ""flight_number"": ""HAT082"", ""origin"": ""SFO"", ""price"": 164}]","[{""date"": ""2024-05-19"", ""destination"": ""SFO"", ""flight_number"": ""HAT180"", ""origin"": ""IAH""}, {""date"": ""2024-05-23"", ""destination"": ""IAH"", ""flight_number"": ""HAT278"", ""origin"": ""SFO""}]",unknown,aligned_tool
C2_C1,gpt_oss_120b,airline,33,airline:33,compound,False,False,update_reservation_baggages,<CALL>,"update_reservation_baggages|{""nonfree_baggages"":0,""payment_id"":""gift_card_6941833"",""reservation_id"":""HXDUBJ"",""total_baggages"":2}",<MISSING>,extra argument,replace
C2_C1,gpt_oss_120b,airline,33,airline:33,compound,False,False,update_reservation_flights,<CALL>,<MISSING>,"update_reservation_flights|{""cabin"":""business"",""flights"":[{""date"":""2024-05-19"",""destination"":""SFO"",""flight_number"":""HAT072"",""origin"":""IAH"",""price"":282},{""date"":""2024-05-23"",""destination"":""IAH"",""flight_number"":""HAT278"",""origin"":""SFO"",""price"":187}],""payment_id"":""gift_card_1646646"",""reservation_id"":""HXDUBJ""}",missing argument,replace
C2_C1,gpt_oss_120b,airline,33,airline:33,compound,False,False,update_reservation_flights,flights,"[{""date"": ""2024-05-19"", ""destination"": ""SFO"", ""flight_number"": ""HAT072"", ""origin"": ""IAH""}, {""date"": ""2024-05-23"", ""destination"": ""IAH"", ""flight_number"": ""HAT082"", ""origin"": ""SFO""}]","[{""date"": ""2024-05-19"", ""destination"": ""SFO"", ""flight_number"": ""HAT180"", ""origin"": ""IAH""}, {""date"": ""2024-05-23"", ""destination"": ""IAH"", ""flight_number"": ""HAT278"", ""origin"": ""SFO""}]",unknown,aligned_tool
C2_C1,gpt_oss_120b,airline,33,airline:33,compound,False,False,update_reservation_flights,flights,"[{""date"": ""2024-05-19"", ""destination"": ""SFO"", ""flight_number"": ""HAT072"", ""origin"": ""IAH""}, {""date"": ""2024-05-23"", ""destination"": ""IAH"", ""flight_number"": ""HAT082"", ""origin"": ""SFO""}]","[{""date"": ""2024-05-19"", ""destination"": ""SFO"", ""flight_number"": ""HAT180"", ""origin"": ""IAH""}, {""date"": ""2024-05-23"", ""destination"": ""IAH"", ""flight_number"": ""HAT278"", ""origin"": ""SFO""}]",unknown,aligned_tool
C1_C1,gpt_oss_120b,airline,33,airline:33,compound,False,False,update_reservation_flights,flights,"[{""date"": ""2024-05-19"", ""destination"": ""SFO"", ""flight_number"": ""HAT072"", ""origin"": ""IAH""}, {""date"": ""2024-05-23"", ""destination"": ""IAH"", ""flight_number"": ""HAT082"", ""origin"": ""SFO""}]","[{""date"": ""2024-05-19"", ""destination"": ""SFO"", ""flight_number"": ""HAT180"", ""origin"": ""IAH"", ""price"": 130}, {""date"": ""2024-05-18"", ""destination"": ""SFO"", ""flight_number"": ""HAT023"", ""origin"": ""JFK"", ""price"": 146}, {""date"": ""2024-05-23"", ""destination"": ""IAH"", ""flight_number"": ""HAT278"", ""origin"": ""SFO"", ""price"": 187}]",unknown,aligned_tool
C1_C1,gpt_oss_120b,airline,33,airline:33,compound,False,False,update_reservation_baggages,<CALL>,"update_reservation_baggages|{""nonfree_baggages"":0,""payment_id"":""gift_card_6941833"",""reservation_id"":""HXDUBJ"",""total_baggages"":2}",<MISSING>,extra argument,replace
C1_C1,gpt_oss_120b,airline,33,airline:33,compound,False,False,search_direct_flight,<CALL>,<MISSING>,"search_direct_flight|{""date"":""2024-05-19"",""destination"":""SFO"",""origin"":""IAH""}",missing argument,replace
C1_C1,gpt_oss_120b,airline,33,airline:33,compound,False,False,update_reservation_flights,flights,"[{""date"": ""2024-05-19"", ""destination"": ""SFO"", ""flight_number"": ""HAT072"", ""origin"": ""IAH""}, {""date"": ""2024-05-23"", ""destination"": ""IAH"", ""flight_number"": ""HAT082"", ""origin"": ""SFO""}]","[{""date"": ""2024-05-19"", ""destination"": ""SFO"", ""flight_number"": ""HAT180"", ""origin"": ""IAH""}, {""date"": ""2024-05-23"", ""destination"": ""IAH"", ""flight_number"": ""HAT278"", ""origin"": ""SFO""}]",unknown,aligned_tool
C1_C1,gpt_oss_120b,airline,33,airline:33,compound,False,False,update_reservation_baggages,<CALL>,"update_reservation_baggages|{""nonfree_baggages"":0,""payment_id"":""gift_card_6941833"",""reservation_id"":""HXDUBJ"",""total_baggages"":2}",<MISSING>,extra argument,replace
C1_C1,gpt_oss_120b,airline,33,airline:33,compound,False,False,update_reservation_flights,<CALL>,<MISSING>,"update_reservation_flights|{""cabin"":""business"",""flights"":[{""date"":""2024-05-19"",""destination"":""SFO"",""flight_number"":""HAT072"",""origin"":""IAH"",""price"":282},{""date"":""2024-05-23"",""destination"":""IAH"",""flight_number"":""HAT278"",""origin"":""SFO"",""price"":187}],""payment_id"":""gift_card_1646646"",""reservation_id"":""HXDUBJ""}",missing argument,replace
C1_C1,gpt_oss_120b,airline,33,airline:33,compound,False,False,update_reservation_flights,flights,"[{""date"": ""2024-05-19"", ""destination"": ""SFO"", ""flight_number"": ""HAT072"", ""origin"": ""IAH""}, {""date"": ""2024-05-23"", ""destination"": ""IAH"", ""flight_number"": ""HAT082"", ""origin"": ""SFO""}]","[{""date"": ""2024-05-19"", ""destination"": ""SFO"", ""flight_number"": ""HAT180"", ""origin"": ""IAH""}, {""date"": ""2024-05-23"", ""destination"": ""IAH"", ""flight_number"": ""HAT278"", ""origin"": ""SFO""}]",unknown,aligned_tool
C1_C1,gpt_oss_120b,airline,33,airline:33,compound,False,False,update_reservation_flights,flights,"[{""date"": ""2024-05-19"", ""destination"": ""SFO"", ""flight_number"": ""HAT072"", ""origin"": ""IAH""}, {""date"": ""2024-05-23"", ""destination"": ""IAH"", ""flight_number"": ""HAT082"", ""origin"": ""SFO""}]","[{""date"": ""2024-05-19"", ""destination"": ""SFO"", ""flight_number"": ""HAT180"", ""origin"": ""IAH""}, {""date"": ""2024-05-23"", ""destination"": ""IAH"", ""flight_number"": ""HAT278"", ""origin"": ""SFO""}]",unknown,aligned_tool
C1_C1,gpt_oss_120b,airline,33,airline:33,compound,False,False,update_reservation_flights,flights,"[{""date"": ""2024-05-19"", ""destination"": ""SFO"", ""flight_number"": ""HAT180"", ""origin"": ""IAH"", ""price"": 130}, {""date"": ""2024-05-18"", ""destination"": ""SFO"", ""flight_number"": ""HAT023"", ""origin"": ""JFK"", ""price"": 146}, {""date"": ""2024-05-23"", ""destination"": ""IAH"", ""flight_number"": ""HAT278"", ""origin"": ""SFO"", ""price"": 187}]","[{""date"": ""2024-05-19"", ""destination"": ""SFO"", ""flight_number"": ""HAT180"", ""origin"": ""IAH""}, {""date"": ""2024-05-23"", ""destination"": ""IAH"", ""flight_number"": ""HAT278"", ""origin"": ""SFO""}]",unknown,aligned_tool
C1_C1,gpt_oss_120b,airline,33,airline:33,compound,False,False,search_direct_flight,<CALL>,"search_direct_flight|{""date"":""2024-05-19"",""destination"":""SFO"",""origin"":""IAH""}",<MISSING>,extra argument,replace
C1_C1,gpt_oss_120b,airline,33,airline:33,compound,False,False,update_reservation_flights,<CALL>,<MISSING>,"update_reservation_flights|{""cabin"":""business"",""flights"":[{""date"":""2024-05-19"",""destination"":""SFO"",""flight_number"":""HAT072"",""origin"":""IAH"",""price"":282},{""date"":""2024-05-23"",""destination"":""IAH"",""flight_number"":""HAT278"",""origin"":""SFO"",""price"":187}],""payment_id"":""gift_card_1646646"",""reservation_id"":""HXDUBJ""}",missing argument,replace
C1_C1,gpt_oss_120b,airline,33,airline:33,compound,False,False,update_reservation_flights,flights,"[{""date"": ""2024-05-19"", ""destination"": ""SFO"", ""flight_number"": ""HAT180"", ""origin"": ""IAH"", ""price"": 130}, {""date"": ""2024-05-18"", ""destination"": ""SFO"", ""flight_number"": ""HAT023"", ""origin"": ""JFK"", ""price"": 146}, {""date"": ""2024-05-23"", ""destination"": ""IAH"", ""flight_number"": ""HAT278"", ""origin"": ""SFO"", ""price"": 187}]","[{""date"": ""2024-05-19"", ""destination"": ""SFO"", ""flight_number"": ""HAT180"", ""origin"": ""IAH""}, {""date"": ""2024-05-23"", ""destination"": ""IAH"", ""flight_number"": ""HAT278"", ""origin"": ""SFO""}]",unknown,aligned_tool
C1_C1,gpt_oss_120b,airline,33,airline:33,compound,False,False,update_reservation_flights,flights,"[{""date"": ""2024-05-19"", ""destination"": ""SFO"", ""flight_number"": ""HAT180"", ""origin"": ""IAH"", ""price"": 130}, {""date"": ""2024-05-18"", ""destination"": ""SFO"", ""flight_number"": ""HAT023"", ""origin"": ""JFK"", ""price"": 146}, {""date"": ""2024-05-23"", ""destination"": ""IAH"", ""flight_number"": ""HAT278"", ""origin"": ""SFO"", ""price"": 187}]","[{""date"": ""2024-05-19"", ""destination"": ""SFO"", ""flight_number"": ""HAT180"", ""origin"": ""IAH""}, {""date"": ""2024-05-23"", ""destination"": ""IAH"", ""flight_number"": ""HAT278"", ""origin"": ""SFO""}]",unknown,aligned_tool
C2_C1,gpt_oss_120b,airline,37,airline:37,single,False,False,get_reservation_details,reservation_id,"""NQNU5R""","""M20IZO""",order/reservation identifier,aligned_tool
C2_C1,gpt_oss_120b,airline,37,airline:37,single,False,False,get_reservation_details,reservation_id,"""M20IZO""","""NQNU5R""",order/reservation identifier,aligned_tool
C2_C1,gpt_oss_120b,airline,37,airline:37,single,False,False,search_direct_flight,<CALL>,"search_direct_flight|{""date"":""2024-05-22"",""destination"":""ATL"",""origin"":""JFK""}",<MISSING>,extra argument,replace
C2_C1,gpt_oss_120b,airline,37,airline:37,single,False,False,search_direct_flight,<CALL>,"search_direct_flight|{""date"":""2024-05-22"",""destination"":""MCO"",""origin"":""ATL""}",<MISSING>,extra argument,replace
C2_C1,gpt_oss_120b,airline,37,airline:37,single,False,False,update_reservation_flights,<CALL>,<MISSING>,"update_reservation_flights|{""cabin"":""business"",""flights"":[{""date"":""2024-05-22"",""destination"":""ATL"",""flight_number"":""HAT268"",""origin"":""JFK""},{""date"":""2024-05-22"",""destination"":""MCO"",""flight_number"":""HAT010"",""origin"":""ATL""}],""payment_id"":""credit_card_4959530"",""reservation_id"":""M20IZO""}",missing argument,replace
C2_C1,gpt_oss_120b,airline,37,airline:37,single,False,True,get_reservation_details,reservation_id,"""NQNU5R""","""M20IZO""",order/reservation identifier,aligned_tool
C2_C1,gpt_oss_120b,airline,37,airline:37,single,False,True,get_reservation_details,reservation_id,"""M20IZO""","""NQNU5R""",order/reservation identifier,aligned_tool
C2_C1,gpt_oss_120b,airline,37,airline:37,single,False,False,get_reservation_details,reservation_id,"""NQNU5R""","""M20IZO""",order/reservation identifier,aligned_tool
C2_C1,gpt_oss_120b,airline,37,airline:37,single,False,False,get_reservation_details,reservation_id,"""M20IZO""","""NQNU5R""",order/reservation identifier,aligned_tool
C1_C1,gpt_oss_120b,airline,37,airline:37,single,False,False,get_reservation_details,reservation_id,"""NQNU5R""","""M20IZO""",order/reservation identifier,aligned_tool
C1_C1,gpt_oss_120b,airline,37,airline:37,single,False,False,get_reservation_details,reservation_id,"""M20IZO""","""NQNU5R""",order/reservation identifier,aligned_tool
C1_C1,gpt_oss_120b,airline,37,airline:37,single,False,False,search_direct_flight,<CALL>,"search_direct_flight|{""date"":""2024-05-22"",""destination"":""ATL"",""origin"":""JFK""}",<MISSING>,extra argument,replace
C1_C1,gpt_oss_120b,airline,37,airline:37,single,False,False,search_direct_flight,<CALL>,"search_direct_flight|{""date"":""2024-05-22"",""destination"":""MCO"",""origin"":""ATL""}",<MISSING>,extra argument,replace
C1_C1,gpt_oss_120b,airline,37,airline:37,single,False,False,update_reservation_flights,<CALL>,<MISSING>,"update_reservation_flights|{""cabin"":""business"",""flights"":[{""date"":""2024-05-22"",""destination"":""ATL"",""flight_number"":""HAT268"",""origin"":""JFK""},{""date"":""2024-05-22"",""destination"":""MCO"",""flight_number"":""HAT010"",""origin"":""ATL""}],""payment_id"":""credit_card_4959530"",""reservation_id"":""M20IZO""}",missing argument,replace
C1_C1,gpt_oss_120b,airline,37,airline:37,single,False,True,get_reservation_details,reservation_id,"""NQNU5R""","""M20IZO""",order/reservation identifier,aligned_tool
C1_C1,gpt_oss_120b,airline,37,airline:37,single,False,True,get_reservation_details,reservation_id,"""M20IZO""","""NQNU5R""",order/reservation identifier,aligned_tool
C1_C1,gpt_oss_120b,airline,37,airline:37,single,False,False,get_reservation_details,reservation_id,"""NQNU5R""","""M20IZO""",order/reservation identifier,aligned_tool
C1_C1,gpt_oss_120b,airline,37,airline:37,single,False,False,get_reservation_details,reservation_id,"""M20IZO""","""NQNU5R""",order/reservation identifier,aligned_tool
C1_C1,gpt_oss_120b,airline,37,airline:37,single,False,False,get_reservation_details,reservation_id,"""NQNU5R""","""M20IZO""",order/reservation identifier,aligned_tool
C1_C1,gpt_oss_120b,airline,37,airline:37,single,False,False,get_reservation_details,reservation_id,"""M20IZO""","""NQNU5R""",order/reservation identifier,aligned_tool
C1_C1,gpt_oss_120b,airline,37,airline:37,single,False,False,update_reservation_flights,flights,"[{""date"": ""2024-05-22"", ""destination"": ""ATL"", ""flight_number"": ""HAT268"", ""origin"": ""JFK"", ""price"": 430}, {""date"": ""2024-05-22"", ""destination"": ""MCO"", ""flight_number"": ""HAT010"", ""origin"": ""ATL"", ""price"": 412}]","[{""date"": ""2024-05-22"", ""destination"": ""ATL"", ""flight_number"": ""HAT268"", ""origin"": ""JFK""}, {""date"": ""2024-05-22"", ""destination"": ""MCO"", ""flight_number"": ""HAT010"", ""origin"": ""ATL""}]",unknown,aligned_tool
C1_C1,gpt_oss_120b,airline,37,airline:37,single,False,False,get_reservation_details,reservation_id,"""NQNU5R""","""M20IZO""",order/reservation identifier,aligned_tool
C1_C1,gpt_oss_120b,airline,37,airline:37,single,False,False,get_reservation_details,reservation_id,"""M20IZO""","""NQNU5R""",order/reservation identifier,aligned_tool
C1_C1,gpt_oss_120b,airline,37,airline:37,single,False,False,cancel_reservation,<CALL>,"cancel_reservation|{""reservation_id"":""NQNU5R""}",<MISSING>,extra argument,replace
C1_C1,gpt_oss_120b,airline,37,airline:37,single,False,False,update_reservation_flights,<CALL>,"update_reservation_flights|{""cabin"":""business"",""flights"":[{""date"":""2024-05-22"",""destination"":""ATL"",""flight_number"":""HAT268"",""origin"":""JFK"",""price"":430},{""date"":""2024-05-22"",""destination"":""MCO"",""flight_number"":""HAT010"",""origin"":""ATL"",""price"":412}],""payment_id"":""credit_card_4959530"",""reservation_id"":""M20IZO""}",<MISSING>,extra argument,replace
C1_C1,gpt_oss_120b,airline,37,airline:37,single,False,False,transfer_to_human_agents,<CALL>,"transfer_to_human_agents|{""summary"":""User aarav_ahmed_6699 wants to cancel reservation IFOYYZ (basic economy) due to change of plans, which is not allowed per policy. They need a human agent to discuss this reservation.""}",<MISSING>,extra argument,replace
C1_C1,gpt_oss_120b,airline,37,airline:37,single,False,False,get_user_details,<CALL>,<MISSING>,"get_user_details|{""user_id"":""aarav_ahmed_6699""}",missing argument,replace
C1_C1,gpt_oss_120b,airline,37,airline:37,single,False,True,get_reservation_details,reservation_id,"""NQNU5R""","""M20IZO""",order/reservation identifier,aligned_tool
C1_C1,gpt_oss_120b,airline,37,airline:37,single,False,True,get_reservation_details,reservation_id,"""M20IZO""","""NQNU5R""",order/reservation identifier,aligned_tool
C1_C1,gpt_oss_120b,airline,37,airline:37,single,False,True,update_reservation_flights,flights,"[{""date"": ""2024-05-22"", ""destination"": ""ATL"", ""flight_number"": ""HAT268"", ""origin"": ""JFK"", ""price"": 430}, {""date"": ""2024-05-22"", ""destination"": ""MCO"", ""flight_number"": ""HAT010"", ""origin"": ""ATL"", ""price"": 412}]","[{""date"": ""2024-05-22"", ""destination"": ""ATL"", ""flight_number"": ""HAT268"", ""origin"": ""JFK""}, {""date"": ""2024-05-22"", ""destination"": ""MCO"", ""flight_number"": ""HAT010"", ""origin"": ""ATL""}]",unknown,aligned_tool
C1_C1,gpt_oss_120b,airline,37,airline:37,single,False,False,update_reservation_flights,<CALL>,"update_reservation_flights|{""cabin"":""business"",""flights"":[{""date"":""2024-05-22"",""destination"":""ATL"",""flight_number"":""HAT268"",""origin"":""JFK""},{""date"":""2024-05-22"",""destination"":""MCO"",""flight_number"":""HAT010"",""origin"":""ATL""}],""payment_id"":""credit_card_4959530"",""reservation_id"":""M20IZO""}",<MISSING>,extra argument,replace
C1_C1,gpt_oss_120b,airline,37,airline:37,single,False,False,search_direct_flight,<CALL>,<MISSING>,"search_direct_flight|{""date"":""2024-05-22"",""destination"":""ATL"",""origin"":""JFK""}",missing argument,replace
C1_C1,gpt_oss_120b,airline,37,airline:37,single,False,False,search_direct_flight,<CALL>,<MISSING>,"search_direct_flight|{""date"":""2024-05-22"",""destination"":""MCO"",""origin"":""ATL""}",missing argument,replace
C1_C1,gpt_oss_120b,airline,37,airline:37,single,False,False,get_user_details,<CALL>,<MISSING>,"get_user_details|{""user_id"":""aarav_ahmed_6699""}",missing argument,replace
C1_C1,gpt_oss_120b,airline,37,airline:37,single,False,False,get_user_details,<CALL>,"get_user_details|{""user_id"":""aarav_ahmed_6699""}",<MISSING>,extra argument,replace
C1_C1,gpt_oss_120b,airline,37,airline:37,single,False,False,cancel_reservation,<CALL>,<MISSING>,"cancel_reservation|{""reservation_id"":""NQNU5R""}",missing argument,replace
C1_C1,gpt_oss_120b,airline,37,airline:37,single,False,False,update_reservation_flights,<CALL>,<MISSING>,"update_reservation_flights|{""cabin"":""business"",""flights"":[{""date"":""2024-05-22"",""destination"":""ATL"",""flight_number"":""HAT268"",""origin"":""JFK""},{""date"":""2024-05-22"",""destination"":""MCO"",""flight_number"":""HAT010"",""origin"":""ATL""}],""payment_id"":""credit_card_4959530"",""reservation_id"":""M20IZO""}",missing argument,replace
C2_C1,gpt_oss_120b,airline,39,airline:39,compound,False,False,get_reservation_details,<CALL>,"get_reservation_details|{""reservation_id"":""I6M8JQ""}",<MISSING>,extra argument,replace
C2_C1,gpt_oss_120b,airline,39,airline:39,compound,False,False,cancel_reservation,<CALL>,<MISSING>,"cancel_reservation|{""reservation_id"":""8C8K4E""}",missing argument,replace
C2_C1,gpt_oss_120b,airline,39,airline:39,compound,False,False,cancel_reservation,<CALL>,<MISSING>,"cancel_reservation|{""reservation_id"":""LU15PA""}",missing argument,replace
C1_C1,gpt_oss_120b,airline,39,airline:39,compound,False,True,get_reservation_details,reservation_id,"""8C8K4E""","""UDMOP1""",order/reservation identifier,aligned_tool
C1_C1,gpt_oss_120b,airline,39,airline:39,compound,False,True,get_reservation_details,reservation_id,"""UDMOP1""","""XAZ3C0""",order/reservation identifier,aligned_tool
C1_C1,gpt_oss_120b,airline,39,airline:39,compound,False,True,get_reservation_details,reservation_id,"""XAZ3C0""","""LU15PA""",order/reservation identifier,aligned_tool
C1_C1,gpt_oss_120b,airline,39,airline:39,compound,False,True,get_reservation_details,reservation_id,"""LU15PA""","""MSJ4OA""",order/reservation identifier,aligned_tool
C1_C1,gpt_oss_120b,airline,39,airline:39,compound,False,True,get_reservation_details,reservation_id,"""MSJ4OA""","""I6M8JQ""",order/reservation identifier,aligned_tool
C1_C1,gpt_oss_120b,airline,39,airline:39,compound,False,False,cancel_reservation,<CALL>,"cancel_reservation|{""reservation_id"":""8C8K4E""}",<MISSING>,extra argument,replace
C1_C1,gpt_oss_120b,airline,39,airline:39,compound,False,False,cancel_reservation,<CALL>,"cancel_reservation|{""reservation_id"":""LU15PA""}",<MISSING>,extra argument,replace
C1_C1,gpt_oss_120b,airline,39,airline:39,compound,False,False,get_reservation_details,<CALL>,<MISSING>,"get_reservation_details|{""reservation_id"":""I6M8JQ""}",missing argument,replace
C2_C1,gpt_oss_120b,airline,4,airline:4,read,True,True,get_reservation_details,<CALL>,"get_reservation_details|{""reservation_id"":""NM1VX1""}",<MISSING>,extra argument,replace
C2_C1,gpt_oss_120b,airline,4,airline:4,read,True,True,get_reservation_details,<CALL>,"get_reservation_details|{""reservation_id"":""KC18K6""}",<MISSING>,extra argument,replace
C2_C1,gpt_oss_120b,airline,4,airline:4,read,True,True,get_reservation_details,<CALL>,"get_reservation_details|{""reservation_id"":""S61CZX""}",<MISSING>,extra argument,replace
C2_C1,gpt_oss_120b,airline,4,airline:4,read,True,True,get_reservation_details,<CALL>,"get_reservation_details|{""reservation_id"":""H8Q05L""}",<MISSING>,extra argument,replace
C2_C1,gpt_oss_120b,airline,4,airline:4,read,True,True,get_reservation_details,<CALL>,"get_reservation_details|{""reservation_id"":""WUNA5K""}",<MISSING>,extra argument,replace
C2_C1,gpt_oss_120b,airline,4,airline:4,read,True,True,transfer_to_human_agents,<CALL>,<MISSING>,"transfer_to_human_agents|{""summary"":""User Sophia Silva (user_id sophia_silva_7557) requests compensation for a cancelled business flight, but reservation ID 7557-123456789 cannot be found in the system. Unable to verify reservation details.""}",missing argument,replace
C2_C1,gpt_oss_120b,airline,4,airline:4,read,True,True,transfer_to_human_agents,summary,"""User Sophia Silva (user ID sophia_silva_7557) claims a business class flight from New York to London on May 10 was cancelled and requests compensation. No matching reservation found in her account after checking all reservation IDs. Unable to verify details.""","""User Sophia Silva (user_id sophia_silva_7557) requests compensation for a cancelled business flight, providing reservation ID RES123456789, which cannot be found in the system. Unable to verify reservation details.""",unknown,aligned_tool
C2_C1,gpt_oss_120b,airline,4,airline:4,read,True,True,transfer_to_human_agents,summary,"""User Sophia Silva reports a cancelled business-class flight that caused a missed meeting and requests compensation. The user does not have the reservation ID, flight number, or date, and none of the reservations on file show a business-class flight. Unable to locate the reservation with available information.""","""User Sophia Silva (user_id sophia_silva_7557) requests compensation for a cancelled business flight on March 15 from New York to London. Provided reservation ID RES123456789 cannot be found in system; user insists ID is correct. Unable to locate reservation to verify cancellation and eligibility for compensation.""",unknown,aligned_tool
C2_C1,gpt_oss_120b,airline,4,airline:4,read,True,True,transfer_to_human_agents,summary,"""User Sophia Silva (user_id: sophia_silva_7557) cannot locate reservation for a business flight from New York to London on 2024-05-10, wants compensation for missed meeting, requests immediate transfer to human agent.""","""User Sophia Silva (user ID sophia_silva_7557) requests compensation for a business class flight cancellation (reservation ID RES123456789) that cannot be found in the system. Unable to verify reservation details.""",unknown,aligned_tool
C1_C1,gpt_oss_120b,airline,4,airline:4,read,True,True,transfer_to_human_agents,summary,"""User Sophia Silva requests compensation for a business class flight from New York to London on May 10 that was cancelled. No matching reservation found in her account (reservations: NM1VX1, KC18K6, S61CZX, H8Q05L, WUNA5K). Unable to verify cancellation details.""","""User Sophia Silva (user_id sophia_silva_7557) requests compensation for a cancelled business flight, but reservation ID 7557-123456789 cannot be found in the system. Unable to verify reservation details.""",unknown,aligned_tool
C1_C1,gpt_oss_120b,airline,4,airline:4,read,True,True,transfer_to_human_agents,summary,"""User Sophia Silva requests compensation for a business class flight from New York to London on May 10 that was cancelled. No matching reservation found in her account (reservations: NM1VX1, KC18K6, S61CZX, H8Q05L, WUNA5K). Unable to verify cancellation details.""","""User Sophia Silva (user_id sophia_silva_7557) requests compensation for a cancelled business flight, providing reservation ID RES123456789, which cannot be found in the system. Unable to verify reservation details.""",unknown,aligned_tool
C1_C1,gpt_oss_120b,airline,4,airline:4,read,True,True,transfer_to_human_agents,summary,"""User Sophia Silva requests compensation for a business class flight from New York to London on May 10 that was cancelled. No matching reservation found in her account (reservations: NM1VX1, KC18K6, S61CZX, H8Q05L, WUNA5K). Unable to verify cancellation details.""","""User Sophia Silva (user_id sophia_silva_7557) requests compensation for a cancelled business flight on March 15 from New York to London. Provided reservation ID RES123456789 cannot be found in system; user insists ID is correct. Unable to locate reservation to verify cancellation and eligibility for compensation.""",unknown,aligned_tool
C1_C1,gpt_oss_120b,airline,4,airline:4,read,True,True,transfer_to_human_agents,summary,"""User Sophia Silva requests compensation for a business class flight from New York to London on May 10 that was cancelled. No matching reservation found in her account (reservations: NM1VX1, KC18K6, S61CZX, H8Q05L, WUNA5K). Unable to verify cancellation details.""","""User Sophia Silva (user ID sophia_silva_7557) requests compensation for a business class flight cancellation (reservation ID RES123456789) that cannot be found in the system. Unable to verify reservation details.""",unknown,aligned_tool
C1_C1,gpt_oss_120b,airline,4,airline:4,read,True,True,get_reservation_details,reservation_id,"""7557-123456789""","""RES123456789""",order/reservation identifier,aligned_tool
C1_C1,gpt_oss_120b,airline,4,airline:4,read,True,True,transfer_to_human_agents,summary,"""User Sophia Silva (user_id sophia_silva_7557) requests compensation for a cancelled business flight, but reservation ID 7557-123456789 cannot be found in the system. Unable to verify reservation details.""","""User Sophia Silva (user_id sophia_silva_7557) requests compensation for a cancelled business flight, providing reservation ID RES123456789, which cannot be found in the system. Unable to verify reservation details.""",unknown,aligned_tool
C1_C1,gpt_oss_120b,airline,4,airline:4,read,True,True,get_reservation_details,reservation_id,"""7557-123456789""","""RES123456789""",order/reservation identifier,aligned_tool
C1_C1,gpt_oss_120b,airline,4,airline:4,read,True,True,transfer_to_human_agents,summary,"""User Sophia Silva (user_id sophia_silva_7557) requests compensation for a cancelled business flight, but reservation ID 7557-123456789 cannot be found in the system. Unable to verify reservation details.""","""User Sophia Silva (user_id sophia_silva_7557) requests compensation for a cancelled business flight on March 15 from New York to London. Provided reservation ID RES123456789 cannot be found in system; user insists ID is correct. Unable to locate reservation to verify cancellation and eligibility for compensation.""",unknown,aligned_tool
C1_C1,gpt_oss_120b,airline,4,airline:4,read,True,True,get_reservation_details,reservation_id,"""7557-123456789""","""RES123456789""",order/reservation identifier,aligned_tool
C1_C1,gpt_oss_120b,airline,4,airline:4,read,True,True,transfer_to_human_agents,summary,"""User Sophia Silva (user_id sophia_silva_7557) requests compensation for a cancelled business flight, but reservation ID 7557-123456789 cannot be found in the system. Unable to verify reservation details.""","""User Sophia Silva (user ID sophia_silva_7557) requests compensation for a business class flight cancellation (reservation ID RES123456789) that cannot be found in the system. Unable to verify reservation details.""",unknown,aligned_tool
C1_C1,gpt_oss_120b,airline,4,airline:4,read,True,True,transfer_to_human_agents,summary,"""User Sophia Silva (user_id sophia_silva_7557) requests compensation for a cancelled business flight, providing reservation ID RES123456789, which cannot be found in the system. Unable to verify reservation details.""","""User Sophia Silva (user_id sophia_silva_7557) requests compensation for a cancelled business flight on March 15 from New York to London. Provided reservation ID RES123456789 cannot be found in system; user insists ID is correct. Unable to locate reservation to verify cancellation and eligibility for compensation.""",unknown,aligned_tool
C1_C1,gpt_oss_120b,airline,4,airline:4,read,True,True,transfer_to_human_agents,summary,"""User Sophia Silva (user_id sophia_silva_7557) requests compensation for a cancelled business flight, providing reservation ID RES123456789, which cannot be found in the system. Unable to verify reservation details.""","""User Sophia Silva (user ID sophia_silva_7557) requests compensation for a business class flight cancellation (reservation ID RES123456789) that cannot be found in the system. Unable to verify reservation details.""",unknown,aligned_tool
C1_C1,gpt_oss_120b,airline,4,airline:4,read,True,True,transfer_to_human_agents,summary,"""User Sophia Silva (user_id sophia_silva_7557) requests compensation for a cancelled business flight on March 15 from New York to London. Provided reservation ID RES123456789 cannot be found in system; user insists ID is correct. Unable to locate reservation to verify cancellation and eligibility for compensation.""","""User Sophia Silva (user ID sophia_silva_7557) requests compensation for a business class flight cancellation (reservation ID RES123456789) that cannot be found in the system. Unable to verify reservation details.""",unknown,aligned_tool
C2_C1,gpt_oss_120b,airline,41,airline:41,read,True,True,transfer_to_human_agents,summary,"""User Amelia Davis (ID amelia_davis_8890) wants to cancel reservation UDMOP1 (single passenger) for reason 'give up seat for someone else'. Cancellation not eligible under policy (no insurance, not business, not within 24 hrs, flight not airline-cancelled).""","""User Amelia Davis (ID amelia_davis_8890) wants to cancel multiple reservations but they cannot be cancelled per policy; user requested transfer to a human agent.""",unknown,aligned_tool
C2_C1,gpt_oss_120b,airline,41,airline:41,read,True,True,transfer_to_human_agents,summary,"""User Amelia Davis (ID amelia_davis_8890) wants to cancel all upcoming reservations with only one passenger, even without refund. Cancellations do not meet policy criteria (not within 24h, not business class, no insurance). User requests to speak to a human agent.""","""User Amelia Davis (ID amelia_davis_8890) wants to cancel reservation UDMOP1, which has a single passenger. Cancellation is not permitted under policy because the reservation is not within 24 hours, not a business class, and has no travel insurance. User requests cancellation of all single-passenger reservations.""",unknown,aligned_tool
C2_C1,gpt_oss_120b,airline,41,airline:41,read,True,True,transfer_to_human_agents,<CALL>,"transfer_to_human_agents|{""summary"":""User Amelia Davis (ID amelia_davis_8890) wants to cancel reservation UDMOP1, which has a single passenger. Cancellation request does not meet policy criteria (booking older than 24 hrs, not business class, no insurance, flight not cancelled by airline). Unable to process cancellation.""}",<MISSING>,extra argument,replace
C2_C1,gpt_oss_120b,airline,41,airline:41,read,True,True,get_reservation_details,<CALL>,<MISSING>,"get_reservation_details|{""reservation_id"":""4XGCCM""}",missing argument,replace
C2_C1,gpt_oss_120b,airline,41,airline:41,read,True,True,transfer_to_human_agents,summary,"""User Amelia Davis (ID amelia_davis_8890) wants to cancel reservation UDMOP1, which has a single passenger. Cancellation request does not meet policy criteria (booking older than 24 hrs, not business class, no insurance, flight not cancelled by airline). Unable to process cancellation.""","""User Amelia Davis (ID amelia_davis_8890) wants to cancel all upcoming reservations that have only one passenger. Reservations identified: UDMOP1 (one passenger, basic economy, no insurance, flight dates 2024-05-28) and 4XGCCM (one passenger, business, flight dates 2024-05-03/04 already flown). According to policy, neither reservation meets cancellation criteria (no insurance, not business for UDMOP1, flight already flown for 4XGCCM). Unable to process cancellation, user needs human assistance.""",unknown,aligned_tool
C2_C1,gpt_oss_120b,airline,41,airline:41,read,True,True,transfer_to_human_agents,summary,"""User Amelia Davis (ID amelia_davis_8890) wants to cancel reservation UDMOP1, which has a single passenger. Cancellation request does not meet policy criteria (booking older than 24 hrs, not business class, no insurance, flight not cancelled by airline). Unable to process cancellation.""","""User Amelia Davis (ID amelia_davis_8890) wants to cancel all upcoming reservations that have only one passenger. Reservations identified: UDMOP1 (one passenger, basic economy, no insurance, flight dates 2024-05-28) and 4XGCCM (one passenger, business, flight dates 2024-05-03/04 already flown). According to policy, neither reservation meets cancellation criteria (no insurance, not business for UDMOP1, flight already flown for 4XGCCM). Unable to process cancellation, user needs human assistance.""",unknown,aligned_tool
C1_C1,gpt_oss_120b,airline,41,airline:41,read,True,True,transfer_to_human_agents,summary,"""User Amelia Davis (ID amelia_davis_8890) wants to cancel multiple reservations but they cannot be cancelled per policy; user requested transfer to a human agent.""","""User Amelia Davis (ID amelia_davis_8890) wants to cancel reservation UDMOP1, which has a single passenger. Cancellation is not permitted under policy because the reservation is not within 24 hours, not a business class, and has no travel insurance. User requests cancellation of all single-passenger reservations.""",unknown,aligned_tool
C1_C1,gpt_oss_120b,airline,41,airline:41,read,True,True,transfer_to_human_agents,<CALL>,"transfer_to_human_agents|{""summary"":""User Amelia Davis (ID amelia_davis_8890) wants to cancel multiple reservations but they cannot be cancelled per policy; user requested transfer to a human agent.""}",<MISSING>,extra argument,replace
C1_C1,gpt_oss_120b,airline,41,airline:41,read,True,True,get_reservation_details,<CALL>,<MISSING>,"get_reservation_details|{""reservation_id"":""4XGCCM""}",missing argument,replace
C1_C1,gpt_oss_120b,airline,41,airline:41,read,True,True,transfer_to_human_agents,summary,"""User Amelia Davis (ID amelia_davis_8890) wants to cancel multiple reservations but they cannot be cancelled per policy; user requested transfer to a human agent.""","""User Amelia Davis (ID amelia_davis_8890) wants to cancel all upcoming reservations that have only one passenger. Reservations identified: UDMOP1 (one passenger, basic economy, no insurance, flight dates 2024-05-28) and 4XGCCM (one passenger, business, flight dates 2024-05-03/04 already flown). According to policy, neither reservation meets cancellation criteria (no insurance, not business for UDMOP1, flight already flown for 4XGCCM). Unable to process cancellation, user needs human assistance.""",unknown,aligned_tool
C1_C1,gpt_oss_120b,airline,41,airline:41,read,True,True,transfer_to_human_agents,summary,"""User Amelia Davis (ID amelia_davis_8890) wants to cancel multiple reservations but they cannot be cancelled per policy; user requested transfer to a human agent.""","""User Amelia Davis (ID amelia_davis_8890) wants to cancel all upcoming reservations that have only one passenger. Reservations identified: UDMOP1 (one passenger, basic economy, no insurance, flight dates 2024-05-28) and 4XGCCM (one passenger, business, flight dates 2024-05-03/04 already flown). According to policy, neither reservation meets cancellation criteria (no insurance, not business for UDMOP1, flight already flown for 4XGCCM). Unable to process cancellation, user needs human assistance.""",unknown,aligned_tool
C1_C1,gpt_oss_120b,airline,41,airline:41,read,True,True,transfer_to_human_agents,<CALL>,"transfer_to_human_agents|{""summary"":""User Amelia Davis (ID amelia_davis_8890) wants to cancel reservation UDMOP1, which has a single passenger. Cancellation is not permitted under policy because the reservation is not within 24 hours, not a business class, and has no travel insurance. User requests cancellation of all single-passenger reservations.""}",<MISSING>,extra argument,replace
C1_C1,gpt_oss_120b,airline,41,airline:41,read,True,True,get_reservation_details,<CALL>,<MISSING>,"get_reservation_details|{""reservation_id"":""I6M8JQ""}",missing argument,replace
C1_C1,gpt_oss_120b,airline,41,airline:41,read,True,True,get_reservation_details,<CALL>,<MISSING>,"get_reservation_details|{""reservation_id"":""4XGCCM""}",missing argument,replace
C1_C1,gpt_oss_120b,airline,41,airline:41,read,True,True,transfer_to_human_agents,summary,"""User Amelia Davis (ID amelia_davis_8890) wants to cancel reservation UDMOP1, which has a single passenger. Cancellation is not permitted under policy because the reservation is not within 24 hours, not a business class, and has no travel insurance. User requests cancellation of all single-passenger reservations.""","""User Amelia Davis (ID amelia_davis_8890) wants to cancel all upcoming reservations that have only one passenger. Reservations identified: UDMOP1 (one passenger, basic economy, no insurance, flight dates 2024-05-28) and 4XGCCM (one passenger, business, flight dates 2024-05-03/04 already flown). According to policy, neither reservation meets cancellation criteria (no insurance, not business for UDMOP1, flight already flown for 4XGCCM). Unable to process cancellation, user needs human assistance.""",unknown,aligned_tool
C1_C1,gpt_oss_120b,airline,41,airline:41,read,True,True,transfer_to_human_agents,summary,"""User Amelia Davis (ID amelia_davis_8890) wants to cancel reservation UDMOP1, which has a single passenger. Cancellation is not permitted under policy because the reservation is not within 24 hours, not a business class, and has no travel insurance. User requests cancellation of all single-passenger reservations.""","""User Amelia Davis (ID amelia_davis_8890) wants to cancel all upcoming reservations that have only one passenger. Reservations identified: UDMOP1 (one passenger, basic economy, no insurance, flight dates 2024-05-28) and 4XGCCM (one passenger, business, flight dates 2024-05-03/04 already flown). According to policy, neither reservation meets cancellation criteria (no insurance, not business for UDMOP1, flight already flown for 4XGCCM). Unable to process cancellation, user needs human assistance.""",unknown,aligned_tool
C2_C1,gpt_oss_120b,airline,42,airline:42,compound,False,False,get_reservation_details,<CALL>,"get_reservation_details|{""reservation_id"":""HTR26G""}",<MISSING>,extra argument,replace
C2_C1,gpt_oss_120b,airline,42,airline:42,compound,False,False,get_reservation_details,<CALL>,"get_reservation_details|{""reservation_id"":""5BGGWZ""}",<MISSING>,extra argument,replace
C2_C1,gpt_oss_120b,airline,42,airline:42,compound,False,False,cancel_reservation,<CALL>,<MISSING>,"cancel_reservation|{""reservation_id"":""HSR97W""}",missing argument,replace
C2_C1,gpt_oss_120b,airline,42,airline:42,compound,False,False,transfer_to_human_agents,<CALL>,"transfer_to_human_agents|{""summary"":""User Sophia Martin (ID sophia_martin_4574) wants to cancel reservation 5BGGWZ (economy, created May 3) for reason 'I don't need the flight'. Cancellation not allowed under policy because reservation is not within 24h, not business class, and reason is not covered by insurance.""}",<MISSING>,extra argument,replace
C2_C1,gpt_oss_120b,airline,42,airline:42,compound,False,False,cancel_reservation,<CALL>,<MISSING>,"cancel_reservation|{""reservation_id"":""PUNERT""}",missing argument,replace
C2_C1,gpt_oss_120b,airline,42,airline:42,compound,False,False,transfer_to_human_agents,<CALL>,"transfer_to_human_agents|{""summary"":""User Sophia Martin (ID sophia_martin_4574) wants to cancel reservation 5BGGWZ but cancellation is not allowed under policy; user requests to speak to a human agent.""}",<MISSING>,extra argument,replace
C2_C1,gpt_oss_120b,airline,42,airline:42,compound,False,False,cancel_reservation,<CALL>,<MISSING>,"cancel_reservation|{""reservation_id"":""PUNERT""}",missing argument,replace
C2_C1,gpt_oss_120b,airline,42,airline:42,compound,False,False,transfer_to_human_agents,<CALL>,"transfer_to_human_agents|{""summary"":""User Sophia Martin (ID sophia_martin_4574) wants to cancel reservation 5BGGWZ but cancellation is not allowed under policy. User requests to speak to a human agent.""}",<MISSING>,extra argument,replace
C2_C1,gpt_oss_120b,airline,42,airline:42,compound,False,False,cancel_reservation,<CALL>,<MISSING>,"cancel_reservation|{""reservation_id"":""PUNERT""}",missing argument,replace
C1_C1,gpt_oss_120b,airline,42,airline:42,compound,False,False,cancel_reservation,<CALL>,"cancel_reservation|{""reservation_id"":""HSR97W""}",<MISSING>,extra argument,replace
C1_C1,gpt_oss_120b,airline,42,airline:42,compound,False,False,get_reservation_details,<CALL>,<MISSING>,"get_reservation_details|{""reservation_id"":""HTR26G""}",missing argument,replace
C1_C1,gpt_oss_120b,airline,42,airline:42,compound,False,False,get_reservation_details,<CALL>,<MISSING>,"get_reservation_details|{""reservation_id"":""5BGGWZ""}",missing argument,replace
C1_C1,gpt_oss_120b,airline,42,airline:42,compound,False,False,search_direct_flight,<CALL>,<MISSING>,"search_direct_flight|{""date"":""2024-05-21"",""destination"":""BOS"",""origin"":""JFK""}",missing argument,replace
C1_C1,gpt_oss_120b,airline,42,airline:42,compound,False,False,search_direct_flight,<CALL>,<MISSING>,"search_direct_flight|{""date"":""2024-05-22"",""destination"":""BOS"",""origin"":""JFK""}",missing argument,replace
C1_C1,gpt_oss_120b,airline,42,airline:42,compound,False,False,search_onestop_flight,<CALL>,<MISSING>,"search_onestop_flight|{""date"":""2024-05-21"",""destination"":""BOS"",""origin"":""JFK""}",missing argument,replace
C1_C1,gpt_oss_120b,airline,42,airline:42,compound,False,False,search_onestop_flight,<CALL>,<MISSING>,"search_onestop_flight|{""date"":""2024-05-22"",""destination"":""BOS"",""origin"":""JFK""}",missing argument,replace
C1_C1,gpt_oss_120b,airline,42,airline:42,compound,False,False,cancel_reservation,reservation_id,"""HSR97W""","""PUNERT""",order/reservation identifier,aligned_tool
C1_C1,gpt_oss_120b,airline,42,airline:42,compound,False,False,cancel_reservation,reservation_id,"""HSR97W""","""PUNERT""",order/reservation identifier,aligned_tool
C1_C1,gpt_oss_120b,airline,42,airline:42,compound,False,False,cancel_reservation,reservation_id,"""HSR97W""","""PUNERT""",order/reservation identifier,aligned_tool
C1_C1,gpt_oss_120b,airline,42,airline:42,compound,False,False,search_direct_flight,<CALL>,"search_direct_flight|{""date"":""2024-05-21"",""destination"":""BOS"",""origin"":""JFK""}",<MISSING>,extra argument,replace
C1_C1,gpt_oss_120b,airline,42,airline:42,compound,False,False,search_direct_flight,<CALL>,"search_direct_flight|{""date"":""2024-05-22"",""destination"":""BOS"",""origin"":""JFK""}",<MISSING>,extra argument,replace
C1_C1,gpt_oss_120b,airline,42,airline:42,compound,False,False,search_onestop_flight,<CALL>,"search_onestop_flight|{""date"":""2024-05-21"",""destination"":""BOS"",""origin"":""JFK""}",<MISSING>,extra argument,replace
C1_C1,gpt_oss_120b,airline,42,airline:42,compound,False,False,search_onestop_flight,<CALL>,"search_onestop_flight|{""date"":""2024-05-22"",""destination"":""BOS"",""origin"":""JFK""}",<MISSING>,extra argument,replace
C1_C1,gpt_oss_120b,airline,42,airline:42,compound,False,False,cancel_reservation,<CALL>,<MISSING>,"cancel_reservation|{""reservation_id"":""PUNERT""}",missing argument,replace
C1_C1,gpt_oss_120b,airline,42,airline:42,compound,False,False,search_direct_flight,<CALL>,"search_direct_flight|{""date"":""2024-05-21"",""destination"":""BOS"",""origin"":""JFK""}",<MISSING>,extra argument,replace
C1_C1,gpt_oss_120b,airline,42,airline:42,compound,False,False,search_direct_flight,<CALL>,"search_direct_flight|{""date"":""2024-05-22"",""destination"":""BOS"",""origin"":""JFK""}",<MISSING>,extra argument,replace
C1_C1,gpt_oss_120b,airline,42,airline:42,compound,False,False,search_onestop_flight,<CALL>,"search_onestop_flight|{""date"":""2024-05-21"",""destination"":""BOS"",""origin"":""JFK""}",<MISSING>,extra argument,replace
C1_C1,gpt_oss_120b,airline,42,airline:42,compound,False,False,search_onestop_flight,<CALL>,"search_onestop_flight|{""date"":""2024-05-22"",""destination"":""BOS"",""origin"":""JFK""}",<MISSING>,extra argument,replace
C1_C1,gpt_oss_120b,airline,42,airline:42,compound,False,False,cancel_reservation,<CALL>,<MISSING>,"cancel_reservation|{""reservation_id"":""PUNERT""}",missing argument,replace
C1_C1,gpt_oss_120b,airline,42,airline:42,compound,False,False,search_direct_flight,<CALL>,"search_direct_flight|{""date"":""2024-05-21"",""destination"":""BOS"",""origin"":""JFK""}",<MISSING>,extra argument,replace
C1_C1,gpt_oss_120b,airline,42,airline:42,compound,False,False,search_direct_flight,<CALL>,"search_direct_flight|{""date"":""2024-05-22"",""destination"":""BOS"",""origin"":""JFK""}",<MISSING>,extra argument,replace
C1_C1,gpt_oss_120b,airline,42,airline:42,compound,False,False,search_onestop_flight,<CALL>,"search_onestop_flight|{""date"":""2024-05-21"",""destination"":""BOS"",""origin"":""JFK""}",<MISSING>,extra argument,replace
C1_C1,gpt_oss_120b,airline,42,airline:42,compound,False,False,search_onestop_flight,<CALL>,"search_onestop_flight|{""date"":""2024-05-22"",""destination"":""BOS"",""origin"":""JFK""}",<MISSING>,extra argument,replace
C1_C1,gpt_oss_120b,airline,42,airline:42,compound,False,False,cancel_reservation,<CALL>,<MISSING>,"cancel_reservation|{""reservation_id"":""PUNERT""}",missing argument,replace
C2_C1,gpt_oss_120b,airline,43,airline:43,read,True,True,transfer_to_human_agents,summary,"""User Mohamed Hernandez (ID mohamed_hernandez_5188) wants to cancel reservation D1EW9B (ATL to JFK, basic economy, no insurance) due to accidental double booking. Cancellation not eligible per policy (no insurance, not within 24 hrs, not business, not airline cancelled). Need human agent.""","""User Mohamed Hernandez (ID mohamed_hernandez_5188) wants to cancel a one-way basic economy flight ATL->JFK on 2024-05-17 (reservation D1EW9B). Cancellation does not meet policy criteria (not within 24 hrs, not business class, no insurance, airline not cancelled). User may need human assistance.""",unknown,aligned_tool
C2_C1,gpt_oss_120b,airline,43,airline:43,read,True,True,transfer_to_human_agents,summary,"""User Mohamed Hernandez (ID mohamed_hernandez_5188) wants to cancel reservation D1EW9B (one-way basic economy flight on 2024-05-17). Cancellation is not allowed under policy because the reservation was made more than 24 hours ago, the flight is not a business class, and there is no travel insurance. User requested cancellation due to accidental double booking.""","""User Mohamed Hernandez (ID mohamed_hernandez_5188) wants to cancel reservation D1EW9B (ATL to JFK, basic economy, one-way) booked on 2024-05-04. Cancellation is outside the 24‑hour window, the flight is not business class, and no travel insurance was purchased, so the request does not meet the automatic cancellation criteria.""",unknown,aligned_tool
C2_C1,gpt_oss_120b,airline,43,airline:43,read,True,True,transfer_to_human_agents,summary,"""User Mohamed Hernandez (ID: mohamed_hernandez_5188) wants to cancel reservation D1EW9B (ATL to JFK on 2024-05-17). The reservation is basic economy, no travel insurance, and was booked more than 24 hours ago, so it does not meet cancellation eligibility criteria.""","""User mohamed_hernandez_5188 wants to cancel reservation D1EW9B (ATL to JFK on 2024-05-17) but policy does not allow cancellation (not within 24 hrs, not business, no insurance).""",unknown,aligned_tool
C2_C1,gpt_oss_120b,airline,43,airline:43,read,True,True,transfer_to_human_agents,summary,"""User Mohamed Hernandez (ID mohamed_hernandez_5188) wants to cancel reservation D1EW9B (ATL to JFK on 2024-05-17). The reservation is basic economy, no insurance, and does not meet cancellation eligibility (not within 24 hrs, not business, not airline-cancelled). Agent cannot cancel per policy.""","""User Mohamed Hernandez (ID: mohamed_hernandez_5188) wants to cancel reservation D1EW9B (ATL to JFK on 2024-05-17, basic economy, no insurance). Cancellation is not eligible under policy (booking older than 24 hrs, not business, no insurance).""",unknown,aligned_tool
C2_C1,gpt_oss_120b,airline,43,airline:43,read,True,True,transfer_to_human_agents,summary,"""User Mohamed Hernandez (ID mohamed_hernandez_5188) wants to cancel reservation D1EW9B (ATL to JFK on 2024-05-17). Cancellation reason: accidental double booking. Reservation does not meet cancellation eligibility (not within 24 hrs, not business class, no insurance, airline not cancelled). Agent cannot process cancellation.""","""User Mohamed Hernandez (ID: mohamed_hernandez_5188) wants to cancel reservation D1EW9B (ATL to JFK on 2024-05-17, basic economy, no insurance). Cancellation is not eligible under policy (booking older than 24 hrs, not business, no insurance).""",unknown,aligned_tool
C1_C1,gpt_oss_120b,airline,43,airline:43,read,True,True,transfer_to_human_agents,summary,"""User Mohamed Hernandez (ID mohamed_hernandez_5188) wants to cancel a one-way basic economy flight ATL->JFK on 2024-05-17 (reservation D1EW9B). Cancellation does not meet policy criteria (not within 24 hrs, not business class, no insurance, airline not cancelled). User may need human assistance.""","""User Mohamed Hernandez (ID mohamed_hernandez_5188) wants to cancel reservation D1EW9B (ATL to JFK, basic economy, one-way) booked on 2024-05-04. Cancellation is outside the 24‑hour window, the flight is not business class, and no travel insurance was purchased, so the request does not meet the automatic cancellation criteria.""",unknown,aligned_tool
C1_C1,gpt_oss_120b,airline,43,airline:43,read,True,True,transfer_to_human_agents,summary,"""User Mohamed Hernandez (ID mohamed_hernandez_5188) wants to cancel a one-way basic economy flight ATL->JFK on 2024-05-17 (reservation D1EW9B). Cancellation does not meet policy criteria (not within 24 hrs, not business class, no insurance, airline not cancelled). User may need human assistance.""","""User mohamed_hernandez_5188 wants to cancel reservation D1EW9B (ATL to JFK on 2024-05-17) but policy does not allow cancellation (not within 24 hrs, not business, no insurance).""",unknown,aligned_tool
C1_C1,gpt_oss_120b,airline,43,airline:43,read,True,True,transfer_to_human_agents,summary,"""User Mohamed Hernandez (ID mohamed_hernandez_5188) wants to cancel a one-way basic economy flight ATL->JFK on 2024-05-17 (reservation D1EW9B). Cancellation does not meet policy criteria (not within 24 hrs, not business class, no insurance, airline not cancelled). User may need human assistance.""","""User Mohamed Hernandez (ID: mohamed_hernandez_5188) wants to cancel reservation D1EW9B (ATL to JFK on 2024-05-17, basic economy, no insurance). Cancellation is not eligible under policy (booking older than 24 hrs, not business, no insurance).""",unknown,aligned_tool
C1_C1,gpt_oss_120b,airline,43,airline:43,read,True,True,transfer_to_human_agents,summary,"""User Mohamed Hernandez (ID mohamed_hernandez_5188) wants to cancel a one-way basic economy flight ATL->JFK on 2024-05-17 (reservation D1EW9B). Cancellation does not meet policy criteria (not within 24 hrs, not business class, no insurance, airline not cancelled). User may need human assistance.""","""User Mohamed Hernandez (ID: mohamed_hernandez_5188) wants to cancel reservation D1EW9B (ATL to JFK on 2024-05-17, basic economy, no insurance). Cancellation is not eligible under policy (booking older than 24 hrs, not business, no insurance).""",unknown,aligned_tool
C1_C1,gpt_oss_120b,airline,43,airline:43,read,True,True,transfer_to_human_agents,summary,"""User Mohamed Hernandez (ID mohamed_hernandez_5188) wants to cancel reservation D1EW9B (ATL to JFK, basic economy, one-way) booked on 2024-05-04. Cancellation is outside the 24‑hour window, the flight is not business class, and no travel insurance was purchased, so the request does not meet the automatic cancellation criteria.""","""User mohamed_hernandez_5188 wants to cancel reservation D1EW9B (ATL to JFK on 2024-05-17) but policy does not allow cancellation (not within 24 hrs, not business, no insurance).""",unknown,aligned_tool
C1_C1,gpt_oss_120b,airline,43,airline:43,read,True,True,transfer_to_human_agents,summary,"""User Mohamed Hernandez (ID mohamed_hernandez_5188) wants to cancel reservation D1EW9B (ATL to JFK, basic economy, one-way) booked on 2024-05-04. Cancellation is outside the 24‑hour window, the flight is not business class, and no travel insurance was purchased, so the request does not meet the automatic cancellation criteria.""","""User Mohamed Hernandez (ID: mohamed_hernandez_5188) wants to cancel reservation D1EW9B (ATL to JFK on 2024-05-17, basic economy, no insurance). Cancellation is not eligible under policy (booking older than 24 hrs, not business, no insurance).""",unknown,aligned_tool
C1_C1,gpt_oss_120b,airline,43,airline:43,read,True,True,transfer_to_human_agents,summary,"""User Mohamed Hernandez (ID mohamed_hernandez_5188) wants to cancel reservation D1EW9B (ATL to JFK, basic economy, one-way) booked on 2024-05-04. Cancellation is outside the 24‑hour window, the flight is not business class, and no travel insurance was purchased, so the request does not meet the automatic cancellation criteria.""","""User Mohamed Hernandez (ID: mohamed_hernandez_5188) wants to cancel reservation D1EW9B (ATL to JFK on 2024-05-17, basic economy, no insurance). Cancellation is not eligible under policy (booking older than 24 hrs, not business, no insurance).""",unknown,aligned_tool
C1_C1,gpt_oss_120b,airline,43,airline:43,read,True,True,transfer_to_human_agents,summary,"""User mohamed_hernandez_5188 wants to cancel reservation D1EW9B (ATL to JFK on 2024-05-17) but policy does not allow cancellation (not within 24 hrs, not business, no insurance).""","""User Mohamed Hernandez (ID: mohamed_hernandez_5188) wants to cancel reservation D1EW9B (ATL to JFK on 2024-05-17, basic economy, no insurance). Cancellation is not eligible under policy (booking older than 24 hrs, not business, no insurance).""",unknown,aligned_tool
C1_C1,gpt_oss_120b,airline,43,airline:43,read,True,True,transfer_to_human_agents,summary,"""User mohamed_hernandez_5188 wants to cancel reservation D1EW9B (ATL to JFK on 2024-05-17) but policy does not allow cancellation (not within 24 hrs, not business, no insurance).""","""User Mohamed Hernandez (ID: mohamed_hernandez_5188) wants to cancel reservation D1EW9B (ATL to JFK on 2024-05-17, basic economy, no insurance). Cancellation is not eligible under policy (booking older than 24 hrs, not business, no insurance).""",unknown,aligned_tool
C2_C1,gpt_oss_120b,airline,44,airline:44,compound,False,True,transfer_to_human_agents,<CALL>,"transfer_to_human_agents|{""summary"":""User wants to cancel all future reservations with flights longer than 4 hours, but flight duration information is not available via current tools.""}",<MISSING>,extra argument,replace
C2_C1,gpt_oss_120b,airline,44,airline:44,compound,False,True,get_reservation_details,<CALL>,<MISSING>,"get_reservation_details|{""reservation_id"":""KC18K6""}",missing argument,replace
C2_C1,gpt_oss_120b,airline,44,airline:44,compound,False,True,get_reservation_details,<CALL>,<MISSING>,"get_reservation_details|{""reservation_id"":""S61CZX""}",missing argument,replace
C2_C1,gpt_oss_120b,airline,44,airline:44,compound,False,True,get_reservation_details,<CALL>,<MISSING>,"get_reservation_details|{""reservation_id"":""H8Q05L""}",missing argument,replace
C2_C1,gpt_oss_120b,airline,44,airline:44,compound,False,True,get_flight_status,<CALL>,<MISSING>,"get_flight_status|{""date"":""2024-05-23"",""flight_number"":""HAT228""}",missing argument,replace
C2_C1,gpt_oss_120b,airline,44,airline:44,compound,False,True,search_direct_flight,<CALL>,<MISSING>,"search_direct_flight|{""date"":""2024-05-23"",""destination"":""EWR"",""origin"":""LAX""}",missing argument,replace
C2_C1,gpt_oss_120b,airline,44,airline:44,compound,False,True,search_direct_flight,<CALL>,<MISSING>,"search_direct_flight|{""date"":""2024-05-24"",""destination"":""CLT"",""origin"":""EWR""}",missing argument,replace
C2_C1,gpt_oss_120b,airline,44,airline:44,compound,False,True,search_direct_flight,<CALL>,<MISSING>,"search_direct_flight|{""date"":""2024-05-24"",""destination"":""EWR"",""origin"":""CLT""}",missing argument,replace
C2_C1,gpt_oss_120b,airline,44,airline:44,compound,False,True,search_direct_flight,<CALL>,<MISSING>,"search_direct_flight|{""date"":""2024-05-25"",""destination"":""LAX"",""origin"":""EWR""}",missing argument,replace
C2_C1,gpt_oss_120b,airline,44,airline:44,compound,False,True,transfer_to_human_agents,summary,"""User Sophia Silva (ID sophia_silva_7557) wants to cancel reservation NM1VX1 because the flight is too long. This reason does not meet cancellation policy criteria (not within 24 hrs, not airline cancelled, not business class, insurance does not cover length). Unable to process cancellation.""","""User Sophia Silva (ID sophia_silva_7557) wants to cancel reservation NM1VX1 because they do not want flights longer than 4 hours. Cancellation does not meet policy criteria (not within 24 hrs, not business class, not airline cancelled, insurance does not cover this reason).""",unknown,aligned_tool
C2_C1,gpt_oss_120b,airline,44,airline:44,compound,False,True,get_reservation_details,<CALL>,"get_reservation_details|{""reservation_id"":""WUNA5K""}",<MISSING>,extra argument,replace
C2_C1,gpt_oss_120b,airline,44,airline:44,compound,False,True,update_reservation_flights,<CALL>,"update_reservation_flights|{""cabin"":""business"",""flights"":[{""date"":""2024-05-25"",""destination"":""EWR"",""flight_number"":""HAT300"",""origin"":""MSP"",""price"":100},{""date"":""2024-05-27"",""destination"":""MSP"",""flight_number"":""HAT208"",""origin"":""EWR"",""price"":53}],""payment_id"":""gift_card_5094406"",""reservation_id"":""NM1VX1""}",<MISSING>,extra argument,replace
C2_C1,gpt_oss_120b,airline,44,airline:44,compound,False,True,transfer_to_human_agents,<CALL>,<MISSING>,"transfer_to_human_agents|{""summary"":""User requests flight durations (including layovers) for reservations NM1VX1, KC18K6, S61CZX, and H8Q05L to determine which exceed 4 hours. System does not store flight time data, so cannot provide durations.""}",missing argument,replace
C1_C1,gpt_oss_120b,airline,44,airline:44,compound,False,True,get_flight_status,date,"""2024-05-23""","""2024-05-25""",date/time,aligned_tool
C1_C1,gpt_oss_120b,airline,44,airline:44,compound,False,True,get_flight_status,flight_number,"""HAT228""","""HAT300""",amount/quantity,aligned_tool
C1_C1,gpt_oss_120b,airline,44,airline:44,compound,False,True,search_direct_flight,<CALL>,"search_direct_flight|{""date"":""2024-05-23"",""destination"":""EWR"",""origin"":""LAX""}",<MISSING>,extra argument,replace
C1_C1,gpt_oss_120b,airline,44,airline:44,compound,False,True,search_direct_flight,<CALL>,"search_direct_flight|{""date"":""2024-05-24"",""destination"":""CLT"",""origin"":""EWR""}",<MISSING>,extra argument,replace
C1_C1,gpt_oss_120b,airline,44,airline:44,compound,False,True,search_direct_flight,<CALL>,"search_direct_flight|{""date"":""2024-05-24"",""destination"":""EWR"",""origin"":""CLT""}",<MISSING>,extra argument,replace
C1_C1,gpt_oss_120b,airline,44,airline:44,compound,False,True,search_direct_flight,<CALL>,"search_direct_flight|{""date"":""2024-05-25"",""destination"":""LAX"",""origin"":""EWR""}",<MISSING>,extra argument,replace
C1_C1,gpt_oss_120b,airline,44,airline:44,compound,False,True,transfer_to_human_agents,<CALL>,<MISSING>,"transfer_to_human_agents|{""summary"":""User Sophia Silva (ID sophia_silva_7557) wants to cancel reservation NM1VX1 because they do not want flights longer than 4 hours. Cancellation does not meet policy criteria (not within 24 hrs, not business class, not airline cancelled, insurance does not cover this reason).""}",missing argument,replace
C1_C1,gpt_oss_120b,airline,44,airline:44,compound,False,True,get_flight_status,<CALL>,"get_flight_status|{""date"":""2024-05-23"",""flight_number"":""HAT228""}",<MISSING>,extra argument,replace
C1_C1,gpt_oss_120b,airline,44,airline:44,compound,False,True,search_direct_flight,<CALL>,"search_direct_flight|{""date"":""2024-05-23"",""destination"":""EWR"",""origin"":""LAX""}",<MISSING>,extra argument,replace
C1_C1,gpt_oss_120b,airline,44,airline:44,compound,False,True,search_direct_flight,<CALL>,"search_direct_flight|{""date"":""2024-05-24"",""destination"":""CLT"",""origin"":""EWR""}",<MISSING>,extra argument,replace
C1_C1,gpt_oss_120b,airline,44,airline:44,compound,False,True,search_direct_flight,<CALL>,"search_direct_flight|{""date"":""2024-05-24"",""destination"":""EWR"",""origin"":""CLT""}",<MISSING>,extra argument,replace
C1_C1,gpt_oss_120b,airline,44,airline:44,compound,False,True,search_direct_flight,<CALL>,"search_direct_flight|{""date"":""2024-05-25"",""destination"":""LAX"",""origin"":""EWR""}",<MISSING>,extra argument,replace
C1_C1,gpt_oss_120b,airline,44,airline:44,compound,False,True,get_reservation_details,<CALL>,<MISSING>,"get_reservation_details|{""reservation_id"":""WUNA5K""}",missing argument,replace
C1_C1,gpt_oss_120b,airline,44,airline:44,compound,False,True,get_flight_status,<CALL>,"get_flight_status|{""date"":""2024-05-23"",""flight_number"":""HAT228""}",<MISSING>,extra argument,replace
C1_C1,gpt_oss_120b,airline,44,airline:44,compound,False,True,search_direct_flight,<CALL>,"search_direct_flight|{""date"":""2024-05-23"",""destination"":""EWR"",""origin"":""LAX""}",<MISSING>,extra argument,replace
C1_C1,gpt_oss_120b,airline,44,airline:44,compound,False,True,search_direct_flight,<CALL>,"search_direct_flight|{""date"":""2024-05-24"",""destination"":""CLT"",""origin"":""EWR""}",<MISSING>,extra argument,replace
C1_C1,gpt_oss_120b,airline,44,airline:44,compound,False,True,search_direct_flight,<CALL>,"search_direct_flight|{""date"":""2024-05-24"",""destination"":""EWR"",""origin"":""CLT""}",<MISSING>,extra argument,replace
C1_C1,gpt_oss_120b,airline,44,airline:44,compound,False,True,search_direct_flight,<CALL>,"search_direct_flight|{""date"":""2024-05-25"",""destination"":""LAX"",""origin"":""EWR""}",<MISSING>,extra argument,replace
C1_C1,gpt_oss_120b,airline,44,airline:44,compound,False,True,transfer_to_human_agents,<CALL>,<MISSING>,"transfer_to_human_agents|{""summary"":""User requests flight durations (including layovers) for reservations NM1VX1, KC18K6, S61CZX, and H8Q05L to determine which exceed 4 hours. System does not store flight time data, so cannot provide durations.""}",missing argument,replace
C1_C1,gpt_oss_120b,airline,44,airline:44,compound,False,True,get_flight_status,<CALL>,"get_flight_status|{""date"":""2024-05-23"",""flight_number"":""HAT228""}",<MISSING>,extra argument,replace
C1_C1,gpt_oss_120b,airline,44,airline:44,compound,False,True,get_reservation_details,<CALL>,<MISSING>,"get_reservation_details|{""reservation_id"":""WUNA5K""}",missing argument,replace
C1_C1,gpt_oss_120b,airline,44,airline:44,compound,False,True,search_direct_flight,date,"""2024-05-23""","""2024-05-25""",date/time,aligned_tool
C1_C1,gpt_oss_120b,airline,44,airline:44,compound,False,True,search_direct_flight,origin,"""LAX""","""MSP""",source/destination,aligned_tool
C1_C1,gpt_oss_120b,airline,44,airline:44,compound,False,True,search_direct_flight,date,"""2024-05-24""","""2024-05-27""",date/time,aligned_tool
C1_C1,gpt_oss_120b,airline,44,airline:44,compound,False,True,search_direct_flight,destination,"""CLT""","""MSP""",source/destination,aligned_tool
C1_C1,gpt_oss_120b,airline,44,airline:44,compound,False,True,search_direct_flight,date,"""2024-05-24""","""2024-05-21""",date/time,aligned_tool
C1_C1,gpt_oss_120b,airline,44,airline:44,compound,False,True,search_direct_flight,destination,"""EWR""","""CLT""",source/destination,aligned_tool
C1_C1,gpt_oss_120b,airline,44,airline:44,compound,False,True,search_direct_flight,origin,"""CLT""","""EWR""",source/destination,aligned_tool
C1_C1,gpt_oss_120b,airline,44,airline:44,compound,False,True,search_direct_flight,date,"""2024-05-25""","""2024-05-23""",date/time,aligned_tool
C1_C1,gpt_oss_120b,airline,44,airline:44,compound,False,True,search_direct_flight,destination,"""LAX""","""EWR""",source/destination,aligned_tool
C1_C1,gpt_oss_120b,airline,44,airline:44,compound,False,True,search_direct_flight,origin,"""EWR""","""LAX""",source/destination,aligned_tool
C1_C1,gpt_oss_120b,airline,44,airline:44,compound,False,True,get_flight_status,<CALL>,"get_flight_status|{""date"":""2024-05-25"",""flight_number"":""HAT300""}",<MISSING>,extra argument,replace
C1_C1,gpt_oss_120b,airline,44,airline:44,compound,False,True,transfer_to_human_agents,<CALL>,"transfer_to_human_agents|{""summary"":""User Sophia Silva (ID sophia_silva_7557) wants to cancel reservation NM1VX1 because they do not want flights longer than 4 hours. Cancellation does not meet policy criteria (not within 24 hrs, not business class, not airline cancelled, insurance does not cover this reason).""}",<MISSING>,extra argument,replace
C1_C1,gpt_oss_120b,airline,44,airline:44,compound,False,True,get_reservation_details,<CALL>,<MISSING>,"get_reservation_details|{""reservation_id"":""KC18K6""}",missing argument,replace
C1_C1,gpt_oss_120b,airline,44,airline:44,compound,False,True,get_reservation_details,<CALL>,<MISSING>,"get_reservation_details|{""reservation_id"":""S61CZX""}",missing argument,replace
C1_C1,gpt_oss_120b,airline,44,airline:44,compound,False,True,get_reservation_details,<CALL>,<MISSING>,"get_reservation_details|{""reservation_id"":""H8Q05L""}",missing argument,replace
C1_C1,gpt_oss_120b,airline,44,airline:44,compound,False,True,get_reservation_details,<CALL>,<MISSING>,"get_reservation_details|{""reservation_id"":""WUNA5K""}",missing argument,replace
C1_C1,gpt_oss_120b,airline,44,airline:44,compound,False,True,get_flight_status,<CALL>,"get_flight_status|{""date"":""2024-05-25"",""flight_number"":""HAT300""}",<MISSING>,extra argument,replace
C1_C1,gpt_oss_120b,airline,44,airline:44,compound,False,True,get_reservation_details,<CALL>,<MISSING>,"get_reservation_details|{""reservation_id"":""KC18K6""}",missing argument,replace
C1_C1,gpt_oss_120b,airline,44,airline:44,compound,False,True,get_reservation_details,<CALL>,<MISSING>,"get_reservation_details|{""reservation_id"":""S61CZX""}",missing argument,replace
C1_C1,gpt_oss_120b,airline,44,airline:44,compound,False,True,get_reservation_details,<CALL>,<MISSING>,"get_reservation_details|{""reservation_id"":""H8Q05L""}",missing argument,replace
C1_C1,gpt_oss_120b,airline,44,airline:44,compound,False,True,transfer_to_human_agents,summary,"""User Sophia Silva (ID sophia_silva_7557) wants to cancel reservation NM1VX1 because they do not want flights longer than 4 hours. Cancellation does not meet policy criteria (not within 24 hrs, not business class, not airline cancelled, insurance does not cover this reason).""","""User requests flight durations (including layovers) for reservations NM1VX1, KC18K6, S61CZX, and H8Q05L to determine which exceed 4 hours. System does not store flight time data, so cannot provide durations.""",unknown,aligned_tool
C1_C1,gpt_oss_120b,airline,44,airline:44,compound,False,True,get_flight_status,<CALL>,"get_flight_status|{""date"":""2024-05-25"",""flight_number"":""HAT300""}",<MISSING>,extra argument,replace
C1_C1,gpt_oss_120b,airline,44,airline:44,compound,False,True,transfer_to_human_agents,<CALL>,"transfer_to_human_agents|{""summary"":""User Sophia Silva (ID sophia_silva_7557) wants to cancel reservation NM1VX1 because they do not want flights longer than 4 hours. Cancellation does not meet policy criteria (not within 24 hrs, not business class, not airline cancelled, insurance does not cover this reason).""}",<MISSING>,extra argument,replace
C1_C1,gpt_oss_120b,airline,44,airline:44,compound,False,True,get_reservation_details,<CALL>,<MISSING>,"get_reservation_details|{""reservation_id"":""KC18K6""}",missing argument,replace
C1_C1,gpt_oss_120b,airline,44,airline:44,compound,False,True,get_reservation_details,<CALL>,<MISSING>,"get_reservation_details|{""reservation_id"":""S61CZX""}",missing argument,replace
C1_C1,gpt_oss_120b,airline,44,airline:44,compound,False,True,get_reservation_details,<CALL>,<MISSING>,"get_reservation_details|{""reservation_id"":""H8Q05L""}",missing argument,replace
C1_C1,gpt_oss_120b,airline,44,airline:44,compound,False,True,get_reservation_details,<CALL>,<MISSING>,"get_reservation_details|{""reservation_id"":""WUNA5K""}",missing argument,replace
C1_C1,gpt_oss_120b,airline,44,airline:44,compound,False,True,search_direct_flight,<CALL>,<MISSING>,"search_direct_flight|{""date"":""2024-05-25"",""destination"":""EWR"",""origin"":""MSP""}",missing argument,replace
C1_C1,gpt_oss_120b,airline,44,airline:44,compound,False,True,search_direct_flight,<CALL>,<MISSING>,"search_direct_flight|{""date"":""2024-05-27"",""destination"":""MSP"",""origin"":""EWR""}",missing argument,replace
C1_C1,gpt_oss_120b,airline,44,airline:44,compound,False,True,search_direct_flight,<CALL>,<MISSING>,"search_direct_flight|{""date"":""2024-05-21"",""destination"":""CLT"",""origin"":""EWR""}",missing argument,replace
C1_C1,gpt_oss_120b,airline,44,airline:44,compound,False,True,search_direct_flight,<CALL>,<MISSING>,"search_direct_flight|{""date"":""2024-05-23"",""destination"":""EWR"",""origin"":""LAX""}",missing argument,replace
C1_C1,gpt_oss_120b,airline,44,airline:44,compound,False,True,search_direct_flight,<CALL>,<MISSING>,"search_direct_flight|{""date"":""2024-05-24"",""destination"":""EWR"",""origin"":""CLT""}",missing argument,replace
C1_C1,gpt_oss_120b,airline,44,airline:44,compound,False,True,search_direct_flight,<CALL>,<MISSING>,"search_direct_flight|{""date"":""2024-05-25"",""destination"":""LAX"",""origin"":""EWR""}",missing argument,replace
C1_C1,gpt_oss_120b,airline,44,airline:44,compound,False,True,search_direct_flight,<CALL>,<MISSING>,"search_direct_flight|{""date"":""2024-05-24"",""destination"":""ATL"",""origin"":""JFK""}",missing argument,replace
C1_C1,gpt_oss_120b,airline,44,airline:44,compound,False,True,get_reservation_details,<CALL>,"get_reservation_details|{""reservation_id"":""WUNA5K""}",<MISSING>,extra argument,replace
C1_C1,gpt_oss_120b,airline,44,airline:44,compound,False,True,transfer_to_human_agents,<CALL>,<MISSING>,"transfer_to_human_agents|{""summary"":""User requests flight durations (including layovers) for reservations NM1VX1, KC18K6, S61CZX, and H8Q05L to determine which exceed 4 hours. System does not store flight time data, so cannot provide durations.""}",missing argument,replace
C1_C1,gpt_oss_120b,airline,44,airline:44,compound,False,True,transfer_to_human_agents,<CALL>,"transfer_to_human_agents|{""summary"":""User requests flight durations (including layovers) for reservations NM1VX1, KC18K6, S61CZX, and H8Q05L to determine which exceed 4 hours. System does not store flight time data, so cannot provide durations.""}",<MISSING>,extra argument,replace
C1_C1,gpt_oss_120b,airline,44,airline:44,compound,False,True,get_reservation_details,<CALL>,<MISSING>,"get_reservation_details|{""reservation_id"":""WUNA5K""}",missing argument,replace
C1_C1,gpt_oss_120b,airline,44,airline:44,compound,False,True,search_direct_flight,<CALL>,<MISSING>,"search_direct_flight|{""date"":""2024-05-25"",""destination"":""EWR"",""origin"":""MSP""}",missing argument,replace
C1_C1,gpt_oss_120b,airline,44,airline:44,compound,False,True,search_direct_flight,<CALL>,<MISSING>,"search_direct_flight|{""date"":""2024-05-27"",""destination"":""MSP"",""origin"":""EWR""}",missing argument,replace
C1_C1,gpt_oss_120b,airline,44,airline:44,compound,False,True,search_direct_flight,<CALL>,<MISSING>,"search_direct_flight|{""date"":""2024-05-21"",""destination"":""CLT"",""origin"":""EWR""}",missing argument,replace
C1_C1,gpt_oss_120b,airline,44,airline:44,compound,False,True,search_direct_flight,<CALL>,<MISSING>,"search_direct_flight|{""date"":""2024-05-23"",""destination"":""EWR"",""origin"":""LAX""}",missing argument,replace
C1_C1,gpt_oss_120b,airline,44,airline:44,compound,False,True,search_direct_flight,<CALL>,<MISSING>,"search_direct_flight|{""date"":""2024-05-24"",""destination"":""EWR"",""origin"":""CLT""}",missing argument,replace
C1_C1,gpt_oss_120b,airline,44,airline:44,compound,False,True,search_direct_flight,<CALL>,<MISSING>,"search_direct_flight|{""date"":""2024-05-25"",""destination"":""LAX"",""origin"":""EWR""}",missing argument,replace
C1_C1,gpt_oss_120b,airline,44,airline:44,compound,False,True,search_direct_flight,<CALL>,<MISSING>,"search_direct_flight|{""date"":""2024-05-24"",""destination"":""ATL"",""origin"":""JFK""}",missing argument,replace
C2_C1,gpt_oss_120b,airline,7,airline:7,compound,False,False,get_reservation_details,reservation_id,"""XEHM4B""","""59XX6W""",order/reservation identifier,aligned_tool
C2_C1,gpt_oss_120b,airline,7,airline:7,compound,False,False,get_reservation_details,<CALL>,"get_reservation_details|{""reservation_id"":""59XX6W""}",<MISSING>,extra argument,replace
C2_C1,gpt_oss_120b,airline,7,airline:7,compound,False,False,cancel_reservation,<CALL>,"cancel_reservation|{""reservation_id"":""59XX6W""}",<MISSING>,extra argument,replace
C2_C1,gpt_oss_120b,airline,7,airline:7,compound,False,False,get_flight_status,<CALL>,<MISSING>,"get_flight_status|{""date"":""2024-05-20"",""flight_number"":""HAT005""}",missing argument,replace
C2_C1,gpt_oss_120b,airline,7,airline:7,compound,False,False,get_flight_status,<CALL>,<MISSING>,"get_flight_status|{""date"":""2024-05-30"",""flight_number"":""HAT178""}",missing argument,replace
C2_C1,gpt_oss_120b,airline,7,airline:7,compound,False,False,search_direct_flight,<CALL>,<MISSING>,"search_direct_flight|{""date"":""2024-05-20"",""destination"":""ATL"",""origin"":""LAS""}",missing argument,replace
C2_C1,gpt_oss_120b,airline,7,airline:7,compound,False,False,transfer_to_human_agents,summary,"""User wants to upgrade reservation XEHM4B (basic economy) to business and then cancel it. Policy prohibits modifying basic economy flights, and cancellation criteria are not met (no insurance, not within 24h, not business). Unable to fulfill request.""","""User daiki_muller_1116 wants to upgrade reservation XEHM4B from basic economy to business, which is not allowed per policy (basic economy flights cannot be modified). They then want to cancel the reservation, but cancellation is not eligible (no insurance, booking older than 24h, not business). Unable to fulfill request.""",unknown,aligned_tool
C2_C1,gpt_oss_120b,airline,7,airline:7,compound,False,False,transfer_to_human_agents,<CALL>,"transfer_to_human_agents|{""summary"":""User daiki_muller_1116 wants to cancel reservation XEHM4B (basic economy, no insurance, booked over 24 hrs ago) due to illness. Cancellation not allowed per policy.""}",<MISSING>,extra argument,replace
C2_C1,gpt_oss_120b,airline,7,airline:7,compound,False,False,get_reservation_details,<CALL>,<MISSING>,"get_reservation_details|{""reservation_id"":""59XX6W""}",missing argument,replace
C2_C1,gpt_oss_120b,airline,7,airline:7,compound,False,False,get_flight_status,<CALL>,<MISSING>,"get_flight_status|{""date"":""2024-05-20"",""flight_number"":""HAT005""}",missing argument,replace
C2_C1,gpt_oss_120b,airline,7,airline:7,compound,False,False,update_reservation_flights,<CALL>,<MISSING>,"update_reservation_flights|{""cabin"":""business"",""flights"":[{""date"":""2024-05-20"",""destination"":""ATL"",""flight_number"":""HAT005"",""origin"":""LAS"",""price"":0},{""date"":""2024-05-30"",""destination"":""LAS"",""flight_number"":""HAT178"",""origin"":""ATL"",""price"":0}],""payment_id"":""credit_card_2408938"",""reservation_id"":""XEHM4B""}",missing argument,replace
C2_C1,gpt_oss_120b,airline,7,airline:7,compound,False,False,cancel_reservation,<CALL>,<MISSING>,"cancel_reservation|{""reservation_id"":""XEHM4B""}",missing argument,replace
C2_C1,gpt_oss_120b,airline,7,airline:7,compound,False,False,get_user_details,<CALL>,<MISSING>,"get_user_details|{""user_id"":""daiki_muller_1116""}",missing argument,replace
C2_C1,gpt_oss_120b,airline,7,airline:7,compound,False,False,get_reservation_details,<CALL>,<MISSING>,"get_reservation_details|{""reservation_id"":""7WPL39""}",missing argument,replace
C2_C1,gpt_oss_120b,airline,7,airline:7,compound,False,False,get_reservation_details,<CALL>,<MISSING>,"get_reservation_details|{""reservation_id"":""59XX6W""}",missing argument,replace
C2_C1,gpt_oss_120b,airline,7,airline:7,compound,False,False,get_reservation_details,<CALL>,<MISSING>,"get_reservation_details|{""reservation_id"":""3EMQJ6""}",missing argument,replace
C2_C1,gpt_oss_120b,airline,7,airline:7,compound,False,False,get_reservation_details,<CALL>,<MISSING>,"get_reservation_details|{""reservation_id"":""A90KR2""}",missing argument,replace
C2_C1,gpt_oss_120b,airline,7,airline:7,compound,False,False,get_reservation_details,<CALL>,"get_reservation_details|{""reservation_id"":""59XX6W""}",<MISSING>,extra argument,replace
C2_C1,gpt_oss_120b,airline,7,airline:7,compound,False,False,cancel_reservation,<CALL>,"cancel_reservation|{""reservation_id"":""59XX6W""}",<MISSING>,extra argument,replace
C2_C1,gpt_oss_120b,airline,7,airline:7,compound,False,False,get_reservation_details,<CALL>,"get_reservation_details|{""reservation_id"":""7WPL39""}",<MISSING>,extra argument,replace
C2_C1,gpt_oss_120b,airline,7,airline:7,compound,False,False,get_reservation_details,<CALL>,"get_reservation_details|{""reservation_id"":""3EMQJ6""}",<MISSING>,extra argument,replace
C2_C1,gpt_oss_120b,airline,7,airline:7,compound,False,False,get_reservation_details,<CALL>,"get_reservation_details|{""reservation_id"":""A90KR2""}",<MISSING>,extra argument,replace
C2_C1,gpt_oss_120b,airline,7,airline:7,compound,False,False,transfer_to_human_agents,<CALL>,<MISSING>,"transfer_to_human_agents|{""summary"":""User daiki_muller_1116 wants to cancel reservation XEHM4B (basic economy, round trip, no insurance) due to illness. According to policy, cancellation is not allowed because the reservation is not within 24 hrs, not a business class, and has no travel insurance. User also has reservation 59XX6W which we have not yet retrieved.""}",missing argument,replace
C2_C1,gpt_oss_120b,airline,7,airline:7,compound,False,True,get_reservation_details,<CALL>,"get_reservation_details|{""reservation_id"":""59XX6W""}",<MISSING>,extra argument,replace
C2_C1,gpt_oss_120b,airline,7,airline:7,compound,False,True,search_direct_flight,<CALL>,"search_direct_flight|{""date"":""2024-05-20"",""destination"":""ATL"",""origin"":""LAS""}",<MISSING>,extra argument,replace
C2_C1,gpt_oss_120b,airline,7,airline:7,compound,False,True,search_direct_flight,<CALL>,"search_direct_flight|{""date"":""2024-05-30"",""destination"":""LAS"",""origin"":""ATL""}",<MISSING>,extra argument,replace
C2_C1,gpt_oss_120b,airline,7,airline:7,compound,False,True,transfer_to_human_agents,<CALL>,<MISSING>,"transfer_to_human_agents|{""summary"":""User daiki_muller_1116 wants to cancel reservation XEHM4B (basic economy, round trip, no insurance) due to illness. According to policy, cancellation is not allowed because the reservation is not within 24 hrs, not a business class, and has no travel insurance. User also has reservation 59XX6W which we have not yet retrieved.""}",missing argument,replace
C2_C1,gpt_oss_120b,airline,7,airline:7,compound,False,True,transfer_to_human_agents,summary,"""User wants to upgrade reservation XEHM4B from basic economy to business and then cancel it, but basic economy cannot be modified. User requested transfer to human agent.""","""User daiki_muller_1116 wants to cancel reservation XEHM4B (basic economy, round trip, no insurance) due to illness. According to policy, cancellation is not allowed because the reservation is not within 24 hrs, not a business class, and has no travel insurance. User also has reservation 59XX6W which we have not yet retrieved.""",unknown,aligned_tool
C1_C1,gpt_oss_120b,airline,7,airline:7,compound,False,False,get_flight_status,<CALL>,"get_flight_status|{""date"":""2024-05-20"",""flight_number"":""HAT005""}",<MISSING>,extra argument,replace
C1_C1,gpt_oss_120b,airline,7,airline:7,compound,False,False,get_flight_status,<CALL>,"get_flight_status|{""date"":""2024-05-30"",""flight_number"":""HAT178""}",<MISSING>,extra argument,replace
C1_C1,gpt_oss_120b,airline,7,airline:7,compound,False,False,search_direct_flight,<CALL>,"search_direct_flight|{""date"":""2024-05-20"",""destination"":""ATL"",""origin"":""LAS""}",<MISSING>,extra argument,replace
C1_C1,gpt_oss_120b,airline,7,airline:7,compound,False,False,transfer_to_human_agents,<CALL>,"transfer_to_human_agents|{""summary"":""User daiki_muller_1116 wants to upgrade reservation XEHM4B from basic economy to business, which is not allowed per policy (basic economy flights cannot be modified). They then want to cancel the reservation, but cancellation is not eligible (no insurance, booking older than 24h, not business). Unable to fulfill request.""}",<MISSING>,extra argument,replace
C1_C1,gpt_oss_120b,airline,7,airline:7,compound,False,False,get_reservation_details,<CALL>,<MISSING>,"get_reservation_details|{""reservation_id"":""7WPL39""}",missing argument,replace
C1_C1,gpt_oss_120b,airline,7,airline:7,compound,False,False,get_reservation_details,<CALL>,<MISSING>,"get_reservation_details|{""reservation_id"":""59XX6W""}",missing argument,replace
C1_C1,gpt_oss_120b,airline,7,airline:7,compound,False,False,get_reservation_details,<CALL>,<MISSING>,"get_reservation_details|{""reservation_id"":""3EMQJ6""}",missing argument,replace
C1_C1,gpt_oss_120b,airline,7,airline:7,compound,False,False,get_reservation_details,<CALL>,<MISSING>,"get_reservation_details|{""reservation_id"":""A90KR2""}",missing argument,replace
C1_C1,gpt_oss_120b,airline,7,airline:7,compound,False,True,transfer_to_human_agents,summary,"""User daiki_muller_1116 wants to upgrade reservation XEHM4B from basic economy to business, which is not allowed per policy (basic economy flights cannot be modified). They then want to cancel the reservation, but cancellation is not eligible (no insurance, booking older than 24h, not business). Unable to fulfill request.""","""User daiki_muller_1116 wants to cancel reservation XEHM4B (basic economy, round trip, no insurance) due to illness. According to policy, cancellation is not allowed because the reservation is not within 24 hrs, not a business class, and has no travel insurance. User also has reservation 59XX6W which we have not yet retrieved.""",unknown,aligned_tool
C1_C1,gpt_oss_120b,airline,7,airline:7,compound,False,True,transfer_to_human_agents,summary,"""User daiki_muller_1116 wants to upgrade reservation XEHM4B from basic economy to business, which is not allowed per policy (basic economy flights cannot be modified). They then want to cancel the reservation, but cancellation is not eligible (no insurance, booking older than 24h, not business). Unable to fulfill request.""","""User daiki_muller_1116 wants to cancel reservation XEHM4B (basic economy, round trip, no insurance) due to illness. According to policy, cancellation is not allowed because the reservation is not within 24 hrs, not a business class, and has no travel insurance. User also has reservation 59XX6W which we have not yet retrieved.""",unknown,aligned_tool
C1_C1,gpt_oss_120b,airline,7,airline:7,compound,False,True,transfer_to_human_agents,summary,"""User daiki_muller_1116 wants to upgrade reservation XEHM4B from basic economy to business, which is not allowed per policy (basic economy flights cannot be modified). They then want to cancel the reservation, but cancellation is not eligible (no insurance, booking older than 24h, not business). Unable to fulfill request.""","""User daiki_muller_1116 wants to cancel reservation XEHM4B (basic economy, round trip, no insurance) due to illness. According to policy, cancellation is not allowed because the reservation is not within 24 hrs, not a business class, and has no travel insurance. User also has reservation 59XX6W which we have not yet retrieved.""",unknown,aligned_tool
C1_C1,gpt_oss_120b,airline,7,airline:7,compound,False,False,get_reservation_details,<CALL>,"get_reservation_details|{""reservation_id"":""59XX6W""}",<MISSING>,extra argument,replace
C1_C1,gpt_oss_120b,airline,7,airline:7,compound,False,False,get_flight_status,<CALL>,"get_flight_status|{""date"":""2024-05-20"",""flight_number"":""HAT005""}",<MISSING>,extra argument,replace
C1_C1,gpt_oss_120b,airline,7,airline:7,compound,False,False,update_reservation_flights,<CALL>,"update_reservation_flights|{""cabin"":""business"",""flights"":[{""date"":""2024-05-20"",""destination"":""ATL"",""flight_number"":""HAT005"",""origin"":""LAS"",""price"":0},{""date"":""2024-05-30"",""destination"":""LAS"",""flight_number"":""HAT178"",""origin"":""ATL"",""price"":0}],""payment_id"":""credit_card_2408938"",""reservation_id"":""XEHM4B""}",<MISSING>,extra argument,replace
C1_C1,gpt_oss_120b,airline,7,airline:7,compound,False,False,cancel_reservation,<CALL>,"cancel_reservation|{""reservation_id"":""XEHM4B""}",<MISSING>,extra argument,replace
C1_C1,gpt_oss_120b,airline,7,airline:7,compound,False,False,get_user_details,<CALL>,"get_user_details|{""user_id"":""daiki_muller_1116""}",<MISSING>,extra argument,replace
C1_C1,gpt_oss_120b,airline,7,airline:7,compound,False,False,get_reservation_details,<CALL>,"get_reservation_details|{""reservation_id"":""7WPL39""}",<MISSING>,extra argument,replace
C1_C1,gpt_oss_120b,airline,7,airline:7,compound,False,False,get_reservation_details,<CALL>,"get_reservation_details|{""reservation_id"":""59XX6W""}",<MISSING>,extra argument,replace
C1_C1,gpt_oss_120b,airline,7,airline:7,compound,False,False,get_reservation_details,<CALL>,"get_reservation_details|{""reservation_id"":""3EMQJ6""}",<MISSING>,extra argument,replace
C1_C1,gpt_oss_120b,airline,7,airline:7,compound,False,False,get_reservation_details,<CALL>,"get_reservation_details|{""reservation_id"":""A90KR2""}",<MISSING>,extra argument,replace
C1_C1,gpt_oss_120b,airline,7,airline:7,compound,False,False,transfer_to_human_agents,<CALL>,<MISSING>,"transfer_to_human_agents|{""summary"":""User daiki_muller_1116 wants to cancel reservation XEHM4B (basic economy, round trip, no insurance) due to illness. According to policy, cancellation is not allowed because the reservation is not within 24 hrs, not a business class, and has no travel insurance. User also has reservation 59XX6W which we have not yet retrieved.""}",missing argument,replace
C1_C1,gpt_oss_120b,airline,7,airline:7,compound,False,False,get_reservation_details,<CALL>,"get_reservation_details|{""reservation_id"":""59XX6W""}",<MISSING>,extra argument,replace
C1_C1,gpt_oss_120b,airline,7,airline:7,compound,False,False,get_flight_status,<CALL>,"get_flight_status|{""date"":""2024-05-20"",""flight_number"":""HAT005""}",<MISSING>,extra argument,replace
C1_C1,gpt_oss_120b,airline,7,airline:7,compound,False,False,update_reservation_flights,<CALL>,"update_reservation_flights|{""cabin"":""business"",""flights"":[{""date"":""2024-05-20"",""destination"":""ATL"",""flight_number"":""HAT005"",""origin"":""LAS"",""price"":0},{""date"":""2024-05-30"",""destination"":""LAS"",""flight_number"":""HAT178"",""origin"":""ATL"",""price"":0}],""payment_id"":""credit_card_2408938"",""reservation_id"":""XEHM4B""}",<MISSING>,extra argument,replace
C1_C1,gpt_oss_120b,airline,7,airline:7,compound,False,False,cancel_reservation,<CALL>,"cancel_reservation|{""reservation_id"":""XEHM4B""}",<MISSING>,extra argument,replace
C1_C1,gpt_oss_120b,airline,7,airline:7,compound,False,False,get_user_details,<CALL>,"get_user_details|{""user_id"":""daiki_muller_1116""}",<MISSING>,extra argument,replace
C1_C1,gpt_oss_120b,airline,7,airline:7,compound,False,False,get_reservation_details,<CALL>,"get_reservation_details|{""reservation_id"":""7WPL39""}",<MISSING>,extra argument,replace
C1_C1,gpt_oss_120b,airline,7,airline:7,compound,False,False,get_reservation_details,<CALL>,"get_reservation_details|{""reservation_id"":""59XX6W""}",<MISSING>,extra argument,replace
C1_C1,gpt_oss_120b,airline,7,airline:7,compound,False,False,get_reservation_details,<CALL>,"get_reservation_details|{""reservation_id"":""3EMQJ6""}",<MISSING>,extra argument,replace
C1_C1,gpt_oss_120b,airline,7,airline:7,compound,False,False,get_reservation_details,<CALL>,"get_reservation_details|{""reservation_id"":""A90KR2""}",<MISSING>,extra argument,replace
C1_C1,gpt_oss_120b,airline,7,airline:7,compound,False,False,transfer_to_human_agents,<CALL>,<MISSING>,"transfer_to_human_agents|{""summary"":""User daiki_muller_1116 wants to cancel reservation XEHM4B (basic economy, round trip, no insurance) due to illness. According to policy, cancellation is not allowed because the reservation is not within 24 hrs, not a business class, and has no travel insurance. User also has reservation 59XX6W which we have not yet retrieved.""}",missing argument,replace
C1_C1,gpt_oss_120b,airline,7,airline:7,compound,False,False,get_reservation_details,<CALL>,"get_reservation_details|{""reservation_id"":""59XX6W""}",<MISSING>,extra argument,replace
C1_C1,gpt_oss_120b,airline,7,airline:7,compound,False,False,get_flight_status,<CALL>,"get_flight_status|{""date"":""2024-05-20"",""flight_number"":""HAT005""}",<MISSING>,extra argument,replace
C1_C1,gpt_oss_120b,airline,7,airline:7,compound,False,False,update_reservation_flights,<CALL>,"update_reservation_flights|{""cabin"":""business"",""flights"":[{""date"":""2024-05-20"",""destination"":""ATL"",""flight_number"":""HAT005"",""origin"":""LAS"",""price"":0},{""date"":""2024-05-30"",""destination"":""LAS"",""flight_number"":""HAT178"",""origin"":""ATL"",""price"":0}],""payment_id"":""credit_card_2408938"",""reservation_id"":""XEHM4B""}",<MISSING>,extra argument,replace
C1_C1,gpt_oss_120b,airline,7,airline:7,compound,False,False,cancel_reservation,<CALL>,"cancel_reservation|{""reservation_id"":""XEHM4B""}",<MISSING>,extra argument,replace
C1_C1,gpt_oss_120b,airline,7,airline:7,compound,False,False,get_user_details,<CALL>,"get_user_details|{""user_id"":""daiki_muller_1116""}",<MISSING>,extra argument,replace
C1_C1,gpt_oss_120b,airline,7,airline:7,compound,False,False,get_reservation_details,<CALL>,"get_reservation_details|{""reservation_id"":""7WPL39""}",<MISSING>,extra argument,replace
C1_C1,gpt_oss_120b,airline,7,airline:7,compound,False,False,get_reservation_details,<CALL>,"get_reservation_details|{""reservation_id"":""59XX6W""}",<MISSING>,extra argument,replace
C1_C1,gpt_oss_120b,airline,7,airline:7,compound,False,False,get_reservation_details,<CALL>,"get_reservation_details|{""reservation_id"":""3EMQJ6""}",<MISSING>,extra argument,replace
C1_C1,gpt_oss_120b,airline,7,airline:7,compound,False,False,get_reservation_details,<CALL>,"get_reservation_details|{""reservation_id"":""A90KR2""}",<MISSING>,extra argument,replace
C1_C1,gpt_oss_120b,airline,7,airline:7,compound,False,False,transfer_to_human_agents,<CALL>,<MISSING>,"transfer_to_human_agents|{""summary"":""User daiki_muller_1116 wants to cancel reservation XEHM4B (basic economy, round trip, no insurance) due to illness. According to policy, cancellation is not allowed because the reservation is not within 24 hrs, not a business class, and has no travel insurance. User also has reservation 59XX6W which we have not yet retrieved.""}",missing argument,replace
C2_C1,gpt_oss_120b,retail,10,retail:10,read,True,True,transfer_to_human_agents,summary,"""User Mia Garcia is upset and requests to speak with a human representative after being told refunds can only be processed to original payment methods.""","""User Mia Garcia wants to speak with a human representative after being unable to change refund destination.""",unknown,aligned_tool
C2_C1,gpt_oss_120b,retail,10,retail:10,read,True,True,transfer_to_human_agents,summary,"""User Mia Garcia (email: mia.garcia2723@example.com) is upset and requests to speak with a human representative regarding return refunds.""","""User Mia Garcia wants to return all items from orders #W5490111 and #W7387996, but is upset about refund method restrictions and requests to speak with a human representative.""",unknown,aligned_tool
C2_C1,gpt_oss_120b,retail,10,retail:10,read,True,True,transfer_to_human_agents,summary,"""User Mia Garcia wants refunds for order #W5490111 to be sent to PayPal (paypal_9497703) and order #W7387996 to be sent to Visa credit card, which is not allowed per policy. User requests to speak with a human representative.""","""User (Mia Garcia) is upset and requests to speak with a human representative.""",unknown,aligned_tool
C2_C1,gpt_oss_120b,retail,10,retail:10,read,True,True,transfer_to_human_agents,summary,"""User Mia Garcia is upset and requests to speak with a human representative after being told refunds must go to original payment methods.""","""User Mia Garcia is upset and requests to speak with a human representative after being unable to change refund destinations.""",unknown,aligned_tool
C2_C1,gpt_oss_120b,retail,10,retail:10,read,True,True,transfer_to_human_agents,summary,"""User Mia Garcia is upset and requests to speak with a human representative after being unable to change refund payment methods.""","""User Mia Garcia is upset and requests to speak with a human representative after being unable to change refund destinations.""",unknown,aligned_tool
C1_C1,gpt_oss_120b,retail,10,retail:10,read,True,True,transfer_to_human_agents,summary,"""User Mia Garcia wants to speak with a human representative after being unable to change refund destination.""","""User Mia Garcia wants to return all items from orders #W5490111 and #W7387996, but is upset about refund method restrictions and requests to speak with a human representative.""",unknown,aligned_tool
C1_C1,gpt_oss_120b,retail,10,retail:10,read,True,True,transfer_to_human_agents,summary,"""User Mia Garcia wants to speak with a human representative after being unable to change refund destination.""","""User (Mia Garcia) is upset and requests to speak with a human representative.""",unknown,aligned_tool
C1_C1,gpt_oss_120b,retail,10,retail:10,read,True,True,transfer_to_human_agents,summary,"""User Mia Garcia wants to speak with a human representative after being unable to change refund destination.""","""User Mia Garcia is upset and requests to speak with a human representative after being unable to change refund destinations.""",unknown,aligned_tool
C1_C1,gpt_oss_120b,retail,10,retail:10,read,True,True,transfer_to_human_agents,summary,"""User Mia Garcia wants to speak with a human representative after being unable to change refund destination.""","""User Mia Garcia is upset and requests to speak with a human representative after being unable to change refund destinations.""",unknown,aligned_tool
C1_C1,gpt_oss_120b,retail,10,retail:10,read,True,True,transfer_to_human_agents,summary,"""User Mia Garcia wants to return all items from orders #W5490111 and #W7387996, but is upset about refund method restrictions and requests to speak with a human representative.""","""User (Mia Garcia) is upset and requests to speak with a human representative.""",unknown,aligned_tool
C1_C1,gpt_oss_120b,retail,10,retail:10,read,True,True,transfer_to_human_agents,summary,"""User Mia Garcia wants to return all items from orders #W5490111 and #W7387996, but is upset about refund method restrictions and requests to speak with a human representative.""","""User Mia Garcia is upset and requests to speak with a human representative after being unable to change refund destinations.""",unknown,aligned_tool
C1_C1,gpt_oss_120b,retail,10,retail:10,read,True,True,transfer_to_human_agents,summary,"""User Mia Garcia wants to return all items from orders #W5490111 and #W7387996, but is upset about refund method restrictions and requests to speak with a human representative.""","""User Mia Garcia is upset and requests to speak with a human representative after being unable to change refund destinations.""",unknown,aligned_tool
C1_C1,gpt_oss_120b,retail,10,retail:10,read,True,True,transfer_to_human_agents,summary,"""User (Mia Garcia) is upset and requests to speak with a human representative.""","""User Mia Garcia is upset and requests to speak with a human representative after being unable to change refund destinations.""",unknown,aligned_tool
C1_C1,gpt_oss_120b,retail,10,retail:10,read,True,True,transfer_to_human_agents,summary,"""User (Mia Garcia) is upset and requests to speak with a human representative.""","""User Mia Garcia is upset and requests to speak with a human representative after being unable to change refund destinations.""",unknown,aligned_tool
C2_C1,gpt_oss_120b,retail,12,retail:12,read,True,True,transfer_to_human_agents,summary,"""User Mia Garcia wants a refund to PayPal for a returned order originally paid with credit card, which is not allowed by policy. User requests to speak to a human agent.""","""User Mia Garcia wants a refund to PayPal for a returned order that was originally paid with a credit card, which is not allowed by policy. User requests to speak to a human agent.""",unknown,aligned_tool
C2_C1,gpt_oss_120b,retail,12,retail:12,read,True,True,transfer_to_human_agents,summary,"""User Mia Garcia wants a refund for returned items to be sent to PayPal instead of the original credit card, which is not allowed by policy, and requests to speak with a human agent.""","""User Mia Garcia wants a refund for returned items from order #W5490111 to be sent to PayPal instead of the original credit card, which is not allowed by policy.""",unknown,aligned_tool
C2_C1,gpt_oss_120b,retail,12,retail:12,read,True,True,transfer_to_human_agents,summary,"""User Mia Garcia wants a refund for returned items from order #W5490111 to be processed to PayPal instead of the original credit card, which is not allowed by policy. User requests to speak with a human agent.""","""User Mia Garcia wants a refund for returned items from order #W5490111 to be sent to PayPal instead of the original credit card, which is not allowed by policy.""",unknown,aligned_tool
C2_C1,gpt_oss_120b,retail,12,retail:12,read,True,True,transfer_to_human_agents,summary,"""User Mia Garcia wants a refund for returned items to be sent to PayPal, but policy only allows refund to original payment method (credit card) or existing gift card. User refuses credit card refund.""","""User Mia Garcia wants a refund for returned items from order #W5490111 to be sent to PayPal instead of the original credit card, which is not allowed by policy.""",unknown,aligned_tool
C2_C1,gpt_oss_120b,retail,12,retail:12,read,True,True,transfer_to_human_agents,summary,"""User Mia Garcia wants a refund for returned items to be sent to PayPal, but policy only allows refund to original payment method (credit card) or existing gift card. User refuses credit card refund.""","""User Mia Garcia wants a refund for returned items from order #W5490111 to be sent to PayPal instead of the original credit card, which is not allowed by policy.""",unknown,aligned_tool
C1_C1,gpt_oss_120b,retail,12,retail:12,read,True,True,transfer_to_human_agents,summary,"""User Mia Garcia wants a refund to PayPal for a returned order that was originally paid with a credit card, which is not allowed by policy. User requests to speak to a human agent.""","""User Mia Garcia wants a refund for returned items from order #W5490111 to be sent to PayPal instead of the original credit card, which is not allowed by policy.""",unknown,aligned_tool
C1_C1,gpt_oss_120b,retail,12,retail:12,read,True,True,transfer_to_human_agents,summary,"""User Mia Garcia wants a refund to PayPal for a returned order that was originally paid with a credit card, which is not allowed by policy. User requests to speak to a human agent.""","""User Mia Garcia wants a refund for returned items from order #W5490111 to be sent to PayPal instead of the original credit card, which is not allowed by policy.""",unknown,aligned_tool
C1_C1,gpt_oss_120b,retail,12,retail:12,read,True,True,transfer_to_human_agents,summary,"""User Mia Garcia wants a refund to PayPal for a returned order that was originally paid with a credit card, which is not allowed by policy. User requests to speak to a human agent.""","""User Mia Garcia wants a refund for returned items from order #W5490111 to be sent to PayPal instead of the original credit card, which is not allowed by policy.""",unknown,aligned_tool
C1_C1,gpt_oss_120b,retail,12,retail:12,read,True,True,transfer_to_human_agents,summary,"""User Mia Garcia wants a refund to PayPal for a returned order that was originally paid with a credit card, which is not allowed by policy. User requests to speak to a human agent.""","""User Mia Garcia wants a refund for returned items from order #W5490111 to be sent to PayPal instead of the original credit card, which is not allowed by policy.""",unknown,aligned_tool
C2_C1,gpt_oss_120b,retail,2,retail:2,single,False,True,get_order_details,order_id,"""#W6247578""","""#W4776164""",order/reservation identifier,aligned_tool
C2_C1,gpt_oss_120b,retail,2,retail:2,single,False,True,get_order_details,order_id,"""#W9711842""","""#W6679257""",order/reservation identifier,aligned_tool
C2_C1,gpt_oss_120b,retail,2,retail:2,single,False,True,get_order_details,order_id,"""#W4776164""","""#W2378156""",order/reservation identifier,aligned_tool
C2_C1,gpt_oss_120b,retail,2,retail:2,single,False,True,list_all_product_types,<CALL>,list_all_product_types|{},<MISSING>,extra argument,replace
C2_C1,gpt_oss_120b,retail,2,retail:2,single,False,True,get_product_details,<CALL>,<MISSING>,"get_product_details|{""product_id"":""9523456873""}",missing argument,replace
C2_C1,gpt_oss_120b,retail,2,retail:2,single,False,True,return_delivered_order_items,item_ids,"[""4202497723"", ""4602305039"", ""9408160950""]","[""4602305039"", ""4202497723"", ""9408160950""]",order/reservation identifier,aligned_tool
C2_C1,gpt_oss_120b,retail,2,retail:2,single,False,False,list_all_product_types,<CALL>,list_all_product_types|{},<MISSING>,extra argument,replace
C2_C1,gpt_oss_120b,retail,2,retail:2,single,False,False,get_product_details,<CALL>,<MISSING>,"get_product_details|{""product_id"":""9523456873""}",missing argument,replace
C2_C1,gpt_oss_120b,retail,2,retail:2,single,False,False,get_product_details,<CALL>,"get_product_details|{""product_id"":""9523456873""}",<MISSING>,extra argument,replace
C2_C1,gpt_oss_120b,retail,2,retail:2,single,False,False,return_delivered_order_items,<CALL>,<MISSING>,"return_delivered_order_items|{""item_ids"":[""4202497723"",""4602305039"",""9408160950""],""order_id"":""#W2378156"",""payment_method_id"":""credit_card_9513926""}",missing argument,replace
C2_C1,gpt_oss_120b,retail,2,retail:2,single,False,True,get_order_details,order_id,"""#W9711842""","""#W6247578""",order/reservation identifier,aligned_tool
C2_C1,gpt_oss_120b,retail,2,retail:2,single,False,True,get_order_details,order_id,"""#W4776164""","""#W9711842""",order/reservation identifier,aligned_tool
C2_C1,gpt_oss_120b,retail,2,retail:2,single,False,True,get_order_details,order_id,"""#W6679257""","""#W4776164""",order/reservation identifier,aligned_tool
C2_C1,gpt_oss_120b,retail,2,retail:2,single,False,True,get_order_details,order_id,"""#W2378156""","""#W6679257""",order/reservation identifier,aligned_tool
C1_C1,gpt_oss_120b,retail,2,retail:2,single,False,False,get_order_details,order_id,"""#W4776164""","""#W6247578""",order/reservation identifier,aligned_tool
C1_C1,gpt_oss_120b,retail,2,retail:2,single,False,False,get_order_details,order_id,"""#W6679257""","""#W9711842""",order/reservation identifier,aligned_tool
C1_C1,gpt_oss_120b,retail,2,retail:2,single,False,False,get_order_details,order_id,"""#W2378156""","""#W4776164""",order/reservation identifier,aligned_tool
C1_C1,gpt_oss_120b,retail,2,retail:2,single,False,True,get_order_details,order_id,"""#W4776164""","""#W6247578""",order/reservation identifier,aligned_tool
C1_C1,gpt_oss_120b,retail,2,retail:2,single,False,True,get_order_details,order_id,"""#W6679257""","""#W9711842""",order/reservation identifier,aligned_tool
C1_C1,gpt_oss_120b,retail,2,retail:2,single,False,True,get_order_details,order_id,"""#W2378156""","""#W4776164""",order/reservation identifier,aligned_tool
C1_C1,gpt_oss_120b,retail,2,retail:2,single,False,False,get_order_details,order_id,"""#W4776164""","""#W6247578""",order/reservation identifier,aligned_tool
C1_C1,gpt_oss_120b,retail,2,retail:2,single,False,False,get_order_details,order_id,"""#W6679257""","""#W9711842""",order/reservation identifier,aligned_tool
C1_C1,gpt_oss_120b,retail,2,retail:2,single,False,False,get_order_details,order_id,"""#W2378156""","""#W4776164""",order/reservation identifier,aligned_tool
C1_C1,gpt_oss_120b,retail,2,retail:2,single,False,True,get_order_details,order_id,"""#W4776164""","""#W6247578""",order/reservation identifier,aligned_tool
C1_C1,gpt_oss_120b,retail,2,retail:2,single,False,True,get_order_details,order_id,"""#W6679257""","""#W9711842""",order/reservation identifier,aligned_tool
C1_C1,gpt_oss_120b,retail,2,retail:2,single,False,True,get_order_details,order_id,"""#W2378156""","""#W4776164""",order/reservation identifier,aligned_tool
C1_C1,gpt_oss_120b,retail,2,retail:2,single,False,True,return_delivered_order_items,item_ids,"[""4602305039"", ""4202497723"", ""9408160950""]","[""4202497723"", ""4602305039"", ""9408160950""]",order/reservation identifier,aligned_tool
C2_C1,gpt_oss_120b,retail,20,retail:20,single,False,False,get_product_details,product_id,"""6938111410""","""4794339885""",order/reservation identifier,aligned_tool
C2_C1,gpt_oss_120b,retail,20,retail:20,single,False,False,get_product_details,product_id,"""5149340237""","""6938111410""",order/reservation identifier,aligned_tool
C2_C1,gpt_oss_120b,retail,20,retail:20,single,False,False,modify_pending_order_items,new_item_ids,"[""4579334072"", ""1151293680"", ""4153505238"", ""2882812427""]","[""4579334072"", ""1151293680"", ""4153505238"", ""5012998807""]",order/reservation identifier,aligned_tool
C2_C1,gpt_oss_120b,retail,20,retail:20,single,False,True,get_product_details,product_id,"""1656367028""","""8310926033""",order/reservation identifier,aligned_tool
C2_C1,gpt_oss_120b,retail,20,retail:20,single,False,True,get_product_details,product_id,"""4794339885""","""1656367028""",order/reservation identifier,aligned_tool
C1_C1,gpt_oss_120b,retail,20,retail:20,single,False,False,get_product_details,product_id,"""4794339885""","""6938111410""",order/reservation identifier,aligned_tool
C1_C1,gpt_oss_120b,retail,20,retail:20,single,False,False,get_product_details,product_id,"""6938111410""","""5149340237""",order/reservation identifier,aligned_tool
C1_C1,gpt_oss_120b,retail,20,retail:20,single,False,False,modify_pending_order_items,new_item_ids,"[""4579334072"", ""1151293680"", ""4153505238"", ""2882812427""]","[""4579334072"", ""1151293680"", ""4153505238"", ""5012998807""]",order/reservation identifier,aligned_tool
C1_C1,gpt_oss_120b,retail,20,retail:20,single,False,True,get_product_details,product_id,"""4794339885""","""6938111410""",order/reservation identifier,aligned_tool
C1_C1,gpt_oss_120b,retail,20,retail:20,single,False,True,get_product_details,product_id,"""6938111410""","""5149340237""",order/reservation identifier,aligned_tool
C1_C1,gpt_oss_120b,retail,20,retail:20,single,False,True,get_product_details,product_id,"""4794339885""","""6938111410""",order/reservation identifier,aligned_tool
C1_C1,gpt_oss_120b,retail,20,retail:20,single,False,True,get_product_details,product_id,"""6938111410""","""5149340237""",order/reservation identifier,aligned_tool
C1_C1,gpt_oss_120b,retail,20,retail:20,single,False,True,get_product_details,product_id,"""4794339885""","""6938111410""",order/reservation identifier,aligned_tool
C1_C1,gpt_oss_120b,retail,20,retail:20,single,False,True,get_product_details,product_id,"""6938111410""","""5149340237""",order/reservation identifier,aligned_tool
C1_C1,gpt_oss_120b,retail,20,retail:20,single,False,False,modify_pending_order_items,new_item_ids,"[""4579334072"", ""1151293680"", ""4153505238"", ""5012998807""]","[""4579334072"", ""1151293680"", ""4153505238"", ""2882812427""]",order/reservation identifier,aligned_tool
C1_C1,gpt_oss_120b,retail,20,retail:20,single,False,False,modify_pending_order_items,new_item_ids,"[""4579334072"", ""1151293680"", ""4153505238"", ""5012998807""]","[""4579334072"", ""1151293680"", ""4153505238"", ""2882812427""]",order/reservation identifier,aligned_tool
C1_C1,gpt_oss_120b,retail,20,retail:20,single,False,False,modify_pending_order_items,new_item_ids,"[""4579334072"", ""1151293680"", ""4153505238"", ""5012998807""]","[""4579334072"", ""1151293680"", ""4153505238"", ""2882812427""]",order/reservation identifier,aligned_tool
C2_C1,gpt_oss_120b,retail,21,retail:21,single,False,True,get_product_details,<CALL>,"get_product_details|{""product_id"":""6938111410""}",<MISSING>,extra argument,replace
C2_C1,gpt_oss_120b,retail,21,retail:21,single,False,True,get_product_details,<CALL>,"get_product_details|{""product_id"":""1656367028""}",<MISSING>,extra argument,replace
C2_C1,gpt_oss_120b,retail,21,retail:21,single,False,True,get_item_details,<CALL>,<MISSING>,"get_item_details|{""item_id"":""4107812777""}",missing argument,replace
C2_C1,gpt_oss_120b,retail,21,retail:21,single,False,True,get_item_details,<CALL>,<MISSING>,"get_item_details|{""item_id"":""1340995114""}",missing argument,replace
C2_C1,gpt_oss_120b,retail,21,retail:21,single,False,True,get_item_details,<CALL>,<MISSING>,"get_item_details|{""item_id"":""1421289881""}",missing argument,replace
C2_C1,gpt_oss_120b,retail,21,retail:21,single,False,False,get_item_details,<CALL>,"get_item_details|{""item_id"":""1421289881""}",<MISSING>,extra argument,replace
C2_C1,gpt_oss_120b,retail,21,retail:21,single,False,False,get_product_details,<CALL>,<MISSING>,"get_product_details|{""product_id"":""6938111410""}",missing argument,replace
C2_C1,gpt_oss_120b,retail,21,retail:21,single,False,False,modify_pending_order_items,<CALL>,<MISSING>,"modify_pending_order_items|{""item_ids"":[""9791469541""],""new_item_ids"":[""4107812777""],""order_id"":""#W9911714"",""payment_method_id"":""gift_card_4332117""}",missing argument,replace
C2_C1,gpt_oss_120b,retail,21,retail:21,single,False,False,transfer_to_human_agents,<CALL>,<MISSING>,"transfer_to_human_agents|{""summary"":""User Ethan Garcia wants to place a new order for a keyboard (item ID 1421289881) after modifying a pending order. The system does not have a tool to create new orders, so a human agent is needed.""}",missing argument,replace
C2_C1,gpt_oss_120b,retail,21,retail:21,single,False,True,transfer_to_human_agents,summary,"""User Ethan Garcia is unable to decide whether to cancel the pending order #W9911714 and reorder with a different keyboard item, or keep the order and place a separate new order. They repeatedly request the assistant to decide for them, but policy requires explicit user confirmation for actions. Transfer to human agent needed.""","""User Ethan Garcia wants to cancel order #W9911714 (status pending (item modified)) but cancellation is not allowed because the order has already been modified; cannot cancel or further modify items. User also wants to replace a Mechanical Keyboard item, which is not possible via another modify. Need human assistance to resolve.""",unknown,aligned_tool
C2_C1,gpt_oss_120b,retail,21,retail:21,single,False,False,modify_pending_order_items,item_ids,"[""9791469541"", ""1340995114""]","[""9791469541""]",order/reservation identifier,aligned_tool
C2_C1,gpt_oss_120b,retail,21,retail:21,single,False,False,modify_pending_order_items,new_item_ids,"[""4107812777"", ""1421289881""]","[""4107812777""]",order/reservation identifier,aligned_tool
C2_C1,gpt_oss_120b,retail,21,retail:21,single,False,True,get_item_details,<CALL>,"get_item_details|{""item_id"":""1421289881""}",<MISSING>,extra argument,replace
C2_C1,gpt_oss_120b,retail,21,retail:21,single,False,True,cancel_pending_order,<CALL>,<MISSING>,"cancel_pending_order|{""order_id"":""#W9911714"",""reason"":""ordered by mistake""}",missing argument,replace
C2_C1,gpt_oss_120b,retail,21,retail:21,single,False,True,transfer_to_human_agents,summary,"""User Ethan Garcia wants to place a new order for item ID 1421289881 (linear switch 80% keyboard, $268.77) after having already modified a pending order. No tool available to create a new order.""","""User Ethan Garcia wants to create a new order after attempting to modify and cancel an existing pending order, but the system lacks a tool to create new orders. Transfer to human agent for order creation.""",unknown,aligned_tool
C1_C1,gpt_oss_120b,retail,21,retail:21,single,False,False,get_item_details,<CALL>,"get_item_details|{""item_id"":""1340995114""}",<MISSING>,extra argument,replace
C1_C1,gpt_oss_120b,retail,21,retail:21,single,False,False,get_item_details,<CALL>,"get_item_details|{""item_id"":""1421289881""}",<MISSING>,extra argument,replace
C1_C1,gpt_oss_120b,retail,21,retail:21,single,False,False,get_product_details,<CALL>,<MISSING>,"get_product_details|{""product_id"":""6938111410""}",missing argument,replace
C1_C1,gpt_oss_120b,retail,21,retail:21,single,False,False,modify_pending_order_items,item_ids,"[""9791469541"", ""1340995114""]","[""9791469541""]",order/reservation identifier,aligned_tool
C1_C1,gpt_oss_120b,retail,21,retail:21,single,False,False,modify_pending_order_items,new_item_ids,"[""4107812777"", ""1421289881""]","[""4107812777""]",order/reservation identifier,aligned_tool
C1_C1,gpt_oss_120b,retail,21,retail:21,single,False,False,get_item_details,<CALL>,"get_item_details|{""item_id"":""4107812777""}",<MISSING>,extra argument,replace
C1_C1,gpt_oss_120b,retail,21,retail:21,single,False,False,get_item_details,<CALL>,"get_item_details|{""item_id"":""1340995114""}",<MISSING>,extra argument,replace
C1_C1,gpt_oss_120b,retail,21,retail:21,single,False,False,get_item_details,<CALL>,"get_item_details|{""item_id"":""1421289881""}",<MISSING>,extra argument,replace
C1_C1,gpt_oss_120b,retail,21,retail:21,single,False,False,get_product_details,<CALL>,<MISSING>,"get_product_details|{""product_id"":""6938111410""}",missing argument,replace
C1_C1,gpt_oss_120b,retail,21,retail:21,single,False,False,modify_pending_order_items,item_ids,"[""9791469541"", ""1340995114""]","[""9791469541""]",order/reservation identifier,aligned_tool
C1_C1,gpt_oss_120b,retail,21,retail:21,single,False,False,modify_pending_order_items,new_item_ids,"[""4107812777"", ""1421289881""]","[""4107812777""]",order/reservation identifier,aligned_tool
C1_C1,gpt_oss_120b,retail,21,retail:21,single,False,False,get_item_details,<CALL>,"get_item_details|{""item_id"":""4107812777""}",<MISSING>,extra argument,replace
C1_C1,gpt_oss_120b,retail,21,retail:21,single,False,False,get_item_details,<CALL>,"get_item_details|{""item_id"":""1340995114""}",<MISSING>,extra argument,replace
C1_C1,gpt_oss_120b,retail,21,retail:21,single,False,False,get_item_details,<CALL>,"get_item_details|{""item_id"":""1421289881""}",<MISSING>,extra argument,replace
C1_C1,gpt_oss_120b,retail,21,retail:21,single,False,False,get_product_details,<CALL>,<MISSING>,"get_product_details|{""product_id"":""6938111410""}",missing argument,replace
C1_C1,gpt_oss_120b,retail,21,retail:21,single,False,False,modify_pending_order_items,item_ids,"[""9791469541"", ""1340995114""]","[""9791469541""]",order/reservation identifier,aligned_tool
C1_C1,gpt_oss_120b,retail,21,retail:21,single,False,False,modify_pending_order_items,new_item_ids,"[""4107812777"", ""1421289881""]","[""4107812777""]",order/reservation identifier,aligned_tool
C1_C1,gpt_oss_120b,retail,21,retail:21,single,False,False,get_item_details,<CALL>,"get_item_details|{""item_id"":""4107812777""}",<MISSING>,extra argument,replace
C1_C1,gpt_oss_120b,retail,21,retail:21,single,False,False,get_item_details,<CALL>,"get_item_details|{""item_id"":""1340995114""}",<MISSING>,extra argument,replace
C1_C1,gpt_oss_120b,retail,21,retail:21,single,False,False,get_item_details,<CALL>,"get_item_details|{""item_id"":""1421289881""}",<MISSING>,extra argument,replace
C1_C1,gpt_oss_120b,retail,21,retail:21,single,False,False,get_product_details,<CALL>,<MISSING>,"get_product_details|{""product_id"":""6938111410""}",missing argument,replace
C1_C1,gpt_oss_120b,retail,21,retail:21,single,False,False,modify_pending_order_items,item_ids,"[""9791469541"", ""1340995114""]","[""9791469541""]",order/reservation identifier,aligned_tool
C1_C1,gpt_oss_120b,retail,21,retail:21,single,False,False,modify_pending_order_items,new_item_ids,"[""4107812777"", ""1421289881""]","[""4107812777""]",order/reservation identifier,aligned_tool
C1_C1,gpt_oss_120b,retail,21,retail:21,single,False,True,transfer_to_human_agents,summary,"""User Ethan Garcia wants to place a new order for a keyboard (item ID 1421289881) after modifying a pending order. The system does not have a tool to create new orders, so a human agent is needed.""","""User Ethan Garcia wants to cancel order #W9911714 (status pending (item modified)) but cancellation is not allowed because the order has already been modified; cannot cancel or further modify items. User also wants to replace a Mechanical Keyboard item, which is not possible via another modify. Need human assistance to resolve.""",unknown,aligned_tool
C1_C1,gpt_oss_120b,retail,21,retail:21,single,False,True,transfer_to_human_agents,summary,"""User Ethan Garcia wants to place a new order for a keyboard (item ID 1421289881) after modifying a pending order. The system does not have a tool to create new orders, so a human agent is needed.""","""User Ethan Garcia wants to replace a Mechanical Keyboard (item ID 1656367028) with item ID 1421289881 in order #W9911714, but the order has already been modified once and cannot be cancelled. User requests transfer to a human agent for further assistance.""",unknown,aligned_tool
C1_C1,gpt_oss_120b,retail,21,retail:21,single,False,True,transfer_to_human_agents,summary,"""User Ethan Garcia wants to place a new order for a keyboard (item ID 1421289881) after modifying a pending order. The system does not have a tool to create new orders, so a human agent is needed.""","""User Ethan Garcia wants to create a new order after attempting to modify and cancel an existing pending order, but the system lacks a tool to create new orders. Transfer to human agent for order creation.""",unknown,aligned_tool
C1_C1,gpt_oss_120b,retail,21,retail:21,single,False,True,transfer_to_human_agents,summary,"""User Ethan Garcia wants to cancel order #W9911714 (status pending (item modified)) but cancellation is not allowed because the order has already been modified; cannot cancel or further modify items. User also wants to replace a Mechanical Keyboard item, which is not possible via another modify. Need human assistance to resolve.""","""User Ethan Garcia wants to replace a Mechanical Keyboard (item ID 1656367028) with item ID 1421289881 in order #W9911714, but the order has already been modified once and cannot be cancelled. User requests transfer to a human agent for further assistance.""",unknown,aligned_tool
C1_C1,gpt_oss_120b,retail,21,retail:21,single,False,True,transfer_to_human_agents,summary,"""User Ethan Garcia wants to cancel order #W9911714 (status pending (item modified)) but cancellation is not allowed because the order has already been modified; cannot cancel or further modify items. User also wants to replace a Mechanical Keyboard item, which is not possible via another modify. Need human assistance to resolve.""","""User Ethan Garcia wants to create a new order after attempting to modify and cancel an existing pending order, but the system lacks a tool to create new orders. Transfer to human agent for order creation.""",unknown,aligned_tool
C1_C1,gpt_oss_120b,retail,21,retail:21,single,False,True,transfer_to_human_agents,summary,"""User Ethan Garcia wants to replace a Mechanical Keyboard (item ID 1656367028) with item ID 1421289881 in order #W9911714, but the order has already been modified once and cannot be cancelled. User requests transfer to a human agent for further assistance.""","""User Ethan Garcia wants to create a new order after attempting to modify and cancel an existing pending order, but the system lacks a tool to create new orders. Transfer to human agent for order creation.""",unknown,aligned_tool
C2_C1,gpt_oss_120b,retail,23,retail:23,compound,False,True,get_product_details,product_id,"""5426915165""","""7765186836""",order/reservation identifier,aligned_tool
C2_C1,gpt_oss_120b,retail,23,retail:23,compound,False,True,get_order_details,order_id,"""#54321""","""#67890""",order/reservation identifier,aligned_tool
C2_C1,gpt_oss_120b,retail,23,retail:23,compound,False,True,get_order_details,order_id,"""#W6876714""","""#W9609649""",order/reservation identifier,aligned_tool
C2_C1,gpt_oss_120b,retail,23,retail:23,compound,False,True,get_order_details,order_id,"""#W0012345""","""#12345""",order/reservation identifier,aligned_tool
C2_C1,gpt_oss_120b,retail,23,retail:23,compound,False,True,get_order_details,order_id,"""#W0001234""","""#67890""",order/reservation identifier,aligned_tool
C2_C1,gpt_oss_120b,retail,23,retail:23,compound,False,True,get_order_details,order_id,"""#12345""","""#123456789""",order/reservation identifier,aligned_tool
C2_C1,gpt_oss_120b,retail,23,retail:23,compound,False,True,get_order_details,order_id,"""#W5432109""","""#123456780""",order/reservation identifier,aligned_tool
C2_C1,gpt_oss_120b,retail,23,retail:23,compound,False,True,get_order_details,order_id,"""#W5432109""","""#W3561391""",order/reservation identifier,aligned_tool
C2_C1,gpt_oss_120b,retail,23,retail:23,compound,False,False,get_order_details,order_id,"""#W0000124""","""#W0000678""",order/reservation identifier,aligned_tool
C2_C1,gpt_oss_120b,retail,23,retail:23,compound,False,False,get_order_details,order_id,"""#W9609649""","""#W3947049""",order/reservation identifier,aligned_tool
C2_C1,gpt_oss_120b,retail,23,retail:23,compound,False,False,get_order_details,order_id,"""#W3947049""","""#W9609649""",order/reservation identifier,aligned_tool
C2_C1,gpt_oss_120b,retail,23,retail:23,compound,False,False,get_product_details,<CALL>,"get_product_details|{""product_id"":""7765186836""}",<MISSING>,extra argument,replace
C2_C1,gpt_oss_120b,retail,23,retail:23,compound,False,False,exchange_delivered_order_items,<CALL>,<MISSING>,"exchange_delivered_order_items|{""item_ids"":[""3358616356""],""new_item_ids"":[""8573379326""],""order_id"":""#W3947049"",""payment_method_id"":""credit_card_7901829""}",missing argument,replace
C2_C1,gpt_oss_120b,retail,23,retail:23,compound,False,False,exchange_delivered_order_items,<CALL>,<MISSING>,"exchange_delivered_order_items|{""item_ids"":[""6301799585""],""new_item_ids"":[""8926329222""],""order_id"":""#W6876713"",""payment_method_id"":""credit_card_7901829""}",missing argument,replace
C2_C1,gpt_oss_120b,retail,23,retail:23,compound,False,False,modify_pending_order_items,<CALL>,<MISSING>,"modify_pending_order_items|{""item_ids"":[""5946177616""],""new_item_ids"":[""7082455361""],""order_id"":""#W3561391"",""payment_method_id"":""credit_card_7901829""}",missing argument,replace
C1_C1,gpt_oss_120b,retail,23,retail:23,compound,False,True,get_order_details,order_id,"""#W6876713""","""#W3561391""",order/reservation identifier,aligned_tool
C1_C1,gpt_oss_120b,retail,23,retail:23,compound,False,True,get_order_details,order_id,"""#W9609649""","""#W6876713""",order/reservation identifier,aligned_tool
C1_C1,gpt_oss_120b,retail,23,retail:23,compound,False,True,get_order_details,order_id,"""#W3947049""","""#W9609649""",order/reservation identifier,aligned_tool
C1_C1,gpt_oss_120b,retail,23,retail:23,compound,False,True,get_product_details,product_id,"""7765186836""","""6819683148""",order/reservation identifier,aligned_tool
C1_C1,gpt_oss_120b,retail,23,retail:23,compound,False,True,get_order_details,order_id,"""#W3561391""","""#123456789""",order/reservation identifier,aligned_tool
C1_C1,gpt_oss_120b,retail,23,retail:23,compound,False,True,get_order_details,order_id,"""#W6876713""","""#123456780""",order/reservation identifier,aligned_tool
C1_C1,gpt_oss_120b,retail,23,retail:23,compound,False,True,get_order_details,order_id,"""#W9609649""","""#W3561391""",order/reservation identifier,aligned_tool
C1_C1,gpt_oss_120b,retail,23,retail:23,compound,False,True,get_product_details,product_id,"""5426915165""","""6819683148""",order/reservation identifier,aligned_tool
C1_C1,gpt_oss_120b,retail,23,retail:23,compound,False,True,get_order_details,order_id,"""#W3947049""","""#W6876713""",order/reservation identifier,aligned_tool
C1_C1,gpt_oss_120b,retail,23,retail:23,compound,False,True,get_product_details,product_id,"""7765186836""","""5426915165""",order/reservation identifier,aligned_tool
C1_C1,gpt_oss_120b,retail,23,retail:23,compound,False,True,get_product_details,<CALL>,"get_product_details|{""product_id"":""6819683148""}",<MISSING>,extra argument,replace
C1_C1,gpt_oss_120b,retail,23,retail:23,compound,False,True,get_order_details,<CALL>,<MISSING>,"get_order_details|{""order_id"":""#W9609649""}",missing argument,replace
C1_C1,gpt_oss_120b,retail,23,retail:23,compound,False,False,get_order_details,order_id,"""#W9609649""","""#W3947049""",order/reservation identifier,aligned_tool
C1_C1,gpt_oss_120b,retail,23,retail:23,compound,False,True,get_order_details,order_id,"""#W9609649""","""#W3947049""",order/reservation identifier,aligned_tool
C1_C1,gpt_oss_120b,retail,23,retail:23,compound,False,True,get_product_details,product_id,"""7765186836""","""6819683148""",order/reservation identifier,aligned_tool
C1_C1,gpt_oss_120b,retail,23,retail:23,compound,False,True,get_order_details,order_id,"""#12345""","""#123456789""",order/reservation identifier,aligned_tool
C1_C1,gpt_oss_120b,retail,23,retail:23,compound,False,True,get_order_details,order_id,"""#67890""","""#123456780""",order/reservation identifier,aligned_tool
C1_C1,gpt_oss_120b,retail,23,retail:23,compound,False,False,get_order_details,order_id,"""#12345""","""#W0000123""",order/reservation identifier,aligned_tool
C1_C1,gpt_oss_120b,retail,23,retail:23,compound,False,False,get_order_details,order_id,"""#67890""","""#W0000678""",order/reservation identifier,aligned_tool
C1_C1,gpt_oss_120b,retail,23,retail:23,compound,False,False,get_product_details,product_id,"""5426915165""","""6819683148""",order/reservation identifier,aligned_tool
C1_C1,gpt_oss_120b,retail,23,retail:23,compound,False,False,get_order_details,<CALL>,"get_order_details|{""order_id"":""#W3947049""}",<MISSING>,extra argument,replace
C1_C1,gpt_oss_120b,retail,23,retail:23,compound,False,False,get_product_details,<CALL>,"get_product_details|{""product_id"":""7765186836""}",<MISSING>,extra argument,replace
C1_C1,gpt_oss_120b,retail,23,retail:23,compound,False,False,exchange_delivered_order_items,<CALL>,<MISSING>,"exchange_delivered_order_items|{""item_ids"":[""3358616356""],""new_item_ids"":[""8573379326""],""order_id"":""#W3947049"",""payment_method_id"":""credit_card_7901829""}",missing argument,replace
C1_C1,gpt_oss_120b,retail,23,retail:23,compound,False,False,exchange_delivered_order_items,<CALL>,<MISSING>,"exchange_delivered_order_items|{""item_ids"":[""6301799585""],""new_item_ids"":[""8926329222""],""order_id"":""#W6876713"",""payment_method_id"":""credit_card_7901829""}",missing argument,replace
C1_C1,gpt_oss_120b,retail,23,retail:23,compound,False,False,modify_pending_order_items,<CALL>,<MISSING>,"modify_pending_order_items|{""item_ids"":[""5946177616""],""new_item_ids"":[""7082455361""],""order_id"":""#W3561391"",""payment_method_id"":""credit_card_7901829""}",missing argument,replace
C1_C1,gpt_oss_120b,retail,23,retail:23,compound,False,True,get_order_details,order_id,"""#12345""","""#123456789""",order/reservation identifier,aligned_tool
C1_C1,gpt_oss_120b,retail,23,retail:23,compound,False,True,get_order_details,order_id,"""#67890""","""#123456780""",order/reservation identifier,aligned_tool
C1_C1,gpt_oss_120b,retail,23,retail:23,compound,False,True,get_order_details,<CALL>,"get_order_details|{""order_id"":""#W6876713""}",<MISSING>,extra argument,replace
C1_C1,gpt_oss_120b,retail,23,retail:23,compound,False,True,get_product_details,<CALL>,<MISSING>,"get_product_details|{""product_id"":""6819683148""}",missing argument,replace
C1_C1,gpt_oss_120b,retail,23,retail:23,compound,False,True,get_order_details,order_id,"""#W9609649""","""#W6876713""",order/reservation identifier,aligned_tool
C1_C1,gpt_oss_120b,retail,23,retail:23,compound,False,True,get_order_details,order_id,"""#W3947049""","""#W9609649""",order/reservation identifier,aligned_tool
C1_C1,gpt_oss_120b,retail,23,retail:23,compound,False,False,get_order_details,order_id,"""#12345""","""#W0000123""",order/reservation identifier,aligned_tool
C1_C1,gpt_oss_120b,retail,23,retail:23,compound,False,False,get_order_details,order_id,"""#67890""","""#W0000678""",order/reservation identifier,aligned_tool
C1_C1,gpt_oss_120b,retail,23,retail:23,compound,False,False,get_order_details,order_id,"""#W9609649""","""#W3947049""",order/reservation identifier,aligned_tool
C1_C1,gpt_oss_120b,retail,23,retail:23,compound,False,False,get_order_details,order_id,"""#W3947049""","""#W9609649""",order/reservation identifier,aligned_tool
C1_C1,gpt_oss_120b,retail,23,retail:23,compound,False,False,get_product_details,<CALL>,"get_product_details|{""product_id"":""6819683148""}",<MISSING>,extra argument,replace
C1_C1,gpt_oss_120b,retail,23,retail:23,compound,False,False,exchange_delivered_order_items,<CALL>,<MISSING>,"exchange_delivered_order_items|{""item_ids"":[""3358616356""],""new_item_ids"":[""8573379326""],""order_id"":""#W3947049"",""payment_method_id"":""credit_card_7901829""}",missing argument,replace
C1_C1,gpt_oss_120b,retail,23,retail:23,compound,False,False,exchange_delivered_order_items,<CALL>,<MISSING>,"exchange_delivered_order_items|{""item_ids"":[""6301799585""],""new_item_ids"":[""8926329222""],""order_id"":""#W6876713"",""payment_method_id"":""credit_card_7901829""}",missing argument,replace
C1_C1,gpt_oss_120b,retail,23,retail:23,compound,False,False,modify_pending_order_items,<CALL>,<MISSING>,"modify_pending_order_items|{""item_ids"":[""5946177616""],""new_item_ids"":[""7082455361""],""order_id"":""#W3561391"",""payment_method_id"":""credit_card_7901829""}",missing argument,replace
C1_C1,gpt_oss_120b,retail,23,retail:23,compound,False,False,get_order_details,order_id,"""#123456789""","""#W0000123""",order/reservation identifier,aligned_tool
C1_C1,gpt_oss_120b,retail,23,retail:23,compound,False,False,get_order_details,order_id,"""#123456780""","""#W0000678""",order/reservation identifier,aligned_tool
C1_C1,gpt_oss_120b,retail,23,retail:23,compound,False,False,get_order_details,order_id,"""#W6876713""","""#W9609649""",order/reservation identifier,aligned_tool
C1_C1,gpt_oss_120b,retail,23,retail:23,compound,False,False,get_product_details,<CALL>,"get_product_details|{""product_id"":""5426915165""}",<MISSING>,extra argument,replace
C1_C1,gpt_oss_120b,retail,23,retail:23,compound,False,False,get_order_details,<CALL>,"get_order_details|{""order_id"":""#W9609649""}",<MISSING>,extra argument,replace
C1_C1,gpt_oss_120b,retail,23,retail:23,compound,False,False,exchange_delivered_order_items,<CALL>,<MISSING>,"exchange_delivered_order_items|{""item_ids"":[""3358616356""],""new_item_ids"":[""8573379326""],""order_id"":""#W3947049"",""payment_method_id"":""credit_card_7901829""}",missing argument,replace
C1_C1,gpt_oss_120b,retail,23,retail:23,compound,False,False,exchange_delivered_order_items,<CALL>,<MISSING>,"exchange_delivered_order_items|{""item_ids"":[""6301799585""],""new_item_ids"":[""8926329222""],""order_id"":""#W6876713"",""payment_method_id"":""credit_card_7901829""}",missing argument,replace
C1_C1,gpt_oss_120b,retail,23,retail:23,compound,False,False,modify_pending_order_items,<CALL>,<MISSING>,"modify_pending_order_items|{""item_ids"":[""5946177616""],""new_item_ids"":[""7082455361""],""order_id"":""#W3561391"",""payment_method_id"":""credit_card_7901829""}",missing argument,replace
C2_C1,gpt_oss_120b,retail,25,retail:25,read,True,True,get_order_details,order_id,"""#W3792453""","""#W7181492""",order/reservation identifier,aligned_tool
C2_C1,gpt_oss_120b,retail,25,retail:25,read,True,True,get_order_details,<CALL>,"get_order_details|{""order_id"":""#W7181492""}",<MISSING>,extra argument,replace
C2_C1,gpt_oss_120b,retail,25,retail:25,read,True,True,get_order_details,<CALL>,"get_order_details|{""order_id"":""#W5565470""}",<MISSING>,extra argument,replace
C2_C1,gpt_oss_120b,retail,25,retail:25,read,True,True,transfer_to_human_agents,<CALL>,"transfer_to_human_agents|{""summary"":""User Isabella Johansson wants to add a new Amex credit card as a payment method for a refund on a return, but the system has no tool to add a new payment method.""}",<MISSING>,extra argument,replace
C2_C1,gpt_oss_120b,retail,25,retail:25,read,True,True,get_user_details,<CALL>,<MISSING>,"get_user_details|{""user_id"":""isabella_johansson_2152""}",missing argument,replace
C2_C1,gpt_oss_120b,retail,25,retail:25,read,True,True,calculate,<CALL>,<MISSING>,"calculate|{""expression"":""96.35 + 193.38 + 473.48 + 238.64""}",missing argument,replace
C2_C1,gpt_oss_120b,retail,25,retail:25,read,True,True,transfer_to_human_agents,<CALL>,"transfer_to_human_agents|{""summary"":""User Isabella Johansson wants to speak to a human agent regarding a returned order #W3792453 and refund to a different payment method.""}",<MISSING>,extra argument,replace
C2_C1,gpt_oss_120b,retail,25,retail:25,read,True,True,get_order_details,<CALL>,<MISSING>,"get_order_details|{""order_id"":""#W7181492""}",missing argument,replace
C2_C1,gpt_oss_120b,retail,25,retail:25,read,True,True,get_order_details,<CALL>,<MISSING>,"get_order_details|{""order_id"":""#W5565470""}",missing argument,replace
C2_C1,gpt_oss_120b,retail,25,retail:25,read,True,True,get_user_details,<CALL>,<MISSING>,"get_user_details|{""user_id"":""isabella_johansson_2152""}",missing argument,replace
C1_C1,gpt_oss_120b,retail,25,retail:25,read,True,True,get_order_details,order_id,"""#W7181492""","""#W3792453""",order/reservation identifier,aligned_tool
C1_C1,gpt_oss_120b,retail,25,retail:25,read,True,True,get_order_details,order_id,"""#W7181492""","""#W3792453""",order/reservation identifier,aligned_tool
C1_C1,gpt_oss_120b,retail,25,retail:25,read,True,True,get_user_details,<CALL>,"get_user_details|{""user_id"":""isabella_johansson_2152""}",<MISSING>,extra argument,replace
C1_C1,gpt_oss_120b,retail,25,retail:25,read,True,True,calculate,<CALL>,"calculate|{""expression"":""96.35 + 193.38 + 473.48 + 238.64""}",<MISSING>,extra argument,replace
C1_C1,gpt_oss_120b,retail,25,retail:25,read,True,True,get_order_details,<CALL>,<MISSING>,"get_order_details|{""order_id"":""#W7181492""}",missing argument,replace
C1_C1,gpt_oss_120b,retail,25,retail:25,read,True,True,get_order_details,<CALL>,<MISSING>,"get_order_details|{""order_id"":""#W5565470""}",missing argument,replace
C1_C1,gpt_oss_120b,retail,25,retail:25,read,True,True,transfer_to_human_agents,<CALL>,<MISSING>,"transfer_to_human_agents|{""summary"":""User wants to add a new Amex credit card payment method to their account, which is not supported by the retail agent tools.""}",missing argument,replace
C1_C1,gpt_oss_120b,retail,25,retail:25,read,True,True,get_order_details,order_id,"""#W7181492""","""#W3792453""",order/reservation identifier,aligned_tool
C1_C1,gpt_oss_120b,retail,25,retail:25,read,True,True,get_user_details,<CALL>,"get_user_details|{""user_id"":""isabella_johansson_2152""}",<MISSING>,extra argument,replace
C1_C1,gpt_oss_120b,retail,25,retail:25,read,True,True,calculate,<CALL>,"calculate|{""expression"":""96.35 + 193.38 + 473.48 + 238.64""}",<MISSING>,extra argument,replace
C1_C1,gpt_oss_120b,retail,25,retail:25,read,True,True,get_order_details,<CALL>,<MISSING>,"get_order_details|{""order_id"":""#W7181492""}",missing argument,replace
C1_C1,gpt_oss_120b,retail,25,retail:25,read,True,True,get_order_details,<CALL>,<MISSING>,"get_order_details|{""order_id"":""#W5565470""}",missing argument,replace
C1_C1,gpt_oss_120b,retail,25,retail:25,read,True,True,transfer_to_human_agents,<CALL>,<MISSING>,"transfer_to_human_agents|{""summary"":""User Isabella Johansson wants a refund to an Amex credit card that is not on file. No payment method ID for Amex is available in the system, and there is no tool to add a new payment method. Need human assistance to add the credit card and process the refund.""}",missing argument,replace
C1_C1,gpt_oss_120b,retail,25,retail:25,read,True,True,get_order_details,order_id,"""#W7181492""","""#W3792453""",order/reservation identifier,aligned_tool
C1_C1,gpt_oss_120b,retail,25,retail:25,read,True,True,calculate,<CALL>,"calculate|{""expression"":""96.35 + 193.38 + 473.48 + 238.64""}",<MISSING>,extra argument,replace
C1_C1,gpt_oss_120b,retail,25,retail:25,read,True,True,get_order_details,<CALL>,<MISSING>,"get_order_details|{""order_id"":""#W7181492""}",missing argument,replace
C1_C1,gpt_oss_120b,retail,25,retail:25,read,True,True,get_order_details,<CALL>,<MISSING>,"get_order_details|{""order_id"":""#W5565470""}",missing argument,replace
C1_C1,gpt_oss_120b,retail,25,retail:25,read,True,True,transfer_to_human_agents,<CALL>,<MISSING>,"transfer_to_human_agents|{""summary"":""User Isabella Johansson wants to return the skateboard (item ID 4293355847) from order #W3792453 and receive a refund to her Amex credit card, but she does not know the payment method ID and requests a human agent.""}",missing argument,replace
C1_C1,gpt_oss_120b,retail,25,retail:25,read,True,True,get_user_details,<CALL>,"get_user_details|{""user_id"":""isabella_johansson_2152""}",<MISSING>,extra argument,replace
C1_C1,gpt_oss_120b,retail,25,retail:25,read,True,True,transfer_to_human_agents,<CALL>,<MISSING>,"transfer_to_human_agents|{""summary"":""User wants to add a new Amex credit card payment method to their account, which is not supported by the retail agent tools.""}",missing argument,replace
C1_C1,gpt_oss_120b,retail,25,retail:25,read,True,True,get_user_details,<CALL>,"get_user_details|{""user_id"":""isabella_johansson_2152""}",<MISSING>,extra argument,replace
C1_C1,gpt_oss_120b,retail,25,retail:25,read,True,True,transfer_to_human_agents,<CALL>,<MISSING>,"transfer_to_human_agents|{""summary"":""User Isabella Johansson wants a refund to an Amex credit card that is not on file. No payment method ID for Amex is available in the system, and there is no tool to add a new payment method. Need human assistance to add the credit card and process the refund.""}",missing argument,replace
C1_C1,gpt_oss_120b,retail,25,retail:25,read,True,True,get_user_details,<CALL>,"get_user_details|{""user_id"":""isabella_johansson_2152""}",<MISSING>,extra argument,replace
C1_C1,gpt_oss_120b,retail,25,retail:25,read,True,True,transfer_to_human_agents,<CALL>,<MISSING>,"transfer_to_human_agents|{""summary"":""User Isabella Johansson wants to return the skateboard (item ID 4293355847) from order #W3792453 and receive a refund to her Amex credit card, but she does not know the payment method ID and requests a human agent.""}",missing argument,replace
C1_C1,gpt_oss_120b,retail,25,retail:25,read,True,True,transfer_to_human_agents,summary,"""User wants to add a new Amex credit card payment method to their account, which is not supported by the retail agent tools.""","""User Isabella Johansson wants a refund to an Amex credit card that is not on file. No payment method ID for Amex is available in the system, and there is no tool to add a new payment method. Need human assistance to add the credit card and process the refund.""",unknown,aligned_tool
C1_C1,gpt_oss_120b,retail,25,retail:25,read,True,True,transfer_to_human_agents,summary,"""User wants to add a new Amex credit card payment method to their account, which is not supported by the retail agent tools.""","""User Isabella Johansson wants to return the skateboard (item ID 4293355847) from order #W3792453 and receive a refund to her Amex credit card, but she does not know the payment method ID and requests a human agent.""",unknown,aligned_tool
C1_C1,gpt_oss_120b,retail,25,retail:25,read,True,True,transfer_to_human_agents,summary,"""User Isabella Johansson wants a refund to an Amex credit card that is not on file. No payment method ID for Amex is available in the system, and there is no tool to add a new payment method. Need human assistance to add the credit card and process the refund.""","""User Isabella Johansson wants to return the skateboard (item ID 4293355847) from order #W3792453 and receive a refund to her Amex credit card, but she does not know the payment method ID and requests a human agent.""",unknown,aligned_tool
C2_C1,gpt_oss_120b,retail,26,retail:26,single,False,True,get_order_details,order_id,"""#W3792453""","""#W7181492""",order/reservation identifier,aligned_tool
C2_C1,gpt_oss_120b,retail,26,retail:26,single,False,False,get_order_details,order_id,"""#W3792453""","""#W7181492""",order/reservation identifier,aligned_tool
C2_C1,gpt_oss_120b,retail,26,retail:26,single,False,True,get_order_details,order_id,"""#W3792453""","""#W7181492""",order/reservation identifier,aligned_tool
C1_C1,gpt_oss_120b,retail,26,retail:26,single,False,True,get_order_details,order_id,"""#W7181492""","""#W3792453""",order/reservation identifier,aligned_tool
C1_C1,gpt_oss_120b,retail,26,retail:26,single,False,True,get_order_details,order_id,"""#W7181492""","""#W3792453""",order/reservation identifier,aligned_tool
C1_C1,gpt_oss_120b,retail,26,retail:26,single,False,True,get_order_details,order_id,"""#W3792453""","""#W7181492""",order/reservation identifier,aligned_tool
C1_C1,gpt_oss_120b,retail,26,retail:26,single,False,True,get_order_details,order_id,"""#W3792453""","""#W7181492""",order/reservation identifier,aligned_tool
C1_C1,gpt_oss_120b,retail,26,retail:26,single,False,True,get_order_details,order_id,"""#W3792453""","""#W7181492""",order/reservation identifier,aligned_tool
C1_C1,gpt_oss_120b,retail,26,retail:26,single,False,True,get_order_details,order_id,"""#W3792453""","""#W7181492""",order/reservation identifier,aligned_tool
C2_C1,gpt_oss_120b,retail,3,retail:3,single,False,True,get_user_details,<CALL>,"get_user_details|{""user_id"":""yusuf_rossi_9620""}",<MISSING>,extra argument,replace
C2_C1,gpt_oss_120b,retail,3,retail:3,single,False,True,find_user_id_by_name_zip,<CALL>,<MISSING>,"find_user_id_by_name_zip|{""first_name"":""Yusuf"",""last_name"":""Rossi"",""zip"":""19122""}",missing argument,replace
C2_C1,gpt_oss_120b,retail,3,retail:3,single,False,True,get_order_details,order_id,"""#W6247578""","""#W123456789""",order/reservation identifier,aligned_tool
C2_C1,gpt_oss_120b,retail,3,retail:3,single,False,False,get_user_details,<CALL>,"get_user_details|{""user_id"":""yusuf_rossi_9620""}",<MISSING>,extra argument,replace
C2_C1,gpt_oss_120b,retail,3,retail:3,single,False,False,find_user_id_by_name_zip,<CALL>,<MISSING>,"find_user_id_by_name_zip|{""first_name"":""Yusuf"",""last_name"":""Rossi"",""zip"":""19122""}",missing argument,replace
C2_C1,gpt_oss_120b,retail,3,retail:3,single,False,False,get_order_details,order_id,"""#W6247578""","""#W123456789""",order/reservation identifier,aligned_tool
C1_C1,gpt_oss_120b,retail,3,retail:3,single,False,True,get_order_details,order_id,"""#W6247578""","""#W123456789""",order/reservation identifier,aligned_tool
C1_C1,gpt_oss_120b,retail,3,retail:3,single,False,True,get_order_details,order_id,"""#W6247578""","""#W123456789""",order/reservation identifier,aligned_tool
C1_C1,gpt_oss_120b,retail,3,retail:3,single,False,True,get_order_details,order_id,"""#W123456789""","""#W6247578""",order/reservation identifier,aligned_tool
C1_C1,gpt_oss_120b,retail,3,retail:3,single,False,True,get_order_details,order_id,"""#W123456789""","""#W6247578""",order/reservation identifier,aligned_tool
C1_C1,gpt_oss_120b,retail,3,retail:3,single,False,True,get_order_details,order_id,"""#W123456789""","""#W6247578""",order/reservation identifier,aligned_tool
C2_C1,gpt_oss_120b,retail,30,retail:30,compound,False,False,return_delivered_order_items,<CALL>,"return_delivered_order_items|{""item_ids"":[""3788616824""],""order_id"":""#W2692684"",""payment_method_id"":""gift_card_7711863""}",<MISSING>,extra argument,replace
C2_C1,gpt_oss_120b,retail,30,retail:30,compound,False,False,exchange_delivered_order_items,<CALL>,<MISSING>,"exchange_delivered_order_items|{""item_ids"":[""3788616824""],""new_item_ids"":[""6948061616""],""order_id"":""#W2692684"",""payment_method_id"":""gift_card_7711863""}",missing argument,replace
C2_C1,gpt_oss_120b,retail,30,retail:30,compound,False,False,return_delivered_order_items,<CALL>,"return_delivered_order_items|{""item_ids"":[""3788616824""],""order_id"":""#W2692684"",""payment_method_id"":""gift_card_7711863""}",<MISSING>,extra argument,replace
C2_C1,gpt_oss_120b,retail,30,retail:30,compound,False,False,exchange_delivered_order_items,<CALL>,<MISSING>,"exchange_delivered_order_items|{""item_ids"":[""3788616824""],""new_item_ids"":[""6948061616""],""order_id"":""#W2692684"",""payment_method_id"":""gift_card_7711863""}",missing argument,replace
C2_C1,gpt_oss_120b,retail,30,retail:30,compound,False,False,return_delivered_order_items,<CALL>,"return_delivered_order_items|{""item_ids"":[""3788616824""],""order_id"":""#W2692684"",""payment_method_id"":""gift_card_7711863""}",<MISSING>,extra argument,replace
C2_C1,gpt_oss_120b,retail,30,retail:30,compound,False,False,cancel_pending_order,<CALL>,"cancel_pending_order|{""order_id"":""#W9373487"",""reason"":""no longer needed""}",<MISSING>,extra argument,replace
C2_C1,gpt_oss_120b,retail,30,retail:30,compound,False,False,get_order_details,<CALL>,"get_order_details|{""order_id"":""#W9319364""}",<MISSING>,extra argument,replace
C2_C1,gpt_oss_120b,retail,30,retail:30,compound,False,False,get_order_details,<CALL>,"get_order_details|{""order_id"":""#W5481803""}",<MISSING>,extra argument,replace
C2_C1,gpt_oss_120b,retail,30,retail:30,compound,False,False,get_order_details,<CALL>,"get_order_details|{""order_id"":""#W7449508""}",<MISSING>,extra argument,replace
C2_C1,gpt_oss_120b,retail,30,retail:30,compound,False,False,return_delivered_order_items,<CALL>,"return_delivered_order_items|{""item_ids"":[""6477915553""],""order_id"":""#W7449508"",""payment_method_id"":""gift_card_7711863""}",<MISSING>,extra argument,replace
C2_C1,gpt_oss_120b,retail,30,retail:30,compound,False,False,exchange_delivered_order_items,<CALL>,<MISSING>,"exchange_delivered_order_items|{""item_ids"":[""3788616824""],""new_item_ids"":[""2235648106""],""order_id"":""#W2692684"",""payment_method_id"":""credit_card_0000000""}",missing argument,replace
C2_C1,gpt_oss_120b,retail,30,retail:30,compound,False,False,get_user_details,<CALL>,<MISSING>,"get_user_details|{""user_id"":""olivia_lopez_3865""}",missing argument,replace
C2_C1,gpt_oss_120b,retail,30,retail:30,compound,False,False,transfer_to_human_agents,<CALL>,<MISSING>,"transfer_to_human_agents|{""summary"":""User Olivia Lopez wants to add a new credit card payment method (card number 4485 4524 6666 8888, exp 06/2025, CVV 321) to use for an exchange of a delivered tablet order.""}",missing argument,replace
C2_C1,gpt_oss_120b,retail,30,retail:30,compound,False,False,return_delivered_order_items,<CALL>,"return_delivered_order_items|{""item_ids"":[""3788616824""],""order_id"":""#W2692684"",""payment_method_id"":""gift_card_7711863""}",<MISSING>,extra argument,replace
C2_C1,gpt_oss_120b,retail,30,retail:30,compound,False,False,exchange_delivered_order_items,<CALL>,<MISSING>,"exchange_delivered_order_items|{""item_ids"":[""3788616824""],""new_item_ids"":[""6948061616""],""order_id"":""#W2692684"",""payment_method_id"":""gift_card_7711863""}",missing argument,replace
C2_C1,gpt_oss_120b,retail,30,retail:30,compound,False,False,cancel_pending_order,<CALL>,<MISSING>,"cancel_pending_order|{""order_id"":""#W9373487"",""reason"":""ordered by mistake""}",missing argument,replace
C1_C1,gpt_oss_120b,retail,30,retail:30,compound,False,False,exchange_delivered_order_items,new_item_ids,"[""6948061616""]","[""2235648106""]",order/reservation identifier,aligned_tool
C1_C1,gpt_oss_120b,retail,30,retail:30,compound,False,False,exchange_delivered_order_items,payment_method_id,"""gift_card_7711863""","""credit_card_0000000""",write value,aligned_tool
C1_C1,gpt_oss_120b,retail,30,retail:30,compound,False,False,get_order_details,<CALL>,"get_order_details|{""order_id"":""#W5481803""}",<MISSING>,extra argument,replace
C1_C1,gpt_oss_120b,retail,30,retail:30,compound,False,False,cancel_pending_order,<CALL>,"cancel_pending_order|{""order_id"":""#W5481803"",""reason"":""ordered by mistake""}",<MISSING>,extra argument,replace
C1_C1,gpt_oss_120b,retail,30,retail:30,compound,False,False,get_user_details,<CALL>,<MISSING>,"get_user_details|{""user_id"":""olivia_lopez_3865""}",missing argument,replace
C1_C1,gpt_oss_120b,retail,30,retail:30,compound,False,False,transfer_to_human_agents,<CALL>,<MISSING>,"transfer_to_human_agents|{""summary"":""User Olivia Lopez wants to add a new credit card payment method (card number 4485 4524 6666 8888, exp 06/2025, CVV 321) to use for an exchange of a delivered tablet order.""}",missing argument,replace
C1_C1,gpt_oss_120b,retail,30,retail:30,compound,False,False,exchange_delivered_order_items,new_item_ids,"[""6948061616""]","[""2235648106""]",order/reservation identifier,aligned_tool
C1_C1,gpt_oss_120b,retail,30,retail:30,compound,False,False,exchange_delivered_order_items,payment_method_id,"""gift_card_7711863""","""credit_card_0000000""",write value,aligned_tool
C1_C1,gpt_oss_120b,retail,30,retail:30,compound,False,False,cancel_pending_order,<CALL>,"cancel_pending_order|{""order_id"":""#W9373487"",""reason"":""ordered by mistake""}",<MISSING>,extra argument,replace
C1_C1,gpt_oss_120b,retail,30,retail:30,compound,False,False,get_order_details,<CALL>,"get_order_details|{""order_id"":""#W5481803""}",<MISSING>,extra argument,replace
C1_C1,gpt_oss_120b,retail,30,retail:30,compound,False,False,get_user_details,<CALL>,<MISSING>,"get_user_details|{""user_id"":""olivia_lopez_3865""}",missing argument,replace
C1_C1,gpt_oss_120b,retail,30,retail:30,compound,False,False,transfer_to_human_agents,<CALL>,<MISSING>,"transfer_to_human_agents|{""summary"":""User Olivia Lopez wants to add a new credit card payment method (card number 4485 4524 6666 8888, exp 06/2025, CVV 321) to use for an exchange of a delivered tablet order.""}",missing argument,replace
C1_C1,gpt_oss_120b,retail,30,retail:30,compound,False,False,exchange_delivered_order_items,new_item_ids,"[""2235648106""]","[""6948061616""]",order/reservation identifier,aligned_tool
C1_C1,gpt_oss_120b,retail,30,retail:30,compound,False,False,exchange_delivered_order_items,payment_method_id,"""credit_card_0000000""","""gift_card_7711863""",write value,aligned_tool
C1_C1,gpt_oss_120b,retail,30,retail:30,compound,False,False,get_user_details,<CALL>,"get_user_details|{""user_id"":""olivia_lopez_3865""}",<MISSING>,extra argument,replace
C1_C1,gpt_oss_120b,retail,30,retail:30,compound,False,False,transfer_to_human_agents,<CALL>,"transfer_to_human_agents|{""summary"":""User Olivia Lopez wants to add a new credit card payment method (card number 4485 4524 6666 8888, exp 06/2025, CVV 321) to use for an exchange of a delivered tablet order.""}",<MISSING>,extra argument,replace
C1_C1,gpt_oss_120b,retail,30,retail:30,compound,False,False,cancel_pending_order,<CALL>,<MISSING>,"cancel_pending_order|{""order_id"":""#W9373487"",""reason"":""ordered by mistake""}",missing argument,replace
C1_C1,gpt_oss_120b,retail,30,retail:30,compound,False,False,get_order_details,<CALL>,<MISSING>,"get_order_details|{""order_id"":""#W5481803""}",missing argument,replace
C2_C1,gpt_oss_120b,retail,31,retail:31,compound,False,False,cancel_pending_order,reason,"""no longer needed""","""ordered by mistake""",unknown,aligned_tool
C2_C1,gpt_oss_120b,retail,31,retail:31,compound,False,False,cancel_pending_order,reason,"""no longer needed""","""ordered by mistake""",unknown,aligned_tool
C2_C1,gpt_oss_120b,retail,31,retail:31,compound,False,False,transfer_to_human_agents,<CALL>,"transfer_to_human_agents|{""summary"":""User Olivia Lopez wants a refund or reorder for a delivered tablet order #W2692684, but the item is lost and cannot be returned. According to policy, refunds require a return of the delivered item, which is not possible. Transfer to human agent for further assistance.""}",<MISSING>,extra argument,replace
C2_C1,gpt_oss_120b,retail,31,retail:31,compound,False,False,return_delivered_order_items,<CALL>,<MISSING>,"return_delivered_order_items|{""item_ids"":[""3788616824""],""order_id"":""#W2692684"",""payment_method_id"":""gift_card_7711863""}",missing argument,replace
C2_C1,gpt_oss_120b,retail,31,retail:31,compound,False,False,cancel_pending_order,<CALL>,<MISSING>,"cancel_pending_order|{""order_id"":""#W9373487"",""reason"":""no longer needed""}",missing argument,replace
C2_C1,gpt_oss_120b,retail,31,retail:31,compound,False,False,get_order_details,<CALL>,<MISSING>,"get_order_details|{""order_id"":""#W5481803""}",missing argument,replace
C2_C1,gpt_oss_120b,retail,31,retail:31,compound,False,False,cancel_pending_order,<CALL>,<MISSING>,"cancel_pending_order|{""order_id"":""#W5481803"",""reason"":""ordered by mistake""}",missing argument,replace
C2_C1,gpt_oss_120b,retail,31,retail:31,compound,False,False,get_order_details,<CALL>,<MISSING>,"get_order_details|{""order_id"":""#W7449508""}",missing argument,replace
C2_C1,gpt_oss_120b,retail,31,retail:31,compound,False,False,return_delivered_order_items,<CALL>,<MISSING>,"return_delivered_order_items|{""item_ids"":[""6477915553""],""order_id"":""#W7449508"",""payment_method_id"":""gift_card_7711863""}",missing argument,replace
C2_C1,gpt_oss_120b,retail,31,retail:31,compound,False,False,get_order_details,<CALL>,"get_order_details|{""order_id"":""#W9373487""}",<MISSING>,extra argument,replace
C2_C1,gpt_oss_120b,retail,31,retail:31,compound,False,False,get_order_details,<CALL>,"get_order_details|{""order_id"":""#W2692684""}",<MISSING>,extra argument,replace
C2_C1,gpt_oss_120b,retail,31,retail:31,compound,False,False,return_delivered_order_items,<CALL>,"return_delivered_order_items|{""item_ids"":[""3788616824""],""order_id"":""#W2692684"",""payment_method_id"":""gift_card_7711863""}",<MISSING>,extra argument,replace
C2_C1,gpt_oss_120b,retail,31,retail:31,compound,False,False,cancel_pending_order,<CALL>,"cancel_pending_order|{""order_id"":""#W9373487"",""reason"":""no longer needed""}",<MISSING>,extra argument,replace
C2_C1,gpt_oss_120b,retail,31,retail:31,compound,False,False,get_order_details,<CALL>,"get_order_details|{""order_id"":""#W9319364""}",<MISSING>,extra argument,replace
C2_C1,gpt_oss_120b,retail,31,retail:31,compound,False,False,get_order_details,<CALL>,"get_order_details|{""order_id"":""#W5481803""}",<MISSING>,extra argument,replace
C2_C1,gpt_oss_120b,retail,31,retail:31,compound,False,False,get_order_details,<CALL>,"get_order_details|{""order_id"":""#W7449508""}",<MISSING>,extra argument,replace
C2_C1,gpt_oss_120b,retail,31,retail:31,compound,False,False,transfer_to_human_agents,<CALL>,<MISSING>,"transfer_to_human_agents|{""summary"":""User Olivia Lopez lost her tablet from order #W9319364 (status processed) and is requesting a refund or reorder, which cannot be processed under current policies for a processed order.""}",missing argument,replace
C2_C1,gpt_oss_120b,retail,31,retail:31,compound,False,False,return_delivered_order_items,<CALL>,"return_delivered_order_items|{""item_ids"":[""3788616824""],""order_id"":""#W2692684"",""payment_method_id"":""gift_card_7711863""}",<MISSING>,extra argument,replace
C2_C1,gpt_oss_120b,retail,31,retail:31,compound,False,False,transfer_to_human_agents,<CALL>,"transfer_to_human_agents|{""summary"":""User Olivia Lopez wants to place a new order for a tablet after returning the previous one, but has insufficient payment method balance and wants to pay later. The system cannot create a new order.""}",<MISSING>,extra argument,replace
C2_C1,gpt_oss_120b,retail,31,retail:31,compound,False,False,get_order_details,<CALL>,<MISSING>,"get_order_details|{""order_id"":""#W5481803""}",missing argument,replace
C2_C1,gpt_oss_120b,retail,31,retail:31,compound,False,False,get_order_details,<CALL>,<MISSING>,"get_order_details|{""order_id"":""#W7449508""}",missing argument,replace
C1_C1,gpt_oss_120b,retail,31,retail:31,compound,False,True,get_order_details,<CALL>,"get_order_details|{""order_id"":""#W9373487""}",<MISSING>,extra argument,replace
C1_C1,gpt_oss_120b,retail,31,retail:31,compound,False,True,get_order_details,<CALL>,"get_order_details|{""order_id"":""#W2692684""}",<MISSING>,extra argument,replace
C1_C1,gpt_oss_120b,retail,31,retail:31,compound,False,True,transfer_to_human_agents,<CALL>,<MISSING>,"transfer_to_human_agents|{""summary"":""User Olivia Lopez lost her tablet from order #W9319364 (status processed) and is requesting a refund or reorder, which cannot be processed under current policies for a processed order.""}",missing argument,replace
C1_C1,gpt_oss_120b,retail,31,retail:31,compound,False,False,cancel_pending_order,reason,"""ordered by mistake""","""no longer needed""",unknown,aligned_tool
C1_C1,gpt_oss_120b,retail,31,retail:31,compound,False,False,get_order_details,<CALL>,"get_order_details|{""order_id"":""#W9373487""}",<MISSING>,extra argument,replace
C1_C1,gpt_oss_120b,retail,31,retail:31,compound,False,False,get_order_details,<CALL>,"get_order_details|{""order_id"":""#W2692684""}",<MISSING>,extra argument,replace
C1_C1,gpt_oss_120b,retail,31,retail:31,compound,False,False,return_delivered_order_items,<CALL>,"return_delivered_order_items|{""item_ids"":[""3788616824""],""order_id"":""#W2692684"",""payment_method_id"":""gift_card_7711863""}",<MISSING>,extra argument,replace
C1_C1,gpt_oss_120b,retail,31,retail:31,compound,False,False,cancel_pending_order,<CALL>,"cancel_pending_order|{""order_id"":""#W9373487"",""reason"":""ordered by mistake""}",<MISSING>,extra argument,replace
C1_C1,gpt_oss_120b,retail,31,retail:31,compound,False,False,get_order_details,<CALL>,"get_order_details|{""order_id"":""#W5481803""}",<MISSING>,extra argument,replace
C1_C1,gpt_oss_120b,retail,31,retail:31,compound,False,False,cancel_pending_order,<CALL>,"cancel_pending_order|{""order_id"":""#W5481803"",""reason"":""ordered by mistake""}",<MISSING>,extra argument,replace
C1_C1,gpt_oss_120b,retail,31,retail:31,compound,False,False,get_order_details,<CALL>,"get_order_details|{""order_id"":""#W7449508""}",<MISSING>,extra argument,replace
C1_C1,gpt_oss_120b,retail,31,retail:31,compound,False,False,transfer_to_human_agents,<CALL>,<MISSING>,"transfer_to_human_agents|{""summary"":""User Olivia Lopez lost her tablet from order #W9319364 (status processed) and is requesting a refund or reorder, which cannot be processed under current policies for a processed order.""}",missing argument,replace
C1_C1,gpt_oss_120b,retail,31,retail:31,compound,False,False,cancel_pending_order,reason,"""ordered by mistake""","""no longer needed""",unknown,aligned_tool
C1_C1,gpt_oss_120b,retail,31,retail:31,compound,False,False,get_order_details,order_id,"""#W5481803""","""#W2692684""",order/reservation identifier,aligned_tool
C1_C1,gpt_oss_120b,retail,31,retail:31,compound,False,False,get_order_details,order_id,"""#W7449508""","""#W5481803""",order/reservation identifier,aligned_tool
C1_C1,gpt_oss_120b,retail,31,retail:31,compound,False,False,get_order_details,<CALL>,"get_order_details|{""order_id"":""#W9373487""}",<MISSING>,extra argument,replace
C1_C1,gpt_oss_120b,retail,31,retail:31,compound,False,False,get_order_details,<CALL>,"get_order_details|{""order_id"":""#W2692684""}",<MISSING>,extra argument,replace
C1_C1,gpt_oss_120b,retail,31,retail:31,compound,False,False,return_delivered_order_items,<CALL>,"return_delivered_order_items|{""item_ids"":[""3788616824""],""order_id"":""#W2692684"",""payment_method_id"":""gift_card_7711863""}",<MISSING>,extra argument,replace
C1_C1,gpt_oss_120b,retail,31,retail:31,compound,False,False,cancel_pending_order,<CALL>,"cancel_pending_order|{""order_id"":""#W9373487"",""reason"":""no longer needed""}",<MISSING>,extra argument,replace
C1_C1,gpt_oss_120b,retail,31,retail:31,compound,False,False,get_order_details,<CALL>,"get_order_details|{""order_id"":""#W5481803""}",<MISSING>,extra argument,replace
C1_C1,gpt_oss_120b,retail,31,retail:31,compound,False,False,cancel_pending_order,<CALL>,"cancel_pending_order|{""order_id"":""#W5481803"",""reason"":""ordered by mistake""}",<MISSING>,extra argument,replace
C1_C1,gpt_oss_120b,retail,31,retail:31,compound,False,False,get_order_details,<CALL>,"get_order_details|{""order_id"":""#W7449508""}",<MISSING>,extra argument,replace
C1_C1,gpt_oss_120b,retail,31,retail:31,compound,False,False,return_delivered_order_items,<CALL>,"return_delivered_order_items|{""item_ids"":[""6477915553""],""order_id"":""#W7449508"",""payment_method_id"":""gift_card_7711863""}",<MISSING>,extra argument,replace
C1_C1,gpt_oss_120b,retail,31,retail:31,compound,False,False,transfer_to_human_agents,<CALL>,<MISSING>,"transfer_to_human_agents|{""summary"":""User Olivia Lopez lost her tablet from order #W9319364 (status processed) and is requesting a refund or reorder, which cannot be processed under current policies for a processed order.""}",missing argument,replace
C1_C1,gpt_oss_120b,retail,31,retail:31,compound,False,False,get_order_details,order_id,"""#W5481803""","""#W2692684""",order/reservation identifier,aligned_tool
C1_C1,gpt_oss_120b,retail,31,retail:31,compound,False,False,get_order_details,order_id,"""#W7449508""","""#W5481803""",order/reservation identifier,aligned_tool
C1_C1,gpt_oss_120b,retail,31,retail:31,compound,False,False,return_delivered_order_items,<CALL>,"return_delivered_order_items|{""item_ids"":[""6477915553""],""order_id"":""#W7449508"",""payment_method_id"":""gift_card_7711863""}",<MISSING>,extra argument,replace
C1_C1,gpt_oss_120b,retail,31,retail:31,compound,False,False,get_order_details,<CALL>,<MISSING>,"get_order_details|{""order_id"":""#W7449508""}",missing argument,replace
C1_C1,gpt_oss_120b,retail,31,retail:31,compound,False,False,transfer_to_human_agents,<CALL>,"transfer_to_human_agents|{""summary"":""User Olivia Lopez lost her tablet from order #W9319364 (status processed) and is requesting a refund or reorder, which cannot be processed under current policies for a processed order.""}",<MISSING>,extra argument,replace
C1_C1,gpt_oss_120b,retail,31,retail:31,compound,False,False,get_order_details,<CALL>,<MISSING>,"get_order_details|{""order_id"":""#W9373487""}",missing argument,replace
C1_C1,gpt_oss_120b,retail,31,retail:31,compound,False,False,cancel_pending_order,<CALL>,<MISSING>,"cancel_pending_order|{""order_id"":""#W9373487"",""reason"":""no longer needed""}",missing argument,replace
C1_C1,gpt_oss_120b,retail,31,retail:31,compound,False,False,get_order_details,<CALL>,<MISSING>,"get_order_details|{""order_id"":""#W2692684""}",missing argument,replace
C1_C1,gpt_oss_120b,retail,31,retail:31,compound,False,False,get_order_details,<CALL>,<MISSING>,"get_order_details|{""order_id"":""#W5481803""}",missing argument,replace
C1_C1,gpt_oss_120b,retail,31,retail:31,compound,False,False,get_order_details,<CALL>,<MISSING>,"get_order_details|{""order_id"":""#W7449508""}",missing argument,replace
C2_C1,gpt_oss_120b,retail,32,retail:32,compound,False,False,transfer_to_human_agents,<CALL>,"transfer_to_human_agents|{""summary"":""User Olivia Lopez lost her tablet from order #W9319364 (status processed) and is requesting a refund or reorder, which cannot be processed under current policies as the order is already processed and not eligible for cancellation, return, or exchange.""}",<MISSING>,extra argument,replace
C2_C1,gpt_oss_120b,retail,32,retail:32,compound,False,False,get_order_details,<CALL>,<MISSING>,"get_order_details|{""order_id"":""#W9373487""}",missing argument,replace
C2_C1,gpt_oss_120b,retail,32,retail:32,compound,False,False,get_order_details,<CALL>,<MISSING>,"get_order_details|{""order_id"":""#W2692684""}",missing argument,replace
C2_C1,gpt_oss_120b,retail,32,retail:32,compound,False,False,return_delivered_order_items,<CALL>,<MISSING>,"return_delivered_order_items|{""item_ids"":[""3788616824""],""order_id"":""#W2692684"",""payment_method_id"":""gift_card_7711863""}",missing argument,replace
C2_C1,gpt_oss_120b,retail,32,retail:32,compound,False,False,cancel_pending_order,<CALL>,<MISSING>,"cancel_pending_order|{""order_id"":""#W9373487"",""reason"":""no longer needed""}",missing argument,replace
C2_C1,gpt_oss_120b,retail,32,retail:32,compound,False,False,get_order_details,<CALL>,<MISSING>,"get_order_details|{""order_id"":""#W5481803""}",missing argument,replace
C2_C1,gpt_oss_120b,retail,32,retail:32,compound,False,False,cancel_pending_order,<CALL>,<MISSING>,"cancel_pending_order|{""order_id"":""#W5481803"",""reason"":""ordered by mistake""}",missing argument,replace
C2_C1,gpt_oss_120b,retail,32,retail:32,compound,False,False,get_order_details,<CALL>,<MISSING>,"get_order_details|{""order_id"":""#W7449508""}",missing argument,replace
C2_C1,gpt_oss_120b,retail,32,retail:32,compound,False,False,return_delivered_order_items,<CALL>,<MISSING>,"return_delivered_order_items|{""item_ids"":[""6477915553""],""order_id"":""#W7449508"",""payment_method_id"":""gift_card_7711863""}",missing argument,replace
C2_C1,gpt_oss_120b,retail,32,retail:32,compound,False,False,get_order_details,<CALL>,"get_order_details|{""order_id"":""#W2692684""}",<MISSING>,extra argument,replace
C2_C1,gpt_oss_120b,retail,32,retail:32,compound,False,False,return_delivered_order_items,<CALL>,"return_delivered_order_items|{""item_ids"":[""3788616824""],""order_id"":""#W2692684"",""payment_method_id"":""gift_card_7711863""}",<MISSING>,extra argument,replace
C2_C1,gpt_oss_120b,retail,32,retail:32,compound,False,False,cancel_pending_order,<CALL>,"cancel_pending_order|{""order_id"":""#W9373487"",""reason"":""ordered by mistake""}",<MISSING>,extra argument,replace
C2_C1,gpt_oss_120b,retail,32,retail:32,compound,False,False,get_order_details,<CALL>,"get_order_details|{""order_id"":""#W5481803""}",<MISSING>,extra argument,replace
C2_C1,gpt_oss_120b,retail,32,retail:32,compound,False,False,cancel_pending_order,<CALL>,"cancel_pending_order|{""order_id"":""#W5481803"",""reason"":""ordered by mistake""}",<MISSING>,extra argument,replace
C2_C1,gpt_oss_120b,retail,32,retail:32,compound,False,False,get_order_details,<CALL>,"get_order_details|{""order_id"":""#W7449508""}",<MISSING>,extra argument,replace
C2_C1,gpt_oss_120b,retail,32,retail:32,compound,False,False,return_delivered_order_items,<CALL>,"return_delivered_order_items|{""item_ids"":[""6477915553""],""order_id"":""#W7449508"",""payment_method_id"":""gift_card_7711863""}",<MISSING>,extra argument,replace
C2_C1,gpt_oss_120b,retail,32,retail:32,compound,False,False,transfer_to_human_agents,<CALL>,<MISSING>,"transfer_to_human_agents|{""summary"":""User Olivia Lopez wants a refund or reorder for a tablet that was ordered (order #W9319364) but the order is processed and shipped. The user reports the tablet is lost. Agent cannot process refund for processed order per policy; needs human assistance.""}",missing argument,replace
C2_C1,gpt_oss_120b,retail,32,retail:32,compound,False,False,get_order_details,<CALL>,"get_order_details|{""order_id"":""#W2692684""}",<MISSING>,extra argument,replace
C2_C1,gpt_oss_120b,retail,32,retail:32,compound,False,False,return_delivered_order_items,<CALL>,"return_delivered_order_items|{""item_ids"":[""3788616824""],""order_id"":""#W2692684"",""payment_method_id"":""gift_card_7711863""}",<MISSING>,extra argument,replace
C2_C1,gpt_oss_120b,retail,32,retail:32,compound,False,False,cancel_pending_order,<CALL>,<MISSING>,"cancel_pending_order|{""order_id"":""#W9373487"",""reason"":""no longer needed""}",missing argument,replace
C2_C1,gpt_oss_120b,retail,32,retail:32,compound,False,False,get_order_details,order_id,"""#W5481803""","""#W2692684""",order/reservation identifier,aligned_tool
C2_C1,gpt_oss_120b,retail,32,retail:32,compound,False,False,get_order_details,order_id,"""#W7449508""","""#W5481803""",order/reservation identifier,aligned_tool
C2_C1,gpt_oss_120b,retail,32,retail:32,compound,False,False,return_delivered_order_items,<CALL>,"return_delivered_order_items|{""item_ids"":[""3788616824""],""order_id"":""#W2692684"",""payment_method_id"":""gift_card_7711863""}",<MISSING>,extra argument,replace
C2_C1,gpt_oss_120b,retail,32,retail:32,compound,False,False,get_order_details,<CALL>,<MISSING>,"get_order_details|{""order_id"":""#W5481803""}",missing argument,replace
C2_C1,gpt_oss_120b,retail,32,retail:32,compound,False,False,cancel_pending_order,reason,"""no longer needed""","""ordered by mistake""",unknown,aligned_tool
C2_C1,gpt_oss_120b,retail,32,retail:32,compound,False,False,cancel_pending_order,reason,"""no longer needed""","""ordered by mistake""",unknown,aligned_tool
C2_C1,gpt_oss_120b,retail,32,retail:32,compound,False,False,cancel_pending_order,reason,"""ordered by mistake""","""no longer needed""",unknown,aligned_tool
C1_C1,gpt_oss_120b,retail,32,retail:32,compound,False,False,get_order_details,<CALL>,"get_order_details|{""order_id"":""#W2692684""}",<MISSING>,extra argument,replace
C1_C1,gpt_oss_120b,retail,32,retail:32,compound,False,False,return_delivered_order_items,<CALL>,"return_delivered_order_items|{""item_ids"":[""3788616824""],""order_id"":""#W2692684"",""payment_method_id"":""gift_card_7711863""}",<MISSING>,extra argument,replace
C1_C1,gpt_oss_120b,retail,32,retail:32,compound,False,False,cancel_pending_order,<CALL>,"cancel_pending_order|{""order_id"":""#W9373487"",""reason"":""no longer needed""}",<MISSING>,extra argument,replace
C1_C1,gpt_oss_120b,retail,32,retail:32,compound,False,False,get_order_details,<CALL>,"get_order_details|{""order_id"":""#W5481803""}",<MISSING>,extra argument,replace
C1_C1,gpt_oss_120b,retail,32,retail:32,compound,False,False,cancel_pending_order,<CALL>,"cancel_pending_order|{""order_id"":""#W5481803"",""reason"":""ordered by mistake""}",<MISSING>,extra argument,replace
C1_C1,gpt_oss_120b,retail,32,retail:32,compound,False,False,get_order_details,<CALL>,"get_order_details|{""order_id"":""#W7449508""}",<MISSING>,extra argument,replace
C1_C1,gpt_oss_120b,retail,32,retail:32,compound,False,False,return_delivered_order_items,<CALL>,"return_delivered_order_items|{""item_ids"":[""6477915553""],""order_id"":""#W7449508"",""payment_method_id"":""gift_card_7711863""}",<MISSING>,extra argument,replace
C1_C1,gpt_oss_120b,retail,32,retail:32,compound,False,False,transfer_to_human_agents,<CALL>,<MISSING>,"transfer_to_human_agents|{""summary"":""User Olivia Lopez wants a refund or reorder for a tablet that was ordered (order #W9319364) but the order is processed and shipped. The user reports the tablet is lost. Agent cannot process refund for processed order per policy; needs human assistance.""}",missing argument,replace
C1_C1,gpt_oss_120b,retail,32,retail:32,compound,False,False,get_order_details,order_id,"""#W5481803""","""#W2692684""",order/reservation identifier,aligned_tool
C1_C1,gpt_oss_120b,retail,32,retail:32,compound,False,False,get_order_details,order_id,"""#W7449508""","""#W5481803""",order/reservation identifier,aligned_tool
C1_C1,gpt_oss_120b,retail,32,retail:32,compound,False,False,return_delivered_order_items,<CALL>,"return_delivered_order_items|{""item_ids"":[""3788616824""],""order_id"":""#W2692684"",""payment_method_id"":""gift_card_7711863""}",<MISSING>,extra argument,replace
C1_C1,gpt_oss_120b,retail,32,retail:32,compound,False,False,get_order_details,<CALL>,<MISSING>,"get_order_details|{""order_id"":""#W5481803""}",missing argument,replace
C1_C1,gpt_oss_120b,retail,32,retail:32,compound,False,False,cancel_pending_order,reason,"""no longer needed""","""ordered by mistake""",unknown,aligned_tool
C1_C1,gpt_oss_120b,retail,32,retail:32,compound,False,False,cancel_pending_order,reason,"""ordered by mistake""","""no longer needed""",unknown,aligned_tool
C1_C1,gpt_oss_120b,retail,32,retail:32,compound,False,False,transfer_to_human_agents,<CALL>,"transfer_to_human_agents|{""summary"":""User Olivia Lopez wants a refund or reorder for a tablet that was ordered (order #W9319364) but the order is processed and shipped. The user reports the tablet is lost. Agent cannot process refund for processed order per policy; needs human assistance.""}",<MISSING>,extra argument,replace
C1_C1,gpt_oss_120b,retail,32,retail:32,compound,False,False,cancel_pending_order,<CALL>,<MISSING>,"cancel_pending_order|{""order_id"":""#W9373487"",""reason"":""no longer needed""}",missing argument,replace
C1_C1,gpt_oss_120b,retail,32,retail:32,compound,False,False,get_order_details,<CALL>,<MISSING>,"get_order_details|{""order_id"":""#W2692684""}",missing argument,replace
C1_C1,gpt_oss_120b,retail,32,retail:32,compound,False,False,get_order_details,<CALL>,<MISSING>,"get_order_details|{""order_id"":""#W5481803""}",missing argument,replace
C1_C1,gpt_oss_120b,retail,32,retail:32,compound,False,False,transfer_to_human_agents,<CALL>,"transfer_to_human_agents|{""summary"":""User Olivia Lopez wants a refund or reorder for a tablet that was ordered (order #W9319364) but the order is processed and shipped. The user reports the tablet is lost. Agent cannot process refund for processed order per policy; needs human assistance.""}",<MISSING>,extra argument,replace
C1_C1,gpt_oss_120b,retail,32,retail:32,compound,False,False,get_order_details,<CALL>,<MISSING>,"get_order_details|{""order_id"":""#W2692684""}",missing argument,replace
C1_C1,gpt_oss_120b,retail,32,retail:32,compound,False,False,get_order_details,<CALL>,<MISSING>,"get_order_details|{""order_id"":""#W5481803""}",missing argument,replace
C1_C1,gpt_oss_120b,retail,32,retail:32,compound,False,False,cancel_pending_order,<CALL>,<MISSING>,"cancel_pending_order|{""order_id"":""#W9373487"",""reason"":""ordered by mistake""}",missing argument,replace
C1_C1,gpt_oss_120b,retail,32,retail:32,compound,False,False,cancel_pending_order,<CALL>,<MISSING>,"cancel_pending_order|{""order_id"":""#W5481803"",""reason"":""ordered by mistake""}",missing argument,replace
C1_C1,gpt_oss_120b,retail,32,retail:32,compound,False,False,get_order_details,<CALL>,<MISSING>,"get_order_details|{""order_id"":""#W7449508""}",missing argument,replace
C1_C1,gpt_oss_120b,retail,32,retail:32,compound,False,False,return_delivered_order_items,<CALL>,<MISSING>,"return_delivered_order_items|{""item_ids"":[""6477915553""],""order_id"":""#W7449508"",""payment_method_id"":""gift_card_7711863""}",missing argument,replace
C1_C1,gpt_oss_120b,retail,32,retail:32,compound,False,False,transfer_to_human_agents,<CALL>,"transfer_to_human_agents|{""summary"":""User Olivia Lopez wants a refund or reorder for a tablet that was ordered (order #W9319364) but the order is processed and shipped. The user reports the tablet is lost. Agent cannot process refund for processed order per policy; needs human assistance.""}",<MISSING>,extra argument,replace
C1_C1,gpt_oss_120b,retail,32,retail:32,compound,False,False,cancel_pending_order,<CALL>,<MISSING>,"cancel_pending_order|{""order_id"":""#W9373487"",""reason"":""no longer needed""}",missing argument,replace
C1_C1,gpt_oss_120b,retail,32,retail:32,compound,False,False,get_order_details,<CALL>,<MISSING>,"get_order_details|{""order_id"":""#W2692684""}",missing argument,replace
C1_C1,gpt_oss_120b,retail,32,retail:32,compound,False,False,get_order_details,<CALL>,<MISSING>,"get_order_details|{""order_id"":""#W5481803""}",missing argument,replace
C1_C1,gpt_oss_120b,retail,32,retail:32,compound,False,False,cancel_pending_order,<CALL>,<MISSING>,"cancel_pending_order|{""order_id"":""#W5481803"",""reason"":""no longer needed""}",missing argument,replace
C1_C1,gpt_oss_120b,retail,32,retail:32,compound,False,False,get_order_details,<CALL>,<MISSING>,"get_order_details|{""order_id"":""#W7449508""}",missing argument,replace
C1_C1,gpt_oss_120b,retail,32,retail:32,compound,False,False,return_delivered_order_items,<CALL>,<MISSING>,"return_delivered_order_items|{""item_ids"":[""6477915553""],""order_id"":""#W7449508"",""payment_method_id"":""gift_card_7711863""}",missing argument,replace
C1_C1,gpt_oss_120b,retail,32,retail:32,compound,False,False,cancel_pending_order,order_id,"""#W9373487""","""#W5481803""",order/reservation identifier,aligned_tool
C1_C1,gpt_oss_120b,retail,32,retail:32,compound,False,False,cancel_pending_order,reason,"""no longer needed""","""ordered by mistake""",unknown,aligned_tool
C1_C1,gpt_oss_120b,retail,32,retail:32,compound,False,False,get_order_details,order_id,"""#W2692684""","""#W7449508""",order/reservation identifier,aligned_tool
C1_C1,gpt_oss_120b,retail,32,retail:32,compound,False,False,get_order_details,<CALL>,"get_order_details|{""order_id"":""#W5481803""}",<MISSING>,extra argument,replace
C1_C1,gpt_oss_120b,retail,32,retail:32,compound,False,False,return_delivered_order_items,<CALL>,<MISSING>,"return_delivered_order_items|{""item_ids"":[""6477915553""],""order_id"":""#W7449508"",""payment_method_id"":""gift_card_7711863""}",missing argument,replace
C1_C1,gpt_oss_120b,retail,32,retail:32,compound,False,False,cancel_pending_order,order_id,"""#W9373487""","""#W5481803""",order/reservation identifier,aligned_tool
C1_C1,gpt_oss_120b,retail,32,retail:32,compound,False,False,cancel_pending_order,reason,"""ordered by mistake""","""no longer needed""",unknown,aligned_tool
C2_C1,gpt_oss_120b,retail,49,retail:49,single,False,False,get_order_details,order_id,"""#W9311069""","""#W4316152""",order/reservation identifier,aligned_tool
C2_C1,gpt_oss_120b,retail,49,retail:49,single,False,False,get_order_details,order_id,"""#W4316152""","""#W9311069""",order/reservation identifier,aligned_tool
C2_C1,gpt_oss_120b,retail,54,retail:54,compound,False,False,get_product_details,<CALL>,"get_product_details|{""product_id"":""7363354090""}",<MISSING>,extra argument,replace
C2_C1,gpt_oss_120b,retail,54,retail:54,compound,False,False,cancel_pending_order,<CALL>,<MISSING>,"cancel_pending_order|{""order_id"":""#W4836353"",""reason"":""ordered by mistake""}",missing argument,replace
C2_C1,gpt_oss_120b,retail,54,retail:54,compound,False,False,cancel_pending_order,<CALL>,<MISSING>,"cancel_pending_order|{""order_id"":""#W7342738"",""reason"":""ordered by mistake""}",missing argument,replace
C2_C1,gpt_oss_120b,retail,54,retail:54,compound,False,False,cancel_pending_order,<CALL>,"cancel_pending_order|{""order_id"":""#W4836353"",""reason"":""no longer needed""}",<MISSING>,extra argument,replace
C2_C1,gpt_oss_120b,retail,54,retail:54,compound,False,False,return_delivered_order_items,<CALL>,<MISSING>,"return_delivered_order_items|{""item_ids"":[""5669664287"",""4900990404"",""9862136885"",""6777246137""],""order_id"":""#W4597054"",""payment_method_id"":""gift_card_3491931""}",missing argument,replace
C2_C1,gpt_oss_120b,retail,54,retail:54,compound,False,False,return_delivered_order_items,<CALL>,<MISSING>,"return_delivered_order_items|{""item_ids"":[""8277474082""],""order_id"":""#W7773202"",""payment_method_id"":""gift_card_3491931""}",missing argument,replace
C2_C1,gpt_oss_120b,retail,54,retail:54,compound,False,False,cancel_pending_order,<CALL>,"cancel_pending_order|{""order_id"":""#W7342738"",""reason"":""no longer needed""}",<MISSING>,extra argument,replace
C2_C1,gpt_oss_120b,retail,54,retail:54,compound,False,False,get_product_details,<CALL>,"get_product_details|{""product_id"":""7363354090""}",<MISSING>,extra argument,replace
C2_C1,gpt_oss_120b,retail,54,retail:54,compound,False,False,return_delivered_order_items,<CALL>,<MISSING>,"return_delivered_order_items|{""item_ids"":[""8277474082""],""order_id"":""#W7773202"",""payment_method_id"":""gift_card_3491931""}",missing argument,replace
C2_C1,gpt_oss_120b,retail,54,retail:54,compound,False,False,transfer_to_human_agents,<CALL>,<MISSING>,"transfer_to_human_agents|{""summary"":""User Amelia Silva wants to place a new order for hiking boots (same size and material, different color) and wants to get the maximum money back. The user previously returned the boots from order #W7773202. They need assistance creating a new order with the desired specifications.""}",missing argument,replace
C1_C1,gpt_oss_120b,retail,54,retail:54,compound,False,False,cancel_pending_order,reason,"""no longer needed""","""ordered by mistake""",unknown,aligned_tool
C1_C1,gpt_oss_120b,retail,54,retail:54,compound,False,False,cancel_pending_order,reason,"""no longer needed""","""ordered by mistake""",unknown,aligned_tool
C1_C1,gpt_oss_120b,retail,54,retail:54,compound,False,False,cancel_pending_order,<CALL>,"cancel_pending_order|{""order_id"":""#W4836353"",""reason"":""no longer needed""}",<MISSING>,extra argument,replace
C1_C1,gpt_oss_120b,retail,54,retail:54,compound,False,False,cancel_pending_order,<CALL>,"cancel_pending_order|{""order_id"":""#W7342738"",""reason"":""no longer needed""}",<MISSING>,extra argument,replace
C1_C1,gpt_oss_120b,retail,54,retail:54,compound,False,False,get_product_details,<CALL>,<MISSING>,"get_product_details|{""product_id"":""7363354090""}",missing argument,replace
C1_C1,gpt_oss_120b,retail,54,retail:54,compound,False,False,return_delivered_order_items,<CALL>,<MISSING>,"return_delivered_order_items|{""item_ids"":[""5669664287"",""4900990404"",""9862136885"",""6777246137""],""order_id"":""#W4597054"",""payment_method_id"":""gift_card_3491931""}",missing argument,replace
C1_C1,gpt_oss_120b,retail,54,retail:54,compound,False,False,cancel_pending_order,order_id,"""#W4836353""","""#W7342738""",order/reservation identifier,aligned_tool
C1_C1,gpt_oss_120b,retail,54,retail:54,compound,False,False,cancel_pending_order,<CALL>,"cancel_pending_order|{""order_id"":""#W7342738"",""reason"":""no longer needed""}",<MISSING>,extra argument,replace
C1_C1,gpt_oss_120b,retail,54,retail:54,compound,False,False,get_product_details,<CALL>,<MISSING>,"get_product_details|{""product_id"":""7363354090""}",missing argument,replace
C1_C1,gpt_oss_120b,retail,54,retail:54,compound,False,False,cancel_pending_order,<CALL>,"cancel_pending_order|{""order_id"":""#W7342738"",""reason"":""no longer needed""}",<MISSING>,extra argument,replace
C1_C1,gpt_oss_120b,retail,54,retail:54,compound,False,False,return_delivered_order_items,<CALL>,<MISSING>,"return_delivered_order_items|{""item_ids"":[""8277474082""],""order_id"":""#W7773202"",""payment_method_id"":""gift_card_3491931""}",missing argument,replace
C1_C1,gpt_oss_120b,retail,54,retail:54,compound,False,False,transfer_to_human_agents,<CALL>,<MISSING>,"transfer_to_human_agents|{""summary"":""User Amelia Silva wants to place a new order for hiking boots (same size and material, different color) and wants to get the maximum money back. The user previously returned the boots from order #W7773202. They need assistance creating a new order with the desired specifications.""}",missing argument,replace
C1_C1,gpt_oss_120b,retail,54,retail:54,compound,False,False,cancel_pending_order,<CALL>,"cancel_pending_order|{""order_id"":""#W4836353"",""reason"":""ordered by mistake""}",<MISSING>,extra argument,replace
C1_C1,gpt_oss_120b,retail,54,retail:54,compound,False,False,cancel_pending_order,<CALL>,"cancel_pending_order|{""order_id"":""#W7342738"",""reason"":""ordered by mistake""}",<MISSING>,extra argument,replace
C1_C1,gpt_oss_120b,retail,54,retail:54,compound,False,False,get_product_details,<CALL>,<MISSING>,"get_product_details|{""product_id"":""7363354090""}",missing argument,replace
C1_C1,gpt_oss_120b,retail,54,retail:54,compound,False,False,return_delivered_order_items,<CALL>,<MISSING>,"return_delivered_order_items|{""item_ids"":[""5669664287"",""4900990404"",""9862136885"",""6777246137""],""order_id"":""#W4597054"",""payment_method_id"":""gift_card_3491931""}",missing argument,replace
C1_C1,gpt_oss_120b,retail,54,retail:54,compound,False,False,cancel_pending_order,order_id,"""#W4836353""","""#W7342738""",order/reservation identifier,aligned_tool
C1_C1,gpt_oss_120b,retail,54,retail:54,compound,False,False,cancel_pending_order,reason,"""ordered by mistake""","""no longer needed""",unknown,aligned_tool
C1_C1,gpt_oss_120b,retail,54,retail:54,compound,False,False,cancel_pending_order,<CALL>,"cancel_pending_order|{""order_id"":""#W7342738"",""reason"":""ordered by mistake""}",<MISSING>,extra argument,replace
C1_C1,gpt_oss_120b,retail,54,retail:54,compound,False,False,get_product_details,<CALL>,<MISSING>,"get_product_details|{""product_id"":""7363354090""}",missing argument,replace
C1_C1,gpt_oss_120b,retail,54,retail:54,compound,False,False,cancel_pending_order,reason,"""ordered by mistake""","""no longer needed""",unknown,aligned_tool
C1_C1,gpt_oss_120b,retail,54,retail:54,compound,False,False,cancel_pending_order,<CALL>,"cancel_pending_order|{""order_id"":""#W7342738"",""reason"":""ordered by mistake""}",<MISSING>,extra argument,replace
C1_C1,gpt_oss_120b,retail,54,retail:54,compound,False,False,return_delivered_order_items,<CALL>,<MISSING>,"return_delivered_order_items|{""item_ids"":[""8277474082""],""order_id"":""#W7773202"",""payment_method_id"":""gift_card_3491931""}",missing argument,replace
C1_C1,gpt_oss_120b,retail,54,retail:54,compound,False,False,transfer_to_human_agents,<CALL>,<MISSING>,"transfer_to_human_agents|{""summary"":""User Amelia Silva wants to place a new order for hiking boots (same size and material, different color) and wants to get the maximum money back. The user previously returned the boots from order #W7773202. They need assistance creating a new order with the desired specifications.""}",missing argument,replace
C1_C1,gpt_oss_120b,retail,54,retail:54,compound,False,False,cancel_pending_order,reason,"""ordered by mistake""","""no longer needed""",unknown,aligned_tool
C1_C1,gpt_oss_120b,retail,54,retail:54,compound,False,False,cancel_pending_order,reason,"""ordered by mistake""","""no longer needed""",unknown,aligned_tool
C1_C1,gpt_oss_120b,retail,54,retail:54,compound,False,False,return_delivered_order_items,item_ids,"[""5669664287"", ""4900990404"", ""9862136885"", ""6777246137""]","[""8277474082""]",order/reservation identifier,aligned_tool
C1_C1,gpt_oss_120b,retail,54,retail:54,compound,False,False,return_delivered_order_items,order_id,"""#W4597054""","""#W7773202""",order/reservation identifier,aligned_tool
C1_C1,gpt_oss_120b,retail,54,retail:54,compound,False,False,return_delivered_order_items,item_ids,"[""5669664287"", ""4900990404"", ""9862136885"", ""6777246137""]","[""8277474082""]",order/reservation identifier,aligned_tool
C1_C1,gpt_oss_120b,retail,54,retail:54,compound,False,False,return_delivered_order_items,order_id,"""#W4597054""","""#W7773202""",order/reservation identifier,aligned_tool
C1_C1,gpt_oss_120b,retail,54,retail:54,compound,False,False,return_delivered_order_items,<CALL>,"return_delivered_order_items|{""item_ids"":[""8277474082""],""order_id"":""#W7773202"",""payment_method_id"":""gift_card_3491931""}",<MISSING>,extra argument,replace
C1_C1,gpt_oss_120b,retail,54,retail:54,compound,False,False,cancel_pending_order,<CALL>,"cancel_pending_order|{""order_id"":""#W7342738"",""reason"":""no longer needed""}",<MISSING>,extra argument,replace
C1_C1,gpt_oss_120b,retail,54,retail:54,compound,False,False,get_product_details,<CALL>,"get_product_details|{""product_id"":""7363354090""}",<MISSING>,extra argument,replace
C1_C1,gpt_oss_120b,retail,54,retail:54,compound,False,False,transfer_to_human_agents,<CALL>,<MISSING>,"transfer_to_human_agents|{""summary"":""User Amelia Silva wants to place a new order for hiking boots (same size and material, different color) and wants to get the maximum money back. The user previously returned the boots from order #W7773202. They need assistance creating a new order with the desired specifications.""}",missing argument,replace
C2_C1,gpt_oss_120b,retail,55,retail:55,compound,False,False,find_user_id_by_email,<CALL>,"find_user_id_by_email|{""email"":""amelia.silva7872@example.com""}",<MISSING>,extra argument,replace
C2_C1,gpt_oss_120b,retail,55,retail:55,compound,False,False,get_user_details,<CALL>,"get_user_details|{""user_id"":""amelia_silva_7726""}",<MISSING>,extra argument,replace
C2_C1,gpt_oss_120b,retail,55,retail:55,compound,False,False,get_order_details,<CALL>,"get_order_details|{""order_id"":""#W2586676""}",<MISSING>,extra argument,replace
C2_C1,gpt_oss_120b,retail,55,retail:55,compound,False,False,get_order_details,<CALL>,"get_order_details|{""order_id"":""#W5400801""}",<MISSING>,extra argument,replace
C2_C1,gpt_oss_120b,retail,55,retail:55,compound,False,False,get_order_details,<CALL>,"get_order_details|{""order_id"":""#W4597054""}",<MISSING>,extra argument,replace
C2_C1,gpt_oss_120b,retail,55,retail:55,compound,False,False,get_order_details,<CALL>,"get_order_details|{""order_id"":""#W4836353""}",<MISSING>,extra argument,replace
C2_C1,gpt_oss_120b,retail,55,retail:55,compound,False,False,get_order_details,<CALL>,"get_order_details|{""order_id"":""#W7773202""}",<MISSING>,extra argument,replace
C2_C1,gpt_oss_120b,retail,55,retail:55,compound,False,False,cancel_pending_order,<CALL>,"cancel_pending_order|{""order_id"":""#W4836354"",""reason"":""no longer needed""}",<MISSING>,extra argument,replace
C2_C1,gpt_oss_120b,retail,55,retail:55,compound,False,False,cancel_pending_order,<CALL>,"cancel_pending_order|{""order_id"":""#W4836353"",""reason"":""no longer needed""}",<MISSING>,extra argument,replace
C2_C1,gpt_oss_120b,retail,55,retail:55,compound,False,False,return_delivered_order_items,<CALL>,"return_delivered_order_items|{""item_ids"":[""5669664287"",""4900990404"",""9862136885"",""6777246137""],""order_id"":""#W4597054"",""payment_method_id"":""gift_card_3491931""}",<MISSING>,extra argument,replace
C2_C1,gpt_oss_120b,retail,55,retail:55,compound,False,False,return_delivered_order_items,<CALL>,"return_delivered_order_items|{""item_ids"":[""8277474082""],""order_id"":""#W7773202"",""payment_method_id"":""gift_card_3491931""}",<MISSING>,extra argument,replace
C2_C1,gpt_oss_120b,retail,55,retail:55,compound,False,False,transfer_to_human_agents,<CALL>,<MISSING>,"transfer_to_human_agents|{""summary"":""User Amelia Silva could not be identified by either of two provided emails or name+ZIP. Unable to locate user account to process cancellation/return of recent orders.""}",missing argument,replace
C1_C1,gpt_oss_120b,retail,55,retail:55,compound,False,True,find_user_id_by_name_zip,<CALL>,"find_user_id_by_name_zip|{""first_name"":""Amelia"",""last_name"":""Silva"",""zip"":""19102""}",<MISSING>,extra argument,replace
C1_C1,gpt_oss_120b,retail,55,retail:55,compound,False,True,transfer_to_human_agents,<CALL>,"transfer_to_human_agents|{""summary"":""User Amelia Silva could not be identified by either of two provided emails or name+ZIP. Unable to locate user account to process cancellation/return of recent orders.""}",<MISSING>,extra argument,replace
C1_C1,gpt_oss_120b,retail,55,retail:55,compound,False,True,find_user_id_by_email,<CALL>,<MISSING>,"find_user_id_by_email|{""email"":""amelia.silva7872@example.com""}",missing argument,replace
C1_C1,gpt_oss_120b,retail,55,retail:55,compound,False,True,get_user_details,<CALL>,<MISSING>,"get_user_details|{""user_id"":""amelia_silva_7726""}",missing argument,replace
C1_C1,gpt_oss_120b,retail,55,retail:55,compound,False,True,get_order_details,<CALL>,<MISSING>,"get_order_details|{""order_id"":""#W2586676""}",missing argument,replace
C1_C1,gpt_oss_120b,retail,55,retail:55,compound,False,True,get_order_details,<CALL>,<MISSING>,"get_order_details|{""order_id"":""#W5400801""}",missing argument,replace
C1_C1,gpt_oss_120b,retail,55,retail:55,compound,False,True,get_order_details,<CALL>,<MISSING>,"get_order_details|{""order_id"":""#W4597054""}",missing argument,replace
C1_C1,gpt_oss_120b,retail,55,retail:55,compound,False,True,get_order_details,<CALL>,<MISSING>,"get_order_details|{""order_id"":""#W4836353""}",missing argument,replace
C1_C1,gpt_oss_120b,retail,55,retail:55,compound,False,True,get_order_details,<CALL>,<MISSING>,"get_order_details|{""order_id"":""#W7773202""}",missing argument,replace
C1_C1,gpt_oss_120b,retail,55,retail:55,compound,False,True,get_order_details,<CALL>,<MISSING>,"get_order_details|{""order_id"":""#W7342738""}",missing argument,replace
C1_C1,gpt_oss_120b,retail,55,retail:55,compound,False,True,find_user_id_by_name_zip,<CALL>,"find_user_id_by_name_zip|{""first_name"":""Amelia"",""last_name"":""Silva"",""zip"":""19102""}",<MISSING>,extra argument,replace
C1_C1,gpt_oss_120b,retail,55,retail:55,compound,False,True,transfer_to_human_agents,<CALL>,"transfer_to_human_agents|{""summary"":""User Amelia Silva could not be identified by either of two provided emails or name+ZIP. Unable to locate user account to process cancellation/return of recent orders.""}",<MISSING>,extra argument,replace
C1_C1,gpt_oss_120b,retail,55,retail:55,compound,False,True,find_user_id_by_email,<CALL>,<MISSING>,"find_user_id_by_email|{""email"":""amelia.silva7872@example.com""}",missing argument,replace
C1_C1,gpt_oss_120b,retail,55,retail:55,compound,False,True,get_user_details,<CALL>,<MISSING>,"get_user_details|{""user_id"":""amelia_silva_7726""}",missing argument,replace
C1_C1,gpt_oss_120b,retail,55,retail:55,compound,False,True,get_order_details,<CALL>,<MISSING>,"get_order_details|{""order_id"":""#W2586676""}",missing argument,replace
C1_C1,gpt_oss_120b,retail,55,retail:55,compound,False,True,get_order_details,<CALL>,<MISSING>,"get_order_details|{""order_id"":""#W5400801""}",missing argument,replace
C1_C1,gpt_oss_120b,retail,55,retail:55,compound,False,True,get_order_details,<CALL>,<MISSING>,"get_order_details|{""order_id"":""#W4597054""}",missing argument,replace
C1_C1,gpt_oss_120b,retail,55,retail:55,compound,False,True,get_order_details,<CALL>,<MISSING>,"get_order_details|{""order_id"":""#W4836353""}",missing argument,replace
C1_C1,gpt_oss_120b,retail,55,retail:55,compound,False,True,get_order_details,<CALL>,<MISSING>,"get_order_details|{""order_id"":""#W7773202""}",missing argument,replace
C1_C1,gpt_oss_120b,retail,55,retail:55,compound,False,True,get_order_details,<CALL>,<MISSING>,"get_order_details|{""order_id"":""#W7342738""}",missing argument,replace
C1_C1,gpt_oss_120b,retail,55,retail:55,compound,False,True,find_user_id_by_name_zip,<CALL>,"find_user_id_by_name_zip|{""first_name"":""Amelia"",""last_name"":""Silva"",""zip"":""19102""}",<MISSING>,extra argument,replace
C1_C1,gpt_oss_120b,retail,55,retail:55,compound,False,True,transfer_to_human_agents,<CALL>,"transfer_to_human_agents|{""summary"":""User Amelia Silva could not be identified by either of two provided emails or name+ZIP. Unable to locate user account to process cancellation/return of recent orders.""}",<MISSING>,extra argument,replace
C1_C1,gpt_oss_120b,retail,55,retail:55,compound,False,True,find_user_id_by_email,<CALL>,<MISSING>,"find_user_id_by_email|{""email"":""amelia.silva7872@example.com""}",missing argument,replace
C1_C1,gpt_oss_120b,retail,55,retail:55,compound,False,True,get_user_details,<CALL>,<MISSING>,"get_user_details|{""user_id"":""amelia_silva_7726""}",missing argument,replace
C1_C1,gpt_oss_120b,retail,55,retail:55,compound,False,True,get_order_details,<CALL>,<MISSING>,"get_order_details|{""order_id"":""#W2586676""}",missing argument,replace
C1_C1,gpt_oss_120b,retail,55,retail:55,compound,False,True,get_order_details,<CALL>,<MISSING>,"get_order_details|{""order_id"":""#W5400801""}",missing argument,replace
C1_C1,gpt_oss_120b,retail,55,retail:55,compound,False,True,get_order_details,<CALL>,<MISSING>,"get_order_details|{""order_id"":""#W4597054""}",missing argument,replace
C1_C1,gpt_oss_120b,retail,55,retail:55,compound,False,True,get_order_details,<CALL>,<MISSING>,"get_order_details|{""order_id"":""#W4836353""}",missing argument,replace
C1_C1,gpt_oss_120b,retail,55,retail:55,compound,False,True,get_order_details,<CALL>,<MISSING>,"get_order_details|{""order_id"":""#W7773202""}",missing argument,replace
C1_C1,gpt_oss_120b,retail,55,retail:55,compound,False,True,get_order_details,<CALL>,<MISSING>,"get_order_details|{""order_id"":""#W7342738""}",missing argument,replace
C1_C1,gpt_oss_120b,retail,55,retail:55,compound,False,False,find_user_id_by_name_zip,<CALL>,"find_user_id_by_name_zip|{""first_name"":""Amelia"",""last_name"":""Silva"",""zip"":""19102""}",<MISSING>,extra argument,replace
C1_C1,gpt_oss_120b,retail,55,retail:55,compound,False,False,transfer_to_human_agents,<CALL>,"transfer_to_human_agents|{""summary"":""User Amelia Silva could not be identified by either of two provided emails or name+ZIP. Unable to locate user account to process cancellation/return of recent orders.""}",<MISSING>,extra argument,replace
C1_C1,gpt_oss_120b,retail,55,retail:55,compound,False,False,find_user_id_by_email,<CALL>,<MISSING>,"find_user_id_by_email|{""email"":""amelia.silva7872@example.com""}",missing argument,replace
C1_C1,gpt_oss_120b,retail,55,retail:55,compound,False,False,get_user_details,<CALL>,<MISSING>,"get_user_details|{""user_id"":""amelia_silva_7726""}",missing argument,replace
C1_C1,gpt_oss_120b,retail,55,retail:55,compound,False,False,get_order_details,<CALL>,<MISSING>,"get_order_details|{""order_id"":""#W2586676""}",missing argument,replace
C1_C1,gpt_oss_120b,retail,55,retail:55,compound,False,False,get_order_details,<CALL>,<MISSING>,"get_order_details|{""order_id"":""#W5400801""}",missing argument,replace
C1_C1,gpt_oss_120b,retail,55,retail:55,compound,False,False,get_order_details,<CALL>,<MISSING>,"get_order_details|{""order_id"":""#W4597054""}",missing argument,replace
C1_C1,gpt_oss_120b,retail,55,retail:55,compound,False,False,get_order_details,<CALL>,<MISSING>,"get_order_details|{""order_id"":""#W4836353""}",missing argument,replace
C1_C1,gpt_oss_120b,retail,55,retail:55,compound,False,False,get_order_details,<CALL>,<MISSING>,"get_order_details|{""order_id"":""#W7773202""}",missing argument,replace
C1_C1,gpt_oss_120b,retail,55,retail:55,compound,False,False,cancel_pending_order,<CALL>,<MISSING>,"cancel_pending_order|{""order_id"":""#W4836353"",""reason"":""ordered by mistake""}",missing argument,replace
C1_C1,gpt_oss_120b,retail,55,retail:55,compound,False,False,return_delivered_order_items,<CALL>,<MISSING>,"return_delivered_order_items|{""item_ids"":[""5669664287"",""4900990404"",""9862136885"",""6777246137""],""order_id"":""#W4597054"",""payment_method_id"":""gift_card_3491931""}",missing argument,replace
C1_C1,gpt_oss_120b,retail,55,retail:55,compound,False,False,return_delivered_order_items,<CALL>,<MISSING>,"return_delivered_order_items|{""item_ids"":[""8277474082""],""order_id"":""#W7773202"",""payment_method_id"":""gift_card_3491931""}",missing argument,replace
C1_C1,gpt_oss_120b,retail,55,retail:55,compound,False,False,get_order_details,<CALL>,"get_order_details|{""order_id"":""#W7342738""}",<MISSING>,extra argument,replace
C1_C1,gpt_oss_120b,retail,55,retail:55,compound,False,False,cancel_pending_order,<CALL>,<MISSING>,"cancel_pending_order|{""order_id"":""#W4836353"",""reason"":""ordered by mistake""}",missing argument,replace
C1_C1,gpt_oss_120b,retail,55,retail:55,compound,False,False,return_delivered_order_items,<CALL>,<MISSING>,"return_delivered_order_items|{""item_ids"":[""5669664287"",""4900990404"",""9862136885"",""6777246137""],""order_id"":""#W4597054"",""payment_method_id"":""gift_card_3491931""}",missing argument,replace
C1_C1,gpt_oss_120b,retail,55,retail:55,compound,False,False,return_delivered_order_items,<CALL>,<MISSING>,"return_delivered_order_items|{""item_ids"":[""8277474082""],""order_id"":""#W7773202"",""payment_method_id"":""gift_card_3491931""}",missing argument,replace
C1_C1,gpt_oss_120b,retail,55,retail:55,compound,False,False,get_order_details,<CALL>,"get_order_details|{""order_id"":""#W7342738""}",<MISSING>,extra argument,replace
C1_C1,gpt_oss_120b,retail,55,retail:55,compound,False,False,cancel_pending_order,<CALL>,<MISSING>,"cancel_pending_order|{""order_id"":""#W4836353"",""reason"":""ordered by mistake""}",missing argument,replace
C1_C1,gpt_oss_120b,retail,55,retail:55,compound,False,False,return_delivered_order_items,<CALL>,<MISSING>,"return_delivered_order_items|{""item_ids"":[""5669664287"",""4900990404"",""9862136885"",""6777246137""],""order_id"":""#W4597054"",""payment_method_id"":""gift_card_3491931""}",missing argument,replace
C1_C1,gpt_oss_120b,retail,55,retail:55,compound,False,False,return_delivered_order_items,<CALL>,<MISSING>,"return_delivered_order_items|{""item_ids"":[""8277474082""],""order_id"":""#W7773202"",""payment_method_id"":""gift_card_3491931""}",missing argument,replace
C1_C1,gpt_oss_120b,retail,55,retail:55,compound,False,False,get_order_details,<CALL>,"get_order_details|{""order_id"":""#W7342738""}",<MISSING>,extra argument,replace
C1_C1,gpt_oss_120b,retail,55,retail:55,compound,False,False,cancel_pending_order,<CALL>,<MISSING>,"cancel_pending_order|{""order_id"":""#W4836353"",""reason"":""ordered by mistake""}",missing argument,replace
C1_C1,gpt_oss_120b,retail,55,retail:55,compound,False,False,return_delivered_order_items,<CALL>,<MISSING>,"return_delivered_order_items|{""item_ids"":[""5669664287"",""4900990404"",""9862136885"",""6777246137""],""order_id"":""#W4597054"",""payment_method_id"":""gift_card_3491931""}",missing argument,replace
C1_C1,gpt_oss_120b,retail,55,retail:55,compound,False,False,return_delivered_order_items,<CALL>,<MISSING>,"return_delivered_order_items|{""item_ids"":[""8277474082""],""order_id"":""#W7773202"",""payment_method_id"":""gift_card_3491931""}",missing argument,replace
C2_C1,gpt_oss_120b,retail,62,retail:62,read,False,True,find_user_id_by_name_zip,<CALL>,"find_user_id_by_name_zip|{""first_name"":""Chen"",""last_name"":""Johnson"",""zip"":""77004""}",<MISSING>,extra argument,replace
C2_C1,gpt_oss_120b,retail,62,retail:62,read,False,True,get_user_details,<CALL>,"get_user_details|{""user_id"":""chen_johnson_4204""}",<MISSING>,extra argument,replace
C2_C1,gpt_oss_120b,retail,62,retail:62,read,False,True,get_order_details,<CALL>,"get_order_details|{""order_id"":""#W5797164""}",<MISSING>,extra argument,replace
C2_C1,gpt_oss_120b,retail,62,retail:62,read,False,True,get_order_details,<CALL>,"get_order_details|{""order_id"":""#W5061109""}",<MISSING>,extra argument,replace
C2_C1,gpt_oss_120b,retail,62,retail:62,read,False,True,list_all_product_types,<CALL>,list_all_product_types|{},<MISSING>,extra argument,replace
C2_C1,gpt_oss_120b,retail,62,retail:62,read,False,True,get_product_details,<CALL>,"get_product_details|{""product_id"":""4768869376""}",<MISSING>,extra argument,replace
C2_C1,gpt_oss_120b,retail,62,retail:62,read,False,True,transfer_to_human_agents,<CALL>,<MISSING>,"transfer_to_human_agents|{""summary"":""User asked about a poem line: \""I wandered lonely as a cloud\"".""}",missing argument,replace
C2_C1,gpt_oss_120b,retail,62,retail:62,read,False,True,find_user_id_by_name_zip,<CALL>,"find_user_id_by_name_zip|{""first_name"":""Chen"",""last_name"":""Johnson"",""zip"":""77004""}",<MISSING>,extra argument,replace
C2_C1,gpt_oss_120b,retail,62,retail:62,read,False,True,get_user_details,<CALL>,"get_user_details|{""user_id"":""chen_johnson_4204""}",<MISSING>,extra argument,replace
C2_C1,gpt_oss_120b,retail,62,retail:62,read,False,True,get_order_details,<CALL>,"get_order_details|{""order_id"":""#W5797164""}",<MISSING>,extra argument,replace
C2_C1,gpt_oss_120b,retail,62,retail:62,read,False,True,get_order_details,<CALL>,"get_order_details|{""order_id"":""#W5061109""}",<MISSING>,extra argument,replace
C2_C1,gpt_oss_120b,retail,62,retail:62,read,False,True,get_product_details,<CALL>,"get_product_details|{""product_id"":""4768869376""}",<MISSING>,extra argument,replace
C2_C1,gpt_oss_120b,retail,62,retail:62,read,False,True,transfer_to_human_agents,<CALL>,<MISSING>,"transfer_to_human_agents|{""summary"":""User asked for information about a poem line: \""I wandered lonely as a cloud\"".""}",missing argument,replace
C2_C1,gpt_oss_120b,retail,62,retail:62,read,False,True,find_user_id_by_name_zip,<CALL>,"find_user_id_by_name_zip|{""first_name"":""Chen"",""last_name"":""Johnson"",""zip"":""77004""}",<MISSING>,extra argument,replace
C2_C1,gpt_oss_120b,retail,62,retail:62,read,False,True,get_user_details,<CALL>,"get_user_details|{""user_id"":""chen_johnson_4204""}",<MISSING>,extra argument,replace
C2_C1,gpt_oss_120b,retail,62,retail:62,read,False,True,get_order_details,<CALL>,"get_order_details|{""order_id"":""#W5797164""}",<MISSING>,extra argument,replace
C2_C1,gpt_oss_120b,retail,62,retail:62,read,False,True,get_order_details,<CALL>,"get_order_details|{""order_id"":""#W5061109""}",<MISSING>,extra argument,replace
C2_C1,gpt_oss_120b,retail,62,retail:62,read,False,True,list_all_product_types,<CALL>,list_all_product_types|{},<MISSING>,extra argument,replace
C2_C1,gpt_oss_120b,retail,62,retail:62,read,False,True,get_product_details,<CALL>,"get_product_details|{""product_id"":""4768869376""}",<MISSING>,extra argument,replace
C2_C1,gpt_oss_120b,retail,62,retail:62,read,False,True,calculate,<CALL>,"calculate|{""expression"":""248.85 + 256.67 + 511.24 + 302.67""}",<MISSING>,extra argument,replace
C2_C1,gpt_oss_120b,retail,62,retail:62,read,False,True,transfer_to_human_agents,<CALL>,<MISSING>,"transfer_to_human_agents|{""summary"":""User asked for information about a poem line: \""I wandered lonely as a cloud\"".""}",missing argument,replace
C2_C1,gpt_oss_120b,retail,62,retail:62,read,False,True,find_user_id_by_name_zip,<CALL>,"find_user_id_by_name_zip|{""first_name"":""Chen"",""last_name"":""Johnson"",""zip"":""77004""}",<MISSING>,extra argument,replace
C2_C1,gpt_oss_120b,retail,62,retail:62,read,False,True,get_user_details,<CALL>,"get_user_details|{""user_id"":""chen_johnson_4204""}",<MISSING>,extra argument,replace
C2_C1,gpt_oss_120b,retail,62,retail:62,read,False,True,get_order_details,<CALL>,"get_order_details|{""order_id"":""#W5797164""}",<MISSING>,extra argument,replace
C2_C1,gpt_oss_120b,retail,62,retail:62,read,False,True,get_order_details,<CALL>,"get_order_details|{""order_id"":""#W5061109""}",<MISSING>,extra argument,replace
C2_C1,gpt_oss_120b,retail,62,retail:62,read,False,True,list_all_product_types,<CALL>,list_all_product_types|{},<MISSING>,extra argument,replace
C2_C1,gpt_oss_120b,retail,62,retail:62,read,False,True,get_product_details,<CALL>,"get_product_details|{""product_id"":""4768869376""}",<MISSING>,extra argument,replace
C2_C1,gpt_oss_120b,retail,62,retail:62,read,False,True,calculate,<CALL>,"calculate|{""expression"":""248.85 + 256.67 + 511.24 + 302.67""}",<MISSING>,extra argument,replace
C2_C1,gpt_oss_120b,retail,62,retail:62,read,False,True,transfer_to_human_agents,<CALL>,<MISSING>,"transfer_to_human_agents|{""summary"":""User asked for information about a poem line: \""I wandered lonely as a cloud\"".""}",missing argument,replace
C2_C1,gpt_oss_120b,retail,62,retail:62,read,False,True,find_user_id_by_name_zip,<CALL>,"find_user_id_by_name_zip|{""first_name"":""Chen"",""last_name"":""Johnson"",""zip"":""77004""}",<MISSING>,extra argument,replace
C2_C1,gpt_oss_120b,retail,62,retail:62,read,False,True,get_user_details,<CALL>,"get_user_details|{""user_id"":""chen_johnson_4204""}",<MISSING>,extra argument,replace
C2_C1,gpt_oss_120b,retail,62,retail:62,read,False,True,get_order_details,<CALL>,"get_order_details|{""order_id"":""#W5797164""}",<MISSING>,extra argument,replace
C2_C1,gpt_oss_120b,retail,62,retail:62,read,False,True,get_order_details,<CALL>,"get_order_details|{""order_id"":""#W5061109""}",<MISSING>,extra argument,replace
C2_C1,gpt_oss_120b,retail,62,retail:62,read,False,True,get_product_details,<CALL>,"get_product_details|{""product_id"":""4768869376""}",<MISSING>,extra argument,replace
C2_C1,gpt_oss_120b,retail,62,retail:62,read,False,True,transfer_to_human_agents,<CALL>,<MISSING>,"transfer_to_human_agents|{""summary"":""User asked for information about a poem line: \""I wandered lonely as a cloud\"".""}",missing argument,replace
C1_C1,gpt_oss_120b,retail,62,retail:62,read,False,True,transfer_to_human_agents,summary,"""User asked about a poem line: \""I wandered lonely as a cloud\"".""","""User asked for information about a poem line: \""I wandered lonely as a cloud\"".""",unknown,aligned_tool
C1_C1,gpt_oss_120b,retail,62,retail:62,read,False,True,transfer_to_human_agents,summary,"""User asked about a poem line: \""I wandered lonely as a cloud\"".""","""User asked for information about a poem line: \""I wandered lonely as a cloud\"".""",unknown,aligned_tool
C1_C1,gpt_oss_120b,retail,62,retail:62,read,False,True,transfer_to_human_agents,summary,"""User asked about a poem line: \""I wandered lonely as a cloud\"".""","""User asked for information about a poem line: \""I wandered lonely as a cloud\"".""",unknown,aligned_tool
C1_C1,gpt_oss_120b,retail,62,retail:62,read,False,True,transfer_to_human_agents,summary,"""User asked about a poem line: \""I wandered lonely as a cloud\"".""","""User asked for information about a poem line: \""I wandered lonely as a cloud\"".""",unknown,aligned_tool
C2_C1,gpt_oss_120b,retail,67,retail:67,read,False,True,transfer_to_human_agents,summary,"""User Noah Ito cannot be located by name and ZIP (98187) and does not know email address. Unable to authenticate to retrieve order payment details.""","""User Noah Ito could not be authenticated via name and zip; email unknown. Unable to locate user profile to check order payment.""",unknown,aligned_tool
C2_C1,gpt_oss_120b,retail,67,retail:67,read,False,True,find_user_id_by_name_zip,<CALL>,"find_user_id_by_name_zip|{""first_name"":""Noah"",""last_name"":""Ito"",""zip"":""98187""}",<MISSING>,extra argument,replace
C2_C1,gpt_oss_120b,retail,67,retail:67,read,False,True,get_user_details,<CALL>,"get_user_details|{""user_id"":""noah_ito_3850""}",<MISSING>,extra argument,replace
C2_C1,gpt_oss_120b,retail,67,retail:67,read,False,True,get_order_details,<CALL>,"get_order_details|{""order_id"":""#W6729841""}",<MISSING>,extra argument,replace
C2_C1,gpt_oss_120b,retail,67,retail:67,read,False,True,transfer_to_human_agents,<CALL>,<MISSING>,"transfer_to_human_agents|{""summary"":""User unable to provide email or correct zip to locate account; wants payment amount for most recent order but cannot be authenticated.""}",missing argument,replace
C2_C1,gpt_oss_120b,retail,67,retail:67,read,True,True,get_order_details,order_id,"""#W3445693""","""#W6729841""",order/reservation identifier,aligned_tool
C1_C1,gpt_oss_120b,retail,67,retail:67,read,False,True,transfer_to_human_agents,summary,"""User Noah Ito could not be authenticated via name and zip; email unknown. Unable to locate user profile to check order payment.""","""User unable to provide email or correct zip to locate account; wants payment amount for most recent order but cannot be authenticated.""",unknown,aligned_tool
C1_C1,gpt_oss_120b,retail,67,retail:67,read,False,True,transfer_to_human_agents,<CALL>,"transfer_to_human_agents|{""summary"":""User Noah Ito could not be authenticated via name and zip; email unknown. Unable to locate user profile to check order payment.""}",<MISSING>,extra argument,replace
C1_C1,gpt_oss_120b,retail,67,retail:67,read,False,True,find_user_id_by_name_zip,<CALL>,<MISSING>,"find_user_id_by_name_zip|{""first_name"":""Noah"",""last_name"":""Ito"",""zip"":""98187""}",missing argument,replace
C1_C1,gpt_oss_120b,retail,67,retail:67,read,False,True,get_user_details,<CALL>,<MISSING>,"get_user_details|{""user_id"":""noah_ito_3850""}",missing argument,replace
C1_C1,gpt_oss_120b,retail,67,retail:67,read,False,True,get_order_details,<CALL>,<MISSING>,"get_order_details|{""order_id"":""#W6729841""}",missing argument,replace
C1_C1,gpt_oss_120b,retail,67,retail:67,read,False,True,transfer_to_human_agents,<CALL>,"transfer_to_human_agents|{""summary"":""User unable to provide email or correct zip to locate account; wants payment amount for most recent order but cannot be authenticated.""}",<MISSING>,extra argument,replace
C1_C1,gpt_oss_120b,retail,67,retail:67,read,False,True,find_user_id_by_name_zip,<CALL>,<MISSING>,"find_user_id_by_name_zip|{""first_name"":""Noah"",""last_name"":""Ito"",""zip"":""98187""}",missing argument,replace
C1_C1,gpt_oss_120b,retail,67,retail:67,read,False,True,get_user_details,<CALL>,<MISSING>,"get_user_details|{""user_id"":""noah_ito_3850""}",missing argument,replace
C1_C1,gpt_oss_120b,retail,67,retail:67,read,False,True,get_order_details,<CALL>,<MISSING>,"get_order_details|{""order_id"":""#W6729841""}",missing argument,replace
C2_C1,gpt_oss_120b,retail,68,retail:68,read,True,True,get_order_details,order_id,"""#W6729841""","""#W4219264""",order/reservation identifier,aligned_tool
C2_C1,gpt_oss_120b,retail,68,retail:68,read,True,True,get_order_details,order_id,"""#W4219264""","""#W6729841""",order/reservation identifier,aligned_tool
C2_C1,gpt_oss_120b,retail,68,retail:68,read,True,True,get_order_details,order_id,"""#W6729841""","""#W3445693""",order/reservation identifier,aligned_tool
C2_C1,gpt_oss_120b,retail,68,retail:68,read,True,True,get_order_details,order_id,"""#W6729841""","""#W4219264""",order/reservation identifier,aligned_tool
C2_C1,gpt_oss_120b,retail,68,retail:68,read,True,True,get_order_details,order_id,"""#W4219264""","""#W6729841""",order/reservation identifier,aligned_tool
C2_C1,mistral_small_3p2,airline,12,airline:12,single,False,False,calculate,expression,"""122 + 127""","""350 + 499 - 498""",unknown,aligned_tool
C2_C1,mistral_small_3p2,airline,12,airline:12,single,False,True,search_direct_flight,date,"""2024-06-15""","""2024-05-18""",date/time,aligned_tool
C2_C1,mistral_small_3p2,airline,12,airline:12,single,False,True,search_onestop_flight,date,"""2024-06-15""","""2024-05-18""",date/time,aligned_tool
C2_C1,mistral_small_3p2,airline,12,airline:12,single,False,True,search_direct_flight,<CALL>,"search_direct_flight|{""date"":""2024-06-16"",""destination"":""MSP"",""origin"":""BOS""}",<MISSING>,extra argument,replace
C2_C1,mistral_small_3p2,airline,12,airline:12,single,False,True,search_onestop_flight,<CALL>,"search_onestop_flight|{""date"":""2024-06-16"",""destination"":""MSP"",""origin"":""BOS""}",<MISSING>,extra argument,replace
C2_C1,mistral_small_3p2,airline,12,airline:12,single,False,True,search_direct_flight,<CALL>,"search_direct_flight|{""date"":""2024-06-17"",""destination"":""MSP"",""origin"":""BOS""}",<MISSING>,extra argument,replace
C2_C1,mistral_small_3p2,airline,12,airline:12,single,False,True,search_onestop_flight,<CALL>,"search_onestop_flight|{""date"":""2024-06-17"",""destination"":""MSP"",""origin"":""BOS""}",<MISSING>,extra argument,replace
C2_C1,mistral_small_3p2,airline,12,airline:12,single,False,True,search_direct_flight,<CALL>,"search_direct_flight|{""date"":""2024-06-18"",""destination"":""MSP"",""origin"":""BOS""}",<MISSING>,extra argument,replace
C2_C1,mistral_small_3p2,airline,12,airline:12,single,False,True,search_onestop_flight,<CALL>,"search_onestop_flight|{""date"":""2024-06-18"",""destination"":""MSP"",""origin"":""BOS""}",<MISSING>,extra argument,replace
C2_C1,mistral_small_3p2,airline,12,airline:12,single,False,True,search_direct_flight,<CALL>,"search_direct_flight|{""date"":""2024-06-19"",""destination"":""MSP"",""origin"":""BOS""}",<MISSING>,extra argument,replace
C2_C1,mistral_small_3p2,airline,12,airline:12,single,False,True,search_onestop_flight,<CALL>,"search_onestop_flight|{""date"":""2024-06-19"",""destination"":""MSP"",""origin"":""BOS""}",<MISSING>,extra argument,replace
C2_C1,mistral_small_3p2,airline,12,airline:12,single,False,True,search_direct_flight,<CALL>,"search_direct_flight|{""date"":""2024-06-20"",""destination"":""MSP"",""origin"":""BOS""}",<MISSING>,extra argument,replace
C2_C1,mistral_small_3p2,airline,12,airline:12,single,False,True,search_onestop_flight,<CALL>,"search_onestop_flight|{""date"":""2024-06-20"",""destination"":""MSP"",""origin"":""BOS""}",<MISSING>,extra argument,replace
C2_C1,mistral_small_3p2,airline,12,airline:12,single,False,True,search_direct_flight,<CALL>,"search_direct_flight|{""date"":""2024-06-21"",""destination"":""MSP"",""origin"":""BOS""}",<MISSING>,extra argument,replace
C2_C1,mistral_small_3p2,airline,12,airline:12,single,False,True,search_onestop_flight,<CALL>,"search_onestop_flight|{""date"":""2024-06-21"",""destination"":""MSP"",""origin"":""BOS""}",<MISSING>,extra argument,replace
C2_C1,mistral_small_3p2,airline,12,airline:12,single,False,True,search_direct_flight,<CALL>,"search_direct_flight|{""date"":""2024-06-22"",""destination"":""MSP"",""origin"":""BOS""}",<MISSING>,extra argument,replace
C2_C1,mistral_small_3p2,airline,12,airline:12,single,False,True,search_onestop_flight,<CALL>,"search_onestop_flight|{""date"":""2024-06-22"",""destination"":""MSP"",""origin"":""BOS""}",<MISSING>,extra argument,replace
C2_C1,mistral_small_3p2,airline,12,airline:12,single,False,True,search_direct_flight,<CALL>,"search_direct_flight|{""date"":""2024-06-23"",""destination"":""MSP"",""origin"":""BOS""}",<MISSING>,extra argument,replace
C2_C1,mistral_small_3p2,airline,12,airline:12,single,False,True,search_onestop_flight,<CALL>,"search_onestop_flight|{""date"":""2024-06-23"",""destination"":""MSP"",""origin"":""BOS""}",<MISSING>,extra argument,replace
C2_C1,mistral_small_3p2,airline,12,airline:12,single,False,True,search_direct_flight,<CALL>,"search_direct_flight|{""date"":""2024-06-24"",""destination"":""MSP"",""origin"":""BOS""}",<MISSING>,extra argument,replace
C2_C1,mistral_small_3p2,airline,12,airline:12,single,False,True,search_onestop_flight,<CALL>,"search_onestop_flight|{""date"":""2024-06-24"",""destination"":""MSP"",""origin"":""BOS""}",<MISSING>,extra argument,replace
C2_C1,mistral_small_3p2,airline,12,airline:12,single,False,True,search_direct_flight,<CALL>,"search_direct_flight|{""date"":""2024-06-25"",""destination"":""MSP"",""origin"":""BOS""}",<MISSING>,extra argument,replace
C2_C1,mistral_small_3p2,airline,12,airline:12,single,False,True,search_onestop_flight,<CALL>,"search_onestop_flight|{""date"":""2024-06-25"",""destination"":""MSP"",""origin"":""BOS""}",<MISSING>,extra argument,replace
C2_C1,mistral_small_3p2,airline,12,airline:12,single,False,True,search_direct_flight,<CALL>,"search_direct_flight|{""date"":""2024-06-26"",""destination"":""MSP"",""origin"":""BOS""}",<MISSING>,extra argument,replace
C2_C1,mistral_small_3p2,airline,12,airline:12,single,False,True,search_onestop_flight,<CALL>,"search_onestop_flight|{""date"":""2024-06-26"",""destination"":""MSP"",""origin"":""BOS""}",<MISSING>,extra argument,replace
C2_C1,mistral_small_3p2,airline,12,airline:12,single,False,True,search_direct_flight,<CALL>,"search_direct_flight|{""date"":""2024-06-27"",""destination"":""MSP"",""origin"":""BOS""}",<MISSING>,extra argument,replace
C2_C1,mistral_small_3p2,airline,12,airline:12,single,False,True,search_onestop_flight,<CALL>,"search_onestop_flight|{""date"":""2024-06-27"",""destination"":""MSP"",""origin"":""BOS""}",<MISSING>,extra argument,replace
C2_C1,mistral_small_3p2,airline,12,airline:12,single,False,True,search_direct_flight,<CALL>,"search_direct_flight|{""date"":""2024-06-28"",""destination"":""MSP"",""origin"":""BOS""}",<MISSING>,extra argument,replace
C2_C1,mistral_small_3p2,airline,12,airline:12,single,False,True,search_onestop_flight,<CALL>,"search_onestop_flight|{""date"":""2024-06-28"",""destination"":""MSP"",""origin"":""BOS""}",<MISSING>,extra argument,replace
C2_C1,mistral_small_3p2,airline,12,airline:12,single,False,True,search_direct_flight,<CALL>,"search_direct_flight|{""date"":""2024-06-29"",""destination"":""MSP"",""origin"":""BOS""}",<MISSING>,extra argument,replace
C2_C1,mistral_small_3p2,airline,12,airline:12,single,False,True,search_onestop_flight,<CALL>,"search_onestop_flight|{""date"":""2024-06-29"",""destination"":""MSP"",""origin"":""BOS""}",<MISSING>,extra argument,replace
C2_C1,mistral_small_3p2,airline,12,airline:12,single,False,True,search_direct_flight,<CALL>,"search_direct_flight|{""date"":""2024-06-30"",""destination"":""MSP"",""origin"":""BOS""}",<MISSING>,extra argument,replace
C2_C1,mistral_small_3p2,airline,12,airline:12,single,False,True,search_onestop_flight,<CALL>,"search_onestop_flight|{""date"":""2024-06-30"",""destination"":""MSP"",""origin"":""BOS""}",<MISSING>,extra argument,replace
C2_C1,mistral_small_3p2,airline,12,airline:12,single,False,True,search_direct_flight,<CALL>,"search_direct_flight|{""date"":""2024-07-01"",""destination"":""MSP"",""origin"":""BOS""}",<MISSING>,extra argument,replace
C2_C1,mistral_small_3p2,airline,12,airline:12,single,False,True,search_onestop_flight,<CALL>,"search_onestop_flight|{""date"":""2024-07-01"",""destination"":""MSP"",""origin"":""BOS""}",<MISSING>,extra argument,replace
C2_C1,mistral_small_3p2,airline,12,airline:12,single,False,True,search_direct_flight,<CALL>,"search_direct_flight|{""date"":""2024-07-02"",""destination"":""MSP"",""origin"":""BOS""}",<MISSING>,extra argument,replace
C2_C1,mistral_small_3p2,airline,12,airline:12,single,False,True,search_onestop_flight,<CALL>,"search_onestop_flight|{""date"":""2024-07-02"",""destination"":""MSP"",""origin"":""BOS""}",<MISSING>,extra argument,replace
C2_C1,mistral_small_3p2,airline,12,airline:12,single,False,True,search_direct_flight,<CALL>,"search_direct_flight|{""date"":""2024-07-03"",""destination"":""MSP"",""origin"":""BOS""}",<MISSING>,extra argument,replace
C2_C1,mistral_small_3p2,airline,12,airline:12,single,False,True,search_onestop_flight,<CALL>,"search_onestop_flight|{""date"":""2024-07-03"",""destination"":""MSP"",""origin"":""BOS""}",<MISSING>,extra argument,replace
C2_C1,mistral_small_3p2,airline,12,airline:12,single,False,True,search_direct_flight,<CALL>,"search_direct_flight|{""date"":""2024-07-04"",""destination"":""MSP"",""origin"":""BOS""}",<MISSING>,extra argument,replace
C2_C1,mistral_small_3p2,airline,12,airline:12,single,False,True,search_onestop_flight,<CALL>,"search_onestop_flight|{""date"":""2024-07-04"",""destination"":""MSP"",""origin"":""BOS""}",<MISSING>,extra argument,replace
C2_C1,mistral_small_3p2,airline,12,airline:12,single,False,True,search_direct_flight,<CALL>,"search_direct_flight|{""date"":""2024-07-05"",""destination"":""MSP"",""origin"":""BOS""}",<MISSING>,extra argument,replace
C2_C1,mistral_small_3p2,airline,12,airline:12,single,False,True,search_onestop_flight,<CALL>,"search_onestop_flight|{""date"":""2024-07-05"",""destination"":""MSP"",""origin"":""BOS""}",<MISSING>,extra argument,replace
C2_C1,mistral_small_3p2,airline,12,airline:12,single,False,True,search_direct_flight,<CALL>,"search_direct_flight|{""date"":""2024-07-06"",""destination"":""MSP"",""origin"":""BOS""}",<MISSING>,extra argument,replace
C2_C1,mistral_small_3p2,airline,12,airline:12,single,False,True,search_onestop_flight,<CALL>,"search_onestop_flight|{""date"":""2024-07-06"",""destination"":""MSP"",""origin"":""BOS""}",<MISSING>,extra argument,replace
C2_C1,mistral_small_3p2,airline,12,airline:12,single,False,True,search_direct_flight,<CALL>,"search_direct_flight|{""date"":""2024-07-07"",""destination"":""MSP"",""origin"":""BOS""}",<MISSING>,extra argument,replace
C2_C1,mistral_small_3p2,airline,12,airline:12,single,False,True,search_onestop_flight,<CALL>,"search_onestop_flight|{""date"":""2024-07-07"",""destination"":""MSP"",""origin"":""BOS""}",<MISSING>,extra argument,replace
C2_C1,mistral_small_3p2,airline,12,airline:12,single,False,True,search_direct_flight,<CALL>,"search_direct_flight|{""date"":""2024-07-08"",""destination"":""MSP"",""origin"":""BOS""}",<MISSING>,extra argument,replace
C2_C1,mistral_small_3p2,airline,12,airline:12,single,False,True,search_onestop_flight,<CALL>,"search_onestop_flight|{""date"":""2024-07-08"",""destination"":""MSP"",""origin"":""BOS""}",<MISSING>,extra argument,replace
C2_C1,mistral_small_3p2,airline,12,airline:12,single,False,True,calculate,<CALL>,<MISSING>,"calculate|{""expression"":""2 * 50""}",missing argument,replace
C2_C1,mistral_small_3p2,airline,12,airline:12,single,False,True,search_direct_flight,date,"""2024-06-15""","""2024-05-18""",date/time,aligned_tool
C2_C1,mistral_small_3p2,airline,12,airline:12,single,False,True,search_onestop_flight,date,"""2024-06-15""","""2024-05-18""",date/time,aligned_tool
C2_C1,mistral_small_3p2,airline,12,airline:12,single,False,False,get_user_details,<CALL>,"get_user_details|{""user_id"":""chen_lee_6825""}",<MISSING>,extra argument,replace
C2_C1,mistral_small_3p2,airline,12,airline:12,single,False,False,search_direct_flight,<CALL>,"search_direct_flight|{""date"":""2024-06-15"",""destination"":""MSP"",""origin"":""BOS""}",<MISSING>,extra argument,replace
C2_C1,mistral_small_3p2,airline,12,airline:12,single,False,False,search_onestop_flight,<CALL>,"search_onestop_flight|{""date"":""2024-06-15"",""destination"":""MSP"",""origin"":""BOS""}",<MISSING>,extra argument,replace
C2_C1,mistral_small_3p2,airline,12,airline:12,single,False,False,calculate,<CALL>,<MISSING>,"calculate|{""expression"":""122 + 127""}",missing argument,replace
C2_C1,mistral_small_3p2,airline,12,airline:12,single,False,False,calculate,<CALL>,<MISSING>,"calculate|{""expression"":""2 * (200 - 122 - 127)""}",missing argument,replace
C2_C1,mistral_small_3p2,airline,12,airline:12,single,False,False,update_reservation_flights,<CALL>,<MISSING>,"update_reservation_flights|{""cabin"":""business"",""flights"":[{""date"":""2024-05-18"",""flight_number"":""HAT235""},{""date"":""2024-05-19"",""flight_number"":""HAT298""}],""payment_id"":""credit_card_4938634"",""reservation_id"":""YAX4DR""}",missing argument,replace
C2_C1,mistral_small_3p2,airline,12,airline:12,single,False,False,update_reservation_baggages,total_baggages,2,4,source/destination,aligned_tool
C2_C1,mistral_small_3p2,airline,12,airline:12,single,False,False,search_direct_flight,date,"""2024-06-15""","""2024-05-18""",date/time,aligned_tool
C2_C1,mistral_small_3p2,airline,12,airline:12,single,False,False,search_onestop_flight,date,"""2024-06-15""","""2024-05-18""",date/time,aligned_tool
C2_C1,mistral_small_3p2,airline,12,airline:12,single,False,False,search_direct_flight,<CALL>,"search_direct_flight|{""date"":""2024-06-14"",""destination"":""MSP"",""origin"":""BOS""}",<MISSING>,extra argument,replace
C2_C1,mistral_small_3p2,airline,12,airline:12,single,False,False,search_onestop_flight,<CALL>,"search_onestop_flight|{""date"":""2024-06-14"",""destination"":""MSP"",""origin"":""BOS""}",<MISSING>,extra argument,replace
C2_C1,mistral_small_3p2,airline,12,airline:12,single,False,False,search_direct_flight,<CALL>,"search_direct_flight|{""date"":""2024-06-16"",""destination"":""MSP"",""origin"":""BOS""}",<MISSING>,extra argument,replace
C2_C1,mistral_small_3p2,airline,12,airline:12,single,False,False,search_onestop_flight,<CALL>,"search_onestop_flight|{""date"":""2024-06-16"",""destination"":""MSP"",""origin"":""BOS""}",<MISSING>,extra argument,replace
C2_C1,mistral_small_3p2,airline,12,airline:12,single,False,False,calculate,<CALL>,<MISSING>,"calculate|{""expression"":""350 + 499""}",missing argument,replace
C2_C1,mistral_small_3p2,airline,12,airline:12,single,False,False,calculate,<CALL>,<MISSING>,"calculate|{""expression"":""849 - 498""}",missing argument,replace
C2_C1,mistral_small_3p2,airline,12,airline:12,single,False,False,get_user_details,<CALL>,<MISSING>,"get_user_details|{""user_id"":""chen_lee_6825""}",missing argument,replace
C2_C1,mistral_small_3p2,airline,12,airline:12,single,False,False,update_reservation_flights,<CALL>,<MISSING>,"update_reservation_flights|{""cabin"":""business"",""flights"":[{""date"":""2024-05-18"",""flight_number"":""HAT235""},{""date"":""2024-05-19"",""flight_number"":""HAT298""}],""payment_id"":""credit_card_4938634"",""reservation_id"":""YAX4DR""}",missing argument,replace
C2_C1,mistral_small_3p2,airline,12,airline:12,single,False,False,calculate,<CALL>,<MISSING>,"calculate|{""expression"":""1200 - 498""}",missing argument,replace
C2_C1,mistral_small_3p2,airline,12,airline:12,single,False,False,calculate,<CALL>,<MISSING>,"calculate|{""expression"":""702 - 351""}",missing argument,replace
C2_C1,mistral_small_3p2,airline,12,airline:12,single,False,False,update_reservation_baggages,<CALL>,<MISSING>,"update_reservation_baggages|{""nonfree_baggages"":0,""payment_id"":""credit_card_4938634"",""reservation_id"":""YAX4DR"",""total_baggages"":2}",missing argument,replace
C1_C1,mistral_small_3p2,airline,12,airline:12,single,False,False,calculate,expression,"""350 + 499 - 498""","""2 * 50""",unknown,aligned_tool
C1_C1,mistral_small_3p2,airline,12,airline:12,single,False,False,calculate,expression,"""350 + 499 - 498""","""122 + 127""",unknown,aligned_tool
C1_C1,mistral_small_3p2,airline,12,airline:12,single,False,False,calculate,expression,"""4 * 2 - 2""","""2 * (200 - 122 - 127)""",unknown,aligned_tool
C1_C1,mistral_small_3p2,airline,12,airline:12,single,False,False,update_reservation_baggages,nonfree_baggages,2,0,write value,aligned_tool
C1_C1,mistral_small_3p2,airline,12,airline:12,single,False,False,update_reservation_baggages,total_baggages,6,4,source/destination,aligned_tool
C1_C1,mistral_small_3p2,airline,12,airline:12,single,False,False,calculate,expression,"""350 + 499 - 498""","""1200 - 498""",unknown,aligned_tool
C1_C1,mistral_small_3p2,airline,12,airline:12,single,False,False,calculate,expression,"""4 * 2 - 2""","""702 - 351""",unknown,aligned_tool
C1_C1,mistral_small_3p2,airline,12,airline:12,single,False,False,update_reservation_baggages,nonfree_baggages,2,0,write value,aligned_tool
C1_C1,mistral_small_3p2,airline,12,airline:12,single,False,False,update_reservation_baggages,total_baggages,6,2,source/destination,aligned_tool
C1_C1,mistral_small_3p2,airline,12,airline:12,single,False,False,calculate,expression,"""2 * 50""","""122 + 127""",unknown,aligned_tool
C1_C1,mistral_small_3p2,airline,12,airline:12,single,False,False,calculate,expression,"""2 * 50""","""350 + 499""",unknown,aligned_tool
C1_C1,mistral_small_3p2,airline,12,airline:12,single,False,False,search_direct_flight,<CALL>,"search_direct_flight|{""date"":""2024-05-18"",""destination"":""MSP"",""origin"":""BOS""}",<MISSING>,extra argument,replace
C1_C1,mistral_small_3p2,airline,12,airline:12,single,False,False,search_onestop_flight,<CALL>,"search_onestop_flight|{""date"":""2024-05-18"",""destination"":""MSP"",""origin"":""BOS""}",<MISSING>,extra argument,replace
C1_C1,mistral_small_3p2,airline,12,airline:12,single,False,False,calculate,<CALL>,<MISSING>,"calculate|{""expression"":""122 + 127""}",missing argument,replace
C1_C1,mistral_small_3p2,airline,12,airline:12,single,False,False,calculate,<CALL>,<MISSING>,"calculate|{""expression"":""2 * (200 - 122 - 127)""}",missing argument,replace
C1_C1,mistral_small_3p2,airline,12,airline:12,single,False,False,update_reservation_flights,<CALL>,<MISSING>,"update_reservation_flights|{""cabin"":""business"",""flights"":[{""date"":""2024-05-18"",""flight_number"":""HAT235""},{""date"":""2024-05-19"",""flight_number"":""HAT298""}],""payment_id"":""credit_card_4938634"",""reservation_id"":""YAX4DR""}",missing argument,replace
C1_C1,mistral_small_3p2,airline,12,airline:12,single,False,False,update_reservation_baggages,<CALL>,<MISSING>,"update_reservation_baggages|{""nonfree_baggages"":0,""payment_id"":""credit_card_4938634"",""reservation_id"":""YAX4DR"",""total_baggages"":4}",missing argument,replace
C1_C1,mistral_small_3p2,airline,12,airline:12,single,False,False,calculate,expression,"""122 + 127""","""350 + 499""",unknown,aligned_tool
C1_C1,mistral_small_3p2,airline,12,airline:12,single,False,False,calculate,expression,"""2 * (200 - 122 - 127)""","""849 - 498""",unknown,aligned_tool
C1_C1,mistral_small_3p2,airline,12,airline:12,single,False,False,update_reservation_baggages,total_baggages,4,2,source/destination,aligned_tool
C2_C1,mistral_small_3p2,airline,17,airline:17,compound,False,True,get_reservation_details,reservation_id,"""UM3OG5""","""789012""",order/reservation identifier,aligned_tool
C2_C1,mistral_small_3p2,airline,17,airline:17,compound,False,True,get_reservation_details,reservation_id,"""5RJ7UH""","""7890123""",order/reservation identifier,aligned_tool
C2_C1,mistral_small_3p2,airline,17,airline:17,compound,False,True,get_reservation_details,reservation_id,"""FQ8APE""","""78901234""",order/reservation identifier,aligned_tool
C2_C1,mistral_small_3p2,airline,17,airline:17,compound,False,True,get_reservation_details,reservation_id,"""QKRY03""","""789012345""",order/reservation identifier,aligned_tool
C2_C1,mistral_small_3p2,airline,17,airline:17,compound,False,True,get_reservation_details,reservation_id,"""UM3OG5""","""789012""",order/reservation identifier,aligned_tool
C2_C1,mistral_small_3p2,airline,17,airline:17,compound,False,True,get_reservation_details,reservation_id,"""5RJ7UH""","""7890123""",order/reservation identifier,aligned_tool
C2_C1,mistral_small_3p2,airline,17,airline:17,compound,False,True,get_reservation_details,reservation_id,"""FQ8APE""","""78901234""",order/reservation identifier,aligned_tool
C2_C1,mistral_small_3p2,airline,17,airline:17,compound,False,True,get_reservation_details,reservation_id,"""QKRY03""","""789012345""",order/reservation identifier,aligned_tool
C2_C1,mistral_small_3p2,airline,17,airline:17,compound,False,True,get_reservation_details,reservation_id,"""UM3OG5""","""789012""",order/reservation identifier,aligned_tool
C2_C1,mistral_small_3p2,airline,17,airline:17,compound,False,True,get_reservation_details,reservation_id,"""5RJ7UH""","""7890123""",order/reservation identifier,aligned_tool
C2_C1,mistral_small_3p2,airline,17,airline:17,compound,False,True,get_reservation_details,reservation_id,"""FQ8APE""","""78901234""",order/reservation identifier,aligned_tool
C2_C1,mistral_small_3p2,airline,17,airline:17,compound,False,True,get_reservation_details,reservation_id,"""QKRY03""","""789012345""",order/reservation identifier,aligned_tool
C2_C1,mistral_small_3p2,airline,17,airline:17,compound,False,True,get_reservation_details,reservation_id,"""UM3OG5""","""789012""",order/reservation identifier,aligned_tool
C2_C1,mistral_small_3p2,airline,17,airline:17,compound,False,True,get_reservation_details,reservation_id,"""5RJ7UH""","""7890123""",order/reservation identifier,aligned_tool
C2_C1,mistral_small_3p2,airline,17,airline:17,compound,False,True,get_reservation_details,reservation_id,"""FQ8APE""","""78901234""",order/reservation identifier,aligned_tool
C2_C1,mistral_small_3p2,airline,17,airline:17,compound,False,True,get_reservation_details,reservation_id,"""QKRY03""","""789012345""",order/reservation identifier,aligned_tool
C2_C1,mistral_small_3p2,airline,17,airline:17,compound,False,True,get_reservation_details,reservation_id,"""UM3OG5""","""789012""",order/reservation identifier,aligned_tool
C2_C1,mistral_small_3p2,airline,17,airline:17,compound,False,True,get_reservation_details,reservation_id,"""5RJ7UH""","""7890123""",order/reservation identifier,aligned_tool
C2_C1,mistral_small_3p2,airline,17,airline:17,compound,False,True,get_reservation_details,reservation_id,"""FQ8APE""","""78901234""",order/reservation identifier,aligned_tool
C2_C1,mistral_small_3p2,airline,17,airline:17,compound,False,True,get_reservation_details,reservation_id,"""QKRY03""","""789012345""",order/reservation identifier,aligned_tool
C2_C1,mistral_small_3p2,airline,18,airline:18,compound,False,True,get_user_details,<CALL>,"get_user_details|{""user_id"":""omar_davis_3817""}",<MISSING>,extra argument,replace
C2_C1,mistral_small_3p2,airline,18,airline:18,compound,False,True,get_reservation_details,<CALL>,"get_reservation_details|{""reservation_id"":""JG7FMM""}",<MISSING>,extra argument,replace
C2_C1,mistral_small_3p2,airline,18,airline:18,compound,False,True,get_reservation_details,<CALL>,"get_reservation_details|{""reservation_id"":""LQ940Q""}",<MISSING>,extra argument,replace
C2_C1,mistral_small_3p2,airline,18,airline:18,compound,False,True,get_reservation_details,<CALL>,"get_reservation_details|{""reservation_id"":""2FBBAH""}",<MISSING>,extra argument,replace
C2_C1,mistral_small_3p2,airline,18,airline:18,compound,False,True,get_reservation_details,<CALL>,"get_reservation_details|{""reservation_id"":""X7BYG1""}",<MISSING>,extra argument,replace
C2_C1,mistral_small_3p2,airline,18,airline:18,compound,False,True,get_reservation_details,<CALL>,"get_reservation_details|{""reservation_id"":""EQ1G6C""}",<MISSING>,extra argument,replace
C2_C1,mistral_small_3p2,airline,18,airline:18,compound,False,True,get_reservation_details,<CALL>,"get_reservation_details|{""reservation_id"":""BOH180""}",<MISSING>,extra argument,replace
C2_C1,mistral_small_3p2,airline,18,airline:18,compound,False,True,search_direct_flight,<CALL>,"search_direct_flight|{""date"":""2024-05-21"",""destination"":""BOS"",""origin"":""MCO""}",<MISSING>,extra argument,replace
C2_C1,mistral_small_3p2,airline,18,airline:18,compound,False,True,search_direct_flight,<CALL>,"search_direct_flight|{""date"":""2024-05-21"",""destination"":""CLT"",""origin"":""BOS""}",<MISSING>,extra argument,replace
C2_C1,mistral_small_3p2,airline,18,airline:18,compound,False,True,search_direct_flight,<CALL>,"search_direct_flight|{""date"":""2024-05-28"",""destination"":""PHL"",""origin"":""DEN""}",<MISSING>,extra argument,replace
C2_C1,mistral_small_3p2,airline,18,airline:18,compound,False,True,search_direct_flight,<CALL>,"search_direct_flight|{""date"":""2024-05-28"",""destination"":""DEN"",""origin"":""PHL""}",<MISSING>,extra argument,replace
C2_C1,mistral_small_3p2,airline,18,airline:18,compound,False,True,search_direct_flight,<CALL>,"search_direct_flight|{""date"":""2024-05-24"",""destination"":""LAX"",""origin"":""MIA""}",<MISSING>,extra argument,replace
C2_C1,mistral_small_3p2,airline,18,airline:18,compound,False,True,search_direct_flight,<CALL>,"search_direct_flight|{""date"":""2024-05-24"",""destination"":""EWR"",""origin"":""LAX""}",<MISSING>,extra argument,replace
C2_C1,mistral_small_3p2,airline,18,airline:18,compound,False,True,search_direct_flight,<CALL>,"search_direct_flight|{""date"":""2024-05-23"",""destination"":""LAS"",""origin"":""DEN""}",<MISSING>,extra argument,replace
C2_C1,mistral_small_3p2,airline,18,airline:18,compound,False,True,search_direct_flight,<CALL>,"search_direct_flight|{""date"":""2024-05-23"",""destination"":""IAH"",""origin"":""LAS""}",<MISSING>,extra argument,replace
C2_C1,mistral_small_3p2,airline,18,airline:18,compound,False,True,search_direct_flight,<CALL>,"search_direct_flight|{""date"":""2024-05-21"",""destination"":""JFK"",""origin"":""SEA""}",<MISSING>,extra argument,replace
C2_C1,mistral_small_3p2,airline,18,airline:18,compound,False,True,search_direct_flight,<CALL>,"search_direct_flight|{""date"":""2024-05-22"",""destination"":""IAH"",""origin"":""JFK""}",<MISSING>,extra argument,replace
C2_C1,mistral_small_3p2,airline,18,airline:18,compound,False,True,transfer_to_human_agents,<CALL>,<MISSING>,"transfer_to_human_agents|{""summary"":""User wants to downgrade flights from business to economy and get a refund for the difference in class.""}",missing argument,replace
C2_C1,mistral_small_3p2,airline,18,airline:18,compound,False,False,update_reservation_flights,<CALL>,"update_reservation_flights|{""cabin"":""economy"",""flights"":[{""date"":""2024-05-21"",""flight_number"":""HAT028""},{""date"":""2024-05-21"",""flight_number"":""HAT277""}],""payment_id"":""credit_card_2929732"",""reservation_id"":""JG7FMM""}",<MISSING>,extra argument,replace
C2_C1,mistral_small_3p2,airline,18,airline:18,compound,False,False,update_reservation_flights,<CALL>,"update_reservation_flights|{""cabin"":""economy"",""flights"":[{""date"":""2024-05-16"",""flight_number"":""HAT294""},{""date"":""2024-05-16"",""flight_number"":""HAT013""},{""date"":""2024-05-19"",""flight_number"":""HAT161""},{""date"":""2024-05-19"",""flight_number"":""HAT009""}],""payment_id"":""gift_card_3481935"",""reservation_id"":""2FBBAH""}",<MISSING>,extra argument,replace
C2_C1,mistral_small_3p2,airline,18,airline:18,compound,False,False,update_reservation_flights,<CALL>,"update_reservation_flights|{""cabin"":""economy"",""flights"":[{""date"":""2024-05-24"",""flight_number"":""HAT232""},{""date"":""2024-05-24"",""flight_number"":""HAT228""}],""payment_id"":""credit_card_2929732"",""reservation_id"":""X7BYG1""}",<MISSING>,extra argument,replace
C2_C1,mistral_small_3p2,airline,18,airline:18,compound,False,False,update_reservation_flights,<CALL>,"update_reservation_flights|{""cabin"":""economy"",""flights"":[{""date"":""2024-05-23"",""flight_number"":""HAT084""},{""date"":""2024-05-23"",""flight_number"":""HAT175""}],""payment_id"":""gift_card_6847880"",""reservation_id"":""EQ1G6C""}",<MISSING>,extra argument,replace
C2_C1,mistral_small_3p2,airline,18,airline:18,compound,False,False,update_reservation_flights,<CALL>,"update_reservation_flights|{""cabin"":""economy"",""flights"":[{""date"":""2024-05-21"",""flight_number"":""HAT276""},{""date"":""2024-05-22"",""flight_number"":""HAT279""}],""payment_id"":""credit_card_9525117"",""reservation_id"":""BOH180""}",<MISSING>,extra argument,replace
C2_C1,mistral_small_3p2,airline,18,airline:18,compound,False,False,transfer_to_human_agents,<CALL>,<MISSING>,"transfer_to_human_agents|{""summary"":""User omar_davis_3817 wants to downgrade all business flights to economy.""}",missing argument,replace
C2_C1,mistral_small_3p2,airline,18,airline:18,compound,False,False,calculate,expression,"""1859 + 1679""","""(1859 + 1679) * 2 - (133 + 166 + 103 + 101)""",unknown,aligned_tool
C2_C1,mistral_small_3p2,airline,18,airline:18,compound,False,False,calculate,expression,"""537 + 996 + 1440 + 1417""","""(537 + 996 + 1440 + 1417) - (537 + 996 + 1440 + 1417) * 0.1""",unknown,aligned_tool
C2_C1,mistral_small_3p2,airline,18,airline:18,compound,False,False,calculate,expression,"""1505 + 1519""","""(1505 + 1519) * 2 - (1505 + 1519) * 2 * 0.1""",unknown,aligned_tool
C2_C1,mistral_small_3p2,airline,18,airline:18,compound,False,False,calculate,expression,"""1820 + 940""","""(1820 + 940) - (1820 + 940) * 0.1""",unknown,aligned_tool
C2_C1,mistral_small_3p2,airline,18,airline:18,compound,False,False,calculate,expression,"""1981 + 820""","""(1981 + 820) * 2 - (1981 + 820) * 2 * 0.1""",unknown,aligned_tool
C2_C1,mistral_small_3p2,airline,18,airline:18,compound,False,False,calculate,<CALL>,"calculate|{""expression"":""3538 - 1769""}",<MISSING>,extra argument,replace
C2_C1,mistral_small_3p2,airline,18,airline:18,compound,False,False,calculate,<CALL>,"calculate|{""expression"":""4390 - 2195""}",<MISSING>,extra argument,replace
C2_C1,mistral_small_3p2,airline,18,airline:18,compound,False,False,calculate,<CALL>,"calculate|{""expression"":""3024 - 1512""}",<MISSING>,extra argument,replace
C2_C1,mistral_small_3p2,airline,18,airline:18,compound,False,False,calculate,<CALL>,"calculate|{""expression"":""2760 - 1380""}",<MISSING>,extra argument,replace
C2_C1,mistral_small_3p2,airline,18,airline:18,compound,False,False,calculate,<CALL>,"calculate|{""expression"":""2801 - 1400.5""}",<MISSING>,extra argument,replace
C2_C1,mistral_small_3p2,airline,18,airline:18,compound,False,False,calculate,<CALL>,"calculate|{""expression"":""1769 + 2195 + 1512 + 1380 + 1400.5""}",<MISSING>,extra argument,replace
C2_C1,mistral_small_3p2,airline,18,airline:18,compound,False,False,update_reservation_flights,<CALL>,<MISSING>,"update_reservation_flights|{""cabin"":""economy"",""flights"":[{""date"":""2024-05-21"",""flight_number"":""HAT028""},{""date"":""2024-05-21"",""flight_number"":""HAT277""}],""payment_id"":""credit_card_2929732"",""reservation_id"":""JG7FMM""}",missing argument,replace
C2_C1,mistral_small_3p2,airline,18,airline:18,compound,False,False,update_reservation_flights,<CALL>,<MISSING>,"update_reservation_flights|{""cabin"":""economy"",""flights"":[{""date"":""2024-05-28"",""flight_number"":""HAT080""},{""date"":""2024-05-28"",""flight_number"":""HAT076""},{""date"":""2024-05-30"",""flight_number"":""HAT255""},{""date"":""2024-05-30"",""flight_number"":""HAT148""}],""payment_id"":""credit_card_2929732"",""reservation_id"":""2FBBAH""}",missing argument,replace
C2_C1,mistral_small_3p2,airline,18,airline:18,compound,False,False,update_reservation_flights,<CALL>,<MISSING>,"update_reservation_flights|{""cabin"":""economy"",""flights"":[{""date"":""2024-05-24"",""flight_number"":""HAT232""},{""date"":""2024-05-24"",""flight_number"":""HAT228""}],""payment_id"":""credit_card_2929732"",""reservation_id"":""X7BYG1""}",missing argument,replace
C2_C1,mistral_small_3p2,airline,18,airline:18,compound,False,False,update_reservation_flights,<CALL>,<MISSING>,"update_reservation_flights|{""cabin"":""economy"",""flights"":[{""date"":""2024-05-23"",""flight_number"":""HAT084""},{""date"":""2024-05-23"",""flight_number"":""HAT175""}],""payment_id"":""credit_card_2929732"",""reservation_id"":""EQ1G6C""}",missing argument,replace
C2_C1,mistral_small_3p2,airline,18,airline:18,compound,False,False,update_reservation_flights,<CALL>,<MISSING>,"update_reservation_flights|{""cabin"":""economy"",""flights"":[{""date"":""2024-05-21"",""flight_number"":""HAT276""},{""date"":""2024-05-22"",""flight_number"":""HAT279""}],""payment_id"":""credit_card_2929732"",""reservation_id"":""BOH180""}",missing argument,replace
C2_C1,mistral_small_3p2,airline,18,airline:18,compound,False,False,calculate,expression,"""(1859 + 1679) * 2 - (1859 + 1679) * 2 * 0.1""","""(1859 + 1679) * 2 - (133 + 166 + 103 + 101) * 1 - (537 + 996 + 1440 + 1417) * 1 - (1505 + 1519) * 2 - (1820 + 940) * 1 - (1981 + 820) * 2""",unknown,aligned_tool
C2_C1,mistral_small_3p2,airline,18,airline:18,compound,False,False,calculate,expression,"""(537 + 996 + 1440 + 1417) - (537 + 996 + 1440 + 1417) * 0.1""","""(1859 + 1679) * 2""",unknown,aligned_tool
C2_C1,mistral_small_3p2,airline,18,airline:18,compound,False,False,calculate,expression,"""(1505 + 1519) * 2 - (1505 + 1519) * 2 * 0.1""","""(133 + 166 + 103 + 101) * 1""",unknown,aligned_tool
C2_C1,mistral_small_3p2,airline,18,airline:18,compound,False,False,calculate,expression,"""(1820 + 940) - (1820 + 940) * 0.1""","""(537 + 996 + 1440 + 1417) * 1""",unknown,aligned_tool
C2_C1,mistral_small_3p2,airline,18,airline:18,compound,False,False,calculate,expression,"""(1981 + 820) * 2 - (1981 + 820) * 2 * 0.1""","""(1505 + 1519) * 2""",unknown,aligned_tool
C2_C1,mistral_small_3p2,airline,18,airline:18,compound,False,False,update_reservation_flights,<CALL>,"update_reservation_flights|{""cabin"":""economy"",""flights"":[{""date"":""2024-05-21"",""flight_number"":""HAT028""},{""date"":""2024-05-21"",""flight_number"":""HAT277""}],""payment_id"":""credit_card_2929732"",""reservation_id"":""JG7FMM""}",<MISSING>,extra argument,replace
C2_C1,mistral_small_3p2,airline,18,airline:18,compound,False,False,update_reservation_flights,<CALL>,"update_reservation_flights|{""cabin"":""economy"",""flights"":[{""date"":""2024-05-28"",""flight_number"":""HAT080""},{""date"":""2024-05-28"",""flight_number"":""HAT076""},{""date"":""2024-05-30"",""flight_number"":""HAT255""},{""date"":""2024-05-30"",""flight_number"":""HAT148""}],""payment_id"":""gift_card_3481935"",""reservation_id"":""2FBBAH""}",<MISSING>,extra argument,replace
C2_C1,mistral_small_3p2,airline,18,airline:18,compound,False,False,update_reservation_flights,<CALL>,"update_reservation_flights|{""cabin"":""economy"",""flights"":[{""date"":""2024-05-24"",""flight_number"":""HAT232""},{""date"":""2024-05-24"",""flight_number"":""HAT228""}],""payment_id"":""credit_card_2929732"",""reservation_id"":""X7BYG1""}",<MISSING>,extra argument,replace
C2_C1,mistral_small_3p2,airline,18,airline:18,compound,False,False,update_reservation_flights,<CALL>,"update_reservation_flights|{""cabin"":""economy"",""flights"":[{""date"":""2024-05-23"",""flight_number"":""HAT084""},{""date"":""2024-05-23"",""flight_number"":""HAT175""}],""payment_id"":""gift_card_6847880"",""reservation_id"":""EQ1G6C""}",<MISSING>,extra argument,replace
C2_C1,mistral_small_3p2,airline,18,airline:18,compound,False,False,update_reservation_flights,<CALL>,"update_reservation_flights|{""cabin"":""economy"",""flights"":[{""date"":""2024-05-21"",""flight_number"":""HAT276""},{""date"":""2024-05-22"",""flight_number"":""HAT279""}],""payment_id"":""credit_card_9525117"",""reservation_id"":""BOH180""}",<MISSING>,extra argument,replace
C2_C1,mistral_small_3p2,airline,18,airline:18,compound,False,False,calculate,<CALL>,<MISSING>,"calculate|{""expression"":""(1820 + 940) * 1""}",missing argument,replace
C2_C1,mistral_small_3p2,airline,18,airline:18,compound,False,False,calculate,<CALL>,<MISSING>,"calculate|{""expression"":""(1981 + 820) * 2""}",missing argument,replace
C2_C1,mistral_small_3p2,airline,18,airline:18,compound,False,False,calculate,expression,"""1859 + 1679""","""(1859 + 1679) * 2 - (133 + 166 + 103 + 101) * 1""",unknown,aligned_tool
C2_C1,mistral_small_3p2,airline,18,airline:18,compound,False,False,calculate,expression,"""537 + 996 + 1440 + 1417""","""(537 + 996 + 1440 + 1417) * 1 - (537 + 996 + 1440 + 1417) * 1""",unknown,aligned_tool
C2_C1,mistral_small_3p2,airline,18,airline:18,compound,False,False,calculate,expression,"""1505 + 1519""","""(1505 + 1519) * 2 - (1505 + 1519) * 2""",unknown,aligned_tool
C2_C1,mistral_small_3p2,airline,18,airline:18,compound,False,False,calculate,expression,"""1820 + 940""","""(1820 + 940) * 1 - (1820 + 940) * 1""",unknown,aligned_tool
C2_C1,mistral_small_3p2,airline,18,airline:18,compound,False,False,calculate,expression,"""1981 + 820""","""(1981 + 820) * 2 - (1981 + 820) * 2""",unknown,aligned_tool
C2_C1,mistral_small_3p2,airline,18,airline:18,compound,False,False,update_reservation_flights,flights,"[{""date"": ""2024-05-21"", ""flight_number"": ""HAT028""}, {""date"": ""2024-05-21"", ""flight_number"": ""HAT277""}]","[{""date"": ""2024-05-21"", ""destination"": ""BOS"", ""flight_number"": ""HAT028"", ""origin"": ""MCO""}, {""date"": ""2024-05-21"", ""destination"": ""CLT"", ""flight_number"": ""HAT277"", ""origin"": ""BOS""}]",unknown,aligned_tool
C2_C1,mistral_small_3p2,airline,18,airline:18,compound,False,False,update_reservation_flights,flights,"[{""date"": ""2024-05-28"", ""flight_number"": ""HAT080""}, {""date"": ""2024-05-28"", ""flight_number"": ""HAT076""}, {""date"": ""2024-05-30"", ""flight_number"": ""HAT255""}, {""date"": ""2024-05-30"", ""flight_number"": ""HAT148""}]","[{""date"": ""2024-05-28"", ""destination"": ""PHL"", ""flight_number"": ""HAT080"", ""origin"": ""DEN""}, {""date"": ""2024-05-28"", ""destination"": ""DEN"", ""flight_number"": ""HAT076"", ""origin"": ""PHL""}, {""date"": ""2024-05-30"", ""destination"": ""MIA"", ""flight_number"": ""HAT255"", ""origin"": ""DEN""}, {""date"": ""2024-05-30"", ""destination"": ""DEN"", ""flight_number"": ""HAT148"", ""origin"": ""MIA""}]",unknown,aligned_tool
C2_C1,mistral_small_3p2,airline,18,airline:18,compound,False,False,update_reservation_flights,payment_id,"""gift_card_3481935""","""credit_card_2929732""",write value,aligned_tool
C2_C1,mistral_small_3p2,airline,18,airline:18,compound,False,False,update_reservation_flights,flights,"[{""date"": ""2024-05-24"", ""flight_number"": ""HAT232""}, {""date"": ""2024-05-24"", ""flight_number"": ""HAT228""}]","[{""date"": ""2024-05-24"", ""destination"": ""LAX"", ""flight_number"": ""HAT232"", ""origin"": ""MIA""}, {""date"": ""2024-05-24"", ""destination"": ""EWR"", ""flight_number"": ""HAT228"", ""origin"": ""LAX""}]",unknown,aligned_tool
C2_C1,mistral_small_3p2,airline,18,airline:18,compound,False,False,update_reservation_flights,flights,"[{""date"": ""2024-05-23"", ""flight_number"": ""HAT084""}, {""date"": ""2024-05-23"", ""flight_number"": ""HAT175""}]","[{""date"": ""2024-05-23"", ""destination"": ""LAS"", ""flight_number"": ""HAT084"", ""origin"": ""DEN""}, {""date"": ""2024-05-23"", ""destination"": ""IAH"", ""flight_number"": ""HAT175"", ""origin"": ""LAS""}]",unknown,aligned_tool
C2_C1,mistral_small_3p2,airline,18,airline:18,compound,False,False,update_reservation_flights,payment_id,"""gift_card_6847880""","""credit_card_2929732""",write value,aligned_tool
C2_C1,mistral_small_3p2,airline,18,airline:18,compound,False,False,update_reservation_flights,flights,"[{""date"": ""2024-05-21"", ""flight_number"": ""HAT276""}, {""date"": ""2024-05-22"", ""flight_number"": ""HAT279""}]","[{""date"": ""2024-05-21"", ""destination"": ""JFK"", ""flight_number"": ""HAT276"", ""origin"": ""SEA""}, {""date"": ""2024-05-22"", ""destination"": ""IAH"", ""flight_number"": ""HAT279"", ""origin"": ""JFK""}]",unknown,aligned_tool
C2_C1,mistral_small_3p2,airline,18,airline:18,compound,False,False,update_reservation_flights,payment_id,"""credit_card_9525117""","""credit_card_2929732""",write value,aligned_tool
C1_C1,mistral_small_3p2,airline,18,airline:18,compound,False,True,transfer_to_human_agents,summary,"""User wants to downgrade flights from business to economy and get a refund for the difference in class.""","""User omar_davis_3817 wants to downgrade all business flights to economy.""",unknown,aligned_tool
C1_C1,mistral_small_3p2,airline,18,airline:18,compound,False,False,transfer_to_human_agents,<CALL>,"transfer_to_human_agents|{""summary"":""User wants to downgrade flights from business to economy and get a refund for the difference in class.""}",<MISSING>,extra argument,replace
C1_C1,mistral_small_3p2,airline,18,airline:18,compound,False,False,get_user_details,<CALL>,<MISSING>,"get_user_details|{""user_id"":""omar_davis_3817""}",missing argument,replace
C1_C1,mistral_small_3p2,airline,18,airline:18,compound,False,False,get_reservation_details,<CALL>,<MISSING>,"get_reservation_details|{""reservation_id"":""JG7FMM""}",missing argument,replace
C1_C1,mistral_small_3p2,airline,18,airline:18,compound,False,False,get_reservation_details,<CALL>,<MISSING>,"get_reservation_details|{""reservation_id"":""LQ940Q""}",missing argument,replace
C1_C1,mistral_small_3p2,airline,18,airline:18,compound,False,False,get_reservation_details,<CALL>,<MISSING>,"get_reservation_details|{""reservation_id"":""2FBBAH""}",missing argument,replace
C1_C1,mistral_small_3p2,airline,18,airline:18,compound,False,False,get_reservation_details,<CALL>,<MISSING>,"get_reservation_details|{""reservation_id"":""X7BYG1""}",missing argument,replace
C1_C1,mistral_small_3p2,airline,18,airline:18,compound,False,False,get_reservation_details,<CALL>,<MISSING>,"get_reservation_details|{""reservation_id"":""EQ1G6C""}",missing argument,replace
C1_C1,mistral_small_3p2,airline,18,airline:18,compound,False,False,get_reservation_details,<CALL>,<MISSING>,"get_reservation_details|{""reservation_id"":""BOH180""}",missing argument,replace
C1_C1,mistral_small_3p2,airline,18,airline:18,compound,False,False,calculate,<CALL>,<MISSING>,"calculate|{""expression"":""(1859 + 1679) * 2 - (133 + 166 + 103 + 101)""}",missing argument,replace
C1_C1,mistral_small_3p2,airline,18,airline:18,compound,False,False,calculate,<CALL>,<MISSING>,"calculate|{""expression"":""(537 + 996 + 1440 + 1417) - (537 + 996 + 1440 + 1417) * 0.1""}",missing argument,replace
C1_C1,mistral_small_3p2,airline,18,airline:18,compound,False,False,calculate,<CALL>,<MISSING>,"calculate|{""expression"":""(1505 + 1519) * 2 - (1505 + 1519) * 2 * 0.1""}",missing argument,replace
C1_C1,mistral_small_3p2,airline,18,airline:18,compound,False,False,calculate,<CALL>,<MISSING>,"calculate|{""expression"":""(1820 + 940) - (1820 + 940) * 0.1""}",missing argument,replace
C1_C1,mistral_small_3p2,airline,18,airline:18,compound,False,False,calculate,<CALL>,<MISSING>,"calculate|{""expression"":""(1981 + 820) * 2 - (1981 + 820) * 2 * 0.1""}",missing argument,replace
C1_C1,mistral_small_3p2,airline,18,airline:18,compound,False,False,update_reservation_flights,<CALL>,<MISSING>,"update_reservation_flights|{""cabin"":""economy"",""flights"":[{""date"":""2024-05-21"",""flight_number"":""HAT028""},{""date"":""2024-05-21"",""flight_number"":""HAT277""}],""payment_id"":""credit_card_2929732"",""reservation_id"":""JG7FMM""}",missing argument,replace
C1_C1,mistral_small_3p2,airline,18,airline:18,compound,False,False,update_reservation_flights,<CALL>,<MISSING>,"update_reservation_flights|{""cabin"":""economy"",""flights"":[{""date"":""2024-05-28"",""flight_number"":""HAT080""},{""date"":""2024-05-28"",""flight_number"":""HAT076""},{""date"":""2024-05-30"",""flight_number"":""HAT255""},{""date"":""2024-05-30"",""flight_number"":""HAT148""}],""payment_id"":""credit_card_2929732"",""reservation_id"":""2FBBAH""}",missing argument,replace
C1_C1,mistral_small_3p2,airline,18,airline:18,compound,False,False,update_reservation_flights,<CALL>,<MISSING>,"update_reservation_flights|{""cabin"":""economy"",""flights"":[{""date"":""2024-05-24"",""flight_number"":""HAT232""},{""date"":""2024-05-24"",""flight_number"":""HAT228""}],""payment_id"":""credit_card_2929732"",""reservation_id"":""X7BYG1""}",missing argument,replace
C1_C1,mistral_small_3p2,airline,18,airline:18,compound,False,False,update_reservation_flights,<CALL>,<MISSING>,"update_reservation_flights|{""cabin"":""economy"",""flights"":[{""date"":""2024-05-23"",""flight_number"":""HAT084""},{""date"":""2024-05-23"",""flight_number"":""HAT175""}],""payment_id"":""credit_card_2929732"",""reservation_id"":""EQ1G6C""}",missing argument,replace
C1_C1,mistral_small_3p2,airline,18,airline:18,compound,False,False,update_reservation_flights,<CALL>,<MISSING>,"update_reservation_flights|{""cabin"":""economy"",""flights"":[{""date"":""2024-05-21"",""flight_number"":""HAT276""},{""date"":""2024-05-22"",""flight_number"":""HAT279""}],""payment_id"":""credit_card_2929732"",""reservation_id"":""BOH180""}",missing argument,replace
C1_C1,mistral_small_3p2,airline,18,airline:18,compound,False,True,transfer_to_human_agents,<CALL>,"transfer_to_human_agents|{""summary"":""User wants to downgrade flights from business to economy and get a refund for the difference in class.""}",<MISSING>,extra argument,replace
C1_C1,mistral_small_3p2,airline,18,airline:18,compound,False,True,get_user_details,<CALL>,<MISSING>,"get_user_details|{""user_id"":""omar_davis_3817""}",missing argument,replace
C1_C1,mistral_small_3p2,airline,18,airline:18,compound,False,True,get_reservation_details,<CALL>,<MISSING>,"get_reservation_details|{""reservation_id"":""JG7FMM""}",missing argument,replace
C1_C1,mistral_small_3p2,airline,18,airline:18,compound,False,True,get_reservation_details,<CALL>,<MISSING>,"get_reservation_details|{""reservation_id"":""LQ940Q""}",missing argument,replace
C1_C1,mistral_small_3p2,airline,18,airline:18,compound,False,True,get_reservation_details,<CALL>,<MISSING>,"get_reservation_details|{""reservation_id"":""2FBBAH""}",missing argument,replace
C1_C1,mistral_small_3p2,airline,18,airline:18,compound,False,True,get_reservation_details,<CALL>,<MISSING>,"get_reservation_details|{""reservation_id"":""X7BYG1""}",missing argument,replace
C1_C1,mistral_small_3p2,airline,18,airline:18,compound,False,True,get_reservation_details,<CALL>,<MISSING>,"get_reservation_details|{""reservation_id"":""EQ1G6C""}",missing argument,replace
C1_C1,mistral_small_3p2,airline,18,airline:18,compound,False,True,get_reservation_details,<CALL>,<MISSING>,"get_reservation_details|{""reservation_id"":""BOH180""}",missing argument,replace
C1_C1,mistral_small_3p2,airline,18,airline:18,compound,False,True,get_flight_status,<CALL>,<MISSING>,"get_flight_status|{""date"":""2024-05-21"",""flight_number"":""HAT028""}",missing argument,replace
C1_C1,mistral_small_3p2,airline,18,airline:18,compound,False,True,get_flight_status,<CALL>,<MISSING>,"get_flight_status|{""date"":""2024-05-21"",""flight_number"":""HAT277""}",missing argument,replace
C1_C1,mistral_small_3p2,airline,18,airline:18,compound,False,True,get_flight_status,<CALL>,<MISSING>,"get_flight_status|{""date"":""2024-05-16"",""flight_number"":""HAT294""}",missing argument,replace
C1_C1,mistral_small_3p2,airline,18,airline:18,compound,False,True,get_flight_status,<CALL>,<MISSING>,"get_flight_status|{""date"":""2024-05-16"",""flight_number"":""HAT013""}",missing argument,replace
C1_C1,mistral_small_3p2,airline,18,airline:18,compound,False,True,get_flight_status,<CALL>,<MISSING>,"get_flight_status|{""date"":""2024-05-19"",""flight_number"":""HAT161""}",missing argument,replace
C1_C1,mistral_small_3p2,airline,18,airline:18,compound,False,True,get_flight_status,<CALL>,<MISSING>,"get_flight_status|{""date"":""2024-05-19"",""flight_number"":""HAT009""}",missing argument,replace
C1_C1,mistral_small_3p2,airline,18,airline:18,compound,False,True,get_flight_status,<CALL>,<MISSING>,"get_flight_status|{""date"":""2024-05-28"",""flight_number"":""HAT080""}",missing argument,replace
C1_C1,mistral_small_3p2,airline,18,airline:18,compound,False,True,get_flight_status,<CALL>,<MISSING>,"get_flight_status|{""date"":""2024-05-28"",""flight_number"":""HAT076""}",missing argument,replace
C1_C1,mistral_small_3p2,airline,18,airline:18,compound,False,True,get_flight_status,<CALL>,<MISSING>,"get_flight_status|{""date"":""2024-05-30"",""flight_number"":""HAT255""}",missing argument,replace
C1_C1,mistral_small_3p2,airline,18,airline:18,compound,False,True,get_flight_status,<CALL>,<MISSING>,"get_flight_status|{""date"":""2024-05-30"",""flight_number"":""HAT148""}",missing argument,replace
C1_C1,mistral_small_3p2,airline,18,airline:18,compound,False,True,get_flight_status,<CALL>,<MISSING>,"get_flight_status|{""date"":""2024-05-24"",""flight_number"":""HAT232""}",missing argument,replace
C1_C1,mistral_small_3p2,airline,18,airline:18,compound,False,True,get_flight_status,<CALL>,<MISSING>,"get_flight_status|{""date"":""2024-05-24"",""flight_number"":""HAT228""}",missing argument,replace
C1_C1,mistral_small_3p2,airline,18,airline:18,compound,False,True,get_flight_status,<CALL>,<MISSING>,"get_flight_status|{""date"":""2024-05-23"",""flight_number"":""HAT084""}",missing argument,replace
C1_C1,mistral_small_3p2,airline,18,airline:18,compound,False,True,get_flight_status,<CALL>,<MISSING>,"get_flight_status|{""date"":""2024-05-23"",""flight_number"":""HAT175""}",missing argument,replace
C1_C1,mistral_small_3p2,airline,18,airline:18,compound,False,True,get_flight_status,<CALL>,<MISSING>,"get_flight_status|{""date"":""2024-05-21"",""flight_number"":""HAT276""}",missing argument,replace
C1_C1,mistral_small_3p2,airline,18,airline:18,compound,False,True,get_flight_status,<CALL>,<MISSING>,"get_flight_status|{""date"":""2024-05-22"",""flight_number"":""HAT279""}",missing argument,replace
C1_C1,mistral_small_3p2,airline,18,airline:18,compound,False,True,calculate,<CALL>,<MISSING>,"calculate|{""expression"":""(1859 + 1679) * 2 - (133 + 166 + 103 + 101) * 1 - (537 + 996 + 1440 + 1417) * 1 - (1505 + 1519) * 2 - (1820 + 940) * 1 - (1981 + 820) * 2""}",missing argument,replace
C1_C1,mistral_small_3p2,airline,18,airline:18,compound,False,True,calculate,<CALL>,<MISSING>,"calculate|{""expression"":""(1859 + 1679) * 2""}",missing argument,replace
C1_C1,mistral_small_3p2,airline,18,airline:18,compound,False,True,calculate,<CALL>,<MISSING>,"calculate|{""expression"":""(133 + 166 + 103 + 101) * 1""}",missing argument,replace
C1_C1,mistral_small_3p2,airline,18,airline:18,compound,False,True,calculate,<CALL>,<MISSING>,"calculate|{""expression"":""(537 + 996 + 1440 + 1417) * 1""}",missing argument,replace
C1_C1,mistral_small_3p2,airline,18,airline:18,compound,False,True,calculate,<CALL>,<MISSING>,"calculate|{""expression"":""(1505 + 1519) * 2""}",missing argument,replace
C1_C1,mistral_small_3p2,airline,18,airline:18,compound,False,True,calculate,<CALL>,<MISSING>,"calculate|{""expression"":""(1820 + 940) * 1""}",missing argument,replace
C1_C1,mistral_small_3p2,airline,18,airline:18,compound,False,True,calculate,<CALL>,<MISSING>,"calculate|{""expression"":""(1981 + 820) * 2""}",missing argument,replace
C1_C1,mistral_small_3p2,airline,18,airline:18,compound,False,False,transfer_to_human_agents,<CALL>,"transfer_to_human_agents|{""summary"":""User wants to downgrade flights from business to economy and get a refund for the difference in class.""}",<MISSING>,extra argument,replace
C1_C1,mistral_small_3p2,airline,18,airline:18,compound,False,False,get_user_details,<CALL>,<MISSING>,"get_user_details|{""user_id"":""omar_davis_3817""}",missing argument,replace
C1_C1,mistral_small_3p2,airline,18,airline:18,compound,False,False,get_reservation_details,<CALL>,<MISSING>,"get_reservation_details|{""reservation_id"":""JG7FMM""}",missing argument,replace
C1_C1,mistral_small_3p2,airline,18,airline:18,compound,False,False,get_reservation_details,<CALL>,<MISSING>,"get_reservation_details|{""reservation_id"":""LQ940Q""}",missing argument,replace
C1_C1,mistral_small_3p2,airline,18,airline:18,compound,False,False,get_reservation_details,<CALL>,<MISSING>,"get_reservation_details|{""reservation_id"":""2FBBAH""}",missing argument,replace
C1_C1,mistral_small_3p2,airline,18,airline:18,compound,False,False,get_reservation_details,<CALL>,<MISSING>,"get_reservation_details|{""reservation_id"":""X7BYG1""}",missing argument,replace
C1_C1,mistral_small_3p2,airline,18,airline:18,compound,False,False,get_reservation_details,<CALL>,<MISSING>,"get_reservation_details|{""reservation_id"":""EQ1G6C""}",missing argument,replace
C1_C1,mistral_small_3p2,airline,18,airline:18,compound,False,False,get_reservation_details,<CALL>,<MISSING>,"get_reservation_details|{""reservation_id"":""BOH180""}",missing argument,replace
C1_C1,mistral_small_3p2,airline,18,airline:18,compound,False,False,calculate,<CALL>,<MISSING>,"calculate|{""expression"":""(1859 + 1679) * 2 - (133 + 166 + 103 + 101) * 1""}",missing argument,replace
C1_C1,mistral_small_3p2,airline,18,airline:18,compound,False,False,calculate,<CALL>,<MISSING>,"calculate|{""expression"":""(537 + 996 + 1440 + 1417) * 1 - (537 + 996 + 1440 + 1417) * 1""}",missing argument,replace
C1_C1,mistral_small_3p2,airline,18,airline:18,compound,False,False,calculate,<CALL>,<MISSING>,"calculate|{""expression"":""(1505 + 1519) * 2 - (1505 + 1519) * 2""}",missing argument,replace
C1_C1,mistral_small_3p2,airline,18,airline:18,compound,False,False,calculate,<CALL>,<MISSING>,"calculate|{""expression"":""(1820 + 940) * 1 - (1820 + 940) * 1""}",missing argument,replace
C1_C1,mistral_small_3p2,airline,18,airline:18,compound,False,False,calculate,<CALL>,<MISSING>,"calculate|{""expression"":""(1981 + 820) * 2 - (1981 + 820) * 2""}",missing argument,replace
C1_C1,mistral_small_3p2,airline,18,airline:18,compound,False,False,update_reservation_flights,<CALL>,<MISSING>,"update_reservation_flights|{""cabin"":""economy"",""flights"":[{""date"":""2024-05-21"",""destination"":""BOS"",""flight_number"":""HAT028"",""origin"":""MCO""},{""date"":""2024-05-21"",""destination"":""CLT"",""flight_number"":""HAT277"",""origin"":""BOS""}],""payment_id"":""credit_card_2929732"",""reservation_id"":""JG7FMM""}",missing argument,replace
C1_C1,mistral_small_3p2,airline,18,airline:18,compound,False,False,update_reservation_flights,<CALL>,<MISSING>,"update_reservation_flights|{""cabin"":""economy"",""flights"":[{""date"":""2024-05-28"",""destination"":""PHL"",""flight_number"":""HAT080"",""origin"":""DEN""},{""date"":""2024-05-28"",""destination"":""DEN"",""flight_number"":""HAT076"",""origin"":""PHL""},{""date"":""2024-05-30"",""destination"":""MIA"",""flight_number"":""HAT255"",""origin"":""DEN""},{""date"":""2024-05-30"",""destination"":""DEN"",""flight_number"":""HAT148"",""origin"":""MIA""}],""payment_id"":""credit_card_2929732"",""reservation_id"":""2FBBAH""}",missing argument,replace
C1_C1,mistral_small_3p2,airline,18,airline:18,compound,False,False,update_reservation_flights,<CALL>,<MISSING>,"update_reservation_flights|{""cabin"":""economy"",""flights"":[{""date"":""2024-05-24"",""destination"":""LAX"",""flight_number"":""HAT232"",""origin"":""MIA""},{""date"":""2024-05-24"",""destination"":""EWR"",""flight_number"":""HAT228"",""origin"":""LAX""}],""payment_id"":""credit_card_2929732"",""reservation_id"":""X7BYG1""}",missing argument,replace
C1_C1,mistral_small_3p2,airline,18,airline:18,compound,False,False,update_reservation_flights,<CALL>,<MISSING>,"update_reservation_flights|{""cabin"":""economy"",""flights"":[{""date"":""2024-05-23"",""destination"":""LAS"",""flight_number"":""HAT084"",""origin"":""DEN""},{""date"":""2024-05-23"",""destination"":""IAH"",""flight_number"":""HAT175"",""origin"":""LAS""}],""payment_id"":""credit_card_2929732"",""reservation_id"":""EQ1G6C""}",missing argument,replace
C1_C1,mistral_small_3p2,airline,18,airline:18,compound,False,False,update_reservation_flights,<CALL>,<MISSING>,"update_reservation_flights|{""cabin"":""economy"",""flights"":[{""date"":""2024-05-21"",""destination"":""JFK"",""flight_number"":""HAT276"",""origin"":""SEA""},{""date"":""2024-05-22"",""destination"":""IAH"",""flight_number"":""HAT279"",""origin"":""JFK""}],""payment_id"":""credit_card_2929732"",""reservation_id"":""BOH180""}",missing argument,replace
C1_C1,mistral_small_3p2,airline,18,airline:18,compound,False,False,transfer_to_human_agents,<CALL>,"transfer_to_human_agents|{""summary"":""User omar_davis_3817 wants to downgrade all business flights to economy.""}",<MISSING>,extra argument,replace
C1_C1,mistral_small_3p2,airline,18,airline:18,compound,False,False,calculate,<CALL>,<MISSING>,"calculate|{""expression"":""(1859 + 1679) * 2 - (133 + 166 + 103 + 101)""}",missing argument,replace
C1_C1,mistral_small_3p2,airline,18,airline:18,compound,False,False,calculate,<CALL>,<MISSING>,"calculate|{""expression"":""(537 + 996 + 1440 + 1417) - (537 + 996 + 1440 + 1417) * 0.1""}",missing argument,replace
C1_C1,mistral_small_3p2,airline,18,airline:18,compound,False,False,calculate,<CALL>,<MISSING>,"calculate|{""expression"":""(1505 + 1519) * 2 - (1505 + 1519) * 2 * 0.1""}",missing argument,replace
C1_C1,mistral_small_3p2,airline,18,airline:18,compound,False,False,calculate,<CALL>,<MISSING>,"calculate|{""expression"":""(1820 + 940) - (1820 + 940) * 0.1""}",missing argument,replace
C1_C1,mistral_small_3p2,airline,18,airline:18,compound,False,False,calculate,<CALL>,<MISSING>,"calculate|{""expression"":""(1981 + 820) * 2 - (1981 + 820) * 2 * 0.1""}",missing argument,replace
C1_C1,mistral_small_3p2,airline,18,airline:18,compound,False,False,update_reservation_flights,<CALL>,<MISSING>,"update_reservation_flights|{""cabin"":""economy"",""flights"":[{""date"":""2024-05-21"",""flight_number"":""HAT028""},{""date"":""2024-05-21"",""flight_number"":""HAT277""}],""payment_id"":""credit_card_2929732"",""reservation_id"":""JG7FMM""}",missing argument,replace
C1_C1,mistral_small_3p2,airline,18,airline:18,compound,False,False,update_reservation_flights,<CALL>,<MISSING>,"update_reservation_flights|{""cabin"":""economy"",""flights"":[{""date"":""2024-05-28"",""flight_number"":""HAT080""},{""date"":""2024-05-28"",""flight_number"":""HAT076""},{""date"":""2024-05-30"",""flight_number"":""HAT255""},{""date"":""2024-05-30"",""flight_number"":""HAT148""}],""payment_id"":""credit_card_2929732"",""reservation_id"":""2FBBAH""}",missing argument,replace
C1_C1,mistral_small_3p2,airline,18,airline:18,compound,False,False,update_reservation_flights,<CALL>,<MISSING>,"update_reservation_flights|{""cabin"":""economy"",""flights"":[{""date"":""2024-05-24"",""flight_number"":""HAT232""},{""date"":""2024-05-24"",""flight_number"":""HAT228""}],""payment_id"":""credit_card_2929732"",""reservation_id"":""X7BYG1""}",missing argument,replace
C1_C1,mistral_small_3p2,airline,18,airline:18,compound,False,False,update_reservation_flights,<CALL>,<MISSING>,"update_reservation_flights|{""cabin"":""economy"",""flights"":[{""date"":""2024-05-23"",""flight_number"":""HAT084""},{""date"":""2024-05-23"",""flight_number"":""HAT175""}],""payment_id"":""credit_card_2929732"",""reservation_id"":""EQ1G6C""}",missing argument,replace
C1_C1,mistral_small_3p2,airline,18,airline:18,compound,False,False,update_reservation_flights,<CALL>,<MISSING>,"update_reservation_flights|{""cabin"":""economy"",""flights"":[{""date"":""2024-05-21"",""flight_number"":""HAT276""},{""date"":""2024-05-22"",""flight_number"":""HAT279""}],""payment_id"":""credit_card_2929732"",""reservation_id"":""BOH180""}",missing argument,replace
C1_C1,mistral_small_3p2,airline,18,airline:18,compound,False,True,transfer_to_human_agents,<CALL>,"transfer_to_human_agents|{""summary"":""User omar_davis_3817 wants to downgrade all business flights to economy.""}",<MISSING>,extra argument,replace
C1_C1,mistral_small_3p2,airline,18,airline:18,compound,False,True,get_flight_status,<CALL>,<MISSING>,"get_flight_status|{""date"":""2024-05-21"",""flight_number"":""HAT028""}",missing argument,replace
C1_C1,mistral_small_3p2,airline,18,airline:18,compound,False,True,get_flight_status,<CALL>,<MISSING>,"get_flight_status|{""date"":""2024-05-21"",""flight_number"":""HAT277""}",missing argument,replace
C1_C1,mistral_small_3p2,airline,18,airline:18,compound,False,True,get_flight_status,<CALL>,<MISSING>,"get_flight_status|{""date"":""2024-05-16"",""flight_number"":""HAT294""}",missing argument,replace
C1_C1,mistral_small_3p2,airline,18,airline:18,compound,False,True,get_flight_status,<CALL>,<MISSING>,"get_flight_status|{""date"":""2024-05-16"",""flight_number"":""HAT013""}",missing argument,replace
C1_C1,mistral_small_3p2,airline,18,airline:18,compound,False,True,get_flight_status,<CALL>,<MISSING>,"get_flight_status|{""date"":""2024-05-19"",""flight_number"":""HAT161""}",missing argument,replace
C1_C1,mistral_small_3p2,airline,18,airline:18,compound,False,True,get_flight_status,<CALL>,<MISSING>,"get_flight_status|{""date"":""2024-05-19"",""flight_number"":""HAT009""}",missing argument,replace
C1_C1,mistral_small_3p2,airline,18,airline:18,compound,False,True,get_flight_status,<CALL>,<MISSING>,"get_flight_status|{""date"":""2024-05-28"",""flight_number"":""HAT080""}",missing argument,replace
C1_C1,mistral_small_3p2,airline,18,airline:18,compound,False,True,get_flight_status,<CALL>,<MISSING>,"get_flight_status|{""date"":""2024-05-28"",""flight_number"":""HAT076""}",missing argument,replace
C1_C1,mistral_small_3p2,airline,18,airline:18,compound,False,True,get_flight_status,<CALL>,<MISSING>,"get_flight_status|{""date"":""2024-05-30"",""flight_number"":""HAT255""}",missing argument,replace
C1_C1,mistral_small_3p2,airline,18,airline:18,compound,False,True,get_flight_status,<CALL>,<MISSING>,"get_flight_status|{""date"":""2024-05-30"",""flight_number"":""HAT148""}",missing argument,replace
C1_C1,mistral_small_3p2,airline,18,airline:18,compound,False,True,get_flight_status,<CALL>,<MISSING>,"get_flight_status|{""date"":""2024-05-24"",""flight_number"":""HAT232""}",missing argument,replace
C1_C1,mistral_small_3p2,airline,18,airline:18,compound,False,True,get_flight_status,<CALL>,<MISSING>,"get_flight_status|{""date"":""2024-05-24"",""flight_number"":""HAT228""}",missing argument,replace
C1_C1,mistral_small_3p2,airline,18,airline:18,compound,False,True,get_flight_status,<CALL>,<MISSING>,"get_flight_status|{""date"":""2024-05-23"",""flight_number"":""HAT084""}",missing argument,replace
C1_C1,mistral_small_3p2,airline,18,airline:18,compound,False,True,get_flight_status,<CALL>,<MISSING>,"get_flight_status|{""date"":""2024-05-23"",""flight_number"":""HAT175""}",missing argument,replace
C1_C1,mistral_small_3p2,airline,18,airline:18,compound,False,True,get_flight_status,<CALL>,<MISSING>,"get_flight_status|{""date"":""2024-05-21"",""flight_number"":""HAT276""}",missing argument,replace
C1_C1,mistral_small_3p2,airline,18,airline:18,compound,False,True,get_flight_status,<CALL>,<MISSING>,"get_flight_status|{""date"":""2024-05-22"",""flight_number"":""HAT279""}",missing argument,replace
C1_C1,mistral_small_3p2,airline,18,airline:18,compound,False,True,calculate,<CALL>,<MISSING>,"calculate|{""expression"":""(1859 + 1679) * 2 - (133 + 166 + 103 + 101) * 1 - (537 + 996 + 1440 + 1417) * 1 - (1505 + 1519) * 2 - (1820 + 940) * 1 - (1981 + 820) * 2""}",missing argument,replace
C1_C1,mistral_small_3p2,airline,18,airline:18,compound,False,True,calculate,<CALL>,<MISSING>,"calculate|{""expression"":""(1859 + 1679) * 2""}",missing argument,replace
C1_C1,mistral_small_3p2,airline,18,airline:18,compound,False,True,calculate,<CALL>,<MISSING>,"calculate|{""expression"":""(133 + 166 + 103 + 101) * 1""}",missing argument,replace
C1_C1,mistral_small_3p2,airline,18,airline:18,compound,False,True,calculate,<CALL>,<MISSING>,"calculate|{""expression"":""(537 + 996 + 1440 + 1417) * 1""}",missing argument,replace
C1_C1,mistral_small_3p2,airline,18,airline:18,compound,False,True,calculate,<CALL>,<MISSING>,"calculate|{""expression"":""(1505 + 1519) * 2""}",missing argument,replace
C1_C1,mistral_small_3p2,airline,18,airline:18,compound,False,True,calculate,<CALL>,<MISSING>,"calculate|{""expression"":""(1820 + 940) * 1""}",missing argument,replace
C1_C1,mistral_small_3p2,airline,18,airline:18,compound,False,True,calculate,<CALL>,<MISSING>,"calculate|{""expression"":""(1981 + 820) * 2""}",missing argument,replace
C1_C1,mistral_small_3p2,airline,18,airline:18,compound,False,False,transfer_to_human_agents,<CALL>,"transfer_to_human_agents|{""summary"":""User omar_davis_3817 wants to downgrade all business flights to economy.""}",<MISSING>,extra argument,replace
C1_C1,mistral_small_3p2,airline,18,airline:18,compound,False,False,calculate,<CALL>,<MISSING>,"calculate|{""expression"":""(1859 + 1679) * 2 - (133 + 166 + 103 + 101) * 1""}",missing argument,replace
C1_C1,mistral_small_3p2,airline,18,airline:18,compound,False,False,calculate,<CALL>,<MISSING>,"calculate|{""expression"":""(537 + 996 + 1440 + 1417) * 1 - (537 + 996 + 1440 + 1417) * 1""}",missing argument,replace
C1_C1,mistral_small_3p2,airline,18,airline:18,compound,False,False,calculate,<CALL>,<MISSING>,"calculate|{""expression"":""(1505 + 1519) * 2 - (1505 + 1519) * 2""}",missing argument,replace
C1_C1,mistral_small_3p2,airline,18,airline:18,compound,False,False,calculate,<CALL>,<MISSING>,"calculate|{""expression"":""(1820 + 940) * 1 - (1820 + 940) * 1""}",missing argument,replace
C1_C1,mistral_small_3p2,airline,18,airline:18,compound,False,False,calculate,<CALL>,<MISSING>,"calculate|{""expression"":""(1981 + 820) * 2 - (1981 + 820) * 2""}",missing argument,replace
C1_C1,mistral_small_3p2,airline,18,airline:18,compound,False,False,update_reservation_flights,<CALL>,<MISSING>,"update_reservation_flights|{""cabin"":""economy"",""flights"":[{""date"":""2024-05-21"",""destination"":""BOS"",""flight_number"":""HAT028"",""origin"":""MCO""},{""date"":""2024-05-21"",""destination"":""CLT"",""flight_number"":""HAT277"",""origin"":""BOS""}],""payment_id"":""credit_card_2929732"",""reservation_id"":""JG7FMM""}",missing argument,replace
C1_C1,mistral_small_3p2,airline,18,airline:18,compound,False,False,update_reservation_flights,<CALL>,<MISSING>,"update_reservation_flights|{""cabin"":""economy"",""flights"":[{""date"":""2024-05-28"",""destination"":""PHL"",""flight_number"":""HAT080"",""origin"":""DEN""},{""date"":""2024-05-28"",""destination"":""DEN"",""flight_number"":""HAT076"",""origin"":""PHL""},{""date"":""2024-05-30"",""destination"":""MIA"",""flight_number"":""HAT255"",""origin"":""DEN""},{""date"":""2024-05-30"",""destination"":""DEN"",""flight_number"":""HAT148"",""origin"":""MIA""}],""payment_id"":""credit_card_2929732"",""reservation_id"":""2FBBAH""}",missing argument,replace
C1_C1,mistral_small_3p2,airline,18,airline:18,compound,False,False,update_reservation_flights,<CALL>,<MISSING>,"update_reservation_flights|{""cabin"":""economy"",""flights"":[{""date"":""2024-05-24"",""destination"":""LAX"",""flight_number"":""HAT232"",""origin"":""MIA""},{""date"":""2024-05-24"",""destination"":""EWR"",""flight_number"":""HAT228"",""origin"":""LAX""}],""payment_id"":""credit_card_2929732"",""reservation_id"":""X7BYG1""}",missing argument,replace
C1_C1,mistral_small_3p2,airline,18,airline:18,compound,False,False,update_reservation_flights,<CALL>,<MISSING>,"update_reservation_flights|{""cabin"":""economy"",""flights"":[{""date"":""2024-05-23"",""destination"":""LAS"",""flight_number"":""HAT084"",""origin"":""DEN""},{""date"":""2024-05-23"",""destination"":""IAH"",""flight_number"":""HAT175"",""origin"":""LAS""}],""payment_id"":""credit_card_2929732"",""reservation_id"":""EQ1G6C""}",missing argument,replace
C1_C1,mistral_small_3p2,airline,18,airline:18,compound,False,False,update_reservation_flights,<CALL>,<MISSING>,"update_reservation_flights|{""cabin"":""economy"",""flights"":[{""date"":""2024-05-21"",""destination"":""JFK"",""flight_number"":""HAT276"",""origin"":""SEA""},{""date"":""2024-05-22"",""destination"":""IAH"",""flight_number"":""HAT279"",""origin"":""JFK""}],""payment_id"":""credit_card_2929732"",""reservation_id"":""BOH180""}",missing argument,replace
C1_C1,mistral_small_3p2,airline,18,airline:18,compound,False,False,calculate,expression,"""(1859 + 1679) * 2 - (133 + 166 + 103 + 101)""","""(1859 + 1679) * 2 - (133 + 166 + 103 + 101) * 1 - (537 + 996 + 1440 + 1417) * 1 - (1505 + 1519) * 2 - (1820 + 940) * 1 - (1981 + 820) * 2""",unknown,aligned_tool
C1_C1,mistral_small_3p2,airline,18,airline:18,compound,False,False,calculate,expression,"""(537 + 996 + 1440 + 1417) - (537 + 996 + 1440 + 1417) * 0.1""","""(1859 + 1679) * 2""",unknown,aligned_tool
C1_C1,mistral_small_3p2,airline,18,airline:18,compound,False,False,calculate,expression,"""(1505 + 1519) * 2 - (1505 + 1519) * 2 * 0.1""","""(133 + 166 + 103 + 101) * 1""",unknown,aligned_tool
C1_C1,mistral_small_3p2,airline,18,airline:18,compound,False,False,calculate,expression,"""(1820 + 940) - (1820 + 940) * 0.1""","""(537 + 996 + 1440 + 1417) * 1""",unknown,aligned_tool
C1_C1,mistral_small_3p2,airline,18,airline:18,compound,False,False,calculate,expression,"""(1981 + 820) * 2 - (1981 + 820) * 2 * 0.1""","""(1505 + 1519) * 2""",unknown,aligned_tool
C1_C1,mistral_small_3p2,airline,18,airline:18,compound,False,False,update_reservation_flights,<CALL>,"update_reservation_flights|{""cabin"":""economy"",""flights"":[{""date"":""2024-05-21"",""flight_number"":""HAT028""},{""date"":""2024-05-21"",""flight_number"":""HAT277""}],""payment_id"":""credit_card_2929732"",""reservation_id"":""JG7FMM""}",<MISSING>,extra argument,replace
C1_C1,mistral_small_3p2,airline,18,airline:18,compound,False,False,update_reservation_flights,<CALL>,"update_reservation_flights|{""cabin"":""economy"",""flights"":[{""date"":""2024-05-28"",""flight_number"":""HAT080""},{""date"":""2024-05-28"",""flight_number"":""HAT076""},{""date"":""2024-05-30"",""flight_number"":""HAT255""},{""date"":""2024-05-30"",""flight_number"":""HAT148""}],""payment_id"":""credit_card_2929732"",""reservation_id"":""2FBBAH""}",<MISSING>,extra argument,replace
C1_C1,mistral_small_3p2,airline,18,airline:18,compound,False,False,update_reservation_flights,<CALL>,"update_reservation_flights|{""cabin"":""economy"",""flights"":[{""date"":""2024-05-24"",""flight_number"":""HAT232""},{""date"":""2024-05-24"",""flight_number"":""HAT228""}],""payment_id"":""credit_card_2929732"",""reservation_id"":""X7BYG1""}",<MISSING>,extra argument,replace
C1_C1,mistral_small_3p2,airline,18,airline:18,compound,False,False,update_reservation_flights,<CALL>,"update_reservation_flights|{""cabin"":""economy"",""flights"":[{""date"":""2024-05-23"",""flight_number"":""HAT084""},{""date"":""2024-05-23"",""flight_number"":""HAT175""}],""payment_id"":""credit_card_2929732"",""reservation_id"":""EQ1G6C""}",<MISSING>,extra argument,replace
C1_C1,mistral_small_3p2,airline,18,airline:18,compound,False,False,update_reservation_flights,<CALL>,"update_reservation_flights|{""cabin"":""economy"",""flights"":[{""date"":""2024-05-21"",""flight_number"":""HAT276""},{""date"":""2024-05-22"",""flight_number"":""HAT279""}],""payment_id"":""credit_card_2929732"",""reservation_id"":""BOH180""}",<MISSING>,extra argument,replace
C1_C1,mistral_small_3p2,airline,18,airline:18,compound,False,False,calculate,<CALL>,<MISSING>,"calculate|{""expression"":""(1820 + 940) * 1""}",missing argument,replace
C1_C1,mistral_small_3p2,airline,18,airline:18,compound,False,False,calculate,<CALL>,<MISSING>,"calculate|{""expression"":""(1981 + 820) * 2""}",missing argument,replace
C1_C1,mistral_small_3p2,airline,18,airline:18,compound,False,True,calculate,expression,"""(1859 + 1679) * 2 - (133 + 166 + 103 + 101)""","""(1859 + 1679) * 2 - (133 + 166 + 103 + 101) * 1""",unknown,aligned_tool
C1_C1,mistral_small_3p2,airline,18,airline:18,compound,False,True,calculate,expression,"""(537 + 996 + 1440 + 1417) - (537 + 996 + 1440 + 1417) * 0.1""","""(537 + 996 + 1440 + 1417) * 1 - (537 + 996 + 1440 + 1417) * 1""",unknown,aligned_tool
C1_C1,mistral_small_3p2,airline,18,airline:18,compound,False,True,calculate,expression,"""(1505 + 1519) * 2 - (1505 + 1519) * 2 * 0.1""","""(1505 + 1519) * 2 - (1505 + 1519) * 2""",unknown,aligned_tool
C1_C1,mistral_small_3p2,airline,18,airline:18,compound,False,True,calculate,expression,"""(1820 + 940) - (1820 + 940) * 0.1""","""(1820 + 940) * 1 - (1820 + 940) * 1""",unknown,aligned_tool
C1_C1,mistral_small_3p2,airline,18,airline:18,compound,False,True,calculate,expression,"""(1981 + 820) * 2 - (1981 + 820) * 2 * 0.1""","""(1981 + 820) * 2 - (1981 + 820) * 2""",unknown,aligned_tool
C1_C1,mistral_small_3p2,airline,18,airline:18,compound,False,True,update_reservation_flights,flights,"[{""date"": ""2024-05-21"", ""flight_number"": ""HAT028""}, {""date"": ""2024-05-21"", ""flight_number"": ""HAT277""}]","[{""date"": ""2024-05-21"", ""destination"": ""BOS"", ""flight_number"": ""HAT028"", ""origin"": ""MCO""}, {""date"": ""2024-05-21"", ""destination"": ""CLT"", ""flight_number"": ""HAT277"", ""origin"": ""BOS""}]",unknown,aligned_tool
C1_C1,mistral_small_3p2,airline,18,airline:18,compound,False,True,update_reservation_flights,flights,"[{""date"": ""2024-05-28"", ""flight_number"": ""HAT080""}, {""date"": ""2024-05-28"", ""flight_number"": ""HAT076""}, {""date"": ""2024-05-30"", ""flight_number"": ""HAT255""}, {""date"": ""2024-05-30"", ""flight_number"": ""HAT148""}]","[{""date"": ""2024-05-28"", ""destination"": ""PHL"", ""flight_number"": ""HAT080"", ""origin"": ""DEN""}, {""date"": ""2024-05-28"", ""destination"": ""DEN"", ""flight_number"": ""HAT076"", ""origin"": ""PHL""}, {""date"": ""2024-05-30"", ""destination"": ""MIA"", ""flight_number"": ""HAT255"", ""origin"": ""DEN""}, {""date"": ""2024-05-30"", ""destination"": ""DEN"", ""flight_number"": ""HAT148"", ""origin"": ""MIA""}]",unknown,aligned_tool
C1_C1,mistral_small_3p2,airline,18,airline:18,compound,False,True,update_reservation_flights,flights,"[{""date"": ""2024-05-24"", ""flight_number"": ""HAT232""}, {""date"": ""2024-05-24"", ""flight_number"": ""HAT228""}]","[{""date"": ""2024-05-24"", ""destination"": ""LAX"", ""flight_number"": ""HAT232"", ""origin"": ""MIA""}, {""date"": ""2024-05-24"", ""destination"": ""EWR"", ""flight_number"": ""HAT228"", ""origin"": ""LAX""}]",unknown,aligned_tool
C1_C1,mistral_small_3p2,airline,18,airline:18,compound,False,True,update_reservation_flights,flights,"[{""date"": ""2024-05-23"", ""flight_number"": ""HAT084""}, {""date"": ""2024-05-23"", ""flight_number"": ""HAT175""}]","[{""date"": ""2024-05-23"", ""destination"": ""LAS"", ""flight_number"": ""HAT084"", ""origin"": ""DEN""}, {""date"": ""2024-05-23"", ""destination"": ""IAH"", ""flight_number"": ""HAT175"", ""origin"": ""LAS""}]",unknown,aligned_tool
C1_C1,mistral_small_3p2,airline,18,airline:18,compound,False,True,update_reservation_flights,flights,"[{""date"": ""2024-05-21"", ""flight_number"": ""HAT276""}, {""date"": ""2024-05-22"", ""flight_number"": ""HAT279""}]","[{""date"": ""2024-05-21"", ""destination"": ""JFK"", ""flight_number"": ""HAT276"", ""origin"": ""SEA""}, {""date"": ""2024-05-22"", ""destination"": ""IAH"", ""flight_number"": ""HAT279"", ""origin"": ""JFK""}]",unknown,aligned_tool
C1_C1,mistral_small_3p2,airline,18,airline:18,compound,False,False,calculate,expression,"""(1859 + 1679) * 2 - (133 + 166 + 103 + 101) * 1 - (537 + 996 + 1440 + 1417) * 1 - (1505 + 1519) * 2 - (1820 + 940) * 1 - (1981 + 820) * 2""","""(1859 + 1679) * 2 - (133 + 166 + 103 + 101) * 1""",unknown,aligned_tool
C1_C1,mistral_small_3p2,airline,18,airline:18,compound,False,False,calculate,expression,"""(1859 + 1679) * 2""","""(537 + 996 + 1440 + 1417) * 1 - (537 + 996 + 1440 + 1417) * 1""",unknown,aligned_tool
C1_C1,mistral_small_3p2,airline,18,airline:18,compound,False,False,calculate,expression,"""(133 + 166 + 103 + 101) * 1""","""(1505 + 1519) * 2 - (1505 + 1519) * 2""",unknown,aligned_tool
C1_C1,mistral_small_3p2,airline,18,airline:18,compound,False,False,calculate,expression,"""(537 + 996 + 1440 + 1417) * 1""","""(1820 + 940) * 1 - (1820 + 940) * 1""",unknown,aligned_tool
C1_C1,mistral_small_3p2,airline,18,airline:18,compound,False,False,calculate,expression,"""(1505 + 1519) * 2""","""(1981 + 820) * 2 - (1981 + 820) * 2""",unknown,aligned_tool
C1_C1,mistral_small_3p2,airline,18,airline:18,compound,False,False,calculate,<CALL>,"calculate|{""expression"":""(1820 + 940) * 1""}",<MISSING>,extra argument,replace
C1_C1,mistral_small_3p2,airline,18,airline:18,compound,False,False,calculate,<CALL>,"calculate|{""expression"":""(1981 + 820) * 2""}",<MISSING>,extra argument,replace
C1_C1,mistral_small_3p2,airline,18,airline:18,compound,False,False,update_reservation_flights,<CALL>,<MISSING>,"update_reservation_flights|{""cabin"":""economy"",""flights"":[{""date"":""2024-05-21"",""destination"":""BOS"",""flight_number"":""HAT028"",""origin"":""MCO""},{""date"":""2024-05-21"",""destination"":""CLT"",""flight_number"":""HAT277"",""origin"":""BOS""}],""payment_id"":""credit_card_2929732"",""reservation_id"":""JG7FMM""}",missing argument,replace
C1_C1,mistral_small_3p2,airline,18,airline:18,compound,False,False,update_reservation_flights,<CALL>,<MISSING>,"update_reservation_flights|{""cabin"":""economy"",""flights"":[{""date"":""2024-05-28"",""destination"":""PHL"",""flight_number"":""HAT080"",""origin"":""DEN""},{""date"":""2024-05-28"",""destination"":""DEN"",""flight_number"":""HAT076"",""origin"":""PHL""},{""date"":""2024-05-30"",""destination"":""MIA"",""flight_number"":""HAT255"",""origin"":""DEN""},{""date"":""2024-05-30"",""destination"":""DEN"",""flight_number"":""HAT148"",""origin"":""MIA""}],""payment_id"":""credit_card_2929732"",""reservation_id"":""2FBBAH""}",missing argument,replace
C1_C1,mistral_small_3p2,airline,18,airline:18,compound,False,False,update_reservation_flights,<CALL>,<MISSING>,"update_reservation_flights|{""cabin"":""economy"",""flights"":[{""date"":""2024-05-24"",""destination"":""LAX"",""flight_number"":""HAT232"",""origin"":""MIA""},{""date"":""2024-05-24"",""destination"":""EWR"",""flight_number"":""HAT228"",""origin"":""LAX""}],""payment_id"":""credit_card_2929732"",""reservation_id"":""X7BYG1""}",missing argument,replace
C1_C1,mistral_small_3p2,airline,18,airline:18,compound,False,False,update_reservation_flights,<CALL>,<MISSING>,"update_reservation_flights|{""cabin"":""economy"",""flights"":[{""date"":""2024-05-23"",""destination"":""LAS"",""flight_number"":""HAT084"",""origin"":""DEN""},{""date"":""2024-05-23"",""destination"":""IAH"",""flight_number"":""HAT175"",""origin"":""LAS""}],""payment_id"":""credit_card_2929732"",""reservation_id"":""EQ1G6C""}",missing argument,replace
C1_C1,mistral_small_3p2,airline,18,airline:18,compound,False,False,update_reservation_flights,<CALL>,<MISSING>,"update_reservation_flights|{""cabin"":""economy"",""flights"":[{""date"":""2024-05-21"",""destination"":""JFK"",""flight_number"":""HAT276"",""origin"":""SEA""},{""date"":""2024-05-22"",""destination"":""IAH"",""flight_number"":""HAT279"",""origin"":""JFK""}],""payment_id"":""credit_card_2929732"",""reservation_id"":""BOH180""}",missing argument,replace
C2_C1,mistral_small_3p2,airline,2,airline:2,read,False,False,search_direct_flight,<CALL>,"search_direct_flight|{""date"":""2024-10-13"",""destination"":""JFK"",""origin"":""SFO""}",<MISSING>,extra argument,replace
C2_C1,mistral_small_3p2,airline,2,airline:2,read,False,False,search_onestop_flight,<CALL>,"search_onestop_flight|{""date"":""2024-10-13"",""destination"":""JFK"",""origin"":""SFO""}",<MISSING>,extra argument,replace
C2_C1,mistral_small_3p2,airline,2,airline:2,read,False,False,transfer_to_human_agents,<CALL>,"transfer_to_human_agents|{""summary"":""User is frustrated about a delayed flight and wants to discuss the issue.""}",<MISSING>,extra argument,replace
C2_C1,mistral_small_3p2,airline,2,airline:2,read,False,False,get_user_details,<CALL>,<MISSING>,"get_user_details|{""user_id"":""noah_muller_9847""}",missing argument,replace
C2_C1,mistral_small_3p2,airline,2,airline:2,read,False,False,get_reservation_details,<CALL>,<MISSING>,"get_reservation_details|{""reservation_id"":""SDZQKO""}",missing argument,replace
C2_C1,mistral_small_3p2,airline,2,airline:2,read,False,False,get_reservation_details,<CALL>,<MISSING>,"get_reservation_details|{""reservation_id"":""4OG6T3""}",missing argument,replace
C2_C1,mistral_small_3p2,airline,2,airline:2,read,False,False,get_flight_status,<CALL>,<MISSING>,"get_flight_status|{""date"":""2024-05-11"",""flight_number"":""HAT006""}",missing argument,replace
C2_C1,mistral_small_3p2,airline,2,airline:2,read,False,False,send_certificate,<CALL>,<MISSING>,"send_certificate|{""amount"":50,""user_id"":""noah_muller_9847""}",missing argument,replace
C2_C1,mistral_small_3p2,airline,2,airline:2,read,False,False,send_certificate,amount,150,50,amount/quantity,aligned_tool
C2_C1,mistral_small_3p2,airline,2,airline:2,read,False,False,send_certificate,amount,150,50,amount/quantity,aligned_tool
C2_C1,mistral_small_3p2,airline,2,airline:2,read,False,False,send_certificate,amount,300,150,amount/quantity,aligned_tool
C2_C1,mistral_small_3p2,airline,2,airline:2,read,False,False,send_certificate,amount,150,50,amount/quantity,aligned_tool
C1_C1,mistral_small_3p2,airline,2,airline:2,read,False,False,send_certificate,amount,50,150,amount/quantity,aligned_tool
C1_C1,mistral_small_3p2,airline,2,airline:2,read,False,False,send_certificate,amount,50,150,amount/quantity,aligned_tool
C1_C1,mistral_small_3p2,airline,2,airline:2,read,False,False,send_certificate,amount,50,150,amount/quantity,aligned_tool
C1_C1,mistral_small_3p2,airline,2,airline:2,read,False,False,send_certificate,amount,150,50,amount/quantity,aligned_tool
C2_C1,mistral_small_3p2,airline,22,airline:22,compound,False,False,get_reservation_details,reservation_id,"""5RJ7UH""","""QKRY03""",order/reservation identifier,aligned_tool
C2_C1,mistral_small_3p2,airline,22,airline:22,compound,False,False,get_flight_status,date,"""2024-05-26""","""2024-05-24""",date/time,aligned_tool
C2_C1,mistral_small_3p2,airline,22,airline:22,compound,False,False,get_flight_status,flight_number,"""HAT034""","""HAT214""",amount/quantity,aligned_tool
C2_C1,mistral_small_3p2,airline,22,airline:22,compound,False,False,get_flight_status,date,"""2024-05-29""","""2024-05-25""",date/time,aligned_tool
C2_C1,mistral_small_3p2,airline,22,airline:22,compound,False,False,get_flight_status,flight_number,"""HAT163""","""HAT265""",amount/quantity,aligned_tool
C2_C1,mistral_small_3p2,airline,22,airline:22,compound,False,False,search_direct_flight,<CALL>,"search_direct_flight|{""date"":""2024-05-26"",""destination"":""SFO"",""origin"":""LAX""}",<MISSING>,extra argument,replace
C2_C1,mistral_small_3p2,airline,22,airline:22,compound,False,False,search_direct_flight,<CALL>,"search_direct_flight|{""date"":""2024-05-29"",""destination"":""LAX"",""origin"":""SFO""}",<MISSING>,extra argument,replace
C2_C1,mistral_small_3p2,airline,22,airline:22,compound,False,False,calculate,<CALL>,<MISSING>,"calculate|{""expression"":""(3 - 2) * 50""}",missing argument,replace
C2_C1,mistral_small_3p2,airline,22,airline:22,compound,False,False,update_reservation_passengers,<CALL>,<MISSING>,"update_reservation_passengers|{""passengers"":[{""dob"":""1970-06-06"",""first_name"":""Omar"",""last_name"":""Rossi""}],""reservation_id"":""QKRY03""}",missing argument,replace
C2_C1,mistral_small_3p2,airline,22,airline:22,compound,False,False,update_reservation_flights,<CALL>,<MISSING>,"update_reservation_flights|{""cabin"":""economy"",""flights"":[{""date"":""2024-05-24"",""flight_number"":""HAT214""},{""date"":""2024-05-25"",""flight_number"":""HAT265""}],""payment_id"":""credit_card_6754990"",""reservation_id"":""QKRY03""}",missing argument,replace
C2_C1,mistral_small_3p2,airline,22,airline:22,compound,False,False,update_reservation_baggages,<CALL>,<MISSING>,"update_reservation_baggages|{""nonfree_baggages"":1,""payment_id"":""credit_card_6754990"",""reservation_id"":""QKRY03"",""total_baggages"":3}",missing argument,replace
C2_C1,mistral_small_3p2,airline,22,airline:22,compound,False,False,get_reservation_details,reservation_id,"""UM3OG5""","""QKRY03""",order/reservation identifier,aligned_tool
C2_C1,mistral_small_3p2,airline,22,airline:22,compound,False,False,calculate,expression,"""3 * 50""","""(3 - 2) * 50""",unknown,aligned_tool
C2_C1,mistral_small_3p2,airline,22,airline:22,compound,False,False,update_reservation_passengers,reservation_id,"""UM3OG5""","""QKRY03""",order/reservation identifier,aligned_tool
C2_C1,mistral_small_3p2,airline,22,airline:22,compound,False,True,get_reservation_details,reservation_id,"""RES123456""","""QKRY03""",order/reservation identifier,aligned_tool
C1_C1,mistral_small_3p2,airline,22,airline:22,compound,False,False,get_reservation_details,reservation_id,"""QKRY03""","""UM3OG5""",order/reservation identifier,aligned_tool
C1_C1,mistral_small_3p2,airline,22,airline:22,compound,False,False,update_reservation_flights,payment_id,"""credit_card_6754990""","""credit_card_7407366""",write value,aligned_tool
C1_C1,mistral_small_3p2,airline,22,airline:22,compound,False,False,update_reservation_baggages,payment_id,"""credit_card_6754990""","""credit_card_7407366""",write value,aligned_tool
C1_C1,mistral_small_3p2,airline,22,airline:22,compound,False,False,get_reservation_details,reservation_id,"""QKRY03""","""UM3OG5""",order/reservation identifier,aligned_tool
C1_C1,mistral_small_3p2,airline,22,airline:22,compound,False,False,get_reservation_details,reservation_id,"""UM3OG5""","""QKRY03""",order/reservation identifier,aligned_tool
C1_C1,mistral_small_3p2,airline,22,airline:22,compound,False,True,get_reservation_details,reservation_id,"""UM3OG5""","""QKRY03""",order/reservation identifier,aligned_tool
C1_C1,mistral_small_3p2,airline,22,airline:22,compound,False,False,get_reservation_details,reservation_id,"""QKRY03""","""UM3OG5""",order/reservation identifier,aligned_tool
C1_C1,mistral_small_3p2,airline,22,airline:22,compound,False,True,get_reservation_details,reservation_id,"""UM3OG5""","""QKRY03""",order/reservation identifier,aligned_tool
C2_C1,mistral_small_3p2,airline,23,airline:23,compound,False,False,get_user_details,user_id,"""mohamed_silva""","""mohamed_silva_496""",account identifier,aligned_tool
C2_C1,mistral_small_3p2,airline,23,airline:23,compound,False,False,calculate,expression,"""198 + 129 + 500 + 250 + 250""","""198 + 129""",unknown,aligned_tool
C2_C1,mistral_small_3p2,airline,23,airline:23,compound,False,False,get_reservation_details,reservation_id,"""789012""","""K1NW8N""",order/reservation identifier,aligned_tool
C2_C1,mistral_small_3p2,airline,23,airline:23,compound,False,False,get_reservation_details,<CALL>,"get_reservation_details|{""reservation_id"":""7890123""}",<MISSING>,extra argument,replace
C2_C1,mistral_small_3p2,airline,23,airline:23,compound,False,False,get_reservation_details,<CALL>,"get_reservation_details|{""reservation_id"":""78901234""}",<MISSING>,extra argument,replace
C2_C1,mistral_small_3p2,airline,23,airline:23,compound,False,False,get_reservation_details,<CALL>,"get_reservation_details|{""reservation_id"":""789012345""}",<MISSING>,extra argument,replace
C2_C1,mistral_small_3p2,airline,23,airline:23,compound,False,False,get_reservation_details,<CALL>,"get_reservation_details|{""reservation_id"":""7890123456""}",<MISSING>,extra argument,replace
C2_C1,mistral_small_3p2,airline,23,airline:23,compound,False,False,get_reservation_details,<CALL>,"get_reservation_details|{""reservation_id"":""78901234567""}",<MISSING>,extra argument,replace
C2_C1,mistral_small_3p2,airline,23,airline:23,compound,False,False,get_reservation_details,<CALL>,"get_reservation_details|{""reservation_id"":""789012345678""}",<MISSING>,extra argument,replace
C2_C1,mistral_small_3p2,airline,23,airline:23,compound,False,False,get_reservation_details,<CALL>,"get_reservation_details|{""reservation_id"":""7890123456789""}",<MISSING>,extra argument,replace
C2_C1,mistral_small_3p2,airline,23,airline:23,compound,False,False,get_reservation_details,<CALL>,"get_reservation_details|{""reservation_id"":""78901234567890""}",<MISSING>,extra argument,replace
C2_C1,mistral_small_3p2,airline,23,airline:23,compound,False,False,search_direct_flight,<CALL>,<MISSING>,"search_direct_flight|{""date"":""2024-05-26"",""destination"":""SFO"",""origin"":""JFK""}",missing argument,replace
C2_C1,mistral_small_3p2,airline,23,airline:23,compound,False,False,search_direct_flight,<CALL>,<MISSING>,"search_direct_flight|{""date"":""2024-05-28"",""destination"":""JFK"",""origin"":""SFO""}",missing argument,replace
C2_C1,mistral_small_3p2,airline,23,airline:23,compound,False,False,search_onestop_flight,<CALL>,<MISSING>,"search_onestop_flight|{""date"":""2024-05-28"",""destination"":""JFK"",""origin"":""SFO""}",missing argument,replace
C2_C1,mistral_small_3p2,airline,23,airline:23,compound,False,False,calculate,<CALL>,<MISSING>,"calculate|{""expression"":""198 + 129""}",missing argument,replace
C2_C1,mistral_small_3p2,airline,23,airline:23,compound,False,False,calculate,<CALL>,<MISSING>,"calculate|{""expression"":""500 + 250 + 250""}",missing argument,replace
C2_C1,mistral_small_3p2,airline,23,airline:23,compound,False,False,calculate,<CALL>,<MISSING>,"calculate|{""expression"":""871 - 327 - 500""}",missing argument,replace
C2_C1,mistral_small_3p2,airline,23,airline:23,compound,False,False,update_reservation_flights,<CALL>,<MISSING>,"update_reservation_flights|{""cabin"":""business"",""flights"":[{""date"":""2024-05-26"",""flight_number"":""HAT023""},{""date"":""2024-05-28"",""flight_number"":""HAT204""},{""date"":""2024-05-28"",""flight_number"":""HAT100""}],""payment_id"":""credit_card_2198526"",""reservation_id"":""K1NW8N""}",missing argument,replace
C2_C1,mistral_small_3p2,airline,23,airline:23,compound,False,False,calculate,<CALL>,<MISSING>,"calculate|{""expression"":""871 - 327 - 1000""}",missing argument,replace
C2_C1,mistral_small_3p2,airline,23,airline:23,compound,False,False,cancel_reservation,<CALL>,<MISSING>,"cancel_reservation|{""reservation_id"":""K1NW8N""}",missing argument,replace
C2_C1,mistral_small_3p2,airline,23,airline:23,compound,False,False,book_reservation,<CALL>,<MISSING>,"book_reservation|{""cabin"":""business"",""destination"":""SFO"",""flight_type"":""round_trip"",""flights"":[{""date"":""2024-05-26"",""flight_number"":""HAT023""},{""date"":""2024-05-28"",""flight_number"":""HAT204""},{""date"":""2024-05-28"",""flight_number"":""HAT100""}],""insurance"":""no"",""nonfree_baggages"":0,""origin"":""JFK"",""passengers"":[{""dob"":""1960-11-26"",""first_name"":""Mohamed"",""last_name"":""Silva""},{""dob"":""1986-09-12"",""first_name"":""Raj"",""last_name"":""Sanchez""},{""dob"":""1980-03-27"",""first_name"":""Liam"",""last_name"":""Wilson""}],""payment_methods"":[{""amount"":500,""payment_id"":""certificate_3765853""},{""amount"":198,""payment_id"":""gift_card_8020792""},{""amount"":129,""payment_id"":""gift_card_6136092""},{""amount"":250,""payment_id"":""certificate_9984806""},{""amount"":250,""payment_id"":""certificate_2765295""}],""total_baggages"":0,""user_id"":""mohamed_silva_9265""}",missing argument,replace
C2_C1,mistral_small_3p2,airline,23,airline:23,compound,False,False,get_user_details,user_id,"""mohamed_silva""","""mohamed_silva_496""",account identifier,aligned_tool
C2_C1,mistral_small_3p2,airline,23,airline:23,compound,False,False,calculate,expression,"""198 + 129 + 500 + 250 + 250""","""198 + 129""",unknown,aligned_tool
C2_C1,mistral_small_3p2,airline,23,airline:23,compound,False,False,get_reservation_details,reservation_id,"""RES654321""","""K1NW8N""",order/reservation identifier,aligned_tool
C2_C1,mistral_small_3p2,airline,23,airline:23,compound,False,False,get_user_details,user_id,"""mohamed_silva""","""mohamed_silva_496""",account identifier,aligned_tool
C2_C1,mistral_small_3p2,airline,23,airline:23,compound,False,False,calculate,expression,"""198 + 129 + 500 + 250 + 250""","""198 + 129""",unknown,aligned_tool
C2_C1,mistral_small_3p2,airline,23,airline:23,compound,False,False,get_reservation_details,reservation_id,"""K1NW8N""","""RES_2563789""",order/reservation identifier,aligned_tool
C2_C1,mistral_small_3p2,airline,23,airline:23,compound,False,False,transfer_to_human_agents,summary,"""User mohamed_silva_9265 wants to use certificates and gift cards for payment, and needs assistance with the payment process.""","""User mohamed_silva_9265 is having trouble finding their reservation RES_2563789.""",unknown,aligned_tool
C2_C1,mistral_small_3p2,airline,23,airline:23,compound,False,True,get_user_details,user_id,"""mohamed_silva""","""mohamed_silva_496""",account identifier,aligned_tool
C2_C1,mistral_small_3p2,airline,23,airline:23,compound,False,True,calculate,expression,"""198 + 129 + 500 + 250 + 250""","""500 + 250 + 250""",unknown,aligned_tool
C2_C1,mistral_small_3p2,airline,23,airline:23,compound,False,True,get_reservation_details,reservation_id,"""RES654321""","""K1NW8N""",order/reservation identifier,aligned_tool
C2_C1,mistral_small_3p2,airline,23,airline:23,compound,False,True,search_direct_flight,date,"""2024-06-01""","""2024-05-26""",date/time,aligned_tool
C2_C1,mistral_small_3p2,airline,23,airline:23,compound,False,True,search_direct_flight,destination,"""LHR""","""SFO""",source/destination,aligned_tool
C2_C1,mistral_small_3p2,airline,23,airline:23,compound,False,True,search_direct_flight,date,"""2024-06-10""","""2024-05-28""",date/time,aligned_tool
C2_C1,mistral_small_3p2,airline,23,airline:23,compound,False,True,search_direct_flight,destination,"""JFK""","""SEA""",source/destination,aligned_tool
C2_C1,mistral_small_3p2,airline,23,airline:23,compound,False,True,search_direct_flight,origin,"""LHR""","""JFK""",source/destination,aligned_tool
C2_C1,mistral_small_3p2,airline,23,airline:23,compound,False,True,search_onestop_flight,<CALL>,"search_onestop_flight|{""date"":""2024-06-01"",""destination"":""LHR"",""origin"":""JFK""}",<MISSING>,extra argument,replace
C2_C1,mistral_small_3p2,airline,23,airline:23,compound,False,True,search_onestop_flight,<CALL>,"search_onestop_flight|{""date"":""2024-06-10"",""destination"":""JFK"",""origin"":""LHR""}",<MISSING>,extra argument,replace
C2_C1,mistral_small_3p2,airline,23,airline:23,compound,False,True,search_direct_flight,<CALL>,<MISSING>,"search_direct_flight|{""date"":""2024-05-28"",""destination"":""JFK"",""origin"":""SEA""}",missing argument,replace
C2_C1,mistral_small_3p2,airline,23,airline:23,compound,False,True,transfer_to_human_agents,summary,"""User mohamed_silva_9265 wants to change their reservation to the cheapest business round trip without changing the dates. They don't care about direct flight or stop over.""","""User mohamed_silva_9265 wants to cancel their current reservation and book a new one with different flights.""",unknown,aligned_tool
C2_C1,mistral_small_3p2,airline,23,airline:23,compound,False,True,get_user_details,user_id,"""mohamed_silva""","""mohamed_silva_496""",account identifier,aligned_tool
C2_C1,mistral_small_3p2,airline,23,airline:23,compound,False,True,search_direct_flight,destination,"""SFO""","""JFK""",source/destination,aligned_tool
C2_C1,mistral_small_3p2,airline,23,airline:23,compound,False,True,search_direct_flight,origin,"""JFK""","""SEA""",source/destination,aligned_tool
C2_C1,mistral_small_3p2,airline,23,airline:23,compound,False,True,search_onestop_flight,destination,"""SFO""","""JFK""",source/destination,aligned_tool
C2_C1,mistral_small_3p2,airline,23,airline:23,compound,False,True,search_onestop_flight,origin,"""JFK""","""SEA""",source/destination,aligned_tool
C2_C1,mistral_small_3p2,airline,23,airline:23,compound,False,True,calculate,expression,"""364 + 499""","""1030 - 327 - 1000""",unknown,aligned_tool
C2_C1,mistral_small_3p2,airline,23,airline:23,compound,False,True,calculate,expression,"""364 + 368""","""0 - 297""",unknown,aligned_tool
C2_C1,mistral_small_3p2,airline,23,airline:23,compound,False,True,calculate,expression,"""364 + 363""","""1030 - 500 - 327""",unknown,aligned_tool
C2_C1,mistral_small_3p2,airline,23,airline:23,compound,False,True,calculate,expression,"""364 + 310""","""1030 - 500 - 327 - 203""",unknown,aligned_tool
C1_C1,mistral_small_3p2,airline,23,airline:23,compound,False,False,search_direct_flight,destination,"""JFK""","""SEA""",source/destination,aligned_tool
C1_C1,mistral_small_3p2,airline,23,airline:23,compound,False,False,search_onestop_flight,<CALL>,"search_onestop_flight|{""date"":""2024-05-28"",""destination"":""JFK"",""origin"":""SFO""}",<MISSING>,extra argument,replace
C1_C1,mistral_small_3p2,airline,23,airline:23,compound,False,False,search_direct_flight,<CALL>,<MISSING>,"search_direct_flight|{""date"":""2024-05-28"",""destination"":""JFK"",""origin"":""SEA""}",missing argument,replace
C1_C1,mistral_small_3p2,airline,23,airline:23,compound,False,False,calculate,<CALL>,<MISSING>,"calculate|{""expression"":""364 + 248 + 259""}",missing argument,replace
C1_C1,mistral_small_3p2,airline,23,airline:23,compound,False,False,calculate,<CALL>,<MISSING>,"calculate|{""expression"":""364 + 248 + 430""}",missing argument,replace
C1_C1,mistral_small_3p2,airline,23,airline:23,compound,False,False,calculate,<CALL>,<MISSING>,"calculate|{""expression"":""1000 - 871""}",missing argument,replace
C1_C1,mistral_small_3p2,airline,23,airline:23,compound,False,False,calculate,expression,"""198 + 129""","""327 - 129""",unknown,aligned_tool
C1_C1,mistral_small_3p2,airline,23,airline:23,compound,False,False,calculate,expression,"""500 + 250 + 250""","""129 + 198""",unknown,aligned_tool
C1_C1,mistral_small_3p2,airline,23,airline:23,compound,False,False,calculate,expression,"""871 - 327 - 500""","""871 - 327""",unknown,aligned_tool
C1_C1,mistral_small_3p2,airline,23,airline:23,compound,False,False,update_reservation_flights,payment_id,"""credit_card_2198526""","""certificate_3765853""",write value,aligned_tool
C1_C1,mistral_small_3p2,airline,23,airline:23,compound,False,False,calculate,<CALL>,"calculate|{""expression"":""871 - 327 - 1000""}",<MISSING>,extra argument,replace
C1_C1,mistral_small_3p2,airline,23,airline:23,compound,False,False,cancel_reservation,<CALL>,"cancel_reservation|{""reservation_id"":""K1NW8N""}",<MISSING>,extra argument,replace
C1_C1,mistral_small_3p2,airline,23,airline:23,compound,False,False,book_reservation,<CALL>,"book_reservation|{""cabin"":""business"",""destination"":""SFO"",""flight_type"":""round_trip"",""flights"":[{""date"":""2024-05-26"",""flight_number"":""HAT023""},{""date"":""2024-05-28"",""flight_number"":""HAT204""},{""date"":""2024-05-28"",""flight_number"":""HAT100""}],""insurance"":""no"",""nonfree_baggages"":0,""origin"":""JFK"",""passengers"":[{""dob"":""1960-11-26"",""first_name"":""Mohamed"",""last_name"":""Silva""},{""dob"":""1986-09-12"",""first_name"":""Raj"",""last_name"":""Sanchez""},{""dob"":""1980-03-27"",""first_name"":""Liam"",""last_name"":""Wilson""}],""payment_methods"":[{""amount"":500,""payment_id"":""certificate_3765853""},{""amount"":198,""payment_id"":""gift_card_8020792""},{""amount"":129,""payment_id"":""gift_card_6136092""},{""amount"":250,""payment_id"":""certificate_9984806""},{""amount"":250,""payment_id"":""certificate_2765295""}],""total_baggages"":0,""user_id"":""mohamed_silva_9265""}",<MISSING>,extra argument,replace
C1_C1,mistral_small_3p2,airline,23,airline:23,compound,False,False,update_reservation_baggages,<CALL>,<MISSING>,"update_reservation_baggages|{""nonfree_baggages"":0,""payment_id"":""certificate_3765853"",""reservation_id"":""K1NW8N"",""total_baggages"":6}",missing argument,replace
C1_C1,mistral_small_3p2,airline,23,airline:23,compound,False,False,update_reservation_flights,<CALL>,<MISSING>,"update_reservation_flights|{""cabin"":""business"",""flights"":[{""date"":""2024-05-26"",""flight_number"":""HAT023""},{""date"":""2024-05-28"",""flight_number"":""HAT204""},{""date"":""2024-05-28"",""flight_number"":""HAT100""}],""payment_id"":""gift_card_8020792"",""reservation_id"":""K1NW8N""}",missing argument,replace
C1_C1,mistral_small_3p2,airline,23,airline:23,compound,False,False,update_reservation_baggages,<CALL>,<MISSING>,"update_reservation_baggages|{""nonfree_baggages"":0,""payment_id"":""gift_card_8020792"",""reservation_id"":""K1NW8N"",""total_baggages"":6}",missing argument,replace
C1_C1,mistral_small_3p2,airline,23,airline:23,compound,False,False,update_reservation_flights,<CALL>,<MISSING>,"update_reservation_flights|{""cabin"":""business"",""flights"":[{""date"":""2024-05-26"",""flight_number"":""HAT023""},{""date"":""2024-05-28"",""flight_number"":""HAT204""},{""date"":""2024-05-28"",""flight_number"":""HAT100""}],""payment_id"":""credit_card_2198526"",""reservation_id"":""K1NW8N""}",missing argument,replace
C1_C1,mistral_small_3p2,airline,23,airline:23,compound,False,False,update_reservation_baggages,<CALL>,<MISSING>,"update_reservation_baggages|{""nonfree_baggages"":0,""payment_id"":""credit_card_2198526"",""reservation_id"":""K1NW8N"",""total_baggages"":6}",missing argument,replace
C1_C1,mistral_small_3p2,airline,23,airline:23,compound,False,False,get_reservation_details,reservation_id,"""K1NW8N""","""RES_2563789""",order/reservation identifier,aligned_tool
C1_C1,mistral_small_3p2,airline,23,airline:23,compound,False,False,search_direct_flight,<CALL>,"search_direct_flight|{""date"":""2024-05-26"",""destination"":""SFO"",""origin"":""JFK""}",<MISSING>,extra argument,replace
C1_C1,mistral_small_3p2,airline,23,airline:23,compound,False,False,search_direct_flight,<CALL>,"search_direct_flight|{""date"":""2024-05-28"",""destination"":""JFK"",""origin"":""SFO""}",<MISSING>,extra argument,replace
C1_C1,mistral_small_3p2,airline,23,airline:23,compound,False,False,search_onestop_flight,<CALL>,"search_onestop_flight|{""date"":""2024-05-28"",""destination"":""JFK"",""origin"":""SFO""}",<MISSING>,extra argument,replace
C1_C1,mistral_small_3p2,airline,23,airline:23,compound,False,False,calculate,<CALL>,"calculate|{""expression"":""198 + 129""}",<MISSING>,extra argument,replace
C1_C1,mistral_small_3p2,airline,23,airline:23,compound,False,False,calculate,<CALL>,"calculate|{""expression"":""500 + 250 + 250""}",<MISSING>,extra argument,replace
C1_C1,mistral_small_3p2,airline,23,airline:23,compound,False,False,calculate,<CALL>,"calculate|{""expression"":""871 - 327 - 500""}",<MISSING>,extra argument,replace
C1_C1,mistral_small_3p2,airline,23,airline:23,compound,False,False,update_reservation_flights,<CALL>,"update_reservation_flights|{""cabin"":""business"",""flights"":[{""date"":""2024-05-26"",""flight_number"":""HAT023""},{""date"":""2024-05-28"",""flight_number"":""HAT204""},{""date"":""2024-05-28"",""flight_number"":""HAT100""}],""payment_id"":""credit_card_2198526"",""reservation_id"":""K1NW8N""}",<MISSING>,extra argument,replace
C1_C1,mistral_small_3p2,airline,23,airline:23,compound,False,False,calculate,<CALL>,"calculate|{""expression"":""871 - 327 - 1000""}",<MISSING>,extra argument,replace
C1_C1,mistral_small_3p2,airline,23,airline:23,compound,False,False,cancel_reservation,<CALL>,"cancel_reservation|{""reservation_id"":""K1NW8N""}",<MISSING>,extra argument,replace
C1_C1,mistral_small_3p2,airline,23,airline:23,compound,False,False,book_reservation,<CALL>,"book_reservation|{""cabin"":""business"",""destination"":""SFO"",""flight_type"":""round_trip"",""flights"":[{""date"":""2024-05-26"",""flight_number"":""HAT023""},{""date"":""2024-05-28"",""flight_number"":""HAT204""},{""date"":""2024-05-28"",""flight_number"":""HAT100""}],""insurance"":""no"",""nonfree_baggages"":0,""origin"":""JFK"",""passengers"":[{""dob"":""1960-11-26"",""first_name"":""Mohamed"",""last_name"":""Silva""},{""dob"":""1986-09-12"",""first_name"":""Raj"",""last_name"":""Sanchez""},{""dob"":""1980-03-27"",""first_name"":""Liam"",""last_name"":""Wilson""}],""payment_methods"":[{""amount"":500,""payment_id"":""certificate_3765853""},{""amount"":198,""payment_id"":""gift_card_8020792""},{""amount"":129,""payment_id"":""gift_card_6136092""},{""amount"":250,""payment_id"":""certificate_9984806""},{""amount"":250,""payment_id"":""certificate_2765295""}],""total_baggages"":0,""user_id"":""mohamed_silva_9265""}",<MISSING>,extra argument,replace
C1_C1,mistral_small_3p2,airline,23,airline:23,compound,False,False,transfer_to_human_agents,<CALL>,<MISSING>,"transfer_to_human_agents|{""summary"":""User mohamed_silva_9265 is having trouble finding their reservation RES_2563789.""}",missing argument,replace
C1_C1,mistral_small_3p2,airline,23,airline:23,compound,False,False,transfer_to_human_agents,<CALL>,<MISSING>,"transfer_to_human_agents|{""summary"":""User mohamed_silva_9265 is having trouble finding their reservation RES_2563789.""}",missing argument,replace
C1_C1,mistral_small_3p2,airline,23,airline:23,compound,False,False,transfer_to_human_agents,<CALL>,<MISSING>,"transfer_to_human_agents|{""summary"":""User mohamed_silva_9265 is having trouble finding their reservation RES_2563789.""}",missing argument,replace
C1_C1,mistral_small_3p2,airline,23,airline:23,compound,False,False,transfer_to_human_agents,<CALL>,<MISSING>,"transfer_to_human_agents|{""summary"":""User mohamed_silva_9265 is having trouble finding their reservation RES_2563789.""}",missing argument,replace
C1_C1,mistral_small_3p2,airline,23,airline:23,compound,False,False,search_direct_flight,destination,"""JFK""","""SEA""",source/destination,aligned_tool
C1_C1,mistral_small_3p2,airline,23,airline:23,compound,False,False,search_direct_flight,origin,"""SFO""","""JFK""",source/destination,aligned_tool
C1_C1,mistral_small_3p2,airline,23,airline:23,compound,False,False,search_onestop_flight,<CALL>,"search_onestop_flight|{""date"":""2024-05-28"",""destination"":""JFK"",""origin"":""SFO""}",<MISSING>,extra argument,replace
C1_C1,mistral_small_3p2,airline,23,airline:23,compound,False,False,calculate,<CALL>,"calculate|{""expression"":""198 + 129""}",<MISSING>,extra argument,replace
C1_C1,mistral_small_3p2,airline,23,airline:23,compound,False,False,calculate,<CALL>,"calculate|{""expression"":""500 + 250 + 250""}",<MISSING>,extra argument,replace
C1_C1,mistral_small_3p2,airline,23,airline:23,compound,False,False,calculate,<CALL>,"calculate|{""expression"":""871 - 327 - 500""}",<MISSING>,extra argument,replace
C1_C1,mistral_small_3p2,airline,23,airline:23,compound,False,False,update_reservation_flights,<CALL>,"update_reservation_flights|{""cabin"":""business"",""flights"":[{""date"":""2024-05-26"",""flight_number"":""HAT023""},{""date"":""2024-05-28"",""flight_number"":""HAT204""},{""date"":""2024-05-28"",""flight_number"":""HAT100""}],""payment_id"":""credit_card_2198526"",""reservation_id"":""K1NW8N""}",<MISSING>,extra argument,replace
C1_C1,mistral_small_3p2,airline,23,airline:23,compound,False,False,calculate,<CALL>,"calculate|{""expression"":""871 - 327 - 1000""}",<MISSING>,extra argument,replace
C1_C1,mistral_small_3p2,airline,23,airline:23,compound,False,False,cancel_reservation,<CALL>,"cancel_reservation|{""reservation_id"":""K1NW8N""}",<MISSING>,extra argument,replace
C1_C1,mistral_small_3p2,airline,23,airline:23,compound,False,False,book_reservation,<CALL>,"book_reservation|{""cabin"":""business"",""destination"":""SFO"",""flight_type"":""round_trip"",""flights"":[{""date"":""2024-05-26"",""flight_number"":""HAT023""},{""date"":""2024-05-28"",""flight_number"":""HAT204""},{""date"":""2024-05-28"",""flight_number"":""HAT100""}],""insurance"":""no"",""nonfree_baggages"":0,""origin"":""JFK"",""passengers"":[{""dob"":""1960-11-26"",""first_name"":""Mohamed"",""last_name"":""Silva""},{""dob"":""1986-09-12"",""first_name"":""Raj"",""last_name"":""Sanchez""},{""dob"":""1980-03-27"",""first_name"":""Liam"",""last_name"":""Wilson""}],""payment_methods"":[{""amount"":500,""payment_id"":""certificate_3765853""},{""amount"":198,""payment_id"":""gift_card_8020792""},{""amount"":129,""payment_id"":""gift_card_6136092""},{""amount"":250,""payment_id"":""certificate_9984806""},{""amount"":250,""payment_id"":""certificate_2765295""}],""total_baggages"":0,""user_id"":""mohamed_silva_9265""}",<MISSING>,extra argument,replace
C1_C1,mistral_small_3p2,airline,23,airline:23,compound,False,False,search_direct_flight,<CALL>,<MISSING>,"search_direct_flight|{""date"":""2024-05-28"",""destination"":""JFK"",""origin"":""SEA""}",missing argument,replace
C1_C1,mistral_small_3p2,airline,23,airline:23,compound,False,False,transfer_to_human_agents,<CALL>,<MISSING>,"transfer_to_human_agents|{""summary"":""User mohamed_silva_9265 wants to cancel their current reservation and book a new one with different flights.""}",missing argument,replace
C1_C1,mistral_small_3p2,airline,23,airline:23,compound,False,False,search_direct_flight,origin,"""SFO""","""SEA""",source/destination,aligned_tool
C1_C1,mistral_small_3p2,airline,23,airline:23,compound,False,False,search_onestop_flight,date,"""2024-05-28""","""2024-05-26""",date/time,aligned_tool
C1_C1,mistral_small_3p2,airline,23,airline:23,compound,False,False,search_onestop_flight,destination,"""JFK""","""SFO""",source/destination,aligned_tool
C1_C1,mistral_small_3p2,airline,23,airline:23,compound,False,False,search_onestop_flight,origin,"""SFO""","""JFK""",source/destination,aligned_tool
C1_C1,mistral_small_3p2,airline,23,airline:23,compound,False,False,calculate,expression,"""198 + 129""","""1030 - 327 - 1000""",unknown,aligned_tool
C1_C1,mistral_small_3p2,airline,23,airline:23,compound,False,False,calculate,expression,"""500 + 250 + 250""","""0 - 297""",unknown,aligned_tool
C1_C1,mistral_small_3p2,airline,23,airline:23,compound,False,False,calculate,expression,"""871 - 327 - 500""","""1030 - 500 - 327""",unknown,aligned_tool
C1_C1,mistral_small_3p2,airline,23,airline:23,compound,False,False,calculate,expression,"""871 - 327 - 1000""","""1030 - 500 - 327 - 203""",unknown,aligned_tool
C1_C1,mistral_small_3p2,airline,23,airline:23,compound,False,False,get_reservation_details,reservation_id,"""K1NW8N""","""RES_2563789""",order/reservation identifier,aligned_tool
C1_C1,mistral_small_3p2,airline,23,airline:23,compound,False,False,search_direct_flight,<CALL>,"search_direct_flight|{""date"":""2024-05-26"",""destination"":""SFO"",""origin"":""JFK""}",<MISSING>,extra argument,replace
C1_C1,mistral_small_3p2,airline,23,airline:23,compound,False,False,search_direct_flight,<CALL>,"search_direct_flight|{""date"":""2024-05-28"",""destination"":""SEA"",""origin"":""SFO""}",<MISSING>,extra argument,replace
C1_C1,mistral_small_3p2,airline,23,airline:23,compound,False,False,search_direct_flight,<CALL>,"search_direct_flight|{""date"":""2024-05-28"",""destination"":""JFK"",""origin"":""SEA""}",<MISSING>,extra argument,replace
C1_C1,mistral_small_3p2,airline,23,airline:23,compound,False,False,calculate,<CALL>,"calculate|{""expression"":""364 + 248 + 259""}",<MISSING>,extra argument,replace
C1_C1,mistral_small_3p2,airline,23,airline:23,compound,False,False,calculate,<CALL>,"calculate|{""expression"":""364 + 248 + 430""}",<MISSING>,extra argument,replace
C1_C1,mistral_small_3p2,airline,23,airline:23,compound,False,False,calculate,<CALL>,"calculate|{""expression"":""1000 - 871""}",<MISSING>,extra argument,replace
C1_C1,mistral_small_3p2,airline,23,airline:23,compound,False,False,calculate,<CALL>,"calculate|{""expression"":""327 - 129""}",<MISSING>,extra argument,replace
C1_C1,mistral_small_3p2,airline,23,airline:23,compound,False,False,calculate,<CALL>,"calculate|{""expression"":""129 + 198""}",<MISSING>,extra argument,replace
C1_C1,mistral_small_3p2,airline,23,airline:23,compound,False,False,calculate,<CALL>,"calculate|{""expression"":""871 - 327""}",<MISSING>,extra argument,replace
C1_C1,mistral_small_3p2,airline,23,airline:23,compound,False,False,update_reservation_flights,<CALL>,"update_reservation_flights|{""cabin"":""business"",""flights"":[{""date"":""2024-05-26"",""flight_number"":""HAT023""},{""date"":""2024-05-28"",""flight_number"":""HAT204""},{""date"":""2024-05-28"",""flight_number"":""HAT100""}],""payment_id"":""certificate_3765853"",""reservation_id"":""K1NW8N""}",<MISSING>,extra argument,replace
C1_C1,mistral_small_3p2,airline,23,airline:23,compound,False,False,update_reservation_baggages,<CALL>,"update_reservation_baggages|{""nonfree_baggages"":0,""payment_id"":""certificate_3765853"",""reservation_id"":""K1NW8N"",""total_baggages"":6}",<MISSING>,extra argument,replace
C1_C1,mistral_small_3p2,airline,23,airline:23,compound,False,False,update_reservation_flights,<CALL>,"update_reservation_flights|{""cabin"":""business"",""flights"":[{""date"":""2024-05-26"",""flight_number"":""HAT023""},{""date"":""2024-05-28"",""flight_number"":""HAT204""},{""date"":""2024-05-28"",""flight_number"":""HAT100""}],""payment_id"":""gift_card_8020792"",""reservation_id"":""K1NW8N""}",<MISSING>,extra argument,replace
C1_C1,mistral_small_3p2,airline,23,airline:23,compound,False,False,update_reservation_baggages,<CALL>,"update_reservation_baggages|{""nonfree_baggages"":0,""payment_id"":""gift_card_8020792"",""reservation_id"":""K1NW8N"",""total_baggages"":6}",<MISSING>,extra argument,replace
C1_C1,mistral_small_3p2,airline,23,airline:23,compound,False,False,update_reservation_flights,<CALL>,"update_reservation_flights|{""cabin"":""business"",""flights"":[{""date"":""2024-05-26"",""flight_number"":""HAT023""},{""date"":""2024-05-28"",""flight_number"":""HAT204""},{""date"":""2024-05-28"",""flight_number"":""HAT100""}],""payment_id"":""credit_card_2198526"",""reservation_id"":""K1NW8N""}",<MISSING>,extra argument,replace
C1_C1,mistral_small_3p2,airline,23,airline:23,compound,False,False,update_reservation_baggages,<CALL>,"update_reservation_baggages|{""nonfree_baggages"":0,""payment_id"":""credit_card_2198526"",""reservation_id"":""K1NW8N"",""total_baggages"":6}",<MISSING>,extra argument,replace
C1_C1,mistral_small_3p2,airline,23,airline:23,compound,False,False,transfer_to_human_agents,<CALL>,<MISSING>,"transfer_to_human_agents|{""summary"":""User mohamed_silva_9265 is having trouble finding their reservation RES_2563789.""}",missing argument,replace
C1_C1,mistral_small_3p2,airline,23,airline:23,compound,False,False,transfer_to_human_agents,<CALL>,<MISSING>,"transfer_to_human_agents|{""summary"":""User mohamed_silva_9265 is having trouble finding their reservation RES_2563789.""}",missing argument,replace
C1_C1,mistral_small_3p2,airline,23,airline:23,compound,False,False,transfer_to_human_agents,<CALL>,<MISSING>,"transfer_to_human_agents|{""summary"":""User mohamed_silva_9265 is having trouble finding their reservation RES_2563789.""}",missing argument,replace
C1_C1,mistral_small_3p2,airline,23,airline:23,compound,False,False,transfer_to_human_agents,<CALL>,<MISSING>,"transfer_to_human_agents|{""summary"":""User mohamed_silva_9265 is having trouble finding their reservation RES_2563789.""}",missing argument,replace
C1_C1,mistral_small_3p2,airline,23,airline:23,compound,False,False,search_direct_flight,origin,"""SFO""","""JFK""",source/destination,aligned_tool
C1_C1,mistral_small_3p2,airline,23,airline:23,compound,False,False,calculate,<CALL>,"calculate|{""expression"":""364 + 248 + 259""}",<MISSING>,extra argument,replace
C1_C1,mistral_small_3p2,airline,23,airline:23,compound,False,False,calculate,<CALL>,"calculate|{""expression"":""364 + 248 + 430""}",<MISSING>,extra argument,replace
C1_C1,mistral_small_3p2,airline,23,airline:23,compound,False,False,calculate,<CALL>,"calculate|{""expression"":""1000 - 871""}",<MISSING>,extra argument,replace
C1_C1,mistral_small_3p2,airline,23,airline:23,compound,False,False,calculate,<CALL>,"calculate|{""expression"":""327 - 129""}",<MISSING>,extra argument,replace
C1_C1,mistral_small_3p2,airline,23,airline:23,compound,False,False,calculate,<CALL>,"calculate|{""expression"":""129 + 198""}",<MISSING>,extra argument,replace
C1_C1,mistral_small_3p2,airline,23,airline:23,compound,False,False,calculate,<CALL>,"calculate|{""expression"":""871 - 327""}",<MISSING>,extra argument,replace
C1_C1,mistral_small_3p2,airline,23,airline:23,compound,False,False,update_reservation_flights,<CALL>,"update_reservation_flights|{""cabin"":""business"",""flights"":[{""date"":""2024-05-26"",""flight_number"":""HAT023""},{""date"":""2024-05-28"",""flight_number"":""HAT204""},{""date"":""2024-05-28"",""flight_number"":""HAT100""}],""payment_id"":""certificate_3765853"",""reservation_id"":""K1NW8N""}",<MISSING>,extra argument,replace
C1_C1,mistral_small_3p2,airline,23,airline:23,compound,False,False,update_reservation_baggages,<CALL>,"update_reservation_baggages|{""nonfree_baggages"":0,""payment_id"":""certificate_3765853"",""reservation_id"":""K1NW8N"",""total_baggages"":6}",<MISSING>,extra argument,replace
C1_C1,mistral_small_3p2,airline,23,airline:23,compound,False,False,update_reservation_flights,<CALL>,"update_reservation_flights|{""cabin"":""business"",""flights"":[{""date"":""2024-05-26"",""flight_number"":""HAT023""},{""date"":""2024-05-28"",""flight_number"":""HAT204""},{""date"":""2024-05-28"",""flight_number"":""HAT100""}],""payment_id"":""gift_card_8020792"",""reservation_id"":""K1NW8N""}",<MISSING>,extra argument,replace
C1_C1,mistral_small_3p2,airline,23,airline:23,compound,False,False,update_reservation_baggages,<CALL>,"update_reservation_baggages|{""nonfree_baggages"":0,""payment_id"":""gift_card_8020792"",""reservation_id"":""K1NW8N"",""total_baggages"":6}",<MISSING>,extra argument,replace
C1_C1,mistral_small_3p2,airline,23,airline:23,compound,False,False,update_reservation_flights,<CALL>,"update_reservation_flights|{""cabin"":""business"",""flights"":[{""date"":""2024-05-26"",""flight_number"":""HAT023""},{""date"":""2024-05-28"",""flight_number"":""HAT204""},{""date"":""2024-05-28"",""flight_number"":""HAT100""}],""payment_id"":""credit_card_2198526"",""reservation_id"":""K1NW8N""}",<MISSING>,extra argument,replace
C1_C1,mistral_small_3p2,airline,23,airline:23,compound,False,False,update_reservation_baggages,<CALL>,"update_reservation_baggages|{""nonfree_baggages"":0,""payment_id"":""credit_card_2198526"",""reservation_id"":""K1NW8N"",""total_baggages"":6}",<MISSING>,extra argument,replace
C1_C1,mistral_small_3p2,airline,23,airline:23,compound,False,False,transfer_to_human_agents,<CALL>,<MISSING>,"transfer_to_human_agents|{""summary"":""User mohamed_silva_9265 wants to cancel their current reservation and book a new one with different flights.""}",missing argument,replace
C1_C1,mistral_small_3p2,airline,23,airline:23,compound,False,False,search_direct_flight,destination,"""SEA""","""JFK""",source/destination,aligned_tool
C1_C1,mistral_small_3p2,airline,23,airline:23,compound,False,False,search_direct_flight,origin,"""SFO""","""SEA""",source/destination,aligned_tool
C1_C1,mistral_small_3p2,airline,23,airline:23,compound,False,False,search_direct_flight,<CALL>,"search_direct_flight|{""date"":""2024-05-28"",""destination"":""JFK"",""origin"":""SEA""}",<MISSING>,extra argument,replace
C1_C1,mistral_small_3p2,airline,23,airline:23,compound,False,False,search_onestop_flight,<CALL>,<MISSING>,"search_onestop_flight|{""date"":""2024-05-26"",""destination"":""SFO"",""origin"":""JFK""}",missing argument,replace
C1_C1,mistral_small_3p2,airline,23,airline:23,compound,False,False,search_onestop_flight,<CALL>,<MISSING>,"search_onestop_flight|{""date"":""2024-05-28"",""destination"":""JFK"",""origin"":""SEA""}",missing argument,replace
C1_C1,mistral_small_3p2,airline,23,airline:23,compound,False,False,calculate,expression,"""364 + 248 + 259""","""1030 - 327 - 1000""",unknown,aligned_tool
C1_C1,mistral_small_3p2,airline,23,airline:23,compound,False,False,calculate,expression,"""364 + 248 + 430""","""0 - 297""",unknown,aligned_tool
C1_C1,mistral_small_3p2,airline,23,airline:23,compound,False,False,calculate,expression,"""1000 - 871""","""1030 - 500 - 327""",unknown,aligned_tool
C1_C1,mistral_small_3p2,airline,23,airline:23,compound,False,False,calculate,expression,"""327 - 129""","""1030 - 500 - 327 - 203""",unknown,aligned_tool
C1_C1,mistral_small_3p2,airline,23,airline:23,compound,False,True,get_reservation_details,reservation_id,"""RES_2563789""","""K1NW8N""",order/reservation identifier,aligned_tool
C1_C1,mistral_small_3p2,airline,23,airline:23,compound,False,True,transfer_to_human_agents,summary,"""User mohamed_silva_9265 is having trouble finding their reservation RES_2563789.""","""User mohamed_silva_9265 wants to cancel their current reservation and book a new one with different flights.""",unknown,aligned_tool
C1_C1,mistral_small_3p2,airline,23,airline:23,compound,False,True,get_reservation_details,reservation_id,"""RES_2563789""","""K1NW8N""",order/reservation identifier,aligned_tool
C1_C1,mistral_small_3p2,airline,23,airline:23,compound,False,True,transfer_to_human_agents,<CALL>,"transfer_to_human_agents|{""summary"":""User mohamed_silva_9265 is having trouble finding their reservation RES_2563789.""}",<MISSING>,extra argument,replace
C1_C1,mistral_small_3p2,airline,23,airline:23,compound,False,True,transfer_to_human_agents,<CALL>,"transfer_to_human_agents|{""summary"":""User mohamed_silva_9265 is having trouble finding their reservation RES_2563789.""}",<MISSING>,extra argument,replace
C1_C1,mistral_small_3p2,airline,23,airline:23,compound,False,True,transfer_to_human_agents,<CALL>,"transfer_to_human_agents|{""summary"":""User mohamed_silva_9265 is having trouble finding their reservation RES_2563789.""}",<MISSING>,extra argument,replace
C1_C1,mistral_small_3p2,airline,23,airline:23,compound,False,True,transfer_to_human_agents,<CALL>,"transfer_to_human_agents|{""summary"":""User mohamed_silva_9265 is having trouble finding their reservation RES_2563789.""}",<MISSING>,extra argument,replace
C1_C1,mistral_small_3p2,airline,23,airline:23,compound,False,True,search_direct_flight,<CALL>,<MISSING>,"search_direct_flight|{""date"":""2024-05-26"",""destination"":""SFO"",""origin"":""JFK""}",missing argument,replace
C1_C1,mistral_small_3p2,airline,23,airline:23,compound,False,True,search_direct_flight,<CALL>,<MISSING>,"search_direct_flight|{""date"":""2024-05-28"",""destination"":""JFK"",""origin"":""SEA""}",missing argument,replace
C1_C1,mistral_small_3p2,airline,23,airline:23,compound,False,True,search_onestop_flight,<CALL>,<MISSING>,"search_onestop_flight|{""date"":""2024-05-26"",""destination"":""SFO"",""origin"":""JFK""}",missing argument,replace
C1_C1,mistral_small_3p2,airline,23,airline:23,compound,False,True,search_onestop_flight,<CALL>,<MISSING>,"search_onestop_flight|{""date"":""2024-05-28"",""destination"":""JFK"",""origin"":""SEA""}",missing argument,replace
C1_C1,mistral_small_3p2,airline,23,airline:23,compound,False,True,calculate,<CALL>,<MISSING>,"calculate|{""expression"":""1030 - 327 - 1000""}",missing argument,replace
C1_C1,mistral_small_3p2,airline,23,airline:23,compound,False,True,calculate,<CALL>,<MISSING>,"calculate|{""expression"":""0 - 297""}",missing argument,replace
C1_C1,mistral_small_3p2,airline,23,airline:23,compound,False,True,calculate,<CALL>,<MISSING>,"calculate|{""expression"":""1030 - 500 - 327""}",missing argument,replace
C1_C1,mistral_small_3p2,airline,23,airline:23,compound,False,True,calculate,<CALL>,<MISSING>,"calculate|{""expression"":""1030 - 500 - 327 - 203""}",missing argument,replace
C1_C1,mistral_small_3p2,airline,23,airline:23,compound,False,True,search_direct_flight,destination,"""SEA""","""JFK""",source/destination,aligned_tool
C1_C1,mistral_small_3p2,airline,23,airline:23,compound,False,True,search_direct_flight,origin,"""JFK""","""SEA""",source/destination,aligned_tool
C1_C1,mistral_small_3p2,airline,23,airline:23,compound,False,True,search_direct_flight,<CALL>,"search_direct_flight|{""date"":""2024-05-28"",""destination"":""JFK"",""origin"":""SEA""}",<MISSING>,extra argument,replace
C1_C1,mistral_small_3p2,airline,23,airline:23,compound,False,True,transfer_to_human_agents,<CALL>,"transfer_to_human_agents|{""summary"":""User mohamed_silva_9265 wants to cancel their current reservation and book a new one with different flights.""}",<MISSING>,extra argument,replace
C1_C1,mistral_small_3p2,airline,23,airline:23,compound,False,True,search_onestop_flight,<CALL>,<MISSING>,"search_onestop_flight|{""date"":""2024-05-26"",""destination"":""SFO"",""origin"":""JFK""}",missing argument,replace
C1_C1,mistral_small_3p2,airline,23,airline:23,compound,False,True,search_onestop_flight,<CALL>,<MISSING>,"search_onestop_flight|{""date"":""2024-05-28"",""destination"":""JFK"",""origin"":""SEA""}",missing argument,replace
C1_C1,mistral_small_3p2,airline,23,airline:23,compound,False,True,calculate,<CALL>,<MISSING>,"calculate|{""expression"":""1030 - 327 - 1000""}",missing argument,replace
C1_C1,mistral_small_3p2,airline,23,airline:23,compound,False,True,calculate,<CALL>,<MISSING>,"calculate|{""expression"":""0 - 297""}",missing argument,replace
C1_C1,mistral_small_3p2,airline,23,airline:23,compound,False,True,calculate,<CALL>,<MISSING>,"calculate|{""expression"":""1030 - 500 - 327""}",missing argument,replace
C1_C1,mistral_small_3p2,airline,23,airline:23,compound,False,True,calculate,<CALL>,<MISSING>,"calculate|{""expression"":""1030 - 500 - 327 - 203""}",missing argument,replace
C2_C1,mistral_small_3p2,airline,30,airline:30,single,False,False,search_direct_flight,<CALL>,"search_direct_flight|{""date"":""2024-05-19"",""destination"":""IAH"",""origin"":""LAS""}",<MISSING>,extra argument,replace
C2_C1,mistral_small_3p2,airline,30,airline:30,single,False,False,search_direct_flight,<CALL>,"search_direct_flight|{""date"":""2024-05-27"",""destination"":""LAS"",""origin"":""IAH""}",<MISSING>,extra argument,replace
C2_C1,mistral_small_3p2,airline,30,airline:30,single,False,False,get_user_details,<CALL>,"get_user_details|{""user_id"":""james_taylor_7043""}",<MISSING>,extra argument,replace
C2_C1,mistral_small_3p2,airline,30,airline:30,single,False,False,update_reservation_flights,<CALL>,"update_reservation_flights|{""cabin"":""economy"",""flights"":[{""date"":""2024-05-19"",""flight_number"":""HAT266""},{""date"":""2024-05-27"",""flight_number"":""HAT112""}],""payment_id"":""gift_card_5634230"",""reservation_id"":""1N99U6""}",<MISSING>,extra argument,replace
C2_C1,mistral_small_3p2,airline,30,airline:30,single,False,False,update_reservation_baggages,<CALL>,"update_reservation_baggages|{""nonfree_baggages"":0,""payment_id"":""gift_card_5634230"",""reservation_id"":""1N99U6"",""total_baggages"":0}",<MISSING>,extra argument,replace
C2_C1,mistral_small_3p2,airline,30,airline:30,single,False,False,transfer_to_human_agents,<CALL>,<MISSING>,"transfer_to_human_agents|{""summary"":""User james_taylor_7043 wants to change the flight of reservation 1N99U6 to a nonstop one and remove the checked bag to get a refund.""}",missing argument,replace
C2_C1,mistral_small_3p2,airline,30,airline:30,single,False,False,transfer_to_human_agents,<CALL>,<MISSING>,"transfer_to_human_agents|{""summary"":""User james_taylor_7043 wants to change the flight of reservation 1N99U6 to a nonstop one and remove the checked bag to get a refund.""}",missing argument,replace
C2_C1,mistral_small_3p2,airline,30,airline:30,single,False,False,transfer_to_human_agents,<CALL>,<MISSING>,"transfer_to_human_agents|{""summary"":""User james_taylor_7043 wants to change the flight of reservation 1N99U6 to a nonstop one and remove the checked bag to get a refund.""}",missing argument,replace
C2_C1,mistral_small_3p2,airline,30,airline:30,single,False,True,get_user_details,<CALL>,"get_user_details|{""user_id"":""james_taylor_7043""}",<MISSING>,extra argument,replace
C2_C1,mistral_small_3p2,airline,30,airline:30,single,False,True,transfer_to_human_agents,<CALL>,<MISSING>,"transfer_to_human_agents|{""summary"":""User james_taylor_7043 wants to change the flight of reservation 1N99U6 to a nonstop one and remove the checked bag to get a refund.""}",missing argument,replace
C2_C1,mistral_small_3p2,airline,30,airline:30,single,False,True,calculate,<CALL>,"calculate|{""expression"":""161 + 192 + 184 - 1134""}",<MISSING>,extra argument,replace
C2_C1,mistral_small_3p2,airline,30,airline:30,single,False,True,transfer_to_human_agents,<CALL>,<MISSING>,"transfer_to_human_agents|{""summary"":""User james_taylor_7043 wants to change the flight of reservation 1N99U6 to a nonstop one and remove the checked bag to get a refund.""}",missing argument,replace
C2_C1,mistral_small_3p2,airline,30,airline:30,single,False,True,search_direct_flight,<CALL>,"search_direct_flight|{""date"":""2024-05-19"",""destination"":""IAH"",""origin"":""LAS""}",<MISSING>,extra argument,replace
C2_C1,mistral_small_3p2,airline,30,airline:30,single,False,True,search_direct_flight,<CALL>,"search_direct_flight|{""date"":""2024-05-27"",""destination"":""LAS"",""origin"":""IAH""}",<MISSING>,extra argument,replace
C2_C1,mistral_small_3p2,airline,30,airline:30,single,False,True,get_user_details,<CALL>,"get_user_details|{""user_id"":""james_taylor_7043""}",<MISSING>,extra argument,replace
C2_C1,mistral_small_3p2,airline,30,airline:30,single,False,True,transfer_to_human_agents,<CALL>,<MISSING>,"transfer_to_human_agents|{""summary"":""User james_taylor_7043 with reservation 1N99U6 wants to change flight to a nonstop one and remove checked bag.""}",missing argument,replace
C2_C1,mistral_small_3p2,airline,30,airline:30,single,False,True,transfer_to_human_agents,summary,"""User james_taylor_7043 with reservation 1N99U6 wants to change flights and remove baggage.""","""User james_taylor_7043 with reservation 1N99U6 wants to change flight to a nonstop one and remove checked bag to get a refund.""",unknown,aligned_tool
C2_C1,mistral_small_3p2,airline,30,airline:30,single,False,True,transfer_to_human_agents,summary,"""User james_taylor_7043 wants to change the outbound flight of reservation 1N99U6 to a nonstop flight and remove a checked bag to get a refund.""","""User james_taylor_7043 wants to change the flight of reservation 1N99U6 to a nonstop one and remove the checked bag to get a refund.""",unknown,aligned_tool
C1_C1,mistral_small_3p2,airline,30,airline:30,single,False,True,transfer_to_human_agents,summary,"""User james_taylor_7043 wants to change the flight of reservation 1N99U6 to a nonstop one and remove the checked bag to get a refund.""","""User james_taylor_7043 with reservation 1N99U6 wants to change flight to a nonstop one and remove checked bag.""",unknown,aligned_tool
C1_C1,mistral_small_3p2,airline,30,airline:30,single,False,True,transfer_to_human_agents,summary,"""User james_taylor_7043 wants to change the flight of reservation 1N99U6 to a nonstop one and remove the checked bag to get a refund.""","""User james_taylor_7043 with reservation 1N99U6 wants to change flight to a nonstop one and remove checked bag to get a refund.""",unknown,aligned_tool
C1_C1,mistral_small_3p2,airline,30,airline:30,single,False,True,transfer_to_human_agents,summary,"""User james_taylor_7043 wants to change the flight of reservation 1N99U6 to a nonstop one and remove the checked bag to get a refund.""","""User james_taylor_7043 with reservation 1N99U6 wants to change flight to a nonstop one and remove checked bag.""",unknown,aligned_tool
C1_C1,mistral_small_3p2,airline,30,airline:30,single,False,True,transfer_to_human_agents,summary,"""User james_taylor_7043 wants to change the flight of reservation 1N99U6 to a nonstop one and remove the checked bag to get a refund.""","""User james_taylor_7043 with reservation 1N99U6 wants to change flight to a nonstop one and remove checked bag to get a refund.""",unknown,aligned_tool
C1_C1,mistral_small_3p2,airline,30,airline:30,single,False,True,transfer_to_human_agents,summary,"""User james_taylor_7043 with reservation 1N99U6 wants to change flight to a nonstop one and remove checked bag.""","""User james_taylor_7043 with reservation 1N99U6 wants to change flight to a nonstop one and remove checked bag to get a refund.""",unknown,aligned_tool
C1_C1,mistral_small_3p2,airline,30,airline:30,single,False,True,transfer_to_human_agents,summary,"""User james_taylor_7043 with reservation 1N99U6 wants to change flight to a nonstop one and remove checked bag.""","""User james_taylor_7043 wants to change the flight of reservation 1N99U6 to a nonstop one and remove the checked bag to get a refund.""",unknown,aligned_tool
C1_C1,mistral_small_3p2,airline,30,airline:30,single,False,True,transfer_to_human_agents,summary,"""User james_taylor_7043 with reservation 1N99U6 wants to change flight to a nonstop one and remove checked bag to get a refund.""","""User james_taylor_7043 wants to change the flight of reservation 1N99U6 to a nonstop one and remove the checked bag to get a refund.""",unknown,aligned_tool
C2_C1,mistral_small_3p2,airline,32,airline:32,compound,False,False,calculate,expression,"""136 - 53""","""136 - 522""",unknown,aligned_tool
C2_C1,mistral_small_3p2,airline,32,airline:32,compound,False,False,calculate,expression,"""136 - 522 + 53""","""386 / 2""",unknown,aligned_tool
C2_C1,mistral_small_3p2,airline,32,airline:32,compound,False,False,update_reservation_flights,flights,"[{""date"": ""2024-05-21"", ""flight_number"": ""HAT202""}, {""date"": ""2024-05-21"", ""flight_number"": ""HAT232""}]","[{""date"": ""2024-05-21"", ""flight_number"": ""HAT041""}]",unknown,aligned_tool
C2_C1,mistral_small_3p2,airline,32,airline:32,compound,False,False,transfer_to_human_agents,<CALL>,"transfer_to_human_agents|{""summary"":""User ivan_rossi_8555 wants to upgrade their ticket to economy and then change their flight to a nonstop option.""}",<MISSING>,extra argument,replace
C2_C1,mistral_small_3p2,airline,32,airline:32,compound,False,False,search_onestop_flight,<CALL>,<MISSING>,"search_onestop_flight|{""date"":""2024-05-21"",""destination"":""LAX"",""origin"":""EWR""}",missing argument,replace
C2_C1,mistral_small_3p2,airline,32,airline:32,compound,False,False,calculate,<CALL>,<MISSING>,"calculate|{""expression"":""196 + 110 - 194 - 80""}",missing argument,replace
C2_C1,mistral_small_3p2,airline,32,airline:32,compound,False,False,update_reservation_flights,<CALL>,<MISSING>,"update_reservation_flights|{""cabin"":""economy"",""flights"":[{""date"":""2024-05-21"",""flight_number"":""HAT202""},{""date"":""2024-05-21"",""flight_number"":""HAT232""}],""payment_id"":""credit_card_9659780"",""reservation_id"":""OWZ4XL""}",missing argument,replace
C2_C1,mistral_small_3p2,airline,32,airline:32,compound,False,False,update_reservation_flights,<CALL>,<MISSING>,"update_reservation_flights|{""cabin"":""economy"",""flights"":[{""date"":""2024-05-21"",""flight_number"":""HAT041""}],""payment_id"":""credit_card_9659780"",""reservation_id"":""OWZ4XL""}",missing argument,replace
C1_C1,mistral_small_3p2,airline,32,airline:32,compound,False,False,calculate,<CALL>,"calculate|{""expression"":""136 - 522""}",<MISSING>,extra argument,replace
C1_C1,mistral_small_3p2,airline,32,airline:32,compound,False,False,search_onestop_flight,<CALL>,<MISSING>,"search_onestop_flight|{""date"":""2024-05-21"",""destination"":""LAX"",""origin"":""EWR""}",missing argument,replace
C1_C1,mistral_small_3p2,airline,32,airline:32,compound,False,False,calculate,expression,"""386 / 2""","""196 + 110 - 194 - 80""",unknown,aligned_tool
C1_C1,mistral_small_3p2,airline,32,airline:32,compound,False,False,update_reservation_flights,flights,"[{""date"": ""2024-05-21"", ""flight_number"": ""HAT041""}]","[{""date"": ""2024-05-21"", ""flight_number"": ""HAT202""}, {""date"": ""2024-05-21"", ""flight_number"": ""HAT232""}]",unknown,aligned_tool
C1_C1,mistral_small_3p2,airline,32,airline:32,compound,False,False,calculate,expression,"""136 - 522""","""136 * 3 - 522""",unknown,aligned_tool
C1_C1,mistral_small_3p2,airline,32,airline:32,compound,False,False,calculate,expression,"""386 / 2""","""136 - 53""",unknown,aligned_tool
C1_C1,mistral_small_3p2,airline,32,airline:32,compound,False,False,update_reservation_flights,<CALL>,"update_reservation_flights|{""cabin"":""economy"",""flights"":[{""date"":""2024-05-21"",""flight_number"":""HAT041""}],""payment_id"":""credit_card_9659780"",""reservation_id"":""OWZ4XL""}",<MISSING>,extra argument,replace
C1_C1,mistral_small_3p2,airline,32,airline:32,compound,False,False,update_reservation_cabin,<CALL>,<MISSING>,"update_reservation_cabin|{""cabin"":""economy"",""flights"":[{""date"":""2024-05-21"",""flight_number"":""HAT202""},{""date"":""2024-05-21"",""flight_number"":""HAT232""}],""payment_id"":""credit_card_9659780"",""reservation_id"":""OWZ4XL""}",missing argument,replace
C1_C1,mistral_small_3p2,airline,32,airline:32,compound,False,False,calculate,expression,"""196 + 110 - 194 - 80""","""136 * 3 - 522""",unknown,aligned_tool
C1_C1,mistral_small_3p2,airline,32,airline:32,compound,False,False,update_reservation_flights,<CALL>,"update_reservation_flights|{""cabin"":""economy"",""flights"":[{""date"":""2024-05-21"",""flight_number"":""HAT202""},{""date"":""2024-05-21"",""flight_number"":""HAT232""}],""payment_id"":""credit_card_9659780"",""reservation_id"":""OWZ4XL""}",<MISSING>,extra argument,replace
C1_C1,mistral_small_3p2,airline,32,airline:32,compound,False,False,update_reservation_flights,<CALL>,"update_reservation_flights|{""cabin"":""economy"",""flights"":[{""date"":""2024-05-21"",""flight_number"":""HAT041""}],""payment_id"":""credit_card_9659780"",""reservation_id"":""OWZ4XL""}",<MISSING>,extra argument,replace
C1_C1,mistral_small_3p2,airline,32,airline:32,compound,False,False,calculate,<CALL>,<MISSING>,"calculate|{""expression"":""136 - 53""}",missing argument,replace
C1_C1,mistral_small_3p2,airline,32,airline:32,compound,False,False,update_reservation_cabin,<CALL>,<MISSING>,"update_reservation_cabin|{""cabin"":""economy"",""flights"":[{""date"":""2024-05-21"",""flight_number"":""HAT202""},{""date"":""2024-05-21"",""flight_number"":""HAT232""}],""payment_id"":""credit_card_9659780"",""reservation_id"":""OWZ4XL""}",missing argument,replace
C2_C1,mistral_small_3p2,airline,33,airline:33,compound,False,True,search_onestop_flight,<CALL>,"search_onestop_flight|{""date"":""2024-05-19"",""destination"":""SFO"",""origin"":""IAH""}",<MISSING>,extra argument,replace
C2_C1,mistral_small_3p2,airline,33,airline:33,compound,False,True,get_flight_status,<CALL>,"get_flight_status|{""date"":""2024-05-18"",""flight_number"":""HAT085""}",<MISSING>,extra argument,replace
C2_C1,mistral_small_3p2,airline,33,airline:33,compound,False,True,get_flight_status,<CALL>,"get_flight_status|{""date"":""2024-05-18"",""flight_number"":""HAT023""}",<MISSING>,extra argument,replace
C2_C1,mistral_small_3p2,airline,33,airline:33,compound,False,True,get_flight_status,<CALL>,"get_flight_status|{""date"":""2024-05-22"",""flight_number"":""HAT278""}",<MISSING>,extra argument,replace
C2_C1,mistral_small_3p2,airline,33,airline:33,compound,False,True,search_direct_flight,<CALL>,<MISSING>,"search_direct_flight|{""date"":""2024-05-23"",""destination"":""IAH"",""origin"":""SFO""}",missing argument,replace
C2_C1,mistral_small_3p2,airline,33,airline:33,compound,False,True,transfer_to_human_agents,summary,"""User yara_garcia_1905 wants to change the flights in reservation HXDUBJ. The user is not familiar with the process and needs assistance.""","""User wants to change flights and has insurance, but the agent is unable to waive the fees as per the policy.""",unknown,aligned_tool
C2_C1,mistral_small_3p2,airline,33,airline:33,compound,False,False,transfer_to_human_agents,<CALL>,"transfer_to_human_agents|{""summary"":""User yara_garcia_1905 with reservation HXDUBJ wants to change flights to HAT180 on 2024-05-19 and HAT278 on 2024-05-23.""}",<MISSING>,extra argument,replace
C2_C1,mistral_small_3p2,airline,33,airline:33,compound,False,False,update_reservation_flights,<CALL>,<MISSING>,"update_reservation_flights|{""cabin"":""economy"",""flights"":[{""date"":""2024-05-19"",""flight_number"":""HAT180""},{""date"":""2024-05-23"",""flight_number"":""HAT082""}],""payment_id"":""gift_card_6941833"",""reservation_id"":""HXDUBJ""}",missing argument,replace
C2_C1,mistral_small_3p2,airline,33,airline:33,compound,False,False,calculate,<CALL>,<MISSING>,"calculate|{""expression"":""130 + 164""}",missing argument,replace
C2_C1,mistral_small_3p2,airline,33,airline:33,compound,False,False,get_reservation_details,<CALL>,<MISSING>,"get_reservation_details|{""reservation_id"":""HXDUBJ""}",missing argument,replace
C2_C1,mistral_small_3p2,airline,33,airline:33,compound,False,False,calculate,<CALL>,<MISSING>,"calculate|{""expression"":""346 + 323 - 130 - 164""}",missing argument,replace
C2_C1,mistral_small_3p2,airline,33,airline:33,compound,False,False,calculate,<CALL>,<MISSING>,"calculate|{""expression"":""346 + 323 - 130 - 164""}",missing argument,replace
C2_C1,mistral_small_3p2,airline,33,airline:33,compound,False,False,calculate,<CALL>,<MISSING>,"calculate|{""expression"":""375 + 100""}",missing argument,replace
C2_C1,mistral_small_3p2,airline,33,airline:33,compound,False,False,calculate,<CALL>,<MISSING>,"calculate|{""expression"":""475 - 294""}",missing argument,replace
C2_C1,mistral_small_3p2,airline,33,airline:33,compound,False,False,calculate,<CALL>,<MISSING>,"calculate|{""expression"":""100""}",missing argument,replace
C2_C1,mistral_small_3p2,airline,33,airline:33,compound,False,False,calculate,<CALL>,<MISSING>,"calculate|{""expression"":""100 + 181""}",missing argument,replace
C2_C1,mistral_small_3p2,airline,33,airline:33,compound,False,False,update_reservation_baggages,<CALL>,<MISSING>,"update_reservation_baggages|{""nonfree_baggages"":2,""payment_id"":""gift_card_6941833"",""reservation_id"":""HXDUBJ"",""total_baggages"":2}",missing argument,replace
C2_C1,mistral_small_3p2,airline,33,airline:33,compound,False,False,search_onestop_flight,<CALL>,"search_onestop_flight|{""date"":""2024-05-19"",""destination"":""SFO"",""origin"":""IAH""}",<MISSING>,extra argument,replace
C2_C1,mistral_small_3p2,airline,33,airline:33,compound,False,False,search_direct_flight,<CALL>,<MISSING>,"search_direct_flight|{""date"":""2024-05-23"",""destination"":""IAH"",""origin"":""SFO""}",missing argument,replace
C2_C1,mistral_small_3p2,airline,33,airline:33,compound,False,True,transfer_to_human_agents,summary,"""User yara_garcia_1905 with reservation HXDUBJ wants to change outgoing flight to HAT180 and return flight to HAT082.""","""User yara_garcia_1905 wants to change their reservation HXDUBJ to outgoing flight HAT180 and return flight HAT278.""",unknown,aligned_tool
C2_C1,mistral_small_3p2,airline,33,airline:33,compound,False,True,search_onestop_flight,<CALL>,"search_onestop_flight|{""date"":""2024-05-19"",""destination"":""SFO"",""origin"":""IAH""}",<MISSING>,extra argument,replace
C2_C1,mistral_small_3p2,airline,33,airline:33,compound,False,True,get_flight_status,<CALL>,"get_flight_status|{""date"":""2024-05-18"",""flight_number"":""HAT085""}",<MISSING>,extra argument,replace
C2_C1,mistral_small_3p2,airline,33,airline:33,compound,False,True,get_flight_status,<CALL>,"get_flight_status|{""date"":""2024-05-18"",""flight_number"":""HAT023""}",<MISSING>,extra argument,replace
C2_C1,mistral_small_3p2,airline,33,airline:33,compound,False,True,get_flight_status,<CALL>,"get_flight_status|{""date"":""2024-05-22"",""flight_number"":""HAT278""}",<MISSING>,extra argument,replace
C2_C1,mistral_small_3p2,airline,33,airline:33,compound,False,True,transfer_to_human_agents,<CALL>,"transfer_to_human_agents|{""summary"":""User yara_garcia_1905 wants to change the flights in reservation HXDUBJ to nonstop flight HAT072 for the outgoing flight on 2024-05-19, and return flight HAT278 on 2024-05-23.""}",<MISSING>,extra argument,replace
C2_C1,mistral_small_3p2,airline,33,airline:33,compound,False,True,search_direct_flight,<CALL>,<MISSING>,"search_direct_flight|{""date"":""2024-05-23"",""destination"":""IAH"",""origin"":""SFO""}",missing argument,replace
C2_C1,mistral_small_3p2,airline,33,airline:33,compound,False,True,calculate,<CALL>,<MISSING>,"calculate|{""expression"":""282 + 443 + 200""}",missing argument,replace
C2_C1,mistral_small_3p2,airline,33,airline:33,compound,False,True,calculate,<CALL>,<MISSING>,"calculate|{""expression"":""130 + 67""}",missing argument,replace
C1_C1,mistral_small_3p2,airline,33,airline:33,compound,False,False,transfer_to_human_agents,<CALL>,"transfer_to_human_agents|{""summary"":""User wants to change flights and has insurance, but the agent is unable to waive the fees as per the policy.""}",<MISSING>,extra argument,replace
C1_C1,mistral_small_3p2,airline,33,airline:33,compound,False,False,update_reservation_flights,<CALL>,<MISSING>,"update_reservation_flights|{""cabin"":""economy"",""flights"":[{""date"":""2024-05-19"",""flight_number"":""HAT180""},{""date"":""2024-05-23"",""flight_number"":""HAT082""}],""payment_id"":""gift_card_6941833"",""reservation_id"":""HXDUBJ""}",missing argument,replace
C1_C1,mistral_small_3p2,airline,33,airline:33,compound,False,False,calculate,<CALL>,<MISSING>,"calculate|{""expression"":""130 + 164""}",missing argument,replace
C1_C1,mistral_small_3p2,airline,33,airline:33,compound,False,False,get_reservation_details,<CALL>,<MISSING>,"get_reservation_details|{""reservation_id"":""HXDUBJ""}",missing argument,replace
C1_C1,mistral_small_3p2,airline,33,airline:33,compound,False,False,calculate,<CALL>,<MISSING>,"calculate|{""expression"":""346 + 323 - 130 - 164""}",missing argument,replace
C1_C1,mistral_small_3p2,airline,33,airline:33,compound,False,False,calculate,<CALL>,<MISSING>,"calculate|{""expression"":""346 + 323 - 130 - 164""}",missing argument,replace
C1_C1,mistral_small_3p2,airline,33,airline:33,compound,False,False,calculate,<CALL>,<MISSING>,"calculate|{""expression"":""375 + 100""}",missing argument,replace
C1_C1,mistral_small_3p2,airline,33,airline:33,compound,False,False,calculate,<CALL>,<MISSING>,"calculate|{""expression"":""475 - 294""}",missing argument,replace
C1_C1,mistral_small_3p2,airline,33,airline:33,compound,False,False,calculate,<CALL>,<MISSING>,"calculate|{""expression"":""100""}",missing argument,replace
C1_C1,mistral_small_3p2,airline,33,airline:33,compound,False,False,calculate,<CALL>,<MISSING>,"calculate|{""expression"":""100 + 181""}",missing argument,replace
C1_C1,mistral_small_3p2,airline,33,airline:33,compound,False,False,update_reservation_baggages,<CALL>,<MISSING>,"update_reservation_baggages|{""nonfree_baggages"":2,""payment_id"":""gift_card_6941833"",""reservation_id"":""HXDUBJ"",""total_baggages"":2}",missing argument,replace
C1_C1,mistral_small_3p2,airline,33,airline:33,compound,False,False,transfer_to_human_agents,<CALL>,"transfer_to_human_agents|{""summary"":""User wants to change flights and has insurance, but the agent is unable to waive the fees as per the policy.""}",<MISSING>,extra argument,replace
C1_C1,mistral_small_3p2,airline,33,airline:33,compound,False,False,get_user_details,<CALL>,<MISSING>,"get_user_details|{""user_id"":""yara_garcia_1905""}",missing argument,replace
C1_C1,mistral_small_3p2,airline,33,airline:33,compound,False,False,search_direct_flight,<CALL>,<MISSING>,"search_direct_flight|{""date"":""2024-05-19"",""destination"":""SFO"",""origin"":""IAH""}",missing argument,replace
C1_C1,mistral_small_3p2,airline,33,airline:33,compound,False,False,search_direct_flight,<CALL>,<MISSING>,"search_direct_flight|{""date"":""2024-05-23"",""destination"":""IAH"",""origin"":""SFO""}",missing argument,replace
C1_C1,mistral_small_3p2,airline,33,airline:33,compound,False,False,update_reservation_flights,<CALL>,<MISSING>,"update_reservation_flights|{""cabin"":""economy"",""flights"":[{""date"":""2024-05-19"",""flight_number"":""HAT180""},{""date"":""2024-05-23"",""flight_number"":""HAT278""}],""payment_id"":""gift_card_1646646"",""reservation_id"":""HXDUBJ""}",missing argument,replace
C1_C1,mistral_small_3p2,airline,33,airline:33,compound,False,False,update_reservation_flights,<CALL>,<MISSING>,"update_reservation_flights|{""cabin"":""business"",""flights"":[{""date"":""2024-05-19"",""flight_number"":""HAT180""},{""date"":""2024-05-23"",""flight_number"":""HAT278""}],""payment_id"":""gift_card_1646646"",""reservation_id"":""HXDUBJ""}",missing argument,replace
C1_C1,mistral_small_3p2,airline,33,airline:33,compound,False,False,update_reservation_baggages,<CALL>,<MISSING>,"update_reservation_baggages|{""nonfree_baggages"":0,""payment_id"":""gift_card_1646646"",""reservation_id"":""HXDUBJ"",""total_baggages"":4}",missing argument,replace
C1_C1,mistral_small_3p2,airline,33,airline:33,compound,False,False,update_reservation_flights,<CALL>,<MISSING>,"update_reservation_flights|{""cabin"":""business"",""flights"":[{""date"":""2024-05-19"",""flight_number"":""HAT180""},{""date"":""2024-05-23"",""flight_number"":""HAT278""}],""payment_id"":""gift_card_1646646"",""reservation_id"":""HXDUBJ""}",missing argument,replace
C1_C1,mistral_small_3p2,airline,33,airline:33,compound,False,False,update_reservation_baggages,<CALL>,<MISSING>,"update_reservation_baggages|{""nonfree_baggages"":0,""payment_id"":""gift_card_1646646"",""reservation_id"":""HXDUBJ"",""total_baggages"":4}",missing argument,replace
C1_C1,mistral_small_3p2,airline,33,airline:33,compound,False,True,transfer_to_human_agents,summary,"""User wants to change flights and has insurance, but the agent is unable to waive the fees as per the policy.""","""User yara_garcia_1905 wants to change their reservation HXDUBJ to outgoing flight HAT180 and return flight HAT278.""",unknown,aligned_tool
C1_C1,mistral_small_3p2,airline,33,airline:33,compound,False,True,transfer_to_human_agents,<CALL>,"transfer_to_human_agents|{""summary"":""User wants to change flights and has insurance, but the agent is unable to waive the fees as per the policy.""}",<MISSING>,extra argument,replace
C1_C1,mistral_small_3p2,airline,33,airline:33,compound,False,True,calculate,<CALL>,<MISSING>,"calculate|{""expression"":""282 + 443 + 200""}",missing argument,replace
C1_C1,mistral_small_3p2,airline,33,airline:33,compound,False,True,calculate,<CALL>,<MISSING>,"calculate|{""expression"":""130 + 67""}",missing argument,replace
C1_C1,mistral_small_3p2,airline,33,airline:33,compound,False,False,update_reservation_flights,flights,"[{""date"": ""2024-05-19"", ""flight_number"": ""HAT180""}, {""date"": ""2024-05-23"", ""flight_number"": ""HAT082""}]","[{""date"": ""2024-05-19"", ""flight_number"": ""HAT180""}, {""date"": ""2024-05-23"", ""flight_number"": ""HAT278""}]",unknown,aligned_tool
C1_C1,mistral_small_3p2,airline,33,airline:33,compound,False,False,update_reservation_flights,payment_id,"""gift_card_6941833""","""gift_card_1646646""",write value,aligned_tool
C1_C1,mistral_small_3p2,airline,33,airline:33,compound,False,False,calculate,<CALL>,"calculate|{""expression"":""130 + 164""}",<MISSING>,extra argument,replace
C1_C1,mistral_small_3p2,airline,33,airline:33,compound,False,False,get_reservation_details,<CALL>,"get_reservation_details|{""reservation_id"":""HXDUBJ""}",<MISSING>,extra argument,replace
C1_C1,mistral_small_3p2,airline,33,airline:33,compound,False,False,calculate,<CALL>,"calculate|{""expression"":""346 + 323 - 130 - 164""}",<MISSING>,extra argument,replace
C1_C1,mistral_small_3p2,airline,33,airline:33,compound,False,False,calculate,<CALL>,"calculate|{""expression"":""346 + 323 - 130 - 164""}",<MISSING>,extra argument,replace
C1_C1,mistral_small_3p2,airline,33,airline:33,compound,False,False,calculate,<CALL>,"calculate|{""expression"":""375 + 100""}",<MISSING>,extra argument,replace
C1_C1,mistral_small_3p2,airline,33,airline:33,compound,False,False,calculate,<CALL>,"calculate|{""expression"":""475 - 294""}",<MISSING>,extra argument,replace
C1_C1,mistral_small_3p2,airline,33,airline:33,compound,False,False,calculate,<CALL>,"calculate|{""expression"":""100""}",<MISSING>,extra argument,replace
C1_C1,mistral_small_3p2,airline,33,airline:33,compound,False,False,calculate,<CALL>,"calculate|{""expression"":""100 + 181""}",<MISSING>,extra argument,replace
C1_C1,mistral_small_3p2,airline,33,airline:33,compound,False,False,update_reservation_flights,<CALL>,<MISSING>,"update_reservation_flights|{""cabin"":""business"",""flights"":[{""date"":""2024-05-19"",""flight_number"":""HAT180""},{""date"":""2024-05-23"",""flight_number"":""HAT278""}],""payment_id"":""gift_card_1646646"",""reservation_id"":""HXDUBJ""}",missing argument,replace
C1_C1,mistral_small_3p2,airline,33,airline:33,compound,False,False,update_reservation_baggages,nonfree_baggages,2,0,write value,aligned_tool
C1_C1,mistral_small_3p2,airline,33,airline:33,compound,False,False,update_reservation_baggages,payment_id,"""gift_card_6941833""","""gift_card_1646646""",write value,aligned_tool
C1_C1,mistral_small_3p2,airline,33,airline:33,compound,False,False,update_reservation_baggages,total_baggages,2,4,source/destination,aligned_tool
C1_C1,mistral_small_3p2,airline,33,airline:33,compound,False,False,update_reservation_flights,<CALL>,"update_reservation_flights|{""cabin"":""economy"",""flights"":[{""date"":""2024-05-19"",""flight_number"":""HAT180""},{""date"":""2024-05-23"",""flight_number"":""HAT082""}],""payment_id"":""gift_card_6941833"",""reservation_id"":""HXDUBJ""}",<MISSING>,extra argument,replace
C1_C1,mistral_small_3p2,airline,33,airline:33,compound,False,False,calculate,<CALL>,"calculate|{""expression"":""130 + 164""}",<MISSING>,extra argument,replace
C1_C1,mistral_small_3p2,airline,33,airline:33,compound,False,False,get_reservation_details,<CALL>,"get_reservation_details|{""reservation_id"":""HXDUBJ""}",<MISSING>,extra argument,replace
C1_C1,mistral_small_3p2,airline,33,airline:33,compound,False,False,calculate,<CALL>,"calculate|{""expression"":""346 + 323 - 130 - 164""}",<MISSING>,extra argument,replace
C1_C1,mistral_small_3p2,airline,33,airline:33,compound,False,False,calculate,<CALL>,"calculate|{""expression"":""346 + 323 - 130 - 164""}",<MISSING>,extra argument,replace
C1_C1,mistral_small_3p2,airline,33,airline:33,compound,False,False,calculate,<CALL>,"calculate|{""expression"":""375 + 100""}",<MISSING>,extra argument,replace
C1_C1,mistral_small_3p2,airline,33,airline:33,compound,False,False,calculate,<CALL>,"calculate|{""expression"":""475 - 294""}",<MISSING>,extra argument,replace
C1_C1,mistral_small_3p2,airline,33,airline:33,compound,False,False,calculate,<CALL>,"calculate|{""expression"":""100""}",<MISSING>,extra argument,replace
C1_C1,mistral_small_3p2,airline,33,airline:33,compound,False,False,calculate,<CALL>,"calculate|{""expression"":""100 + 181""}",<MISSING>,extra argument,replace
C1_C1,mistral_small_3p2,airline,33,airline:33,compound,False,False,update_reservation_baggages,<CALL>,"update_reservation_baggages|{""nonfree_baggages"":2,""payment_id"":""gift_card_6941833"",""reservation_id"":""HXDUBJ"",""total_baggages"":2}",<MISSING>,extra argument,replace
C1_C1,mistral_small_3p2,airline,33,airline:33,compound,False,False,transfer_to_human_agents,<CALL>,<MISSING>,"transfer_to_human_agents|{""summary"":""User yara_garcia_1905 wants to change their reservation HXDUBJ to outgoing flight HAT180 and return flight HAT278.""}",missing argument,replace
C1_C1,mistral_small_3p2,airline,33,airline:33,compound,False,False,calculate,expression,"""346 + 323 - 130 - 164""","""282 + 443 + 200""",unknown,aligned_tool
C1_C1,mistral_small_3p2,airline,33,airline:33,compound,False,False,calculate,expression,"""346 + 323 - 130 - 164""","""130 + 67""",unknown,aligned_tool
C1_C1,mistral_small_3p2,airline,33,airline:33,compound,False,False,get_user_details,<CALL>,"get_user_details|{""user_id"":""yara_garcia_1905""}",<MISSING>,extra argument,replace
C1_C1,mistral_small_3p2,airline,33,airline:33,compound,False,False,search_direct_flight,<CALL>,"search_direct_flight|{""date"":""2024-05-19"",""destination"":""SFO"",""origin"":""IAH""}",<MISSING>,extra argument,replace
C1_C1,mistral_small_3p2,airline,33,airline:33,compound,False,False,search_direct_flight,<CALL>,"search_direct_flight|{""date"":""2024-05-23"",""destination"":""IAH"",""origin"":""SFO""}",<MISSING>,extra argument,replace
C1_C1,mistral_small_3p2,airline,33,airline:33,compound,False,False,update_reservation_flights,<CALL>,"update_reservation_flights|{""cabin"":""economy"",""flights"":[{""date"":""2024-05-19"",""flight_number"":""HAT180""},{""date"":""2024-05-23"",""flight_number"":""HAT278""}],""payment_id"":""gift_card_1646646"",""reservation_id"":""HXDUBJ""}",<MISSING>,extra argument,replace
C1_C1,mistral_small_3p2,airline,33,airline:33,compound,False,False,update_reservation_flights,<CALL>,"update_reservation_flights|{""cabin"":""business"",""flights"":[{""date"":""2024-05-19"",""flight_number"":""HAT180""},{""date"":""2024-05-23"",""flight_number"":""HAT278""}],""payment_id"":""gift_card_1646646"",""reservation_id"":""HXDUBJ""}",<MISSING>,extra argument,replace
C1_C1,mistral_small_3p2,airline,33,airline:33,compound,False,False,update_reservation_baggages,<CALL>,"update_reservation_baggages|{""nonfree_baggages"":0,""payment_id"":""gift_card_1646646"",""reservation_id"":""HXDUBJ"",""total_baggages"":4}",<MISSING>,extra argument,replace
C1_C1,mistral_small_3p2,airline,33,airline:33,compound,False,False,update_reservation_flights,<CALL>,"update_reservation_flights|{""cabin"":""business"",""flights"":[{""date"":""2024-05-19"",""flight_number"":""HAT180""},{""date"":""2024-05-23"",""flight_number"":""HAT278""}],""payment_id"":""gift_card_1646646"",""reservation_id"":""HXDUBJ""}",<MISSING>,extra argument,replace
C1_C1,mistral_small_3p2,airline,33,airline:33,compound,False,False,update_reservation_baggages,<CALL>,"update_reservation_baggages|{""nonfree_baggages"":0,""payment_id"":""gift_card_1646646"",""reservation_id"":""HXDUBJ"",""total_baggages"":4}",<MISSING>,extra argument,replace
C1_C1,mistral_small_3p2,airline,33,airline:33,compound,False,False,transfer_to_human_agents,<CALL>,<MISSING>,"transfer_to_human_agents|{""summary"":""User yara_garcia_1905 wants to change their reservation HXDUBJ to outgoing flight HAT180 and return flight HAT278.""}",missing argument,replace
C1_C1,mistral_small_3p2,airline,33,airline:33,compound,False,False,get_user_details,<CALL>,"get_user_details|{""user_id"":""yara_garcia_1905""}",<MISSING>,extra argument,replace
C1_C1,mistral_small_3p2,airline,33,airline:33,compound,False,False,search_direct_flight,<CALL>,"search_direct_flight|{""date"":""2024-05-19"",""destination"":""SFO"",""origin"":""IAH""}",<MISSING>,extra argument,replace
C1_C1,mistral_small_3p2,airline,33,airline:33,compound,False,False,search_direct_flight,<CALL>,"search_direct_flight|{""date"":""2024-05-23"",""destination"":""IAH"",""origin"":""SFO""}",<MISSING>,extra argument,replace
C1_C1,mistral_small_3p2,airline,33,airline:33,compound,False,False,update_reservation_flights,<CALL>,"update_reservation_flights|{""cabin"":""economy"",""flights"":[{""date"":""2024-05-19"",""flight_number"":""HAT180""},{""date"":""2024-05-23"",""flight_number"":""HAT278""}],""payment_id"":""gift_card_1646646"",""reservation_id"":""HXDUBJ""}",<MISSING>,extra argument,replace
C1_C1,mistral_small_3p2,airline,33,airline:33,compound,False,False,update_reservation_flights,<CALL>,"update_reservation_flights|{""cabin"":""business"",""flights"":[{""date"":""2024-05-19"",""flight_number"":""HAT180""},{""date"":""2024-05-23"",""flight_number"":""HAT278""}],""payment_id"":""gift_card_1646646"",""reservation_id"":""HXDUBJ""}",<MISSING>,extra argument,replace
C1_C1,mistral_small_3p2,airline,33,airline:33,compound,False,False,update_reservation_baggages,<CALL>,"update_reservation_baggages|{""nonfree_baggages"":0,""payment_id"":""gift_card_1646646"",""reservation_id"":""HXDUBJ"",""total_baggages"":4}",<MISSING>,extra argument,replace
C1_C1,mistral_small_3p2,airline,33,airline:33,compound,False,False,update_reservation_flights,<CALL>,"update_reservation_flights|{""cabin"":""business"",""flights"":[{""date"":""2024-05-19"",""flight_number"":""HAT180""},{""date"":""2024-05-23"",""flight_number"":""HAT278""}],""payment_id"":""gift_card_1646646"",""reservation_id"":""HXDUBJ""}",<MISSING>,extra argument,replace
C1_C1,mistral_small_3p2,airline,33,airline:33,compound,False,False,update_reservation_baggages,<CALL>,"update_reservation_baggages|{""nonfree_baggages"":0,""payment_id"":""gift_card_1646646"",""reservation_id"":""HXDUBJ"",""total_baggages"":4}",<MISSING>,extra argument,replace
C1_C1,mistral_small_3p2,airline,33,airline:33,compound,False,False,calculate,<CALL>,<MISSING>,"calculate|{""expression"":""282 + 443 + 200""}",missing argument,replace
C1_C1,mistral_small_3p2,airline,33,airline:33,compound,False,False,calculate,<CALL>,<MISSING>,"calculate|{""expression"":""130 + 67""}",missing argument,replace
C1_C1,mistral_small_3p2,airline,33,airline:33,compound,False,True,transfer_to_human_agents,<CALL>,"transfer_to_human_agents|{""summary"":""User yara_garcia_1905 wants to change their reservation HXDUBJ to outgoing flight HAT180 and return flight HAT278.""}",<MISSING>,extra argument,replace
C1_C1,mistral_small_3p2,airline,33,airline:33,compound,False,True,calculate,<CALL>,<MISSING>,"calculate|{""expression"":""282 + 443 + 200""}",missing argument,replace
C1_C1,mistral_small_3p2,airline,33,airline:33,compound,False,True,calculate,<CALL>,<MISSING>,"calculate|{""expression"":""130 + 67""}",missing argument,replace
C2_C1,mistral_small_3p2,airline,37,airline:37,single,False,False,calculate,expression,"""136 + 109""","""136 + 109 * 2 - 490""",unknown,aligned_tool
C2_C1,mistral_small_3p2,airline,37,airline:37,single,False,False,search_direct_flight,<CALL>,"search_direct_flight|{""date"":""2024-05-22"",""destination"":""MCO"",""origin"":""JFK""}",<MISSING>,extra argument,replace
C2_C1,mistral_small_3p2,airline,37,airline:37,single,False,False,search_onestop_flight,<CALL>,"search_onestop_flight|{""date"":""2024-05-22"",""destination"":""MCO"",""origin"":""JFK""}",<MISSING>,extra argument,replace
C2_C1,mistral_small_3p2,airline,37,airline:37,single,False,False,calculate,<CALL>,"calculate|{""expression"":""342 + 412""}",<MISSING>,extra argument,replace
C2_C1,mistral_small_3p2,airline,37,airline:37,single,False,False,calculate,<CALL>,"calculate|{""expression"":""430 + 338""}",<MISSING>,extra argument,replace
C2_C1,mistral_small_3p2,airline,37,airline:37,single,False,False,get_flight_status,<CALL>,<MISSING>,"get_flight_status|{""date"":""2024-05-22"",""flight_number"":""HAT268""}",missing argument,replace
C2_C1,mistral_small_3p2,airline,37,airline:37,single,False,False,get_flight_status,<CALL>,<MISSING>,"get_flight_status|{""date"":""2024-05-22"",""flight_number"":""HAT010""}",missing argument,replace
C2_C1,mistral_small_3p2,airline,37,airline:37,single,False,False,update_reservation_flights,<CALL>,<MISSING>,"update_reservation_flights|{""cabin"":""business"",""flights"":[{""date"":""2024-05-22"",""flight_number"":""HAT268""},{""date"":""2024-05-22"",""flight_number"":""HAT010""}],""payment_id"":""credit_card_9074831"",""reservation_id"":""M20IZO""}",missing argument,replace
C2_C1,mistral_small_3p2,airline,37,airline:37,single,False,False,get_reservation_details,<CALL>,"get_reservation_details|{""reservation_id"":""IFOYYZ""}",<MISSING>,extra argument,replace
C2_C1,mistral_small_3p2,airline,37,airline:37,single,False,False,get_user_details,<CALL>,<MISSING>,"get_user_details|{""user_id"":""aarav_ahmed_6699""}",missing argument,replace
C2_C1,mistral_small_3p2,airline,37,airline:37,single,False,False,get_reservation_details,reservation_id,"""NQNU5R""","""IFOYYZ""",order/reservation identifier,aligned_tool
C2_C1,mistral_small_3p2,airline,37,airline:37,single,False,False,get_reservation_details,reservation_id,"""M20IZO""","""NQNU5R""",order/reservation identifier,aligned_tool
C2_C1,mistral_small_3p2,airline,37,airline:37,single,False,False,update_reservation_flights,payment_id,"""credit_card_4959530""","""credit_card_9074831""",write value,aligned_tool
C2_C1,mistral_small_3p2,airline,37,airline:37,single,False,False,transfer_to_human_agents,<CALL>,"transfer_to_human_agents|{""summary"":""User wants to cancel reservations IFOYYZ and NQNU5R, and upgrade M20IZO to business class.""}",<MISSING>,extra argument,replace
C2_C1,mistral_small_3p2,airline,37,airline:37,single,False,False,transfer_to_human_agents,<CALL>,"transfer_to_human_agents|{""summary"":""User wants to cancel reservations IFOYYZ and NQNU5R, and upgrade M20IZO to business class.""}",<MISSING>,extra argument,replace
C2_C1,mistral_small_3p2,airline,37,airline:37,single,False,False,calculate,<CALL>,<MISSING>,"calculate|{""expression"":""136 + 109""}",missing argument,replace
C2_C1,mistral_small_3p2,airline,37,airline:37,single,False,False,get_flight_status,<CALL>,<MISSING>,"get_flight_status|{""date"":""2024-05-22"",""flight_number"":""HAT268""}",missing argument,replace
C2_C1,mistral_small_3p2,airline,37,airline:37,single,False,False,get_flight_status,<CALL>,<MISSING>,"get_flight_status|{""date"":""2024-05-22"",""flight_number"":""HAT010""}",missing argument,replace
C2_C1,mistral_small_3p2,airline,37,airline:37,single,False,False,update_reservation_flights,<CALL>,<MISSING>,"update_reservation_flights|{""cabin"":""business"",""flights"":[{""date"":""2024-05-22"",""flight_number"":""HAT268""},{""date"":""2024-05-22"",""flight_number"":""HAT010""}],""payment_id"":""credit_card_9074831"",""reservation_id"":""M20IZO""}",missing argument,replace
C2_C1,mistral_small_3p2,airline,37,airline:37,single,False,False,calculate,<CALL>,<MISSING>,"calculate|{""expression"":""412 + 430 - 245""}",missing argument,replace
C2_C1,mistral_small_3p2,airline,37,airline:37,single,False,False,send_certificate,<CALL>,<MISSING>,"send_certificate|{""amount"":597,""user_id"":""aarav_ahmed_6699""}",missing argument,replace
C2_C1,mistral_small_3p2,airline,37,airline:37,single,False,False,get_reservation_details,<CALL>,"get_reservation_details|{""reservation_id"":""IFOYYZ""}",<MISSING>,extra argument,replace
C2_C1,mistral_small_3p2,airline,37,airline:37,single,False,False,get_user_details,<CALL>,<MISSING>,"get_user_details|{""user_id"":""aarav_ahmed_6699""}",missing argument,replace
C2_C1,mistral_small_3p2,airline,37,airline:37,single,False,False,get_reservation_details,reservation_id,"""NQNU5R""","""IFOYYZ""",order/reservation identifier,aligned_tool
C2_C1,mistral_small_3p2,airline,37,airline:37,single,False,False,get_reservation_details,reservation_id,"""M20IZO""","""NQNU5R""",order/reservation identifier,aligned_tool
C2_C1,mistral_small_3p2,airline,37,airline:37,single,False,False,update_reservation_flights,<CALL>,"update_reservation_flights|{""cabin"":""business"",""flights"":[{""date"":""2024-05-22"",""flight_number"":""HAT268""},{""date"":""2024-05-22"",""flight_number"":""HAT010""}],""payment_id"":""credit_card_4959530"",""reservation_id"":""M20IZO""}",<MISSING>,extra argument,replace
C2_C1,mistral_small_3p2,airline,37,airline:37,single,False,False,calculate,<CALL>,"calculate|{""expression"":""430 + 412 - 490""}",<MISSING>,extra argument,replace
C2_C1,mistral_small_3p2,airline,37,airline:37,single,False,False,get_reservation_details,<CALL>,<MISSING>,"get_reservation_details|{""reservation_id"":""M20IZO""}",missing argument,replace
C1_C1,mistral_small_3p2,airline,37,airline:37,single,False,False,calculate,expression,"""136 + 109 * 2 - 490""","""235 * 2 - 136 - 109""",unknown,aligned_tool
C1_C1,mistral_small_3p2,airline,37,airline:37,single,False,False,calculate,expression,"""136 + 109 * 2 - 490""","""136 + 109""",unknown,aligned_tool
C1_C1,mistral_small_3p2,airline,37,airline:37,single,False,False,calculate,expression,"""235 * 2 - 136 - 109""","""136 + 109""",unknown,aligned_tool
C2_C1,mistral_small_3p2,airline,39,airline:39,compound,False,False,cancel_reservation,<CALL>,"cancel_reservation|{""reservation_id"":""8C8K4E""}",<MISSING>,extra argument,replace
C2_C1,mistral_small_3p2,airline,39,airline:39,compound,False,False,cancel_reservation,<CALL>,"cancel_reservation|{""reservation_id"":""UDMOP1""}",<MISSING>,extra argument,replace
C2_C1,mistral_small_3p2,airline,39,airline:39,compound,False,False,cancel_reservation,<CALL>,"cancel_reservation|{""reservation_id"":""XAZ3C0""}",<MISSING>,extra argument,replace
C2_C1,mistral_small_3p2,airline,39,airline:39,compound,False,False,cancel_reservation,<CALL>,"cancel_reservation|{""reservation_id"":""LU15PA""}",<MISSING>,extra argument,replace
C2_C1,mistral_small_3p2,airline,39,airline:39,compound,False,False,cancel_reservation,<CALL>,"cancel_reservation|{""reservation_id"":""MSJ4OA""}",<MISSING>,extra argument,replace
C2_C1,mistral_small_3p2,airline,39,airline:39,compound,False,False,cancel_reservation,<CALL>,"cancel_reservation|{""reservation_id"":""I6M8JQ""}",<MISSING>,extra argument,replace
C2_C1,mistral_small_3p2,airline,39,airline:39,compound,False,False,cancel_reservation,<CALL>,"cancel_reservation|{""reservation_id"":""4XGCCM""}",<MISSING>,extra argument,replace
C2_C1,mistral_small_3p2,airline,39,airline:39,compound,False,False,transfer_to_human_agents,<CALL>,<MISSING>,"transfer_to_human_agents|{""summary"":""User wants to cancel all reservations.""}",missing argument,replace
C2_C1,mistral_small_3p2,airline,39,airline:39,compound,False,False,get_flight_status,<CALL>,"get_flight_status|{""date"":""2024-05-24"",""flight_number"":""HAT247""}",<MISSING>,extra argument,replace
C2_C1,mistral_small_3p2,airline,39,airline:39,compound,False,False,get_flight_status,<CALL>,"get_flight_status|{""date"":""2024-05-24"",""flight_number"":""HAT193""}",<MISSING>,extra argument,replace
C2_C1,mistral_small_3p2,airline,39,airline:39,compound,False,False,get_flight_status,<CALL>,"get_flight_status|{""date"":""2024-05-28"",""flight_number"":""HAT134""}",<MISSING>,extra argument,replace
C2_C1,mistral_small_3p2,airline,39,airline:39,compound,False,False,get_flight_status,<CALL>,"get_flight_status|{""date"":""2024-05-28"",""flight_number"":""HAT032""}",<MISSING>,extra argument,replace
C2_C1,mistral_small_3p2,airline,39,airline:39,compound,False,False,get_flight_status,<CALL>,"get_flight_status|{""date"":""2024-05-29"",""flight_number"":""HAT280""}",<MISSING>,extra argument,replace
C2_C1,mistral_small_3p2,airline,39,airline:39,compound,False,False,get_flight_status,<CALL>,"get_flight_status|{""date"":""2024-05-29"",""flight_number"":""HAT199""}",<MISSING>,extra argument,replace
C2_C1,mistral_small_3p2,airline,39,airline:39,compound,False,False,get_flight_status,<CALL>,"get_flight_status|{""date"":""2024-05-27"",""flight_number"":""HAT110""}",<MISSING>,extra argument,replace
C2_C1,mistral_small_3p2,airline,39,airline:39,compound,False,False,get_flight_status,<CALL>,"get_flight_status|{""date"":""2024-05-27"",""flight_number"":""HAT272""}",<MISSING>,extra argument,replace
C2_C1,mistral_small_3p2,airline,39,airline:39,compound,False,False,get_flight_status,<CALL>,"get_flight_status|{""date"":""2024-05-23"",""flight_number"":""HAT144""}",<MISSING>,extra argument,replace
C2_C1,mistral_small_3p2,airline,39,airline:39,compound,False,False,get_flight_status,<CALL>,"get_flight_status|{""date"":""2024-05-23"",""flight_number"":""HAT009""}",<MISSING>,extra argument,replace
C2_C1,mistral_small_3p2,airline,39,airline:39,compound,False,False,get_flight_status,<CALL>,"get_flight_status|{""date"":""2024-05-22"",""flight_number"":""HAT099""}",<MISSING>,extra argument,replace
C2_C1,mistral_small_3p2,airline,39,airline:39,compound,False,False,get_flight_status,<CALL>,"get_flight_status|{""date"":""2024-05-22"",""flight_number"":""HAT274""}",<MISSING>,extra argument,replace
C2_C1,mistral_small_3p2,airline,39,airline:39,compound,False,False,get_flight_status,<CALL>,"get_flight_status|{""date"":""2024-05-09"",""flight_number"":""HAT115""}",<MISSING>,extra argument,replace
C2_C1,mistral_small_3p2,airline,39,airline:39,compound,False,False,get_flight_status,<CALL>,"get_flight_status|{""date"":""2024-05-09"",""flight_number"":""HAT192""}",<MISSING>,extra argument,replace
C2_C1,mistral_small_3p2,airline,39,airline:39,compound,False,False,get_flight_status,<CALL>,"get_flight_status|{""date"":""2024-05-03"",""flight_number"":""HAT116""}",<MISSING>,extra argument,replace
C2_C1,mistral_small_3p2,airline,39,airline:39,compound,False,False,get_flight_status,<CALL>,"get_flight_status|{""date"":""2024-05-03"",""flight_number"":""HAT020""}",<MISSING>,extra argument,replace
C2_C1,mistral_small_3p2,airline,39,airline:39,compound,False,False,get_flight_status,<CALL>,"get_flight_status|{""date"":""2024-05-04"",""flight_number"":""HAT169""}",<MISSING>,extra argument,replace
C2_C1,mistral_small_3p2,airline,39,airline:39,compound,False,False,get_flight_status,<CALL>,"get_flight_status|{""date"":""2024-05-04"",""flight_number"":""HAT279""}",<MISSING>,extra argument,replace
C2_C1,mistral_small_3p2,airline,39,airline:39,compound,False,False,cancel_reservation,<CALL>,<MISSING>,"cancel_reservation|{""reservation_id"":""8C8K4E""}",missing argument,replace
C2_C1,mistral_small_3p2,airline,39,airline:39,compound,False,False,cancel_reservation,<CALL>,<MISSING>,"cancel_reservation|{""reservation_id"":""UDMOP1""}",missing argument,replace
C2_C1,mistral_small_3p2,airline,39,airline:39,compound,False,False,cancel_reservation,<CALL>,<MISSING>,"cancel_reservation|{""reservation_id"":""XAZ3C0""}",missing argument,replace
C2_C1,mistral_small_3p2,airline,39,airline:39,compound,False,False,cancel_reservation,<CALL>,<MISSING>,"cancel_reservation|{""reservation_id"":""LU15PA""}",missing argument,replace
C2_C1,mistral_small_3p2,airline,39,airline:39,compound,False,False,cancel_reservation,<CALL>,<MISSING>,"cancel_reservation|{""reservation_id"":""MSJ4OA""}",missing argument,replace
C2_C1,mistral_small_3p2,airline,39,airline:39,compound,False,False,cancel_reservation,<CALL>,<MISSING>,"cancel_reservation|{""reservation_id"":""I6M8JQ""}",missing argument,replace
C2_C1,mistral_small_3p2,airline,39,airline:39,compound,False,False,cancel_reservation,<CALL>,<MISSING>,"cancel_reservation|{""reservation_id"":""4XGCCM""}",missing argument,replace
C1_C1,mistral_small_3p2,airline,39,airline:39,compound,False,False,cancel_reservation,<CALL>,"cancel_reservation|{""reservation_id"":""8C8K4E""}",<MISSING>,extra argument,replace
C1_C1,mistral_small_3p2,airline,39,airline:39,compound,False,False,cancel_reservation,<CALL>,"cancel_reservation|{""reservation_id"":""UDMOP1""}",<MISSING>,extra argument,replace
C1_C1,mistral_small_3p2,airline,39,airline:39,compound,False,False,cancel_reservation,<CALL>,"cancel_reservation|{""reservation_id"":""XAZ3C0""}",<MISSING>,extra argument,replace
C1_C1,mistral_small_3p2,airline,39,airline:39,compound,False,False,cancel_reservation,<CALL>,"cancel_reservation|{""reservation_id"":""LU15PA""}",<MISSING>,extra argument,replace
C1_C1,mistral_small_3p2,airline,39,airline:39,compound,False,False,cancel_reservation,<CALL>,"cancel_reservation|{""reservation_id"":""MSJ4OA""}",<MISSING>,extra argument,replace
C1_C1,mistral_small_3p2,airline,39,airline:39,compound,False,False,cancel_reservation,<CALL>,"cancel_reservation|{""reservation_id"":""I6M8JQ""}",<MISSING>,extra argument,replace
C1_C1,mistral_small_3p2,airline,39,airline:39,compound,False,False,transfer_to_human_agents,<CALL>,<MISSING>,"transfer_to_human_agents|{""summary"":""User wants to cancel all reservations.""}",missing argument,replace
C1_C1,mistral_small_3p2,airline,39,airline:39,compound,False,False,transfer_to_human_agents,<CALL>,"transfer_to_human_agents|{""summary"":""User wants to cancel all reservations.""}",<MISSING>,extra argument,replace
C1_C1,mistral_small_3p2,airline,39,airline:39,compound,False,False,cancel_reservation,<CALL>,<MISSING>,"cancel_reservation|{""reservation_id"":""8C8K4E""}",missing argument,replace
C1_C1,mistral_small_3p2,airline,39,airline:39,compound,False,False,cancel_reservation,<CALL>,<MISSING>,"cancel_reservation|{""reservation_id"":""UDMOP1""}",missing argument,replace
C1_C1,mistral_small_3p2,airline,39,airline:39,compound,False,False,cancel_reservation,<CALL>,<MISSING>,"cancel_reservation|{""reservation_id"":""XAZ3C0""}",missing argument,replace
C1_C1,mistral_small_3p2,airline,39,airline:39,compound,False,False,cancel_reservation,<CALL>,<MISSING>,"cancel_reservation|{""reservation_id"":""LU15PA""}",missing argument,replace
C1_C1,mistral_small_3p2,airline,39,airline:39,compound,False,False,cancel_reservation,<CALL>,<MISSING>,"cancel_reservation|{""reservation_id"":""MSJ4OA""}",missing argument,replace
C1_C1,mistral_small_3p2,airline,39,airline:39,compound,False,False,cancel_reservation,<CALL>,<MISSING>,"cancel_reservation|{""reservation_id"":""I6M8JQ""}",missing argument,replace
C1_C1,mistral_small_3p2,airline,39,airline:39,compound,False,False,cancel_reservation,<CALL>,<MISSING>,"cancel_reservation|{""reservation_id"":""4XGCCM""}",missing argument,replace
C2_C1,mistral_small_3p2,airline,4,airline:4,read,False,False,send_certificate,<CALL>,"send_certificate|{""amount"":100,""user_id"":""sophia_silva_7557""}",<MISSING>,extra argument,replace
C2_C1,mistral_small_3p2,airline,4,airline:4,read,False,False,transfer_to_human_agents,<CALL>,<MISSING>,"transfer_to_human_agents|{""summary"":""User sophia_silva_7557 wants further compensation for a canceled flight that caused financial losses due to a missed meeting. The user has a basic economy round trip reservation NM1VX1 from MSP to EWR. The flight HAT300 on May 25th was canceled, and the user has travel insurance. The user has already been offered a refund and a $100 certificate but is seeking additional compensation for the financial impact of the missed meeting.""}",missing argument,replace
C2_C1,mistral_small_3p2,airline,4,airline:4,read,False,False,get_reservation_details,<CALL>,"get_reservation_details|{""reservation_id"":""KC18K6""}",<MISSING>,extra argument,replace
C2_C1,mistral_small_3p2,airline,4,airline:4,read,False,False,get_flight_status,<CALL>,"get_flight_status|{""date"":""2024-05-21"",""flight_number"":""HAT300""}",<MISSING>,extra argument,replace
C2_C1,mistral_small_3p2,airline,4,airline:4,read,False,False,get_reservation_details,<CALL>,"get_reservation_details|{""reservation_id"":""S61CZX""}",<MISSING>,extra argument,replace
C2_C1,mistral_small_3p2,airline,4,airline:4,read,False,False,get_flight_status,<CALL>,"get_flight_status|{""date"":""2024-05-23"",""flight_number"":""HAT228""}",<MISSING>,extra argument,replace
C2_C1,mistral_small_3p2,airline,4,airline:4,read,False,False,get_reservation_details,<CALL>,"get_reservation_details|{""reservation_id"":""H8Q05L""}",<MISSING>,extra argument,replace
C2_C1,mistral_small_3p2,airline,4,airline:4,read,False,False,get_flight_status,<CALL>,"get_flight_status|{""date"":""2024-05-24"",""flight_number"":""HAT268""}",<MISSING>,extra argument,replace
C2_C1,mistral_small_3p2,airline,4,airline:4,read,False,False,get_reservation_details,<CALL>,"get_reservation_details|{""reservation_id"":""WUNA5K""}",<MISSING>,extra argument,replace
C2_C1,mistral_small_3p2,airline,4,airline:4,read,False,False,get_flight_status,<CALL>,"get_flight_status|{""date"":""2024-05-10"",""flight_number"":""HAT271""}",<MISSING>,extra argument,replace
C2_C1,mistral_small_3p2,airline,4,airline:4,read,False,False,send_certificate,<CALL>,<MISSING>,"send_certificate|{""amount"":100,""user_id"":""sophia_silva_7557""}",missing argument,replace
C2_C1,mistral_small_3p2,airline,4,airline:4,read,False,False,transfer_to_human_agents,summary,"""User sophia_silva_7557 is requesting compensation for a missed meeting due to a flight cancellation that is not reflected in the system records. The user insists the flight was canceled and had to rebook, causing them to miss an important business meeting. They are seeking compensation for the inconvenience.""","""User sophia_silva_7557 insists on receiving compensation for the missed meeting and the inconvenience caused by the cancellation of flight HAT300 on May 25, 2024. The user is not satisfied with the $100 certificate and wants to speak to a supervisor.""",unknown,aligned_tool
C2_C1,mistral_small_3p2,airline,4,airline:4,read,True,True,get_flight_status,date,"""2024-05-21""","""2024-05-27""",date/time,aligned_tool
C2_C1,mistral_small_3p2,airline,4,airline:4,read,True,True,get_flight_status,flight_number,"""HAT300""","""HAT208""",amount/quantity,aligned_tool
C2_C1,mistral_small_3p2,airline,4,airline:4,read,True,True,transfer_to_human_agents,summary,"""User's flight was canceled, causing them to miss an important meeting. They are seeking compensation for the inconvenience. The user's reservation ID is NM1VX1, and their user ID is sophia_silva_7557.""","""User is not satisfied with the compensation policy and insists on being compensated for a missed business meeting due to a canceled basic economy flight.""",unknown,aligned_tool
C2_C1,mistral_small_3p2,airline,4,airline:4,read,False,True,get_flight_status,date,"""2024-05-15""","""2024-05-27""",date/time,aligned_tool
C2_C1,mistral_small_3p2,airline,4,airline:4,read,False,True,get_flight_status,flight_number,"""HAT300""","""HAT208""",amount/quantity,aligned_tool
C1_C1,mistral_small_3p2,airline,4,airline:4,read,False,False,transfer_to_human_agents,summary,"""User sophia_silva_7557 wants further compensation for a canceled flight that caused financial losses due to a missed meeting. The user has a basic economy round trip reservation NM1VX1 from MSP to EWR. The flight HAT300 on May 25th was canceled, and the user has travel insurance. The user has already been offered a refund and a $100 certificate but is seeking additional compensation for the financial impact of the missed meeting.""","""User sophia_silva_7557 insists on receiving compensation for the missed meeting and the inconvenience caused by the cancellation of flight HAT300 on May 25, 2024. The user is not satisfied with the $100 certificate and wants to speak to a supervisor.""",unknown,aligned_tool
C1_C1,mistral_small_3p2,airline,4,airline:4,read,True,True,transfer_to_human_agents,<CALL>,"transfer_to_human_agents|{""summary"":""User sophia_silva_7557 wants further compensation for a canceled flight that caused financial losses due to a missed meeting. The user has a basic economy round trip reservation NM1VX1 from MSP to EWR. The flight HAT300 on May 25th was canceled, and the user has travel insurance. The user has already been offered a refund and a $100 certificate but is seeking additional compensation for the financial impact of the missed meeting.""}",<MISSING>,extra argument,replace
C1_C1,mistral_small_3p2,airline,4,airline:4,read,True,True,get_flight_status,<CALL>,<MISSING>,"get_flight_status|{""date"":""2024-05-27"",""flight_number"":""HAT208""}",missing argument,replace
C1_C1,mistral_small_3p2,airline,4,airline:4,read,True,True,transfer_to_human_agents,summary,"""User sophia_silva_7557 wants further compensation for a canceled flight that caused financial losses due to a missed meeting. The user has a basic economy round trip reservation NM1VX1 from MSP to EWR. The flight HAT300 on May 25th was canceled, and the user has travel insurance. The user has already been offered a refund and a $100 certificate but is seeking additional compensation for the financial impact of the missed meeting.""","""User is not satisfied with the compensation policy and insists on being compensated for a missed business meeting due to a canceled basic economy flight.""",unknown,aligned_tool
C1_C1,mistral_small_3p2,airline,4,airline:4,read,True,True,transfer_to_human_agents,summary,"""User sophia_silva_7557 wants further compensation for a canceled flight that caused financial losses due to a missed meeting. The user has a basic economy round trip reservation NM1VX1 from MSP to EWR. The flight HAT300 on May 25th was canceled, and the user has travel insurance. The user has already been offered a refund and a $100 certificate but is seeking additional compensation for the financial impact of the missed meeting.""","""User sophia_silva_7557 wants to be compensated for a canceled flight that is still showing as available in the system. The user insists the flight was canceled and had to book another flight to attend a meeting. The user expects compensation for additional expenses and inconvenience.""",unknown,aligned_tool
C1_C1,mistral_small_3p2,airline,4,airline:4,read,False,False,send_certificate,<CALL>,"send_certificate|{""amount"":100,""user_id"":""sophia_silva_7557""}",<MISSING>,extra argument,replace
C1_C1,mistral_small_3p2,airline,4,airline:4,read,False,False,transfer_to_human_agents,<CALL>,"transfer_to_human_agents|{""summary"":""User sophia_silva_7557 insists on receiving compensation for the missed meeting and the inconvenience caused by the cancellation of flight HAT300 on May 25, 2024. The user is not satisfied with the $100 certificate and wants to speak to a supervisor.""}",<MISSING>,extra argument,replace
C1_C1,mistral_small_3p2,airline,4,airline:4,read,False,False,get_flight_status,<CALL>,<MISSING>,"get_flight_status|{""date"":""2024-05-27"",""flight_number"":""HAT208""}",missing argument,replace
C1_C1,mistral_small_3p2,airline,4,airline:4,read,False,False,transfer_to_human_agents,summary,"""User sophia_silva_7557 insists on receiving compensation for the missed meeting and the inconvenience caused by the cancellation of flight HAT300 on May 25, 2024. The user is not satisfied with the $100 certificate and wants to speak to a supervisor.""","""User is not satisfied with the compensation policy and insists on being compensated for a missed business meeting due to a canceled basic economy flight.""",unknown,aligned_tool
C1_C1,mistral_small_3p2,airline,4,airline:4,read,False,False,send_certificate,<CALL>,"send_certificate|{""amount"":100,""user_id"":""sophia_silva_7557""}",<MISSING>,extra argument,replace
C1_C1,mistral_small_3p2,airline,4,airline:4,read,False,False,get_flight_status,<CALL>,<MISSING>,"get_flight_status|{""date"":""2024-05-27"",""flight_number"":""HAT208""}",missing argument,replace
C1_C1,mistral_small_3p2,airline,4,airline:4,read,False,False,transfer_to_human_agents,summary,"""User sophia_silva_7557 insists on receiving compensation for the missed meeting and the inconvenience caused by the cancellation of flight HAT300 on May 25, 2024. The user is not satisfied with the $100 certificate and wants to speak to a supervisor.""","""User sophia_silva_7557 wants to be compensated for a canceled flight that is still showing as available in the system. The user insists the flight was canceled and had to book another flight to attend a meeting. The user expects compensation for additional expenses and inconvenience.""",unknown,aligned_tool
C1_C1,mistral_small_3p2,airline,4,airline:4,read,True,True,get_flight_status,<CALL>,"get_flight_status|{""date"":""2024-05-27"",""flight_number"":""HAT208""}",<MISSING>,extra argument,replace
C1_C1,mistral_small_3p2,airline,4,airline:4,read,True,True,transfer_to_human_agents,<CALL>,<MISSING>,"transfer_to_human_agents|{""summary"":""User is not satisfied with the compensation policy and insists on being compensated for a missed business meeting due to a canceled basic economy flight.""}",missing argument,replace
C1_C1,mistral_small_3p2,airline,4,airline:4,read,True,True,transfer_to_human_agents,summary,"""User is not satisfied with the compensation policy and insists on being compensated for a missed business meeting due to a canceled basic economy flight.""","""User sophia_silva_7557 wants to be compensated for a canceled flight that is still showing as available in the system. The user insists the flight was canceled and had to book another flight to attend a meeting. The user expects compensation for additional expenses and inconvenience.""",unknown,aligned_tool
C1_C1,mistral_small_3p2,airline,41,airline:41,read,True,True,transfer_to_human_agents,summary,"""User wants to cancel reservations UDMOP1 and I6M8JQ.""","""User amelia_davis_8890 wants to cancel flights UDMOP1 and I6M8JQ.""",unknown,aligned_tool
C1_C1,mistral_small_3p2,airline,41,airline:41,read,True,True,transfer_to_human_agents,summary,"""User amelia_davis_8890 wants to cancel flights UDMOP1 and I6M8JQ.""","""User wants to cancel reservations UDMOP1 and I6M8JQ.""",unknown,aligned_tool
C2_C1,mistral_small_3p2,airline,42,airline:42,compound,False,True,get_flight_status,date,"""2024-05-10""","""2024-05-17""",date/time,aligned_tool
C2_C1,mistral_small_3p2,airline,42,airline:42,compound,False,True,get_flight_status,flight_number,"""HAT026""","""HAT034""",amount/quantity,aligned_tool
C2_C1,mistral_small_3p2,airline,42,airline:42,compound,False,True,get_flight_status,date,"""2024-05-29""","""2024-05-17""",date/time,aligned_tool
C2_C1,mistral_small_3p2,airline,42,airline:42,compound,False,True,get_flight_status,flight_number,"""HAT247""","""HAT026""",amount/quantity,aligned_tool
C2_C1,mistral_small_3p2,airline,42,airline:42,compound,False,True,get_flight_status,flight_number,"""HAT250""","""HAT247""",amount/quantity,aligned_tool
C2_C1,mistral_small_3p2,airline,42,airline:42,compound,False,True,transfer_to_human_agents,<CALL>,"transfer_to_human_agents|{""summary"":""user wants to cancel flights that don't fit their travel plans.""}",<MISSING>,extra argument,replace
C2_C1,mistral_small_3p2,airline,42,airline:42,compound,False,True,get_flight_status,<CALL>,<MISSING>,"get_flight_status|{""date"":""2024-05-29"",""flight_number"":""HAT250""}",missing argument,replace
C2_C1,mistral_small_3p2,airline,42,airline:42,compound,False,False,get_flight_status,date,"""2024-05-17""","""2024-05-10""",date/time,aligned_tool
C2_C1,mistral_small_3p2,airline,42,airline:42,compound,False,False,get_flight_status,date,"""2024-05-17""","""2024-05-22""",date/time,aligned_tool
C2_C1,mistral_small_3p2,airline,42,airline:42,compound,False,False,get_flight_status,flight_number,"""HAT034""","""HAT086""",amount/quantity,aligned_tool
C2_C1,mistral_small_3p2,airline,42,airline:42,compound,False,False,get_flight_status,date,"""2024-05-17""","""2024-05-22""",date/time,aligned_tool
C2_C1,mistral_small_3p2,airline,42,airline:42,compound,False,False,get_flight_status,flight_number,"""HAT026""","""HAT148""",amount/quantity,aligned_tool
C2_C1,mistral_small_3p2,airline,42,airline:42,compound,False,False,get_flight_status,date,"""2024-05-17""","""2024-05-22""",date/time,aligned_tool
C2_C1,mistral_small_3p2,airline,42,airline:42,compound,False,False,get_flight_status,flight_number,"""HAT079""","""HAT289""",amount/quantity,aligned_tool
C2_C1,mistral_small_3p2,airline,42,airline:42,compound,False,False,get_flight_status,date,"""2024-05-17""","""2024-05-22""",date/time,aligned_tool
C2_C1,mistral_small_3p2,airline,42,airline:42,compound,False,False,get_flight_status,flight_number,"""HAT289""","""HAT199""",amount/quantity,aligned_tool
C2_C1,mistral_small_3p2,airline,42,airline:42,compound,False,False,get_flight_status,<CALL>,"get_flight_status|{""date"":""2024-05-16"",""flight_number"":""HAT300""}",<MISSING>,extra argument,replace
C2_C1,mistral_small_3p2,airline,42,airline:42,compound,False,False,get_flight_status,<CALL>,"get_flight_status|{""date"":""2024-05-16"",""flight_number"":""HAT231""}",<MISSING>,extra argument,replace
C2_C1,mistral_small_3p2,airline,42,airline:42,compound,False,False,get_flight_status,<CALL>,"get_flight_status|{""date"":""2024-05-27"",""flight_number"":""HAT214""}",<MISSING>,extra argument,replace
C2_C1,mistral_small_3p2,airline,42,airline:42,compound,False,False,get_flight_status,<CALL>,"get_flight_status|{""date"":""2024-05-28"",""flight_number"":""HAT256""}",<MISSING>,extra argument,replace
C2_C1,mistral_small_3p2,airline,42,airline:42,compound,False,False,get_flight_status,<CALL>,"get_flight_status|{""date"":""2024-05-30"",""flight_number"":""HAT219""}",<MISSING>,extra argument,replace
C2_C1,mistral_small_3p2,airline,42,airline:42,compound,False,False,get_flight_status,<CALL>,"get_flight_status|{""date"":""2024-05-30"",""flight_number"":""HAT181""}",<MISSING>,extra argument,replace
C2_C1,mistral_small_3p2,airline,42,airline:42,compound,False,False,get_flight_status,<CALL>,"get_flight_status|{""date"":""2024-05-22"",""flight_number"":""HAT086""}",<MISSING>,extra argument,replace
C2_C1,mistral_small_3p2,airline,42,airline:42,compound,False,False,get_flight_status,<CALL>,"get_flight_status|{""date"":""2024-05-22"",""flight_number"":""HAT148""}",<MISSING>,extra argument,replace
C2_C1,mistral_small_3p2,airline,42,airline:42,compound,False,False,get_flight_status,<CALL>,"get_flight_status|{""date"":""2024-05-22"",""flight_number"":""HAT289""}",<MISSING>,extra argument,replace
C2_C1,mistral_small_3p2,airline,42,airline:42,compound,False,False,get_flight_status,<CALL>,"get_flight_status|{""date"":""2024-05-22"",""flight_number"":""HAT199""}",<MISSING>,extra argument,replace
C2_C1,mistral_small_3p2,airline,42,airline:42,compound,False,False,cancel_reservation,<CALL>,<MISSING>,"cancel_reservation|{""reservation_id"":""5BGGWZ""}",missing argument,replace
C2_C1,mistral_small_3p2,airline,42,airline:42,compound,False,True,get_flight_status,date,"""2024-05-17""","""2024-05-10""",date/time,aligned_tool
C2_C1,mistral_small_3p2,airline,42,airline:42,compound,False,True,get_flight_status,date,"""2024-05-17""","""2024-05-22""",date/time,aligned_tool
C2_C1,mistral_small_3p2,airline,42,airline:42,compound,False,True,get_flight_status,flight_number,"""HAT034""","""HAT086""",amount/quantity,aligned_tool
C2_C1,mistral_small_3p2,airline,42,airline:42,compound,False,True,get_flight_status,date,"""2024-05-17""","""2024-05-22""",date/time,aligned_tool
C2_C1,mistral_small_3p2,airline,42,airline:42,compound,False,True,get_flight_status,flight_number,"""HAT026""","""HAT148""",amount/quantity,aligned_tool
C2_C1,mistral_small_3p2,airline,42,airline:42,compound,False,True,get_flight_status,date,"""2024-05-29""","""2024-05-22""",date/time,aligned_tool
C2_C1,mistral_small_3p2,airline,42,airline:42,compound,False,True,get_flight_status,flight_number,"""HAT247""","""HAT289""",amount/quantity,aligned_tool
C2_C1,mistral_small_3p2,airline,42,airline:42,compound,False,True,get_flight_status,date,"""2024-05-29""","""2024-05-22""",date/time,aligned_tool
C2_C1,mistral_small_3p2,airline,42,airline:42,compound,False,True,get_flight_status,flight_number,"""HAT250""","""HAT199""",amount/quantity,aligned_tool
C1_C1,mistral_small_3p2,airline,42,airline:42,compound,False,False,get_flight_status,date,"""2024-05-17""","""2024-05-10""",date/time,aligned_tool
C1_C1,mistral_small_3p2,airline,42,airline:42,compound,False,False,get_flight_status,date,"""2024-05-17""","""2024-05-22""",date/time,aligned_tool
C1_C1,mistral_small_3p2,airline,42,airline:42,compound,False,False,get_flight_status,flight_number,"""HAT034""","""HAT086""",amount/quantity,aligned_tool
C1_C1,mistral_small_3p2,airline,42,airline:42,compound,False,False,get_flight_status,date,"""2024-05-17""","""2024-05-22""",date/time,aligned_tool
C1_C1,mistral_small_3p2,airline,42,airline:42,compound,False,False,get_flight_status,flight_number,"""HAT026""","""HAT148""",amount/quantity,aligned_tool
C1_C1,mistral_small_3p2,airline,42,airline:42,compound,False,False,get_flight_status,date,"""2024-05-29""","""2024-05-22""",date/time,aligned_tool
C1_C1,mistral_small_3p2,airline,42,airline:42,compound,False,False,get_flight_status,flight_number,"""HAT247""","""HAT289""",amount/quantity,aligned_tool
C1_C1,mistral_small_3p2,airline,42,airline:42,compound,False,False,get_flight_status,date,"""2024-05-29""","""2024-05-22""",date/time,aligned_tool
C1_C1,mistral_small_3p2,airline,42,airline:42,compound,False,False,get_flight_status,flight_number,"""HAT250""","""HAT199""",amount/quantity,aligned_tool
C1_C1,mistral_small_3p2,airline,42,airline:42,compound,False,True,get_flight_status,date,"""2024-05-17""","""2024-05-10""",date/time,aligned_tool
C1_C1,mistral_small_3p2,airline,42,airline:42,compound,False,True,get_flight_status,date,"""2024-05-17""","""2024-05-22""",date/time,aligned_tool
C1_C1,mistral_small_3p2,airline,42,airline:42,compound,False,True,get_flight_status,flight_number,"""HAT034""","""HAT086""",amount/quantity,aligned_tool
C1_C1,mistral_small_3p2,airline,42,airline:42,compound,False,True,get_flight_status,date,"""2024-05-17""","""2024-05-22""",date/time,aligned_tool
C1_C1,mistral_small_3p2,airline,42,airline:42,compound,False,True,get_flight_status,flight_number,"""HAT026""","""HAT148""",amount/quantity,aligned_tool
C1_C1,mistral_small_3p2,airline,42,airline:42,compound,False,True,get_flight_status,date,"""2024-05-29""","""2024-05-22""",date/time,aligned_tool
C1_C1,mistral_small_3p2,airline,42,airline:42,compound,False,True,get_flight_status,flight_number,"""HAT247""","""HAT289""",amount/quantity,aligned_tool
C1_C1,mistral_small_3p2,airline,42,airline:42,compound,False,True,get_flight_status,date,"""2024-05-29""","""2024-05-22""",date/time,aligned_tool
C1_C1,mistral_small_3p2,airline,42,airline:42,compound,False,True,get_flight_status,flight_number,"""HAT250""","""HAT199""",amount/quantity,aligned_tool
C1_C1,mistral_small_3p2,airline,42,airline:42,compound,False,False,cancel_reservation,<CALL>,"cancel_reservation|{""reservation_id"":""5BGGWZ""}",<MISSING>,extra argument,replace
C1_C1,mistral_small_3p2,airline,42,airline:42,compound,False,False,transfer_to_human_agents,<CALL>,<MISSING>,"transfer_to_human_agents|{""summary"":""User sophia_martin_4574 wants to cancel the flight from Dallas to New York on May 17.""}",missing argument,replace
C2_C1,mistral_small_3p2,airline,43,airline:43,read,False,False,transfer_to_human_agents,<CALL>,"transfer_to_human_agents|{""summary"":""User mohamed_hernandez_5188 wants to cancel reservation D1EW9B but the assistant cannot do so as it is a basic economy flight.""}",<MISSING>,extra argument,replace
C2_C1,mistral_small_3p2,airline,43,airline:43,read,False,False,cancel_reservation,<CALL>,<MISSING>,"cancel_reservation|{""reservation_id"":""D1EW9B""}",missing argument,replace
C2_C1,mistral_small_3p2,airline,43,airline:43,read,False,False,get_flight_status,<CALL>,"get_flight_status|{""date"":""2024-05-17"",""flight_number"":""DL5678""}",<MISSING>,extra argument,replace
C2_C1,mistral_small_3p2,airline,43,airline:43,read,False,False,get_flight_status,<CALL>,"get_flight_status|{""date"":""2024-05-17"",""flight_number"":""AA9012""}",<MISSING>,extra argument,replace
C2_C1,mistral_small_3p2,airline,43,airline:43,read,False,False,get_flight_status,<CALL>,"get_flight_status|{""date"":""2024-05-17"",""flight_number"":""UA3456""}",<MISSING>,extra argument,replace
C2_C1,mistral_small_3p2,airline,43,airline:43,read,False,False,get_flight_status,<CALL>,"get_flight_status|{""date"":""2024-05-17"",""flight_number"":""WN7890""}",<MISSING>,extra argument,replace
C2_C1,mistral_small_3p2,airline,43,airline:43,read,False,False,get_flight_status,<CALL>,"get_flight_status|{""date"":""2024-05-17"",""flight_number"":""F91213""}",<MISSING>,extra argument,replace
C2_C1,mistral_small_3p2,airline,43,airline:43,read,False,False,get_flight_status,<CALL>,"get_flight_status|{""date"":""2024-05-17"",""flight_number"":""NK1415""}",<MISSING>,extra argument,replace
C2_C1,mistral_small_3p2,airline,43,airline:43,read,False,False,get_flight_status,<CALL>,"get_flight_status|{""date"":""2024-05-17"",""flight_number"":""G41617""}",<MISSING>,extra argument,replace
C2_C1,mistral_small_3p2,airline,43,airline:43,read,False,False,get_flight_status,<CALL>,"get_flight_status|{""date"":""2024-05-17"",""flight_number"":""SY1819""}",<MISSING>,extra argument,replace
C2_C1,mistral_small_3p2,airline,43,airline:43,read,False,False,get_flight_status,<CALL>,"get_flight_status|{""date"":""2024-05-17"",""flight_number"":""HA2021""}",<MISSING>,extra argument,replace
C2_C1,mistral_small_3p2,airline,43,airline:43,read,False,False,get_flight_status,<CALL>,"get_flight_status|{""date"":""2024-05-17"",""flight_number"":""B62223""}",<MISSING>,extra argument,replace
C2_C1,mistral_small_3p2,airline,43,airline:43,read,False,False,cancel_reservation,<CALL>,<MISSING>,"cancel_reservation|{""reservation_id"":""D1EW9B""}",missing argument,replace
C2_C1,mistral_small_3p2,airline,43,airline:43,read,False,False,transfer_to_human_agents,<CALL>,"transfer_to_human_agents|{""summary"":""User mohamed_hernandez_5188 wants to cancel a flight with flight number DL1234, but the flight is not found in their reservations.""}",<MISSING>,extra argument,replace
C2_C1,mistral_small_3p2,airline,43,airline:43,read,False,False,cancel_reservation,<CALL>,<MISSING>,"cancel_reservation|{""reservation_id"":""D1EW9B""}",missing argument,replace
C2_C1,mistral_small_3p2,airline,43,airline:43,read,False,False,get_flight_status,<CALL>,"get_flight_status|{""date"":""2024-05-17"",""flight_number"":""DL5678""}",<MISSING>,extra argument,replace
C2_C1,mistral_small_3p2,airline,43,airline:43,read,False,False,get_flight_status,<CALL>,"get_flight_status|{""date"":""2024-05-17"",""flight_number"":""DL9101""}",<MISSING>,extra argument,replace
C2_C1,mistral_small_3p2,airline,43,airline:43,read,False,False,get_flight_status,<CALL>,"get_flight_status|{""date"":""2024-05-17"",""flight_number"":""DL2468""}",<MISSING>,extra argument,replace
C2_C1,mistral_small_3p2,airline,43,airline:43,read,False,False,get_flight_status,<CALL>,"get_flight_status|{""date"":""2024-05-17"",""flight_number"":""DL3692""}",<MISSING>,extra argument,replace
C2_C1,mistral_small_3p2,airline,43,airline:43,read,False,False,get_flight_status,<CALL>,"get_flight_status|{""date"":""2024-05-17"",""flight_number"":""DL4567""}",<MISSING>,extra argument,replace
C2_C1,mistral_small_3p2,airline,43,airline:43,read,False,False,get_flight_status,<CALL>,"get_flight_status|{""date"":""2024-05-17"",""flight_number"":""DL8910""}",<MISSING>,extra argument,replace
C2_C1,mistral_small_3p2,airline,43,airline:43,read,False,False,get_flight_status,<CALL>,"get_flight_status|{""date"":""2024-05-17"",""flight_number"":""DL3435""}",<MISSING>,extra argument,replace
C2_C1,mistral_small_3p2,airline,43,airline:43,read,False,False,get_flight_status,<CALL>,"get_flight_status|{""date"":""2024-05-17"",""flight_number"":""DL5657""}",<MISSING>,extra argument,replace
C2_C1,mistral_small_3p2,airline,43,airline:43,read,False,False,get_flight_status,<CALL>,"get_flight_status|{""date"":""2024-05-17"",""flight_number"":""DL9091""}",<MISSING>,extra argument,replace
C2_C1,mistral_small_3p2,airline,43,airline:43,read,False,False,cancel_reservation,<CALL>,<MISSING>,"cancel_reservation|{""reservation_id"":""D1EW9B""}",missing argument,replace
C2_C1,mistral_small_3p2,airline,44,airline:44,compound,False,True,calculate,expression,"""160 + 100""","""(2024 - 05 - 25  + 23 - 2024 - 05 - 15) * 24""",unknown,aligned_tool
C2_C1,mistral_small_3p2,airline,44,airline:44,compound,False,True,calculate,expression,"""131 + 163 + 157 + 186""","""(2024 - 05 - 27  + 23 - 2024 - 05 - 15) * 24""",unknown,aligned_tool
C2_C1,mistral_small_3p2,airline,44,airline:44,compound,False,True,transfer_to_human_agents,<CALL>,"transfer_to_human_agents|{""summary"":""User sophia_silva_7557 wants to cancel reservations NM1VX1 and S61CZX and upgrade flights under or equal to 3 hours to business class.""}",<MISSING>,extra argument,replace
C2_C1,mistral_small_3p2,airline,44,airline:44,compound,False,True,calculate,<CALL>,<MISSING>,"calculate|{""expression"":""(2024 - 05 - 21  + 23 - 2024 - 05 - 15) * 24""}",missing argument,replace
C2_C1,mistral_small_3p2,airline,44,airline:44,compound,False,True,calculate,<CALL>,<MISSING>,"calculate|{""expression"":""(2024 - 05 - 24  + 23 - 2024 - 05 - 15) * 24""}",missing argument,replace
C2_C1,mistral_small_3p2,airline,44,airline:44,compound,False,True,calculate,<CALL>,<MISSING>,"calculate|{""expression"":""(2024 - 05 - 24  + 23 - 2024 - 05 - 15) * 24""}",missing argument,replace
C2_C1,mistral_small_3p2,airline,44,airline:44,compound,False,True,calculate,<CALL>,<MISSING>,"calculate|{""expression"":""(2024 - 05 - 10  + 23 - 2024 - 05 - 15) * 24""}",missing argument,replace
C2_C1,mistral_small_3p2,airline,44,airline:44,compound,False,True,calculate,<CALL>,<MISSING>,"calculate|{""expression"":""(2024 - 05 - 11  + 23 - 2024 - 05 - 15) * 24""}",missing argument,replace
C2_C1,mistral_small_3p2,airline,44,airline:44,compound,False,True,calculate,<CALL>,<MISSING>,"calculate|{""expression"":""(2024-05-25 + 23 - 2024-05-15) * 24""}",missing argument,replace
C2_C1,mistral_small_3p2,airline,44,airline:44,compound,False,True,calculate,<CALL>,<MISSING>,"calculate|{""expression"":""(2024-05-27 + 23 - 2024-05-15) * 24""}",missing argument,replace
C2_C1,mistral_small_3p2,airline,44,airline:44,compound,False,True,calculate,<CALL>,<MISSING>,"calculate|{""expression"":""(2024-05-21 + 23 - 2024-05-15) * 24""}",missing argument,replace
C2_C1,mistral_small_3p2,airline,44,airline:44,compound,False,True,calculate,<CALL>,<MISSING>,"calculate|{""expression"":""(2024-05-24 + 23 - 2024-05-15) * 24""}",missing argument,replace
C2_C1,mistral_small_3p2,airline,44,airline:44,compound,False,True,calculate,<CALL>,<MISSING>,"calculate|{""expression"":""(2024-05-24 + 23 - 2024-05-15) * 24""}",missing argument,replace
C2_C1,mistral_small_3p2,airline,44,airline:44,compound,False,True,calculate,<CALL>,<MISSING>,"calculate|{""expression"":""(2024-05-10 + 23 - 2024-05-15) * 24""}",missing argument,replace
C2_C1,mistral_small_3p2,airline,44,airline:44,compound,False,True,calculate,<CALL>,<MISSING>,"calculate|{""expression"":""(2024-05-11 + 23 - 2024-05-15) * 24""}",missing argument,replace
C2_C1,mistral_small_3p2,airline,44,airline:44,compound,False,True,transfer_to_human_agents,<CALL>,"transfer_to_human_agents|{""summary"":""User wants to cancel reservations and upgrade flights.""}",<MISSING>,extra argument,replace
C2_C1,mistral_small_3p2,airline,44,airline:44,compound,False,True,calculate,<CALL>,<MISSING>,"calculate|{""expression"":""100 + 53""}",missing argument,replace
C2_C1,mistral_small_3p2,airline,44,airline:44,compound,False,True,calculate,<CALL>,<MISSING>,"calculate|{""expression"":""55 + 51""}",missing argument,replace
C2_C1,mistral_small_3p2,airline,44,airline:44,compound,False,True,calculate,<CALL>,<MISSING>,"calculate|{""expression"":""131 + 163 + 157 + 186""}",missing argument,replace
C2_C1,mistral_small_3p2,airline,44,airline:44,compound,False,True,calculate,<CALL>,<MISSING>,"calculate|{""expression"":""74""}",missing argument,replace
C2_C1,mistral_small_3p2,airline,44,airline:44,compound,False,True,calculate,<CALL>,<MISSING>,"calculate|{""expression"":""160 + 100""}",missing argument,replace
C2_C1,mistral_small_3p2,airline,44,airline:44,compound,False,True,search_direct_flight,<CALL>,<MISSING>,"search_direct_flight|{""date"":""2024-05-25"",""destination"":""EWR"",""origin"":""MSP""}",missing argument,replace
C2_C1,mistral_small_3p2,airline,44,airline:44,compound,False,True,search_direct_flight,<CALL>,<MISSING>,"search_direct_flight|{""date"":""2024-05-27"",""destination"":""MSP"",""origin"":""EWR""}",missing argument,replace
C2_C1,mistral_small_3p2,airline,44,airline:44,compound,False,True,search_direct_flight,<CALL>,<MISSING>,"search_direct_flight|{""date"":""2024-05-21"",""destination"":""EWR"",""origin"":""MSP""}",missing argument,replace
C2_C1,mistral_small_3p2,airline,44,airline:44,compound,False,True,search_direct_flight,<CALL>,<MISSING>,"search_direct_flight|{""date"":""2024-05-21"",""destination"":""CLT"",""origin"":""EWR""}",missing argument,replace
C2_C1,mistral_small_3p2,airline,44,airline:44,compound,False,True,search_direct_flight,<CALL>,<MISSING>,"search_direct_flight|{""date"":""2024-05-23"",""destination"":""EWR"",""origin"":""LAX""}",missing argument,replace
C2_C1,mistral_small_3p2,airline,44,airline:44,compound,False,True,search_direct_flight,<CALL>,<MISSING>,"search_direct_flight|{""date"":""2024-05-24"",""destination"":""CLT"",""origin"":""EWR""}",missing argument,replace
C2_C1,mistral_small_3p2,airline,44,airline:44,compound,False,True,search_direct_flight,<CALL>,<MISSING>,"search_direct_flight|{""date"":""2024-05-24"",""destination"":""EWR"",""origin"":""CLT""}",missing argument,replace
C2_C1,mistral_small_3p2,airline,44,airline:44,compound,False,True,search_direct_flight,<CALL>,<MISSING>,"search_direct_flight|{""date"":""2024-05-25"",""destination"":""LAX"",""origin"":""EWR""}",missing argument,replace
C2_C1,mistral_small_3p2,airline,44,airline:44,compound,False,True,search_direct_flight,<CALL>,<MISSING>,"search_direct_flight|{""date"":""2024-05-24"",""destination"":""ATL"",""origin"":""JFK""}",missing argument,replace
C2_C1,mistral_small_3p2,airline,44,airline:44,compound,False,True,search_direct_flight,<CALL>,<MISSING>,"search_direct_flight|{""date"":""2024-05-10"",""destination"":""PHL"",""origin"":""ORD""}",missing argument,replace
C2_C1,mistral_small_3p2,airline,44,airline:44,compound,False,True,search_direct_flight,<CALL>,<MISSING>,"search_direct_flight|{""date"":""2024-05-11"",""destination"":""ORD"",""origin"":""PHL""}",missing argument,replace
C2_C1,mistral_small_3p2,airline,44,airline:44,compound,False,True,get_flight_status,<CALL>,"get_flight_status|{""date"":""2024-05-25"",""flight_number"":""HAT300""}",<MISSING>,extra argument,replace
C2_C1,mistral_small_3p2,airline,44,airline:44,compound,False,True,get_flight_status,<CALL>,"get_flight_status|{""date"":""2024-05-27"",""flight_number"":""HAT208""}",<MISSING>,extra argument,replace
C2_C1,mistral_small_3p2,airline,44,airline:44,compound,False,True,get_flight_status,<CALL>,"get_flight_status|{""date"":""2024-05-21"",""flight_number"":""HAT300""}",<MISSING>,extra argument,replace
C2_C1,mistral_small_3p2,airline,44,airline:44,compound,False,True,get_flight_status,<CALL>,"get_flight_status|{""date"":""2024-05-21"",""flight_number"":""HAT215""}",<MISSING>,extra argument,replace
C2_C1,mistral_small_3p2,airline,44,airline:44,compound,False,True,get_flight_status,<CALL>,"get_flight_status|{""date"":""2024-05-23"",""flight_number"":""HAT228""}",<MISSING>,extra argument,replace
C2_C1,mistral_small_3p2,airline,44,airline:44,compound,False,True,get_flight_status,<CALL>,"get_flight_status|{""date"":""2024-05-24"",""flight_number"":""HAT043""}",<MISSING>,extra argument,replace
C2_C1,mistral_small_3p2,airline,44,airline:44,compound,False,True,get_flight_status,<CALL>,"get_flight_status|{""date"":""2024-05-24"",""flight_number"":""HAT157""}",<MISSING>,extra argument,replace
C2_C1,mistral_small_3p2,airline,44,airline:44,compound,False,True,get_flight_status,<CALL>,"get_flight_status|{""date"":""2024-05-25"",""flight_number"":""HAT041""}",<MISSING>,extra argument,replace
C2_C1,mistral_small_3p2,airline,44,airline:44,compound,False,True,get_flight_status,<CALL>,"get_flight_status|{""date"":""2024-05-24"",""flight_number"":""HAT268""}",<MISSING>,extra argument,replace
C2_C1,mistral_small_3p2,airline,44,airline:44,compound,False,True,get_flight_status,<CALL>,"get_flight_status|{""date"":""2024-05-10"",""flight_number"":""HAT271""}",<MISSING>,extra argument,replace
C2_C1,mistral_small_3p2,airline,44,airline:44,compound,False,True,get_flight_status,<CALL>,"get_flight_status|{""date"":""2024-05-11"",""flight_number"":""HAT197""}",<MISSING>,extra argument,replace
C2_C1,mistral_small_3p2,airline,44,airline:44,compound,False,True,calculate,<CALL>,<MISSING>,"calculate|{""expression"":""(2024 - 05 - 25 15 : 00 : 00 - 2024 - 05 - 24 16 : 36 : 00) / 3600""}",missing argument,replace
C2_C1,mistral_small_3p2,airline,44,airline:44,compound,False,True,calculate,<CALL>,<MISSING>,"calculate|{""expression"":""(2024 - 05 - 27 15 : 00 : 00 - 2024 - 05 - 24 16 : 36 : 00) / 3600""}",missing argument,replace
C2_C1,mistral_small_3p2,airline,44,airline:44,compound,False,True,calculate,<CALL>,<MISSING>,"calculate|{""expression"":""(2024 - 05 - 21 15 : 00 : 00 - 2024 - 05 - 24 16 : 36 : 00) / 3600""}",missing argument,replace
C2_C1,mistral_small_3p2,airline,44,airline:44,compound,False,True,calculate,<CALL>,<MISSING>,"calculate|{""expression"":""(2024 - 05 - 23 15 : 00 : 00 - 2024 - 05 - 24 16 : 36 : 00) / 3600""}",missing argument,replace
C2_C1,mistral_small_3p2,airline,44,airline:44,compound,False,True,calculate,<CALL>,<MISSING>,"calculate|{""expression"":""(2024 - 05 - 24 15 : 00 : 00 - 2024 - 05 - 24 16 : 36 : 00) / 3600""}",missing argument,replace
C2_C1,mistral_small_3p2,airline,44,airline:44,compound,False,True,calculate,<CALL>,<MISSING>,"calculate|{""expression"":""(2024 - 05 - 24 15 : 00 : 00 - 2024 - 05 - 24 16 : 36 : 00) / 3600""}",missing argument,replace
C2_C1,mistral_small_3p2,airline,44,airline:44,compound,False,True,calculate,<CALL>,<MISSING>,"calculate|{""expression"":""(2024 - 05 - 25 15 : 00 : 00 - 2024 - 05 - 24 16 : 36 : 00) / 3600""}",missing argument,replace
C2_C1,mistral_small_3p2,airline,44,airline:44,compound,False,True,calculate,<CALL>,<MISSING>,"calculate|{""expression"":""(2024 - 05 - 24 15 : 00 : 00 - 2024 - 05 - 24 16 : 36 : 00) / 3600""}",missing argument,replace
C2_C1,mistral_small_3p2,airline,44,airline:44,compound,False,True,transfer_to_human_agents,<CALL>,<MISSING>,"transfer_to_human_agents|{""summary"":""user wants to cancel all future reservations that include flights longer than 4 hours.""}",missing argument,replace
C2_C1,mistral_small_3p2,airline,44,airline:44,compound,False,True,transfer_to_human_agents,<CALL>,<MISSING>,"transfer_to_human_agents|{""summary"":""user wants to cancel all future reservations that include flights longer than 4 hours.""}",missing argument,replace
C2_C1,mistral_small_3p2,airline,44,airline:44,compound,False,True,transfer_to_human_agents,<CALL>,<MISSING>,"transfer_to_human_agents|{""summary"":""user wants to cancel all future reservations that include flights longer than 4 hours.""}",missing argument,replace
C2_C1,mistral_small_3p2,airline,44,airline:44,compound,False,True,transfer_to_human_agents,<CALL>,<MISSING>,"transfer_to_human_agents|{""summary"":""user wants to cancel all future reservations that include flights longer than 4 hours.""}",missing argument,replace
C2_C1,mistral_small_3p2,airline,44,airline:44,compound,False,True,transfer_to_human_agents,<CALL>,<MISSING>,"transfer_to_human_agents|{""summary"":""user wants to cancel all future reservations that include flights longer than 4 hours.""}",missing argument,replace
C2_C1,mistral_small_3p2,airline,44,airline:44,compound,False,True,transfer_to_human_agents,<CALL>,<MISSING>,"transfer_to_human_agents|{""summary"":""user wants to cancel all future reservations that include flights longer than 4 hours.""}",missing argument,replace
C2_C1,mistral_small_3p2,airline,44,airline:44,compound,False,True,transfer_to_human_agents,<CALL>,<MISSING>,"transfer_to_human_agents|{""summary"":""user wants to cancel all future reservations that include flights longer than 4 hours.""}",missing argument,replace
C2_C1,mistral_small_3p2,airline,44,airline:44,compound,False,True,transfer_to_human_agents,<CALL>,<MISSING>,"transfer_to_human_agents|{""summary"":""user wants to cancel all future reservations that include flights longer than 4 hours.""}",missing argument,replace
C2_C1,mistral_small_3p2,airline,44,airline:44,compound,False,True,transfer_to_human_agents,<CALL>,<MISSING>,"transfer_to_human_agents|{""summary"":""user wants to cancel all future reservations that include flights longer than 4 hours.""}",missing argument,replace
C2_C1,mistral_small_3p2,airline,44,airline:44,compound,False,True,transfer_to_human_agents,<CALL>,<MISSING>,"transfer_to_human_agents|{""summary"":""user wants to cancel all future reservations that include flights longer than 4 hours.""}",missing argument,replace
C2_C1,mistral_small_3p2,airline,44,airline:44,compound,False,True,transfer_to_human_agents,<CALL>,<MISSING>,"transfer_to_human_agents|{""summary"":""user wants to cancel all future reservations that include flights longer than 4 hours.""}",missing argument,replace
C2_C1,mistral_small_3p2,airline,44,airline:44,compound,False,True,transfer_to_human_agents,<CALL>,<MISSING>,"transfer_to_human_agents|{""summary"":""user wants to cancel all future reservations that include flights longer than 4 hours.""}",missing argument,replace
C1_C1,mistral_small_3p2,airline,44,airline:44,compound,False,True,get_flight_status,<CALL>,"get_flight_status|{""date"":""2024-05-25"",""flight_number"":""HAT300""}",<MISSING>,extra argument,replace
C1_C1,mistral_small_3p2,airline,44,airline:44,compound,False,True,get_flight_status,<CALL>,"get_flight_status|{""date"":""2024-05-27"",""flight_number"":""HAT208""}",<MISSING>,extra argument,replace
C1_C1,mistral_small_3p2,airline,44,airline:44,compound,False,True,get_flight_status,<CALL>,"get_flight_status|{""date"":""2024-05-21"",""flight_number"":""HAT300""}",<MISSING>,extra argument,replace
C1_C1,mistral_small_3p2,airline,44,airline:44,compound,False,True,get_flight_status,<CALL>,"get_flight_status|{""date"":""2024-05-21"",""flight_number"":""HAT215""}",<MISSING>,extra argument,replace
C1_C1,mistral_small_3p2,airline,44,airline:44,compound,False,True,get_flight_status,<CALL>,"get_flight_status|{""date"":""2024-05-23"",""flight_number"":""HAT228""}",<MISSING>,extra argument,replace
C1_C1,mistral_small_3p2,airline,44,airline:44,compound,False,True,get_flight_status,<CALL>,"get_flight_status|{""date"":""2024-05-24"",""flight_number"":""HAT043""}",<MISSING>,extra argument,replace
C1_C1,mistral_small_3p2,airline,44,airline:44,compound,False,True,get_flight_status,<CALL>,"get_flight_status|{""date"":""2024-05-24"",""flight_number"":""HAT157""}",<MISSING>,extra argument,replace
C1_C1,mistral_small_3p2,airline,44,airline:44,compound,False,True,get_flight_status,<CALL>,"get_flight_status|{""date"":""2024-05-25"",""flight_number"":""HAT041""}",<MISSING>,extra argument,replace
C1_C1,mistral_small_3p2,airline,44,airline:44,compound,False,True,get_flight_status,<CALL>,"get_flight_status|{""date"":""2024-05-24"",""flight_number"":""HAT268""}",<MISSING>,extra argument,replace
C1_C1,mistral_small_3p2,airline,44,airline:44,compound,False,True,get_flight_status,<CALL>,"get_flight_status|{""date"":""2024-05-10"",""flight_number"":""HAT271""}",<MISSING>,extra argument,replace
C1_C1,mistral_small_3p2,airline,44,airline:44,compound,False,True,get_flight_status,<CALL>,"get_flight_status|{""date"":""2024-05-11"",""flight_number"":""HAT197""}",<MISSING>,extra argument,replace
C1_C1,mistral_small_3p2,airline,44,airline:44,compound,False,True,calculate,<CALL>,<MISSING>,"calculate|{""expression"":""(2024 - 05 - 25  + 23 - 2024 - 05 - 15) * 24""}",missing argument,replace
C1_C1,mistral_small_3p2,airline,44,airline:44,compound,False,True,calculate,<CALL>,<MISSING>,"calculate|{""expression"":""(2024 - 05 - 27  + 23 - 2024 - 05 - 15) * 24""}",missing argument,replace
C1_C1,mistral_small_3p2,airline,44,airline:44,compound,False,True,calculate,<CALL>,<MISSING>,"calculate|{""expression"":""(2024 - 05 - 21  + 23 - 2024 - 05 - 15) * 24""}",missing argument,replace
C1_C1,mistral_small_3p2,airline,44,airline:44,compound,False,True,calculate,<CALL>,<MISSING>,"calculate|{""expression"":""(2024 - 05 - 24  + 23 - 2024 - 05 - 15) * 24""}",missing argument,replace
C1_C1,mistral_small_3p2,airline,44,airline:44,compound,False,True,calculate,<CALL>,<MISSING>,"calculate|{""expression"":""(2024 - 05 - 24  + 23 - 2024 - 05 - 15) * 24""}",missing argument,replace
C1_C1,mistral_small_3p2,airline,44,airline:44,compound,False,True,calculate,<CALL>,<MISSING>,"calculate|{""expression"":""(2024 - 05 - 10  + 23 - 2024 - 05 - 15) * 24""}",missing argument,replace
C1_C1,mistral_small_3p2,airline,44,airline:44,compound,False,True,calculate,<CALL>,<MISSING>,"calculate|{""expression"":""(2024 - 05 - 11  + 23 - 2024 - 05 - 15) * 24""}",missing argument,replace
C1_C1,mistral_small_3p2,airline,44,airline:44,compound,False,True,calculate,<CALL>,<MISSING>,"calculate|{""expression"":""(2024-05-25 + 23 - 2024-05-15) * 24""}",missing argument,replace
C1_C1,mistral_small_3p2,airline,44,airline:44,compound,False,True,calculate,<CALL>,<MISSING>,"calculate|{""expression"":""(2024-05-27 + 23 - 2024-05-15) * 24""}",missing argument,replace
C1_C1,mistral_small_3p2,airline,44,airline:44,compound,False,True,calculate,<CALL>,<MISSING>,"calculate|{""expression"":""(2024-05-21 + 23 - 2024-05-15) * 24""}",missing argument,replace
C1_C1,mistral_small_3p2,airline,44,airline:44,compound,False,True,calculate,<CALL>,<MISSING>,"calculate|{""expression"":""(2024-05-24 + 23 - 2024-05-15) * 24""}",missing argument,replace
C1_C1,mistral_small_3p2,airline,44,airline:44,compound,False,True,calculate,<CALL>,<MISSING>,"calculate|{""expression"":""(2024-05-24 + 23 - 2024-05-15) * 24""}",missing argument,replace
C1_C1,mistral_small_3p2,airline,44,airline:44,compound,False,True,calculate,<CALL>,<MISSING>,"calculate|{""expression"":""(2024-05-10 + 23 - 2024-05-15) * 24""}",missing argument,replace
C1_C1,mistral_small_3p2,airline,44,airline:44,compound,False,True,calculate,<CALL>,<MISSING>,"calculate|{""expression"":""(2024-05-11 + 23 - 2024-05-15) * 24""}",missing argument,replace
C1_C1,mistral_small_3p2,airline,44,airline:44,compound,False,True,get_flight_status,<CALL>,"get_flight_status|{""date"":""2024-05-25"",""flight_number"":""HAT300""}",<MISSING>,extra argument,replace
C1_C1,mistral_small_3p2,airline,44,airline:44,compound,False,True,get_flight_status,<CALL>,"get_flight_status|{""date"":""2024-05-27"",""flight_number"":""HAT208""}",<MISSING>,extra argument,replace
C1_C1,mistral_small_3p2,airline,44,airline:44,compound,False,True,get_flight_status,<CALL>,"get_flight_status|{""date"":""2024-05-21"",""flight_number"":""HAT300""}",<MISSING>,extra argument,replace
C1_C1,mistral_small_3p2,airline,44,airline:44,compound,False,True,get_flight_status,<CALL>,"get_flight_status|{""date"":""2024-05-21"",""flight_number"":""HAT215""}",<MISSING>,extra argument,replace
C1_C1,mistral_small_3p2,airline,44,airline:44,compound,False,True,get_flight_status,<CALL>,"get_flight_status|{""date"":""2024-05-23"",""flight_number"":""HAT228""}",<MISSING>,extra argument,replace
C1_C1,mistral_small_3p2,airline,44,airline:44,compound,False,True,get_flight_status,<CALL>,"get_flight_status|{""date"":""2024-05-24"",""flight_number"":""HAT043""}",<MISSING>,extra argument,replace
C1_C1,mistral_small_3p2,airline,44,airline:44,compound,False,True,get_flight_status,<CALL>,"get_flight_status|{""date"":""2024-05-24"",""flight_number"":""HAT157""}",<MISSING>,extra argument,replace
C1_C1,mistral_small_3p2,airline,44,airline:44,compound,False,True,get_flight_status,<CALL>,"get_flight_status|{""date"":""2024-05-25"",""flight_number"":""HAT041""}",<MISSING>,extra argument,replace
C1_C1,mistral_small_3p2,airline,44,airline:44,compound,False,True,get_flight_status,<CALL>,"get_flight_status|{""date"":""2024-05-24"",""flight_number"":""HAT268""}",<MISSING>,extra argument,replace
C1_C1,mistral_small_3p2,airline,44,airline:44,compound,False,True,get_flight_status,<CALL>,"get_flight_status|{""date"":""2024-05-10"",""flight_number"":""HAT271""}",<MISSING>,extra argument,replace
C1_C1,mistral_small_3p2,airline,44,airline:44,compound,False,True,get_flight_status,<CALL>,"get_flight_status|{""date"":""2024-05-11"",""flight_number"":""HAT197""}",<MISSING>,extra argument,replace
C1_C1,mistral_small_3p2,airline,44,airline:44,compound,False,True,calculate,<CALL>,<MISSING>,"calculate|{""expression"":""(2024 - 05 - 25 15 : 00 : 00 - 2024 - 05 - 24 16 : 36 : 00) / 3600""}",missing argument,replace
C1_C1,mistral_small_3p2,airline,44,airline:44,compound,False,True,calculate,<CALL>,<MISSING>,"calculate|{""expression"":""(2024 - 05 - 27 15 : 00 : 00 - 2024 - 05 - 24 16 : 36 : 00) / 3600""}",missing argument,replace
C1_C1,mistral_small_3p2,airline,44,airline:44,compound,False,True,calculate,<CALL>,<MISSING>,"calculate|{""expression"":""(2024 - 05 - 21 15 : 00 : 00 - 2024 - 05 - 24 16 : 36 : 00) / 3600""}",missing argument,replace
C1_C1,mistral_small_3p2,airline,44,airline:44,compound,False,True,calculate,<CALL>,<MISSING>,"calculate|{""expression"":""(2024 - 05 - 23 15 : 00 : 00 - 2024 - 05 - 24 16 : 36 : 00) / 3600""}",missing argument,replace
C1_C1,mistral_small_3p2,airline,44,airline:44,compound,False,True,calculate,<CALL>,<MISSING>,"calculate|{""expression"":""(2024 - 05 - 24 15 : 00 : 00 - 2024 - 05 - 24 16 : 36 : 00) / 3600""}",missing argument,replace
C1_C1,mistral_small_3p2,airline,44,airline:44,compound,False,True,calculate,<CALL>,<MISSING>,"calculate|{""expression"":""(2024 - 05 - 24 15 : 00 : 00 - 2024 - 05 - 24 16 : 36 : 00) / 3600""}",missing argument,replace
C1_C1,mistral_small_3p2,airline,44,airline:44,compound,False,True,calculate,<CALL>,<MISSING>,"calculate|{""expression"":""(2024 - 05 - 25 15 : 00 : 00 - 2024 - 05 - 24 16 : 36 : 00) / 3600""}",missing argument,replace
C1_C1,mistral_small_3p2,airline,44,airline:44,compound,False,True,calculate,<CALL>,<MISSING>,"calculate|{""expression"":""(2024 - 05 - 24 15 : 00 : 00 - 2024 - 05 - 24 16 : 36 : 00) / 3600""}",missing argument,replace
C1_C1,mistral_small_3p2,airline,44,airline:44,compound,False,True,transfer_to_human_agents,<CALL>,<MISSING>,"transfer_to_human_agents|{""summary"":""user wants to cancel all future reservations that include flights longer than 4 hours.""}",missing argument,replace
C1_C1,mistral_small_3p2,airline,44,airline:44,compound,False,True,transfer_to_human_agents,<CALL>,<MISSING>,"transfer_to_human_agents|{""summary"":""user wants to cancel all future reservations that include flights longer than 4 hours.""}",missing argument,replace
C1_C1,mistral_small_3p2,airline,44,airline:44,compound,False,True,transfer_to_human_agents,<CALL>,<MISSING>,"transfer_to_human_agents|{""summary"":""user wants to cancel all future reservations that include flights longer than 4 hours.""}",missing argument,replace
C1_C1,mistral_small_3p2,airline,44,airline:44,compound,False,True,transfer_to_human_agents,<CALL>,<MISSING>,"transfer_to_human_agents|{""summary"":""user wants to cancel all future reservations that include flights longer than 4 hours.""}",missing argument,replace
C1_C1,mistral_small_3p2,airline,44,airline:44,compound,False,True,transfer_to_human_agents,<CALL>,<MISSING>,"transfer_to_human_agents|{""summary"":""user wants to cancel all future reservations that include flights longer than 4 hours.""}",missing argument,replace
C1_C1,mistral_small_3p2,airline,44,airline:44,compound,False,True,transfer_to_human_agents,<CALL>,<MISSING>,"transfer_to_human_agents|{""summary"":""user wants to cancel all future reservations that include flights longer than 4 hours.""}",missing argument,replace
C1_C1,mistral_small_3p2,airline,44,airline:44,compound,False,True,transfer_to_human_agents,<CALL>,<MISSING>,"transfer_to_human_agents|{""summary"":""user wants to cancel all future reservations that include flights longer than 4 hours.""}",missing argument,replace
C1_C1,mistral_small_3p2,airline,44,airline:44,compound,False,True,transfer_to_human_agents,<CALL>,<MISSING>,"transfer_to_human_agents|{""summary"":""user wants to cancel all future reservations that include flights longer than 4 hours.""}",missing argument,replace
C1_C1,mistral_small_3p2,airline,44,airline:44,compound,False,True,transfer_to_human_agents,<CALL>,<MISSING>,"transfer_to_human_agents|{""summary"":""user wants to cancel all future reservations that include flights longer than 4 hours.""}",missing argument,replace
C1_C1,mistral_small_3p2,airline,44,airline:44,compound,False,True,transfer_to_human_agents,<CALL>,<MISSING>,"transfer_to_human_agents|{""summary"":""user wants to cancel all future reservations that include flights longer than 4 hours.""}",missing argument,replace
C1_C1,mistral_small_3p2,airline,44,airline:44,compound,False,True,transfer_to_human_agents,<CALL>,<MISSING>,"transfer_to_human_agents|{""summary"":""user wants to cancel all future reservations that include flights longer than 4 hours.""}",missing argument,replace
C1_C1,mistral_small_3p2,airline,44,airline:44,compound,False,True,transfer_to_human_agents,<CALL>,<MISSING>,"transfer_to_human_agents|{""summary"":""user wants to cancel all future reservations that include flights longer than 4 hours.""}",missing argument,replace
C1_C1,mistral_small_3p2,airline,44,airline:44,compound,False,True,calculate,<CALL>,"calculate|{""expression"":""(2024 - 05 - 25  + 23 - 2024 - 05 - 15) * 24""}",<MISSING>,extra argument,replace
C1_C1,mistral_small_3p2,airline,44,airline:44,compound,False,True,calculate,<CALL>,"calculate|{""expression"":""(2024 - 05 - 27  + 23 - 2024 - 05 - 15) * 24""}",<MISSING>,extra argument,replace
C1_C1,mistral_small_3p2,airline,44,airline:44,compound,False,True,calculate,<CALL>,"calculate|{""expression"":""(2024 - 05 - 21  + 23 - 2024 - 05 - 15) * 24""}",<MISSING>,extra argument,replace
C1_C1,mistral_small_3p2,airline,44,airline:44,compound,False,True,calculate,<CALL>,"calculate|{""expression"":""(2024 - 05 - 24  + 23 - 2024 - 05 - 15) * 24""}",<MISSING>,extra argument,replace
C1_C1,mistral_small_3p2,airline,44,airline:44,compound,False,True,calculate,<CALL>,"calculate|{""expression"":""(2024 - 05 - 24  + 23 - 2024 - 05 - 15) * 24""}",<MISSING>,extra argument,replace
C1_C1,mistral_small_3p2,airline,44,airline:44,compound,False,True,calculate,<CALL>,"calculate|{""expression"":""(2024 - 05 - 10  + 23 - 2024 - 05 - 15) * 24""}",<MISSING>,extra argument,replace
C1_C1,mistral_small_3p2,airline,44,airline:44,compound,False,True,calculate,<CALL>,"calculate|{""expression"":""(2024 - 05 - 11  + 23 - 2024 - 05 - 15) * 24""}",<MISSING>,extra argument,replace
C1_C1,mistral_small_3p2,airline,44,airline:44,compound,False,True,calculate,<CALL>,"calculate|{""expression"":""(2024-05-25 + 23 - 2024-05-15) * 24""}",<MISSING>,extra argument,replace
C1_C1,mistral_small_3p2,airline,44,airline:44,compound,False,True,calculate,<CALL>,"calculate|{""expression"":""(2024-05-27 + 23 - 2024-05-15) * 24""}",<MISSING>,extra argument,replace
C1_C1,mistral_small_3p2,airline,44,airline:44,compound,False,True,calculate,<CALL>,"calculate|{""expression"":""(2024-05-21 + 23 - 2024-05-15) * 24""}",<MISSING>,extra argument,replace
C1_C1,mistral_small_3p2,airline,44,airline:44,compound,False,True,calculate,<CALL>,"calculate|{""expression"":""(2024-05-24 + 23 - 2024-05-15) * 24""}",<MISSING>,extra argument,replace
C1_C1,mistral_small_3p2,airline,44,airline:44,compound,False,True,calculate,<CALL>,"calculate|{""expression"":""(2024-05-24 + 23 - 2024-05-15) * 24""}",<MISSING>,extra argument,replace
C1_C1,mistral_small_3p2,airline,44,airline:44,compound,False,True,calculate,<CALL>,"calculate|{""expression"":""(2024-05-10 + 23 - 2024-05-15) * 24""}",<MISSING>,extra argument,replace
C1_C1,mistral_small_3p2,airline,44,airline:44,compound,False,True,calculate,<CALL>,"calculate|{""expression"":""(2024-05-11 + 23 - 2024-05-15) * 24""}",<MISSING>,extra argument,replace
C1_C1,mistral_small_3p2,airline,44,airline:44,compound,False,True,get_flight_status,<CALL>,<MISSING>,"get_flight_status|{""date"":""2024-05-25"",""flight_number"":""HAT300""}",missing argument,replace
C1_C1,mistral_small_3p2,airline,44,airline:44,compound,False,True,get_flight_status,<CALL>,<MISSING>,"get_flight_status|{""date"":""2024-05-27"",""flight_number"":""HAT208""}",missing argument,replace
C1_C1,mistral_small_3p2,airline,44,airline:44,compound,False,True,get_flight_status,<CALL>,<MISSING>,"get_flight_status|{""date"":""2024-05-21"",""flight_number"":""HAT300""}",missing argument,replace
C1_C1,mistral_small_3p2,airline,44,airline:44,compound,False,True,get_flight_status,<CALL>,<MISSING>,"get_flight_status|{""date"":""2024-05-21"",""flight_number"":""HAT215""}",missing argument,replace
C1_C1,mistral_small_3p2,airline,44,airline:44,compound,False,True,get_flight_status,<CALL>,<MISSING>,"get_flight_status|{""date"":""2024-05-23"",""flight_number"":""HAT228""}",missing argument,replace
C1_C1,mistral_small_3p2,airline,44,airline:44,compound,False,True,get_flight_status,<CALL>,<MISSING>,"get_flight_status|{""date"":""2024-05-24"",""flight_number"":""HAT043""}",missing argument,replace
C1_C1,mistral_small_3p2,airline,44,airline:44,compound,False,True,get_flight_status,<CALL>,<MISSING>,"get_flight_status|{""date"":""2024-05-24"",""flight_number"":""HAT157""}",missing argument,replace
C1_C1,mistral_small_3p2,airline,44,airline:44,compound,False,True,get_flight_status,<CALL>,<MISSING>,"get_flight_status|{""date"":""2024-05-25"",""flight_number"":""HAT041""}",missing argument,replace
C1_C1,mistral_small_3p2,airline,44,airline:44,compound,False,True,get_flight_status,<CALL>,<MISSING>,"get_flight_status|{""date"":""2024-05-24"",""flight_number"":""HAT268""}",missing argument,replace
C1_C1,mistral_small_3p2,airline,44,airline:44,compound,False,True,get_flight_status,<CALL>,<MISSING>,"get_flight_status|{""date"":""2024-05-10"",""flight_number"":""HAT271""}",missing argument,replace
C1_C1,mistral_small_3p2,airline,44,airline:44,compound,False,True,get_flight_status,<CALL>,<MISSING>,"get_flight_status|{""date"":""2024-05-11"",""flight_number"":""HAT197""}",missing argument,replace
C1_C1,mistral_small_3p2,airline,44,airline:44,compound,False,True,calculate,expression,"""(2024 - 05 - 25  + 23 - 2024 - 05 - 15) * 24""","""100 + 53""",unknown,aligned_tool
C1_C1,mistral_small_3p2,airline,44,airline:44,compound,False,True,calculate,expression,"""(2024 - 05 - 27  + 23 - 2024 - 05 - 15) * 24""","""55 + 51""",unknown,aligned_tool
C1_C1,mistral_small_3p2,airline,44,airline:44,compound,False,True,calculate,expression,"""(2024 - 05 - 21  + 23 - 2024 - 05 - 15) * 24""","""131 + 163 + 157 + 186""",unknown,aligned_tool
C1_C1,mistral_small_3p2,airline,44,airline:44,compound,False,True,calculate,expression,"""(2024 - 05 - 24  + 23 - 2024 - 05 - 15) * 24""","""74""",unknown,aligned_tool
C1_C1,mistral_small_3p2,airline,44,airline:44,compound,False,True,calculate,expression,"""(2024 - 05 - 24  + 23 - 2024 - 05 - 15) * 24""","""160 + 100""",unknown,aligned_tool
C1_C1,mistral_small_3p2,airline,44,airline:44,compound,False,True,calculate,<CALL>,"calculate|{""expression"":""(2024 - 05 - 10  + 23 - 2024 - 05 - 15) * 24""}",<MISSING>,extra argument,replace
C1_C1,mistral_small_3p2,airline,44,airline:44,compound,False,True,calculate,<CALL>,"calculate|{""expression"":""(2024 - 05 - 11  + 23 - 2024 - 05 - 15) * 24""}",<MISSING>,extra argument,replace
C1_C1,mistral_small_3p2,airline,44,airline:44,compound,False,True,calculate,<CALL>,"calculate|{""expression"":""(2024-05-25 + 23 - 2024-05-15) * 24""}",<MISSING>,extra argument,replace
C1_C1,mistral_small_3p2,airline,44,airline:44,compound,False,True,calculate,<CALL>,"calculate|{""expression"":""(2024-05-27 + 23 - 2024-05-15) * 24""}",<MISSING>,extra argument,replace
C1_C1,mistral_small_3p2,airline,44,airline:44,compound,False,True,calculate,<CALL>,"calculate|{""expression"":""(2024-05-21 + 23 - 2024-05-15) * 24""}",<MISSING>,extra argument,replace
C1_C1,mistral_small_3p2,airline,44,airline:44,compound,False,True,calculate,<CALL>,"calculate|{""expression"":""(2024-05-24 + 23 - 2024-05-15) * 24""}",<MISSING>,extra argument,replace
C1_C1,mistral_small_3p2,airline,44,airline:44,compound,False,True,calculate,<CALL>,"calculate|{""expression"":""(2024-05-24 + 23 - 2024-05-15) * 24""}",<MISSING>,extra argument,replace
C1_C1,mistral_small_3p2,airline,44,airline:44,compound,False,True,calculate,<CALL>,"calculate|{""expression"":""(2024-05-10 + 23 - 2024-05-15) * 24""}",<MISSING>,extra argument,replace
C1_C1,mistral_small_3p2,airline,44,airline:44,compound,False,True,calculate,<CALL>,"calculate|{""expression"":""(2024-05-11 + 23 - 2024-05-15) * 24""}",<MISSING>,extra argument,replace
C1_C1,mistral_small_3p2,airline,44,airline:44,compound,False,True,search_direct_flight,<CALL>,<MISSING>,"search_direct_flight|{""date"":""2024-05-25"",""destination"":""EWR"",""origin"":""MSP""}",missing argument,replace
C1_C1,mistral_small_3p2,airline,44,airline:44,compound,False,True,search_direct_flight,<CALL>,<MISSING>,"search_direct_flight|{""date"":""2024-05-27"",""destination"":""MSP"",""origin"":""EWR""}",missing argument,replace
C1_C1,mistral_small_3p2,airline,44,airline:44,compound,False,True,search_direct_flight,<CALL>,<MISSING>,"search_direct_flight|{""date"":""2024-05-21"",""destination"":""EWR"",""origin"":""MSP""}",missing argument,replace
C1_C1,mistral_small_3p2,airline,44,airline:44,compound,False,True,search_direct_flight,<CALL>,<MISSING>,"search_direct_flight|{""date"":""2024-05-21"",""destination"":""CLT"",""origin"":""EWR""}",missing argument,replace
C1_C1,mistral_small_3p2,airline,44,airline:44,compound,False,True,search_direct_flight,<CALL>,<MISSING>,"search_direct_flight|{""date"":""2024-05-23"",""destination"":""EWR"",""origin"":""LAX""}",missing argument,replace
C1_C1,mistral_small_3p2,airline,44,airline:44,compound,False,True,search_direct_flight,<CALL>,<MISSING>,"search_direct_flight|{""date"":""2024-05-24"",""destination"":""CLT"",""origin"":""EWR""}",missing argument,replace
C1_C1,mistral_small_3p2,airline,44,airline:44,compound,False,True,search_direct_flight,<CALL>,<MISSING>,"search_direct_flight|{""date"":""2024-05-24"",""destination"":""EWR"",""origin"":""CLT""}",missing argument,replace
C1_C1,mistral_small_3p2,airline,44,airline:44,compound,False,True,search_direct_flight,<CALL>,<MISSING>,"search_direct_flight|{""date"":""2024-05-25"",""destination"":""LAX"",""origin"":""EWR""}",missing argument,replace
C1_C1,mistral_small_3p2,airline,44,airline:44,compound,False,True,search_direct_flight,<CALL>,<MISSING>,"search_direct_flight|{""date"":""2024-05-24"",""destination"":""ATL"",""origin"":""JFK""}",missing argument,replace
C1_C1,mistral_small_3p2,airline,44,airline:44,compound,False,True,search_direct_flight,<CALL>,<MISSING>,"search_direct_flight|{""date"":""2024-05-10"",""destination"":""PHL"",""origin"":""ORD""}",missing argument,replace
C1_C1,mistral_small_3p2,airline,44,airline:44,compound,False,True,search_direct_flight,<CALL>,<MISSING>,"search_direct_flight|{""date"":""2024-05-11"",""destination"":""ORD"",""origin"":""PHL""}",missing argument,replace
C1_C1,mistral_small_3p2,airline,44,airline:44,compound,False,True,calculate,expression,"""(2024 - 05 - 25  + 23 - 2024 - 05 - 15) * 24""","""(2024 - 05 - 25 15 : 00 : 00 - 2024 - 05 - 24 16 : 36 : 00) / 3600""",unknown,aligned_tool
C1_C1,mistral_small_3p2,airline,44,airline:44,compound,False,True,calculate,expression,"""(2024 - 05 - 27  + 23 - 2024 - 05 - 15) * 24""","""(2024 - 05 - 27 15 : 00 : 00 - 2024 - 05 - 24 16 : 36 : 00) / 3600""",unknown,aligned_tool
C1_C1,mistral_small_3p2,airline,44,airline:44,compound,False,True,calculate,expression,"""(2024 - 05 - 21  + 23 - 2024 - 05 - 15) * 24""","""(2024 - 05 - 21 15 : 00 : 00 - 2024 - 05 - 24 16 : 36 : 00) / 3600""",unknown,aligned_tool
C1_C1,mistral_small_3p2,airline,44,airline:44,compound,False,True,calculate,expression,"""(2024 - 05 - 24  + 23 - 2024 - 05 - 15) * 24""","""(2024 - 05 - 23 15 : 00 : 00 - 2024 - 05 - 24 16 : 36 : 00) / 3600""",unknown,aligned_tool
C1_C1,mistral_small_3p2,airline,44,airline:44,compound,False,True,calculate,expression,"""(2024 - 05 - 24  + 23 - 2024 - 05 - 15) * 24""","""(2024 - 05 - 24 15 : 00 : 00 - 2024 - 05 - 24 16 : 36 : 00) / 3600""",unknown,aligned_tool
C1_C1,mistral_small_3p2,airline,44,airline:44,compound,False,True,calculate,expression,"""(2024 - 05 - 10  + 23 - 2024 - 05 - 15) * 24""","""(2024 - 05 - 24 15 : 00 : 00 - 2024 - 05 - 24 16 : 36 : 00) / 3600""",unknown,aligned_tool
C1_C1,mistral_small_3p2,airline,44,airline:44,compound,False,True,calculate,expression,"""(2024 - 05 - 11  + 23 - 2024 - 05 - 15) * 24""","""(2024 - 05 - 25 15 : 00 : 00 - 2024 - 05 - 24 16 : 36 : 00) / 3600""",unknown,aligned_tool
C1_C1,mistral_small_3p2,airline,44,airline:44,compound,False,True,calculate,expression,"""(2024-05-25 + 23 - 2024-05-15) * 24""","""(2024 - 05 - 24 15 : 00 : 00 - 2024 - 05 - 24 16 : 36 : 00) / 3600""",unknown,aligned_tool
C1_C1,mistral_small_3p2,airline,44,airline:44,compound,False,True,calculate,<CALL>,"calculate|{""expression"":""(2024-05-27 + 23 - 2024-05-15) * 24""}",<MISSING>,extra argument,replace
C1_C1,mistral_small_3p2,airline,44,airline:44,compound,False,True,calculate,<CALL>,"calculate|{""expression"":""(2024-05-21 + 23 - 2024-05-15) * 24""}",<MISSING>,extra argument,replace
C1_C1,mistral_small_3p2,airline,44,airline:44,compound,False,True,calculate,<CALL>,"calculate|{""expression"":""(2024-05-24 + 23 - 2024-05-15) * 24""}",<MISSING>,extra argument,replace
C1_C1,mistral_small_3p2,airline,44,airline:44,compound,False,True,calculate,<CALL>,"calculate|{""expression"":""(2024-05-24 + 23 - 2024-05-15) * 24""}",<MISSING>,extra argument,replace
C1_C1,mistral_small_3p2,airline,44,airline:44,compound,False,True,calculate,<CALL>,"calculate|{""expression"":""(2024-05-10 + 23 - 2024-05-15) * 24""}",<MISSING>,extra argument,replace
C1_C1,mistral_small_3p2,airline,44,airline:44,compound,False,True,calculate,<CALL>,"calculate|{""expression"":""(2024-05-11 + 23 - 2024-05-15) * 24""}",<MISSING>,extra argument,replace
C1_C1,mistral_small_3p2,airline,44,airline:44,compound,False,True,transfer_to_human_agents,<CALL>,<MISSING>,"transfer_to_human_agents|{""summary"":""user wants to cancel all future reservations that include flights longer than 4 hours.""}",missing argument,replace
C1_C1,mistral_small_3p2,airline,44,airline:44,compound,False,True,transfer_to_human_agents,<CALL>,<MISSING>,"transfer_to_human_agents|{""summary"":""user wants to cancel all future reservations that include flights longer than 4 hours.""}",missing argument,replace
C1_C1,mistral_small_3p2,airline,44,airline:44,compound,False,True,transfer_to_human_agents,<CALL>,<MISSING>,"transfer_to_human_agents|{""summary"":""user wants to cancel all future reservations that include flights longer than 4 hours.""}",missing argument,replace
C1_C1,mistral_small_3p2,airline,44,airline:44,compound,False,True,transfer_to_human_agents,<CALL>,<MISSING>,"transfer_to_human_agents|{""summary"":""user wants to cancel all future reservations that include flights longer than 4 hours.""}",missing argument,replace
C1_C1,mistral_small_3p2,airline,44,airline:44,compound,False,True,transfer_to_human_agents,<CALL>,<MISSING>,"transfer_to_human_agents|{""summary"":""user wants to cancel all future reservations that include flights longer than 4 hours.""}",missing argument,replace
C1_C1,mistral_small_3p2,airline,44,airline:44,compound,False,True,transfer_to_human_agents,<CALL>,<MISSING>,"transfer_to_human_agents|{""summary"":""user wants to cancel all future reservations that include flights longer than 4 hours.""}",missing argument,replace
C1_C1,mistral_small_3p2,airline,44,airline:44,compound,False,True,transfer_to_human_agents,<CALL>,<MISSING>,"transfer_to_human_agents|{""summary"":""user wants to cancel all future reservations that include flights longer than 4 hours.""}",missing argument,replace
C1_C1,mistral_small_3p2,airline,44,airline:44,compound,False,True,transfer_to_human_agents,<CALL>,<MISSING>,"transfer_to_human_agents|{""summary"":""user wants to cancel all future reservations that include flights longer than 4 hours.""}",missing argument,replace
C1_C1,mistral_small_3p2,airline,44,airline:44,compound,False,True,transfer_to_human_agents,<CALL>,<MISSING>,"transfer_to_human_agents|{""summary"":""user wants to cancel all future reservations that include flights longer than 4 hours.""}",missing argument,replace
C1_C1,mistral_small_3p2,airline,44,airline:44,compound,False,True,transfer_to_human_agents,<CALL>,<MISSING>,"transfer_to_human_agents|{""summary"":""user wants to cancel all future reservations that include flights longer than 4 hours.""}",missing argument,replace
C1_C1,mistral_small_3p2,airline,44,airline:44,compound,False,True,transfer_to_human_agents,<CALL>,<MISSING>,"transfer_to_human_agents|{""summary"":""user wants to cancel all future reservations that include flights longer than 4 hours.""}",missing argument,replace
C1_C1,mistral_small_3p2,airline,44,airline:44,compound,False,True,transfer_to_human_agents,<CALL>,<MISSING>,"transfer_to_human_agents|{""summary"":""user wants to cancel all future reservations that include flights longer than 4 hours.""}",missing argument,replace
C1_C1,mistral_small_3p2,airline,44,airline:44,compound,False,True,get_flight_status,<CALL>,"get_flight_status|{""date"":""2024-05-25"",""flight_number"":""HAT300""}",<MISSING>,extra argument,replace
C1_C1,mistral_small_3p2,airline,44,airline:44,compound,False,True,get_flight_status,<CALL>,"get_flight_status|{""date"":""2024-05-27"",""flight_number"":""HAT208""}",<MISSING>,extra argument,replace
C1_C1,mistral_small_3p2,airline,44,airline:44,compound,False,True,get_flight_status,<CALL>,"get_flight_status|{""date"":""2024-05-21"",""flight_number"":""HAT300""}",<MISSING>,extra argument,replace
C1_C1,mistral_small_3p2,airline,44,airline:44,compound,False,True,get_flight_status,<CALL>,"get_flight_status|{""date"":""2024-05-21"",""flight_number"":""HAT215""}",<MISSING>,extra argument,replace
C1_C1,mistral_small_3p2,airline,44,airline:44,compound,False,True,get_flight_status,<CALL>,"get_flight_status|{""date"":""2024-05-23"",""flight_number"":""HAT228""}",<MISSING>,extra argument,replace
C1_C1,mistral_small_3p2,airline,44,airline:44,compound,False,True,get_flight_status,<CALL>,"get_flight_status|{""date"":""2024-05-24"",""flight_number"":""HAT043""}",<MISSING>,extra argument,replace
C1_C1,mistral_small_3p2,airline,44,airline:44,compound,False,True,get_flight_status,<CALL>,"get_flight_status|{""date"":""2024-05-24"",""flight_number"":""HAT157""}",<MISSING>,extra argument,replace
C1_C1,mistral_small_3p2,airline,44,airline:44,compound,False,True,get_flight_status,<CALL>,"get_flight_status|{""date"":""2024-05-25"",""flight_number"":""HAT041""}",<MISSING>,extra argument,replace
C1_C1,mistral_small_3p2,airline,44,airline:44,compound,False,True,get_flight_status,<CALL>,"get_flight_status|{""date"":""2024-05-24"",""flight_number"":""HAT268""}",<MISSING>,extra argument,replace
C1_C1,mistral_small_3p2,airline,44,airline:44,compound,False,True,get_flight_status,<CALL>,"get_flight_status|{""date"":""2024-05-10"",""flight_number"":""HAT271""}",<MISSING>,extra argument,replace
C1_C1,mistral_small_3p2,airline,44,airline:44,compound,False,True,get_flight_status,<CALL>,"get_flight_status|{""date"":""2024-05-11"",""flight_number"":""HAT197""}",<MISSING>,extra argument,replace
C1_C1,mistral_small_3p2,airline,44,airline:44,compound,False,True,calculate,<CALL>,<MISSING>,"calculate|{""expression"":""(2024 - 05 - 25 15 : 00 : 00 - 2024 - 05 - 24 16 : 36 : 00) / 3600""}",missing argument,replace
C1_C1,mistral_small_3p2,airline,44,airline:44,compound,False,True,calculate,<CALL>,<MISSING>,"calculate|{""expression"":""(2024 - 05 - 27 15 : 00 : 00 - 2024 - 05 - 24 16 : 36 : 00) / 3600""}",missing argument,replace
C1_C1,mistral_small_3p2,airline,44,airline:44,compound,False,True,calculate,<CALL>,<MISSING>,"calculate|{""expression"":""(2024 - 05 - 21 15 : 00 : 00 - 2024 - 05 - 24 16 : 36 : 00) / 3600""}",missing argument,replace
C1_C1,mistral_small_3p2,airline,44,airline:44,compound,False,True,calculate,<CALL>,<MISSING>,"calculate|{""expression"":""(2024 - 05 - 23 15 : 00 : 00 - 2024 - 05 - 24 16 : 36 : 00) / 3600""}",missing argument,replace
C1_C1,mistral_small_3p2,airline,44,airline:44,compound,False,True,calculate,<CALL>,<MISSING>,"calculate|{""expression"":""(2024 - 05 - 24 15 : 00 : 00 - 2024 - 05 - 24 16 : 36 : 00) / 3600""}",missing argument,replace
C1_C1,mistral_small_3p2,airline,44,airline:44,compound,False,True,calculate,<CALL>,<MISSING>,"calculate|{""expression"":""(2024 - 05 - 24 15 : 00 : 00 - 2024 - 05 - 24 16 : 36 : 00) / 3600""}",missing argument,replace
C1_C1,mistral_small_3p2,airline,44,airline:44,compound,False,True,calculate,<CALL>,<MISSING>,"calculate|{""expression"":""(2024 - 05 - 25 15 : 00 : 00 - 2024 - 05 - 24 16 : 36 : 00) / 3600""}",missing argument,replace
C1_C1,mistral_small_3p2,airline,44,airline:44,compound,False,True,calculate,<CALL>,<MISSING>,"calculate|{""expression"":""(2024 - 05 - 24 15 : 00 : 00 - 2024 - 05 - 24 16 : 36 : 00) / 3600""}",missing argument,replace
C1_C1,mistral_small_3p2,airline,44,airline:44,compound,False,True,transfer_to_human_agents,<CALL>,<MISSING>,"transfer_to_human_agents|{""summary"":""user wants to cancel all future reservations that include flights longer than 4 hours.""}",missing argument,replace
C1_C1,mistral_small_3p2,airline,44,airline:44,compound,False,True,transfer_to_human_agents,<CALL>,<MISSING>,"transfer_to_human_agents|{""summary"":""user wants to cancel all future reservations that include flights longer than 4 hours.""}",missing argument,replace
C1_C1,mistral_small_3p2,airline,44,airline:44,compound,False,True,transfer_to_human_agents,<CALL>,<MISSING>,"transfer_to_human_agents|{""summary"":""user wants to cancel all future reservations that include flights longer than 4 hours.""}",missing argument,replace
C1_C1,mistral_small_3p2,airline,44,airline:44,compound,False,True,transfer_to_human_agents,<CALL>,<MISSING>,"transfer_to_human_agents|{""summary"":""user wants to cancel all future reservations that include flights longer than 4 hours.""}",missing argument,replace
C1_C1,mistral_small_3p2,airline,44,airline:44,compound,False,True,transfer_to_human_agents,<CALL>,<MISSING>,"transfer_to_human_agents|{""summary"":""user wants to cancel all future reservations that include flights longer than 4 hours.""}",missing argument,replace
C1_C1,mistral_small_3p2,airline,44,airline:44,compound,False,True,transfer_to_human_agents,<CALL>,<MISSING>,"transfer_to_human_agents|{""summary"":""user wants to cancel all future reservations that include flights longer than 4 hours.""}",missing argument,replace
C1_C1,mistral_small_3p2,airline,44,airline:44,compound,False,True,transfer_to_human_agents,<CALL>,<MISSING>,"transfer_to_human_agents|{""summary"":""user wants to cancel all future reservations that include flights longer than 4 hours.""}",missing argument,replace
C1_C1,mistral_small_3p2,airline,44,airline:44,compound,False,True,transfer_to_human_agents,<CALL>,<MISSING>,"transfer_to_human_agents|{""summary"":""user wants to cancel all future reservations that include flights longer than 4 hours.""}",missing argument,replace
C1_C1,mistral_small_3p2,airline,44,airline:44,compound,False,True,transfer_to_human_agents,<CALL>,<MISSING>,"transfer_to_human_agents|{""summary"":""user wants to cancel all future reservations that include flights longer than 4 hours.""}",missing argument,replace
C1_C1,mistral_small_3p2,airline,44,airline:44,compound,False,True,transfer_to_human_agents,<CALL>,<MISSING>,"transfer_to_human_agents|{""summary"":""user wants to cancel all future reservations that include flights longer than 4 hours.""}",missing argument,replace
C1_C1,mistral_small_3p2,airline,44,airline:44,compound,False,True,transfer_to_human_agents,<CALL>,<MISSING>,"transfer_to_human_agents|{""summary"":""user wants to cancel all future reservations that include flights longer than 4 hours.""}",missing argument,replace
C1_C1,mistral_small_3p2,airline,44,airline:44,compound,False,True,transfer_to_human_agents,<CALL>,<MISSING>,"transfer_to_human_agents|{""summary"":""user wants to cancel all future reservations that include flights longer than 4 hours.""}",missing argument,replace
C1_C1,mistral_small_3p2,airline,44,airline:44,compound,False,True,calculate,expression,"""100 + 53""","""(2024 - 05 - 25 15 : 00 : 00 - 2024 - 05 - 24 16 : 36 : 00) / 3600""",unknown,aligned_tool
C1_C1,mistral_small_3p2,airline,44,airline:44,compound,False,True,calculate,expression,"""55 + 51""","""(2024 - 05 - 27 15 : 00 : 00 - 2024 - 05 - 24 16 : 36 : 00) / 3600""",unknown,aligned_tool
C1_C1,mistral_small_3p2,airline,44,airline:44,compound,False,True,calculate,expression,"""131 + 163 + 157 + 186""","""(2024 - 05 - 21 15 : 00 : 00 - 2024 - 05 - 24 16 : 36 : 00) / 3600""",unknown,aligned_tool
C1_C1,mistral_small_3p2,airline,44,airline:44,compound,False,True,calculate,expression,"""74""","""(2024 - 05 - 23 15 : 00 : 00 - 2024 - 05 - 24 16 : 36 : 00) / 3600""",unknown,aligned_tool
C1_C1,mistral_small_3p2,airline,44,airline:44,compound,False,True,calculate,expression,"""160 + 100""","""(2024 - 05 - 24 15 : 00 : 00 - 2024 - 05 - 24 16 : 36 : 00) / 3600""",unknown,aligned_tool
C1_C1,mistral_small_3p2,airline,44,airline:44,compound,False,True,search_direct_flight,<CALL>,"search_direct_flight|{""date"":""2024-05-25"",""destination"":""EWR"",""origin"":""MSP""}",<MISSING>,extra argument,replace
C1_C1,mistral_small_3p2,airline,44,airline:44,compound,False,True,search_direct_flight,<CALL>,"search_direct_flight|{""date"":""2024-05-27"",""destination"":""MSP"",""origin"":""EWR""}",<MISSING>,extra argument,replace
C1_C1,mistral_small_3p2,airline,44,airline:44,compound,False,True,search_direct_flight,<CALL>,"search_direct_flight|{""date"":""2024-05-21"",""destination"":""EWR"",""origin"":""MSP""}",<MISSING>,extra argument,replace
C1_C1,mistral_small_3p2,airline,44,airline:44,compound,False,True,search_direct_flight,<CALL>,"search_direct_flight|{""date"":""2024-05-21"",""destination"":""CLT"",""origin"":""EWR""}",<MISSING>,extra argument,replace
C1_C1,mistral_small_3p2,airline,44,airline:44,compound,False,True,search_direct_flight,<CALL>,"search_direct_flight|{""date"":""2024-05-23"",""destination"":""EWR"",""origin"":""LAX""}",<MISSING>,extra argument,replace
C1_C1,mistral_small_3p2,airline,44,airline:44,compound,False,True,search_direct_flight,<CALL>,"search_direct_flight|{""date"":""2024-05-24"",""destination"":""CLT"",""origin"":""EWR""}",<MISSING>,extra argument,replace
C1_C1,mistral_small_3p2,airline,44,airline:44,compound,False,True,search_direct_flight,<CALL>,"search_direct_flight|{""date"":""2024-05-24"",""destination"":""EWR"",""origin"":""CLT""}",<MISSING>,extra argument,replace
C1_C1,mistral_small_3p2,airline,44,airline:44,compound,False,True,search_direct_flight,<CALL>,"search_direct_flight|{""date"":""2024-05-25"",""destination"":""LAX"",""origin"":""EWR""}",<MISSING>,extra argument,replace
C1_C1,mistral_small_3p2,airline,44,airline:44,compound,False,True,search_direct_flight,<CALL>,"search_direct_flight|{""date"":""2024-05-24"",""destination"":""ATL"",""origin"":""JFK""}",<MISSING>,extra argument,replace
C1_C1,mistral_small_3p2,airline,44,airline:44,compound,False,True,search_direct_flight,<CALL>,"search_direct_flight|{""date"":""2024-05-10"",""destination"":""PHL"",""origin"":""ORD""}",<MISSING>,extra argument,replace
C1_C1,mistral_small_3p2,airline,44,airline:44,compound,False,True,search_direct_flight,<CALL>,"search_direct_flight|{""date"":""2024-05-11"",""destination"":""ORD"",""origin"":""PHL""}",<MISSING>,extra argument,replace
C1_C1,mistral_small_3p2,airline,44,airline:44,compound,False,True,calculate,<CALL>,<MISSING>,"calculate|{""expression"":""(2024 - 05 - 24 15 : 00 : 00 - 2024 - 05 - 24 16 : 36 : 00) / 3600""}",missing argument,replace
C1_C1,mistral_small_3p2,airline,44,airline:44,compound,False,True,calculate,<CALL>,<MISSING>,"calculate|{""expression"":""(2024 - 05 - 25 15 : 00 : 00 - 2024 - 05 - 24 16 : 36 : 00) / 3600""}",missing argument,replace
C1_C1,mistral_small_3p2,airline,44,airline:44,compound,False,True,calculate,<CALL>,<MISSING>,"calculate|{""expression"":""(2024 - 05 - 24 15 : 00 : 00 - 2024 - 05 - 24 16 : 36 : 00) / 3600""}",missing argument,replace
C1_C1,mistral_small_3p2,airline,44,airline:44,compound,False,True,transfer_to_human_agents,<CALL>,<MISSING>,"transfer_to_human_agents|{""summary"":""user wants to cancel all future reservations that include flights longer than 4 hours.""}",missing argument,replace
C1_C1,mistral_small_3p2,airline,44,airline:44,compound,False,True,transfer_to_human_agents,<CALL>,<MISSING>,"transfer_to_human_agents|{""summary"":""user wants to cancel all future reservations that include flights longer than 4 hours.""}",missing argument,replace
C1_C1,mistral_small_3p2,airline,44,airline:44,compound,False,True,transfer_to_human_agents,<CALL>,<MISSING>,"transfer_to_human_agents|{""summary"":""user wants to cancel all future reservations that include flights longer than 4 hours.""}",missing argument,replace
C1_C1,mistral_small_3p2,airline,44,airline:44,compound,False,True,transfer_to_human_agents,<CALL>,<MISSING>,"transfer_to_human_agents|{""summary"":""user wants to cancel all future reservations that include flights longer than 4 hours.""}",missing argument,replace
C1_C1,mistral_small_3p2,airline,44,airline:44,compound,False,True,transfer_to_human_agents,<CALL>,<MISSING>,"transfer_to_human_agents|{""summary"":""user wants to cancel all future reservations that include flights longer than 4 hours.""}",missing argument,replace
C1_C1,mistral_small_3p2,airline,44,airline:44,compound,False,True,transfer_to_human_agents,<CALL>,<MISSING>,"transfer_to_human_agents|{""summary"":""user wants to cancel all future reservations that include flights longer than 4 hours.""}",missing argument,replace
C1_C1,mistral_small_3p2,airline,44,airline:44,compound,False,True,transfer_to_human_agents,<CALL>,<MISSING>,"transfer_to_human_agents|{""summary"":""user wants to cancel all future reservations that include flights longer than 4 hours.""}",missing argument,replace
C1_C1,mistral_small_3p2,airline,44,airline:44,compound,False,True,transfer_to_human_agents,<CALL>,<MISSING>,"transfer_to_human_agents|{""summary"":""user wants to cancel all future reservations that include flights longer than 4 hours.""}",missing argument,replace
C1_C1,mistral_small_3p2,airline,44,airline:44,compound,False,True,transfer_to_human_agents,<CALL>,<MISSING>,"transfer_to_human_agents|{""summary"":""user wants to cancel all future reservations that include flights longer than 4 hours.""}",missing argument,replace
C1_C1,mistral_small_3p2,airline,44,airline:44,compound,False,True,transfer_to_human_agents,<CALL>,<MISSING>,"transfer_to_human_agents|{""summary"":""user wants to cancel all future reservations that include flights longer than 4 hours.""}",missing argument,replace
C1_C1,mistral_small_3p2,airline,44,airline:44,compound,False,True,transfer_to_human_agents,<CALL>,<MISSING>,"transfer_to_human_agents|{""summary"":""user wants to cancel all future reservations that include flights longer than 4 hours.""}",missing argument,replace
C1_C1,mistral_small_3p2,airline,44,airline:44,compound,False,True,transfer_to_human_agents,<CALL>,<MISSING>,"transfer_to_human_agents|{""summary"":""user wants to cancel all future reservations that include flights longer than 4 hours.""}",missing argument,replace
C2_C1,mistral_small_3p2,airline,7,airline:7,compound,False,False,calculate,expression,"""65 + 83 * 2""","""65 + 83""",unknown,aligned_tool
C2_C1,mistral_small_3p2,airline,7,airline:7,compound,False,False,calculate,expression,"""168 + 114 * 2""","""(148 - 65) * 0.5""",unknown,aligned_tool
C2_C1,mistral_small_3p2,airline,7,airline:7,compound,False,False,transfer_to_human_agents,<CALL>,"transfer_to_human_agents|{""summary"":""User wants to upgrade and cancel a basic economy flight.""}",<MISSING>,extra argument,replace
C2_C1,mistral_small_3p2,airline,7,airline:7,compound,False,False,calculate,<CALL>,<MISSING>,"calculate|{""expression"":""148 * 3""}",missing argument,replace
C2_C1,mistral_small_3p2,airline,7,airline:7,compound,False,False,update_reservation_flights,<CALL>,<MISSING>,"update_reservation_flights|{""cabin"":""business"",""flights"":[{""date"":""2024-05-20"",""flight_number"":""HAT005""},{""date"":""2024-05-30"",""flight_number"":""HAT178""}],""payment_id"":""credit_card_2408938"",""reservation_id"":""XEHM4B""}",missing argument,replace
C2_C1,mistral_small_3p2,airline,7,airline:7,compound,False,False,calculate,<CALL>,<MISSING>,"calculate|{""expression"":""1072 - 444""}",missing argument,replace
C2_C1,mistral_small_3p2,airline,7,airline:7,compound,False,False,cancel_reservation,<CALL>,<MISSING>,"cancel_reservation|{""reservation_id"":""XEHM4B""}",missing argument,replace
C2_C1,mistral_small_3p2,airline,7,airline:7,compound,False,False,cancel_reservation,<CALL>,<MISSING>,"cancel_reservation|{""reservation_id"":""59XX6W""}",missing argument,replace
C2_C1,mistral_small_3p2,airline,7,airline:7,compound,False,False,get_user_details,<CALL>,<MISSING>,"get_user_details|{""user_id"":""daiki_muller_1116""}",missing argument,replace
C2_C1,mistral_small_3p2,airline,7,airline:7,compound,False,False,get_reservation_details,<CALL>,<MISSING>,"get_reservation_details|{""reservation_id"":""7WPL39""}",missing argument,replace
C2_C1,mistral_small_3p2,airline,7,airline:7,compound,False,False,get_reservation_details,<CALL>,<MISSING>,"get_reservation_details|{""reservation_id"":""3EMQJ6""}",missing argument,replace
C2_C1,mistral_small_3p2,airline,7,airline:7,compound,False,False,get_reservation_details,<CALL>,<MISSING>,"get_reservation_details|{""reservation_id"":""A90KR2""}",missing argument,replace
C2_C1,mistral_small_3p2,airline,7,airline:7,compound,False,False,get_reservation_details,<CALL>,<MISSING>,"get_reservation_details|{""reservation_id"":""9MRJD4""}",missing argument,replace
C2_C1,mistral_small_3p2,airline,7,airline:7,compound,False,False,calculate,<CALL>,<MISSING>,"calculate|{""expression"":""77 + 94""}",missing argument,replace
C2_C1,mistral_small_3p2,airline,7,airline:7,compound,False,False,calculate,<CALL>,<MISSING>,"calculate|{""expression"":""89 + 65 + 58 + 94""}",missing argument,replace
C2_C1,mistral_small_3p2,airline,7,airline:7,compound,False,False,calculate,<CALL>,<MISSING>,"calculate|{""expression"":""1398 + 1798 + 579 + 1560""}",missing argument,replace
C2_C1,mistral_small_3p2,airline,7,airline:7,compound,False,True,get_flight_status,<CALL>,"get_flight_status|{""date"":""2024-05-20"",""flight_number"":""HAT005""}",<MISSING>,extra argument,replace
C2_C1,mistral_small_3p2,airline,7,airline:7,compound,False,True,get_flight_status,<CALL>,"get_flight_status|{""date"":""2024-05-30"",""flight_number"":""HAT178""}",<MISSING>,extra argument,replace
C2_C1,mistral_small_3p2,airline,7,airline:7,compound,False,True,get_flight_status,<CALL>,"get_flight_status|{""date"":""2024-05-19"",""flight_number"":""HAT007""}",<MISSING>,extra argument,replace
C2_C1,mistral_small_3p2,airline,7,airline:7,compound,False,True,get_flight_status,<CALL>,"get_flight_status|{""date"":""2024-05-29"",""flight_number"":""HAT174""}",<MISSING>,extra argument,replace
C2_C1,mistral_small_3p2,airline,7,airline:7,compound,False,True,get_user_details,<CALL>,<MISSING>,"get_user_details|{""user_id"":""daiki_muller_1116""}",missing argument,replace
C2_C1,mistral_small_3p2,airline,7,airline:7,compound,False,False,transfer_to_human_agents,<CALL>,"transfer_to_human_agents|{""summary"":""User daiki_muller_1116 wants to upgrade and cancel flights.""}",<MISSING>,extra argument,replace
C2_C1,mistral_small_3p2,airline,7,airline:7,compound,False,False,update_reservation_flights,<CALL>,<MISSING>,"update_reservation_flights|{""cabin"":""business"",""flights"":[{""date"":""2024-05-20"",""flight_number"":""HAT005""},{""date"":""2024-05-30"",""flight_number"":""HAT178""}],""payment_id"":""credit_card_2408938"",""reservation_id"":""XEHM4B""}",missing argument,replace
C2_C1,mistral_small_3p2,airline,7,airline:7,compound,False,False,calculate,<CALL>,<MISSING>,"calculate|{""expression"":""1072 - 296""}",missing argument,replace
C2_C1,mistral_small_3p2,airline,7,airline:7,compound,False,False,cancel_reservation,<CALL>,<MISSING>,"cancel_reservation|{""reservation_id"":""XEHM4B""}",missing argument,replace
C2_C1,mistral_small_3p2,airline,7,airline:7,compound,False,False,cancel_reservation,<CALL>,<MISSING>,"cancel_reservation|{""reservation_id"":""59XX6W""}",missing argument,replace
C2_C1,mistral_small_3p2,airline,7,airline:7,compound,False,False,send_certificate,<CALL>,<MISSING>,"send_certificate|{""amount"":300,""user_id"":""daiki_muller_1116""}",missing argument,replace
C2_C1,mistral_small_3p2,airline,7,airline:7,compound,False,False,transfer_to_human_agents,<CALL>,"transfer_to_human_agents|{""summary"":""User wants to upgrade and cancel flights due to sickness.""}",<MISSING>,extra argument,replace
C2_C1,mistral_small_3p2,airline,7,airline:7,compound,False,False,calculate,<CALL>,<MISSING>,"calculate|{""expression"":""2*(4-0)*150-296""}",missing argument,replace
C2_C1,mistral_small_3p2,airline,7,airline:7,compound,False,False,get_flight_status,<CALL>,<MISSING>,"get_flight_status|{""date"":""2024-05-20"",""flight_number"":""HAT005""}",missing argument,replace
C2_C1,mistral_small_3p2,airline,7,airline:7,compound,False,False,get_flight_status,<CALL>,<MISSING>,"get_flight_status|{""date"":""2024-05-30"",""flight_number"":""HAT178""}",missing argument,replace
C2_C1,mistral_small_3p2,airline,7,airline:7,compound,False,False,update_reservation_flights,<CALL>,<MISSING>,"update_reservation_flights|{""cabin"":""business"",""flights"":[{""date"":""2024-05-20"",""flight_number"":""HAT005""},{""date"":""2024-05-30"",""flight_number"":""HAT178""}],""payment_id"":""credit_card_2408938"",""reservation_id"":""XEHM4B""}",missing argument,replace
C2_C1,mistral_small_3p2,airline,7,airline:7,compound,False,False,cancel_reservation,<CALL>,<MISSING>,"cancel_reservation|{""reservation_id"":""XEHM4B""}",missing argument,replace
C2_C1,mistral_small_3p2,airline,7,airline:7,compound,False,False,get_user_details,<CALL>,<MISSING>,"get_user_details|{""user_id"":""daiki_muller_1116""}",missing argument,replace
C2_C1,mistral_small_3p2,airline,7,airline:7,compound,False,False,get_reservation_details,<CALL>,<MISSING>,"get_reservation_details|{""reservation_id"":""7WPL39""}",missing argument,replace
C2_C1,mistral_small_3p2,airline,7,airline:7,compound,False,False,get_reservation_details,<CALL>,<MISSING>,"get_reservation_details|{""reservation_id"":""3EMQJ6""}",missing argument,replace
C2_C1,mistral_small_3p2,airline,7,airline:7,compound,False,False,get_reservation_details,<CALL>,<MISSING>,"get_reservation_details|{""reservation_id"":""A90KR2""}",missing argument,replace
C2_C1,mistral_small_3p2,airline,7,airline:7,compound,False,False,get_reservation_details,<CALL>,<MISSING>,"get_reservation_details|{""reservation_id"":""9MRJD4""}",missing argument,replace
C1_C1,mistral_small_3p2,airline,7,airline:7,compound,False,False,calculate,expression,"""1072 - 444""","""1072 - 296""",unknown,aligned_tool
C1_C1,mistral_small_3p2,airline,7,airline:7,compound,False,False,get_user_details,<CALL>,"get_user_details|{""user_id"":""daiki_muller_1116""}",<MISSING>,extra argument,replace
C1_C1,mistral_small_3p2,airline,7,airline:7,compound,False,False,get_reservation_details,<CALL>,"get_reservation_details|{""reservation_id"":""7WPL39""}",<MISSING>,extra argument,replace
C1_C1,mistral_small_3p2,airline,7,airline:7,compound,False,False,get_reservation_details,<CALL>,"get_reservation_details|{""reservation_id"":""3EMQJ6""}",<MISSING>,extra argument,replace
C1_C1,mistral_small_3p2,airline,7,airline:7,compound,False,False,get_reservation_details,<CALL>,"get_reservation_details|{""reservation_id"":""A90KR2""}",<MISSING>,extra argument,replace
C1_C1,mistral_small_3p2,airline,7,airline:7,compound,False,False,get_reservation_details,<CALL>,"get_reservation_details|{""reservation_id"":""9MRJD4""}",<MISSING>,extra argument,replace
C1_C1,mistral_small_3p2,airline,7,airline:7,compound,False,False,calculate,<CALL>,"calculate|{""expression"":""77 + 94""}",<MISSING>,extra argument,replace
C1_C1,mistral_small_3p2,airline,7,airline:7,compound,False,False,calculate,<CALL>,"calculate|{""expression"":""89 + 65 + 58 + 94""}",<MISSING>,extra argument,replace
C1_C1,mistral_small_3p2,airline,7,airline:7,compound,False,False,calculate,<CALL>,"calculate|{""expression"":""1398 + 1798 + 579 + 1560""}",<MISSING>,extra argument,replace
C1_C1,mistral_small_3p2,airline,7,airline:7,compound,False,False,send_certificate,<CALL>,<MISSING>,"send_certificate|{""amount"":300,""user_id"":""daiki_muller_1116""}",missing argument,replace
C1_C1,mistral_small_3p2,airline,7,airline:7,compound,False,False,cancel_reservation,reservation_id,"""59XX6W""","""XEHM4B""",order/reservation identifier,aligned_tool
C1_C1,mistral_small_3p2,airline,7,airline:7,compound,False,False,get_user_details,<CALL>,"get_user_details|{""user_id"":""daiki_muller_1116""}",<MISSING>,extra argument,replace
C1_C1,mistral_small_3p2,airline,7,airline:7,compound,False,False,update_reservation_flights,<CALL>,<MISSING>,"update_reservation_flights|{""cabin"":""business"",""flights"":[{""date"":""2024-05-20"",""flight_number"":""HAT005""},{""date"":""2024-05-30"",""flight_number"":""HAT178""}],""payment_id"":""credit_card_2408938"",""reservation_id"":""XEHM4B""}",missing argument,replace
C1_C1,mistral_small_3p2,airline,7,airline:7,compound,False,False,calculate,<CALL>,<MISSING>,"calculate|{""expression"":""1072 - 296""}",missing argument,replace
C1_C1,mistral_small_3p2,airline,7,airline:7,compound,False,False,cancel_reservation,<CALL>,<MISSING>,"cancel_reservation|{""reservation_id"":""XEHM4B""}",missing argument,replace
C1_C1,mistral_small_3p2,airline,7,airline:7,compound,False,False,cancel_reservation,<CALL>,<MISSING>,"cancel_reservation|{""reservation_id"":""59XX6W""}",missing argument,replace
C1_C1,mistral_small_3p2,airline,7,airline:7,compound,False,False,send_certificate,<CALL>,<MISSING>,"send_certificate|{""amount"":300,""user_id"":""daiki_muller_1116""}",missing argument,replace
C1_C1,mistral_small_3p2,airline,7,airline:7,compound,False,False,update_reservation_flights,<CALL>,"update_reservation_flights|{""cabin"":""business"",""flights"":[{""date"":""2024-05-20"",""flight_number"":""HAT005""},{""date"":""2024-05-30"",""flight_number"":""HAT178""}],""payment_id"":""credit_card_2408938"",""reservation_id"":""XEHM4B""}",<MISSING>,extra argument,replace
C1_C1,mistral_small_3p2,airline,7,airline:7,compound,False,False,calculate,<CALL>,"calculate|{""expression"":""1072 - 296""}",<MISSING>,extra argument,replace
C1_C1,mistral_small_3p2,airline,7,airline:7,compound,False,False,cancel_reservation,<CALL>,"cancel_reservation|{""reservation_id"":""XEHM4B""}",<MISSING>,extra argument,replace
C1_C1,mistral_small_3p2,airline,7,airline:7,compound,False,False,cancel_reservation,<CALL>,"cancel_reservation|{""reservation_id"":""59XX6W""}",<MISSING>,extra argument,replace
C1_C1,mistral_small_3p2,airline,7,airline:7,compound,False,False,send_certificate,<CALL>,"send_certificate|{""amount"":300,""user_id"":""daiki_muller_1116""}",<MISSING>,extra argument,replace
C1_C1,mistral_small_3p2,airline,7,airline:7,compound,False,False,get_user_details,<CALL>,<MISSING>,"get_user_details|{""user_id"":""daiki_muller_1116""}",missing argument,replace
C1_C1,mistral_small_3p2,airline,7,airline:7,compound,False,False,cancel_reservation,<CALL>,"cancel_reservation|{""reservation_id"":""59XX6W""}",<MISSING>,extra argument,replace
C1_C1,mistral_small_3p2,airline,7,airline:7,compound,False,False,send_certificate,<CALL>,"send_certificate|{""amount"":300,""user_id"":""daiki_muller_1116""}",<MISSING>,extra argument,replace
C1_C1,mistral_small_3p2,airline,7,airline:7,compound,False,False,get_user_details,<CALL>,<MISSING>,"get_user_details|{""user_id"":""daiki_muller_1116""}",missing argument,replace
C1_C1,mistral_small_3p2,airline,7,airline:7,compound,False,False,get_reservation_details,<CALL>,<MISSING>,"get_reservation_details|{""reservation_id"":""7WPL39""}",missing argument,replace
C1_C1,mistral_small_3p2,airline,7,airline:7,compound,False,False,get_reservation_details,<CALL>,<MISSING>,"get_reservation_details|{""reservation_id"":""3EMQJ6""}",missing argument,replace
C1_C1,mistral_small_3p2,airline,7,airline:7,compound,False,False,get_reservation_details,<CALL>,<MISSING>,"get_reservation_details|{""reservation_id"":""A90KR2""}",missing argument,replace
C1_C1,mistral_small_3p2,airline,7,airline:7,compound,False,False,get_reservation_details,<CALL>,<MISSING>,"get_reservation_details|{""reservation_id"":""9MRJD4""}",missing argument,replace
C2_C1,mistral_small_3p2,airline,8,airline:8,single,False,True,get_reservation_details,reservation_id,"""NM1VX1""","""KC18K6""",order/reservation identifier,aligned_tool
C2_C1,mistral_small_3p2,airline,8,airline:8,single,False,True,get_reservation_details,reservation_id,"""KC18K6""","""NM1VX1""",order/reservation identifier,aligned_tool
C2_C1,mistral_small_3p2,airline,8,airline:8,single,False,True,get_reservation_details,<CALL>,"get_reservation_details|{""reservation_id"":""S61CZX""}",<MISSING>,extra argument,replace
C2_C1,mistral_small_3p2,airline,8,airline:8,single,False,True,get_reservation_details,<CALL>,"get_reservation_details|{""reservation_id"":""H8Q05L""}",<MISSING>,extra argument,replace
C2_C1,mistral_small_3p2,airline,8,airline:8,single,False,True,get_reservation_details,<CALL>,"get_reservation_details|{""reservation_id"":""WUNA5K""}",<MISSING>,extra argument,replace
C2_C1,mistral_small_3p2,airline,8,airline:8,single,False,True,get_flight_status,<CALL>,<MISSING>,"get_flight_status|{""date"":""2024-05-10"",""flight_number"":""HAT300""}",missing argument,replace
C2_C1,mistral_small_3p2,airline,8,airline:8,single,False,True,get_flight_status,<CALL>,<MISSING>,"get_flight_status|{""date"":""2024-05-10"",""flight_number"":""HAT215""}",missing argument,replace
C2_C1,mistral_small_3p2,airline,8,airline:8,single,False,True,search_direct_flight,<CALL>,<MISSING>,"search_direct_flight|{""date"":""2024-05-26"",""destination"":""PHL"",""origin"":""ORD""}",missing argument,replace
C2_C1,mistral_small_3p2,airline,8,airline:8,single,False,True,search_onestop_flight,<CALL>,<MISSING>,"search_onestop_flight|{""date"":""2024-05-26"",""destination"":""PHL"",""origin"":""ORD""}",missing argument,replace
C2_C1,mistral_small_3p2,airline,8,airline:8,single,False,True,get_reservation_details,reservation_id,"""KC18K6""","""S61CZX""",order/reservation identifier,aligned_tool
C2_C1,mistral_small_3p2,airline,8,airline:8,single,False,True,get_reservation_details,reservation_id,"""S61CZX""","""H8Q05L""",order/reservation identifier,aligned_tool
C2_C1,mistral_small_3p2,airline,8,airline:8,single,False,True,get_reservation_details,reservation_id,"""H8Q05L""","""WUNA5K""",order/reservation identifier,aligned_tool
C2_C1,mistral_small_3p2,airline,8,airline:8,single,False,False,calculate,expression,"""500 - 174""","""150 + 30 * 2""",unknown,aligned_tool
C2_C1,mistral_small_3p2,airline,8,airline:8,single,False,False,calculate,expression,"""326 / 174""","""174 + 30 * 2""",unknown,aligned_tool
C2_C1,mistral_small_3p2,airline,8,airline:8,single,False,False,calculate,<CALL>,"calculate|{""expression"":""326 - 150""}",<MISSING>,extra argument,replace
C2_C1,mistral_small_3p2,airline,8,airline:8,single,False,False,calculate,<CALL>,"calculate|{""expression"":""326 - 500""}",<MISSING>,extra argument,replace
C2_C1,mistral_small_3p2,airline,8,airline:8,single,False,False,calculate,<CALL>,"calculate|{""expression"":""326 - 274""}",<MISSING>,extra argument,replace
C2_C1,mistral_small_3p2,airline,8,airline:8,single,False,False,calculate,<CALL>,"calculate|{""expression"":""52 / 174""}",<MISSING>,extra argument,replace
C2_C1,mistral_small_3p2,airline,8,airline:8,single,False,False,calculate,<CALL>,"calculate|{""expression"":""176 / 174""}",<MISSING>,extra argument,replace
C2_C1,mistral_small_3p2,airline,8,airline:8,single,False,False,calculate,<CALL>,"calculate|{""expression"":""176 - 174""}",<MISSING>,extra argument,replace
C2_C1,mistral_small_3p2,airline,8,airline:8,single,False,False,calculate,<CALL>,"calculate|{""expression"":""2 / 174""}",<MISSING>,extra argument,replace
C2_C1,mistral_small_3p2,airline,8,airline:8,single,False,False,calculate,<CALL>,"calculate|{""expression"":""176 - 500""}",<MISSING>,extra argument,replace
C2_C1,mistral_small_3p2,airline,8,airline:8,single,False,False,calculate,<CALL>,"calculate|{""expression"":""176 - 274""}",<MISSING>,extra argument,replace
C2_C1,mistral_small_3p2,airline,8,airline:8,single,False,False,calculate,<CALL>,"calculate|{""expression"":""176 - 150""}",<MISSING>,extra argument,replace
C2_C1,mistral_small_3p2,airline,8,airline:8,single,False,False,calculate,<CALL>,"calculate|{""expression"":""26 / 174""}",<MISSING>,extra argument,replace
C2_C1,mistral_small_3p2,airline,8,airline:8,single,False,False,calculate,<CALL>,"calculate|{""expression"":""26 - 174""}",<MISSING>,extra argument,replace
C2_C1,mistral_small_3p2,airline,8,airline:8,single,False,False,calculate,<CALL>,"calculate|{""expression"":""26 - 500""}",<MISSING>,extra argument,replace
C2_C1,mistral_small_3p2,airline,8,airline:8,single,False,False,calculate,<CALL>,"calculate|{""expression"":""26 - 274""}",<MISSING>,extra argument,replace
C2_C1,mistral_small_3p2,airline,8,airline:8,single,False,False,calculate,<CALL>,"calculate|{""expression"":""26 - 150""}",<MISSING>,extra argument,replace
C2_C1,mistral_small_3p2,airline,8,airline:8,single,False,False,calculate,<CALL>,"calculate|{""expression"":""174 * 2""}",<MISSING>,extra argument,replace
C2_C1,mistral_small_3p2,airline,8,airline:8,single,False,False,calculate,<CALL>,"calculate|{""expression"":""348 - 500""}",<MISSING>,extra argument,replace
C2_C1,mistral_small_3p2,airline,8,airline:8,single,False,False,calculate,<CALL>,"calculate|{""expression"":""348 - 274""}",<MISSING>,extra argument,replace
C2_C1,mistral_small_3p2,airline,8,airline:8,single,False,False,calculate,<CALL>,"calculate|{""expression"":""74 / 174""}",<MISSING>,extra argument,replace
C2_C1,mistral_small_3p2,airline,8,airline:8,single,False,False,calculate,<CALL>,"calculate|{""expression"":""74 - 174""}",<MISSING>,extra argument,replace
C2_C1,mistral_small_3p2,airline,8,airline:8,single,False,False,calculate,<CALL>,"calculate|{""expression"":""74 - 500""}",<MISSING>,extra argument,replace
C2_C1,mistral_small_3p2,airline,8,airline:8,single,False,False,__invalid__,<CALL>,"__invalid__|{""result"":-426.0}",<MISSING>,extra argument,replace
C2_C1,mistral_small_3p2,airline,8,airline:8,single,False,False,calculate,<CALL>,"calculate|{""expression"":""74 - 274""}",<MISSING>,extra argument,replace
C2_C1,mistral_small_3p2,airline,8,airline:8,single,False,False,calculate,<CALL>,"calculate|{""expression"":""74 - 150""}",<MISSING>,extra argument,replace
C2_C1,mistral_small_3p2,airline,8,airline:8,single,False,False,calculate,<CALL>,"calculate|{""expression"":""74 / 174""}",<MISSING>,extra argument,replace
C2_C1,mistral_small_3p2,airline,8,airline:8,single,False,False,calculate,<CALL>,"calculate|{""expression"":""74 - 174""}",<MISSING>,extra argument,replace
C2_C1,mistral_small_3p2,airline,8,airline:8,single,False,False,calculate,<CALL>,"calculate|{""expression"":""74 - 500""}",<MISSING>,extra argument,replace
C2_C1,mistral_small_3p2,airline,8,airline:8,single,False,False,calculate,<CALL>,"calculate|{""expression"":""74 - 274""}",<MISSING>,extra argument,replace
C2_C1,mistral_small_3p2,airline,8,airline:8,single,False,False,calculate,<CALL>,"calculate|{""expression"":""74 - 150""}",<MISSING>,extra argument,replace
C2_C1,mistral_small_3p2,airline,8,airline:8,single,False,False,calculate,<CALL>,"calculate|{""expression"":""74 / 174""}",<MISSING>,extra argument,replace
C2_C1,mistral_small_3p2,airline,8,airline:8,single,False,False,calculate,<CALL>,"calculate|{""expression"":""174 * 2""}",<MISSING>,extra argument,replace
C2_C1,mistral_small_3p2,airline,8,airline:8,single,False,False,calculate,<CALL>,"calculate|{""expression"":""348 - 500""}",<MISSING>,extra argument,replace
C2_C1,mistral_small_3p2,airline,8,airline:8,single,False,False,calculate,<CALL>,"calculate|{""expression"":""348 - 274""}",<MISSING>,extra argument,replace
C2_C1,mistral_small_3p2,airline,8,airline:8,single,False,False,calculate,<CALL>,"calculate|{""expression"":""74 / 174""}",<MISSING>,extra argument,replace
C2_C1,mistral_small_3p2,airline,8,airline:8,single,False,False,calculate,<CALL>,"calculate|{""expression"":""74 - 174""}",<MISSING>,extra argument,replace
C2_C1,mistral_small_3p2,airline,8,airline:8,single,False,False,calculate,<CALL>,"calculate|{""expression"":""74 - 500""}",<MISSING>,extra argument,replace
C2_C1,mistral_small_3p2,airline,8,airline:8,single,False,False,calculate,<CALL>,"calculate|{""expression"":""74 - 274""}",<MISSING>,extra argument,replace
C2_C1,mistral_small_3p2,airline,8,airline:8,single,False,False,calculate,<CALL>,"calculate|{""expression"":""74 - 150""}",<MISSING>,extra argument,replace
C2_C1,mistral_small_3p2,airline,8,airline:8,single,False,False,calculate,<CALL>,"calculate|{""expression"":""74 / 174""}",<MISSING>,extra argument,replace
C2_C1,mistral_small_3p2,airline,8,airline:8,single,False,False,calculate,<CALL>,"calculate|{""expression"":""174 * 2""}",<MISSING>,extra argument,replace
C2_C1,mistral_small_3p2,airline,8,airline:8,single,False,False,calculate,<CALL>,"calculate|{""expression"":""348 - 500""}",<MISSING>,extra argument,replace
C2_C1,mistral_small_3p2,airline,8,airline:8,single,False,False,calculate,<CALL>,"calculate|{""expression"":""348 - 274""}",<MISSING>,extra argument,replace
C2_C1,mistral_small_3p2,airline,8,airline:8,single,False,False,calculate,<CALL>,"calculate|{""expression"":""74 / 174""}",<MISSING>,extra argument,replace
C2_C1,mistral_small_3p2,airline,8,airline:8,single,False,False,calculate,<CALL>,"calculate|{""expression"":""74 - 174""}",<MISSING>,extra argument,replace
C2_C1,mistral_small_3p2,airline,8,airline:8,single,False,False,book_reservation,<CALL>,<MISSING>,"book_reservation|{""cabin"":""economy"",""destination"":""PHL"",""flight_type"":""one_way"",""flights"":[{""date"":""2024-05-26"",""flight_number"":""HAT271""}],""insurance"":""no"",""nonfree_baggages"":0,""origin"":""ORD"",""passengers"":[{""dob"":""1957-10-05"",""first_name"":""Sophia"",""last_name"":""Silva""},{""dob"":""2001-04-12"",""first_name"":""Kevin"",""last_name"":""Smith""}],""payment_methods"":[{""amount"":174,""payment_id"":""gift_card_5094406""}],""total_baggages"":2,""user_id"":""sophia_silva_7557""}",missing argument,replace
C2_C1,mistral_small_3p2,airline,8,airline:8,single,False,False,book_reservation,<CALL>,<MISSING>,"book_reservation|{""cabin"":""economy"",""destination"":""PHL"",""flight_type"":""one_way"",""flights"":[{""date"":""2024-05-26"",""flight_number"":""HAT271""}],""insurance"":""no"",""nonfree_baggages"":0,""origin"":""ORD"",""passengers"":[{""dob"":""1957-10-05"",""first_name"":""Sophia"",""last_name"":""Silva""}],""payment_methods"":[{""amount"":174,""payment_id"":""gift_card_5094406""}],""total_baggages"":1,""user_id"":""sophia_silva_7557""}",missing argument,replace
C2_C1,mistral_small_3p2,airline,8,airline:8,single,False,True,get_reservation_details,reservation_id,"""NM1VX1""","""KC18K6""",order/reservation identifier,aligned_tool
C2_C1,mistral_small_3p2,airline,8,airline:8,single,False,True,get_reservation_details,<CALL>,"get_reservation_details|{""reservation_id"":""KC18K6""}",<MISSING>,extra argument,replace
C2_C1,mistral_small_3p2,airline,8,airline:8,single,False,True,get_reservation_details,<CALL>,"get_reservation_details|{""reservation_id"":""S61CZX""}",<MISSING>,extra argument,replace
C2_C1,mistral_small_3p2,airline,8,airline:8,single,False,True,get_reservation_details,<CALL>,"get_reservation_details|{""reservation_id"":""H8Q05L""}",<MISSING>,extra argument,replace
C2_C1,mistral_small_3p2,airline,8,airline:8,single,False,True,get_reservation_details,<CALL>,"get_reservation_details|{""reservation_id"":""WUNA5K""}",<MISSING>,extra argument,replace
C2_C1,mistral_small_3p2,airline,8,airline:8,single,False,True,search_direct_flight,<CALL>,<MISSING>,"search_direct_flight|{""date"":""2024-05-15"",""destination"":""PHL"",""origin"":""ORD""}",missing argument,replace
C2_C1,mistral_small_3p2,airline,8,airline:8,single,False,True,search_onestop_flight,<CALL>,<MISSING>,"search_onestop_flight|{""date"":""2024-05-15"",""destination"":""PHL"",""origin"":""ORD""}",missing argument,replace
C2_C1,mistral_small_3p2,airline,8,airline:8,single,False,True,get_flight_status,<CALL>,<MISSING>,"get_flight_status|{""date"":""2024-05-10"",""flight_number"":""HAT300""}",missing argument,replace
C2_C1,mistral_small_3p2,airline,8,airline:8,single,False,True,get_flight_status,<CALL>,<MISSING>,"get_flight_status|{""date"":""2024-05-10"",""flight_number"":""HAT215""}",missing argument,replace
C2_C1,mistral_small_3p2,airline,8,airline:8,single,False,True,search_direct_flight,<CALL>,<MISSING>,"search_direct_flight|{""date"":""2024-05-26"",""destination"":""PHL"",""origin"":""ORD""}",missing argument,replace
C2_C1,mistral_small_3p2,airline,8,airline:8,single,False,True,search_onestop_flight,<CALL>,<MISSING>,"search_onestop_flight|{""date"":""2024-05-26"",""destination"":""PHL"",""origin"":""ORD""}",missing argument,replace
C2_C1,mistral_small_3p2,airline,8,airline:8,single,False,True,get_flight_status,<CALL>,<MISSING>,"get_flight_status|{""date"":""2024-05-10"",""flight_number"":""HAT300""}",missing argument,replace
C2_C1,mistral_small_3p2,airline,8,airline:8,single,False,True,get_flight_status,<CALL>,<MISSING>,"get_flight_status|{""date"":""2024-05-10"",""flight_number"":""HAT215""}",missing argument,replace
C2_C1,mistral_small_3p2,airline,8,airline:8,single,False,True,search_direct_flight,<CALL>,<MISSING>,"search_direct_flight|{""date"":""2024-05-26"",""destination"":""PHL"",""origin"":""ORD""}",missing argument,replace
C2_C1,mistral_small_3p2,airline,8,airline:8,single,False,True,search_onestop_flight,<CALL>,<MISSING>,"search_onestop_flight|{""date"":""2024-05-26"",""destination"":""PHL"",""origin"":""ORD""}",missing argument,replace
C2_C1,mistral_small_3p2,airline,8,airline:8,single,False,True,search_direct_flight,<CALL>,<MISSING>,"search_direct_flight|{""date"":""2024-05-26"",""destination"":""PHL"",""origin"":""ORD""}",missing argument,replace
C2_C1,mistral_small_3p2,airline,8,airline:8,single,False,True,transfer_to_human_agents,<CALL>,<MISSING>,"transfer_to_human_agents|{""summary"":""The user would like to book flight HAT139 and add an extra passenger, Kevin Smith, born on April 12, 2001. They want to book an economy ticket with an aisle and a middle seat together and have no baggage.""}",missing argument,replace
C1_C1,mistral_small_3p2,airline,8,airline:8,single,False,False,get_reservation_details,reservation_id,"""KC18K6""","""NM1VX1""",order/reservation identifier,aligned_tool
C1_C1,mistral_small_3p2,airline,8,airline:8,single,False,False,search_direct_flight,date,"""2024-05-15""","""2024-05-26""",date/time,aligned_tool
C1_C1,mistral_small_3p2,airline,8,airline:8,single,False,False,search_onestop_flight,<CALL>,"search_onestop_flight|{""date"":""2024-05-15"",""destination"":""PHL"",""origin"":""ORD""}",<MISSING>,extra argument,replace
C1_C1,mistral_small_3p2,airline,8,airline:8,single,False,False,get_reservation_details,<CALL>,"get_reservation_details|{""reservation_id"":""NM1VX1""}",<MISSING>,extra argument,replace
C1_C1,mistral_small_3p2,airline,8,airline:8,single,False,False,get_flight_status,<CALL>,"get_flight_status|{""date"":""2024-05-10"",""flight_number"":""HAT300""}",<MISSING>,extra argument,replace
C1_C1,mistral_small_3p2,airline,8,airline:8,single,False,False,get_flight_status,<CALL>,"get_flight_status|{""date"":""2024-05-10"",""flight_number"":""HAT215""}",<MISSING>,extra argument,replace
C1_C1,mistral_small_3p2,airline,8,airline:8,single,False,False,search_direct_flight,<CALL>,"search_direct_flight|{""date"":""2024-05-26"",""destination"":""PHL"",""origin"":""ORD""}",<MISSING>,extra argument,replace
C1_C1,mistral_small_3p2,airline,8,airline:8,single,False,False,search_onestop_flight,<CALL>,"search_onestop_flight|{""date"":""2024-05-26"",""destination"":""PHL"",""origin"":""ORD""}",<MISSING>,extra argument,replace
C1_C1,mistral_small_3p2,airline,8,airline:8,single,False,False,calculate,<CALL>,<MISSING>,"calculate|{""expression"":""150 + 30 * 2""}",missing argument,replace
C1_C1,mistral_small_3p2,airline,8,airline:8,single,False,False,calculate,<CALL>,<MISSING>,"calculate|{""expression"":""174 + 30 * 2""}",missing argument,replace
C1_C1,mistral_small_3p2,airline,8,airline:8,single,False,False,book_reservation,<CALL>,<MISSING>,"book_reservation|{""cabin"":""economy"",""destination"":""PHL"",""flight_type"":""one_way"",""flights"":[{""date"":""2024-05-26"",""flight_number"":""HAT271""}],""insurance"":""no"",""nonfree_baggages"":0,""origin"":""ORD"",""passengers"":[{""dob"":""1957-10-05"",""first_name"":""Sophia"",""last_name"":""Silva""},{""dob"":""2001-04-12"",""first_name"":""Kevin"",""last_name"":""Smith""}],""payment_methods"":[{""amount"":174,""payment_id"":""gift_card_5094406""}],""total_baggages"":2,""user_id"":""sophia_silva_7557""}",missing argument,replace
C1_C1,mistral_small_3p2,airline,8,airline:8,single,False,False,book_reservation,<CALL>,<MISSING>,"book_reservation|{""cabin"":""economy"",""destination"":""PHL"",""flight_type"":""one_way"",""flights"":[{""date"":""2024-05-26"",""flight_number"":""HAT271""}],""insurance"":""no"",""nonfree_baggages"":0,""origin"":""ORD"",""passengers"":[{""dob"":""1957-10-05"",""first_name"":""Sophia"",""last_name"":""Silva""}],""payment_methods"":[{""amount"":174,""payment_id"":""gift_card_5094406""}],""total_baggages"":1,""user_id"":""sophia_silva_7557""}",missing argument,replace
C1_C1,mistral_small_3p2,airline,8,airline:8,single,False,False,get_reservation_details,reservation_id,"""S61CZX""","""KC18K6""",order/reservation identifier,aligned_tool
C1_C1,mistral_small_3p2,airline,8,airline:8,single,False,False,get_reservation_details,reservation_id,"""H8Q05L""","""S61CZX""",order/reservation identifier,aligned_tool
C1_C1,mistral_small_3p2,airline,8,airline:8,single,False,False,get_reservation_details,reservation_id,"""WUNA5K""","""H8Q05L""",order/reservation identifier,aligned_tool
C1_C1,mistral_small_3p2,airline,8,airline:8,single,False,True,get_reservation_details,<CALL>,"get_reservation_details|{""reservation_id"":""NM1VX1""}",<MISSING>,extra argument,replace
C1_C1,mistral_small_3p2,airline,8,airline:8,single,False,True,get_reservation_details,<CALL>,"get_reservation_details|{""reservation_id"":""S61CZX""}",<MISSING>,extra argument,replace
C1_C1,mistral_small_3p2,airline,8,airline:8,single,False,True,get_reservation_details,<CALL>,"get_reservation_details|{""reservation_id"":""H8Q05L""}",<MISSING>,extra argument,replace
C1_C1,mistral_small_3p2,airline,8,airline:8,single,False,True,get_reservation_details,<CALL>,"get_reservation_details|{""reservation_id"":""WUNA5K""}",<MISSING>,extra argument,replace
C1_C1,mistral_small_3p2,airline,8,airline:8,single,False,True,get_flight_status,<CALL>,<MISSING>,"get_flight_status|{""date"":""2024-05-10"",""flight_number"":""HAT300""}",missing argument,replace
C1_C1,mistral_small_3p2,airline,8,airline:8,single,False,True,get_flight_status,<CALL>,<MISSING>,"get_flight_status|{""date"":""2024-05-10"",""flight_number"":""HAT215""}",missing argument,replace
C1_C1,mistral_small_3p2,airline,8,airline:8,single,False,True,search_direct_flight,<CALL>,<MISSING>,"search_direct_flight|{""date"":""2024-05-26"",""destination"":""PHL"",""origin"":""ORD""}",missing argument,replace
C1_C1,mistral_small_3p2,airline,8,airline:8,single,False,True,search_onestop_flight,<CALL>,<MISSING>,"search_onestop_flight|{""date"":""2024-05-26"",""destination"":""PHL"",""origin"":""ORD""}",missing argument,replace
C1_C1,mistral_small_3p2,airline,8,airline:8,single,False,True,search_direct_flight,<CALL>,<MISSING>,"search_direct_flight|{""date"":""2024-05-26"",""destination"":""PHL"",""origin"":""ORD""}",missing argument,replace
C1_C1,mistral_small_3p2,airline,8,airline:8,single,False,True,transfer_to_human_agents,<CALL>,<MISSING>,"transfer_to_human_agents|{""summary"":""The user would like to book flight HAT139 and add an extra passenger, Kevin Smith, born on April 12, 2001. They want to book an economy ticket with an aisle and a middle seat together and have no baggage.""}",missing argument,replace
C1_C1,mistral_small_3p2,airline,8,airline:8,single,False,False,get_reservation_details,reservation_id,"""NM1VX1""","""KC18K6""",order/reservation identifier,aligned_tool
C1_C1,mistral_small_3p2,airline,8,airline:8,single,False,False,search_direct_flight,date,"""2024-05-26""","""2024-05-15""",date/time,aligned_tool
C1_C1,mistral_small_3p2,airline,8,airline:8,single,False,False,calculate,<CALL>,"calculate|{""expression"":""150 + 30 * 2""}",<MISSING>,extra argument,replace
C1_C1,mistral_small_3p2,airline,8,airline:8,single,False,False,calculate,<CALL>,"calculate|{""expression"":""174 + 30 * 2""}",<MISSING>,extra argument,replace
C1_C1,mistral_small_3p2,airline,8,airline:8,single,False,False,book_reservation,<CALL>,"book_reservation|{""cabin"":""economy"",""destination"":""PHL"",""flight_type"":""one_way"",""flights"":[{""date"":""2024-05-26"",""flight_number"":""HAT271""}],""insurance"":""no"",""nonfree_baggages"":0,""origin"":""ORD"",""passengers"":[{""dob"":""1957-10-05"",""first_name"":""Sophia"",""last_name"":""Silva""},{""dob"":""2001-04-12"",""first_name"":""Kevin"",""last_name"":""Smith""}],""payment_methods"":[{""amount"":174,""payment_id"":""gift_card_5094406""}],""total_baggages"":2,""user_id"":""sophia_silva_7557""}",<MISSING>,extra argument,replace
C1_C1,mistral_small_3p2,airline,8,airline:8,single,False,False,book_reservation,<CALL>,"book_reservation|{""cabin"":""economy"",""destination"":""PHL"",""flight_type"":""one_way"",""flights"":[{""date"":""2024-05-26"",""flight_number"":""HAT271""}],""insurance"":""no"",""nonfree_baggages"":0,""origin"":""ORD"",""passengers"":[{""dob"":""1957-10-05"",""first_name"":""Sophia"",""last_name"":""Silva""}],""payment_methods"":[{""amount"":174,""payment_id"":""gift_card_5094406""}],""total_baggages"":1,""user_id"":""sophia_silva_7557""}",<MISSING>,extra argument,replace
C1_C1,mistral_small_3p2,airline,8,airline:8,single,False,False,search_onestop_flight,<CALL>,<MISSING>,"search_onestop_flight|{""date"":""2024-05-15"",""destination"":""PHL"",""origin"":""ORD""}",missing argument,replace
C1_C1,mistral_small_3p2,airline,8,airline:8,single,False,False,get_flight_status,<CALL>,<MISSING>,"get_flight_status|{""date"":""2024-05-10"",""flight_number"":""HAT300""}",missing argument,replace
C1_C1,mistral_small_3p2,airline,8,airline:8,single,False,False,get_flight_status,<CALL>,<MISSING>,"get_flight_status|{""date"":""2024-05-10"",""flight_number"":""HAT215""}",missing argument,replace
C1_C1,mistral_small_3p2,airline,8,airline:8,single,False,False,search_direct_flight,<CALL>,<MISSING>,"search_direct_flight|{""date"":""2024-05-26"",""destination"":""PHL"",""origin"":""ORD""}",missing argument,replace
C1_C1,mistral_small_3p2,airline,8,airline:8,single,False,False,search_onestop_flight,<CALL>,<MISSING>,"search_onestop_flight|{""date"":""2024-05-26"",""destination"":""PHL"",""origin"":""ORD""}",missing argument,replace
C1_C1,mistral_small_3p2,airline,8,airline:8,single,False,False,get_flight_status,<CALL>,<MISSING>,"get_flight_status|{""date"":""2024-05-10"",""flight_number"":""HAT300""}",missing argument,replace
C1_C1,mistral_small_3p2,airline,8,airline:8,single,False,False,get_flight_status,<CALL>,<MISSING>,"get_flight_status|{""date"":""2024-05-10"",""flight_number"":""HAT215""}",missing argument,replace
C1_C1,mistral_small_3p2,airline,8,airline:8,single,False,False,search_direct_flight,<CALL>,<MISSING>,"search_direct_flight|{""date"":""2024-05-26"",""destination"":""PHL"",""origin"":""ORD""}",missing argument,replace
C1_C1,mistral_small_3p2,airline,8,airline:8,single,False,False,search_onestop_flight,<CALL>,<MISSING>,"search_onestop_flight|{""date"":""2024-05-26"",""destination"":""PHL"",""origin"":""ORD""}",missing argument,replace
C1_C1,mistral_small_3p2,airline,8,airline:8,single,False,False,search_direct_flight,<CALL>,<MISSING>,"search_direct_flight|{""date"":""2024-05-26"",""destination"":""PHL"",""origin"":""ORD""}",missing argument,replace
C1_C1,mistral_small_3p2,airline,8,airline:8,single,False,False,transfer_to_human_agents,<CALL>,<MISSING>,"transfer_to_human_agents|{""summary"":""The user would like to book flight HAT139 and add an extra passenger, Kevin Smith, born on April 12, 2001. They want to book an economy ticket with an aisle and a middle seat together and have no baggage.""}",missing argument,replace
C2_C1,mistral_small_3p2,retail,10,retail:10,read,False,False,transfer_to_human_agents,summary,"""user mia_garcia_4516 wants to refund order #W5490111 to the payment method of order #W7387996 and order #W7387996 to the payment method of order #W5490111.""","""User mia.garcia2723@example.com wants to refund each order to the other order's payment method, which is not possible according to the policy. The user is insisting on this request repeatedly.""",unknown,aligned_tool
C2_C1,mistral_small_3p2,retail,10,retail:10,read,True,True,transfer_to_human_agents,summary,"""User mia_garcia_4516 wants to refund to the other order's payment method. The user is very upset and keeps repeating the same request.""","""User mia.garcia2723@example.com wants to return orders #W5490111 and #W7387996, but refuses to use the original payment methods for refund.""",unknown,aligned_tool
C2_C1,mistral_small_3p2,retail,10,retail:10,read,False,False,return_delivered_order_items,<CALL>,"return_delivered_order_items|{""item_ids"":[""4579334072"",""1421289881"",""6117189161"",""4947717507""],""order_id"":""#W5490111"",""payment_method_id"":""credit_card_3124723""}",<MISSING>,extra argument,replace
C2_C1,mistral_small_3p2,retail,10,retail:10,read,False,False,return_delivered_order_items,<CALL>,"return_delivered_order_items|{""item_ids"":[""5796612084""],""order_id"":""#W7387996"",""payment_method_id"":""paypal_9497703""}",<MISSING>,extra argument,replace
C2_C1,mistral_small_3p2,retail,10,retail:10,read,False,False,transfer_to_human_agents,<CALL>,<MISSING>,"transfer_to_human_agents|{""summary"":""User mia.garcia2723@example.com wants to return both orders #W5490111 and #W7387996, and refund the first order to the second order's payment method and the second order to the first order's payment method. The user is frustrated and insists on speaking to a human representative.""}",missing argument,replace
C2_C1,mistral_small_3p2,retail,10,retail:10,read,False,False,return_delivered_order_items,payment_method_id,"""credit_card_3124723""","""paypal_9497703""",write value,aligned_tool
C2_C1,mistral_small_3p2,retail,10,retail:10,read,False,False,transfer_to_human_agents,summary,"""User mia_garcia_4516 wants to refund each order to the other order's payment method, but the system only allows refunds to the original payment method. The user is frustrated and requests to speak with a human representative.""","""User mia_garcia_4516 wants to refund order #W5490111 to the payment method of order #W7387996. The user is insisting on this and refuses to use the original payment method despite our policy.""",unknown,aligned_tool
C2_C1,mistral_small_3p2,retail,10,retail:10,read,False,False,return_delivered_order_items,<CALL>,"return_delivered_order_items|{""item_ids"":[""4579334072"",""1421289881"",""6117189161"",""4947717507""],""order_id"":""#W5490111"",""payment_method_id"":""credit_card_3124723""}",<MISSING>,extra argument,replace
C2_C1,mistral_small_3p2,retail,10,retail:10,read,False,False,return_delivered_order_items,<CALL>,"return_delivered_order_items|{""item_ids"":[""5796612084""],""order_id"":""#W7387996"",""payment_method_id"":""credit_card_3124723""}",<MISSING>,extra argument,replace
C2_C1,mistral_small_3p2,retail,10,retail:10,read,False,False,transfer_to_human_agents,<CALL>,<MISSING>,"transfer_to_human_agents|{""summary"":""User mia.garcia2723@example.com wants to return two orders, but the refund can only be made to the original payment method. The user is frustrated and requests to speak with a human representative.""}",missing argument,replace
C1_C1,mistral_small_3p2,retail,10,retail:10,read,False,False,return_delivered_order_items,payment_method_id,"""credit_card_3124723""","""paypal_9497703""",write value,aligned_tool
C1_C1,mistral_small_3p2,retail,10,retail:10,read,False,False,return_delivered_order_items,payment_method_id,"""paypal_9497703""","""credit_card_3124723""",write value,aligned_tool
C1_C1,mistral_small_3p2,retail,10,retail:10,read,False,False,transfer_to_human_agents,summary,"""User mia.garcia2723@example.com wants to refund each order to the other order's payment method, which is not possible according to the policy. The user is insisting on this request repeatedly.""","""User mia.garcia2723@example.com wants to return orders #W5490111 and #W7387996, but refuses to use the original payment methods for refund.""",unknown,aligned_tool
C1_C1,mistral_small_3p2,retail,10,retail:10,read,False,False,transfer_to_human_agents,summary,"""User mia.garcia2723@example.com wants to refund each order to the other order's payment method, which is not possible according to the policy. The user is insisting on this request repeatedly.""","""User mia.garcia2723@example.com wants to return both orders #W5490111 and #W7387996, and refund the first order to the second order's payment method and the second order to the first order's payment method. The user is frustrated and insists on speaking to a human representative.""",unknown,aligned_tool
C1_C1,mistral_small_3p2,retail,10,retail:10,read,False,False,return_delivered_order_items,payment_method_id,"""credit_card_3124723""","""paypal_9497703""",write value,aligned_tool
C1_C1,mistral_small_3p2,retail,10,retail:10,read,False,False,transfer_to_human_agents,summary,"""User mia.garcia2723@example.com wants to refund each order to the other order's payment method, which is not possible according to the policy. The user is insisting on this request repeatedly.""","""User mia_garcia_4516 wants to refund order #W5490111 to the payment method of order #W7387996. The user is insisting on this and refuses to use the original payment method despite our policy.""",unknown,aligned_tool
C1_C1,mistral_small_3p2,retail,10,retail:10,read,False,False,return_delivered_order_items,payment_method_id,"""credit_card_3124723""","""paypal_9497703""",write value,aligned_tool
C1_C1,mistral_small_3p2,retail,10,retail:10,read,False,False,transfer_to_human_agents,summary,"""User mia.garcia2723@example.com wants to refund each order to the other order's payment method, which is not possible according to the policy. The user is insisting on this request repeatedly.""","""User mia.garcia2723@example.com wants to return two orders, but the refund can only be made to the original payment method. The user is frustrated and requests to speak with a human representative.""",unknown,aligned_tool
C1_C1,mistral_small_3p2,retail,10,retail:10,read,True,True,transfer_to_human_agents,summary,"""User mia.garcia2723@example.com wants to return orders #W5490111 and #W7387996, but refuses to use the original payment methods for refund.""","""User mia.garcia2723@example.com wants to return both orders #W5490111 and #W7387996, and refund the first order to the second order's payment method and the second order to the first order's payment method. The user is frustrated and insists on speaking to a human representative.""",unknown,aligned_tool
C1_C1,mistral_small_3p2,retail,10,retail:10,read,False,False,return_delivered_order_items,payment_method_id,"""credit_card_3124723""","""paypal_9497703""",write value,aligned_tool
C1_C1,mistral_small_3p2,retail,10,retail:10,read,False,False,transfer_to_human_agents,summary,"""User mia.garcia2723@example.com wants to return orders #W5490111 and #W7387996, but refuses to use the original payment methods for refund.""","""User mia_garcia_4516 wants to refund order #W5490111 to the payment method of order #W7387996. The user is insisting on this and refuses to use the original payment method despite our policy.""",unknown,aligned_tool
C1_C1,mistral_small_3p2,retail,10,retail:10,read,False,False,return_delivered_order_items,payment_method_id,"""credit_card_3124723""","""paypal_9497703""",write value,aligned_tool
C1_C1,mistral_small_3p2,retail,10,retail:10,read,False,False,transfer_to_human_agents,summary,"""User mia.garcia2723@example.com wants to return orders #W5490111 and #W7387996, but refuses to use the original payment methods for refund.""","""User mia.garcia2723@example.com wants to return two orders, but the refund can only be made to the original payment method. The user is frustrated and requests to speak with a human representative.""",unknown,aligned_tool
C1_C1,mistral_small_3p2,retail,10,retail:10,read,False,False,transfer_to_human_agents,summary,"""User mia.garcia2723@example.com wants to return both orders #W5490111 and #W7387996, and refund the first order to the second order's payment method and the second order to the first order's payment method. The user is frustrated and insists on speaking to a human representative.""","""User mia_garcia_4516 wants to refund order #W5490111 to the payment method of order #W7387996. The user is insisting on this and refuses to use the original payment method despite our policy.""",unknown,aligned_tool
C1_C1,mistral_small_3p2,retail,10,retail:10,read,False,False,transfer_to_human_agents,summary,"""User mia.garcia2723@example.com wants to return both orders #W5490111 and #W7387996, and refund the first order to the second order's payment method and the second order to the first order's payment method. The user is frustrated and insists on speaking to a human representative.""","""User mia.garcia2723@example.com wants to return two orders, but the refund can only be made to the original payment method. The user is frustrated and requests to speak with a human representative.""",unknown,aligned_tool
C1_C1,mistral_small_3p2,retail,10,retail:10,read,False,True,transfer_to_human_agents,summary,"""User mia_garcia_4516 wants to refund order #W5490111 to the payment method of order #W7387996. The user is insisting on this and refuses to use the original payment method despite our policy.""","""User mia.garcia2723@example.com wants to return two orders, but the refund can only be made to the original payment method. The user is frustrated and requests to speak with a human representative.""",unknown,aligned_tool
C2_C1,mistral_small_3p2,retail,12,retail:12,read,True,True,transfer_to_human_agents,summary,"""User mia_garcia_4516 wants to return items from order #W5490111 and keep items from order #W7387996. They have been trying to explain their request but are getting frustrated with the back and forth. They would like to speak to a human agent for further assistance.""","""User mia.garcia2723@example.com wants to cancel or return everything they bought except for a keyboard and a mouse. They want the refund to be processed to their PayPal account for both orders.""",unknown,aligned_tool
C2_C1,mistral_small_3p2,retail,12,retail:12,read,True,True,transfer_to_human_agents,summary,"""User mia_garcia_4516 wants to return items from orders #W5490111 and #W7387996, but the refund can only be issued to the original payment method, which is a credit card. The user insists on speaking to a human agent.""","""User mia.garcia2723@example.com wants to cancel or return everything except the keyboard and the mouse. The user is frustrated and wants to speak to a human agent immediately.""",unknown,aligned_tool
C2_C1,mistral_small_3p2,retail,12,retail:12,read,True,True,transfer_to_human_agents,summary,"""User mia.garcia2723@example.com wants to return items from order #W5490111 but insists on refund to PayPal account instead of the original payment method.""","""User mia.garcia2723@example.com wants to cancel or return everything except for a keyboard and a mouse from orders #W5490111 and #W7387996. They prefer a PayPal refund.""",unknown,aligned_tool
C1_C1,mistral_small_3p2,retail,12,retail:12,read,True,True,transfer_to_human_agents,summary,"""User mia.garcia2723@example.com wants to cancel or return everything they bought except for a keyboard and a mouse. They want the refund to be processed to their PayPal account for both orders.""","""User mia.garcia2723@example.com wants to cancel or return everything except the keyboard and the mouse. The user is frustrated and wants to speak to a human agent immediately.""",unknown,aligned_tool
C1_C1,mistral_small_3p2,retail,12,retail:12,read,True,True,transfer_to_human_agents,summary,"""User mia.garcia2723@example.com wants to cancel or return everything they bought except for a keyboard and a mouse. They want the refund to be processed to their PayPal account for both orders.""","""User mia.garcia2723@example.com wants to cancel or return everything except for a keyboard and a mouse from orders #W5490111 and #W7387996. They prefer a PayPal refund.""",unknown,aligned_tool
C1_C1,mistral_small_3p2,retail,12,retail:12,read,True,True,transfer_to_human_agents,summary,"""User mia.garcia2723@example.com wants to cancel or return everything except the keyboard and the mouse. The user is frustrated and wants to speak to a human agent immediately.""","""User mia.garcia2723@example.com wants to cancel or return everything except for a keyboard and a mouse from orders #W5490111 and #W7387996. They prefer a PayPal refund.""",unknown,aligned_tool
C2_C1,mistral_small_3p2,retail,2,retail:2,single,False,True,get_order_details,<CALL>,"get_order_details|{""order_id"":""#W6247578""}",<MISSING>,extra argument,replace
C2_C1,mistral_small_3p2,retail,2,retail:2,single,False,True,get_order_details,<CALL>,"get_order_details|{""order_id"":""#W9711842""}",<MISSING>,extra argument,replace
C2_C1,mistral_small_3p2,retail,2,retail:2,single,False,True,get_order_details,<CALL>,"get_order_details|{""order_id"":""#W4776164""}",<MISSING>,extra argument,replace
C2_C1,mistral_small_3p2,retail,2,retail:2,single,False,True,get_order_details,<CALL>,"get_order_details|{""order_id"":""#W6679257""}",<MISSING>,extra argument,replace
C2_C1,mistral_small_3p2,retail,2,retail:2,single,False,True,get_order_details,<CALL>,"get_order_details|{""order_id"":""#W2378156""}",<MISSING>,extra argument,replace
C2_C1,mistral_small_3p2,retail,2,retail:2,single,False,True,get_product_details,<CALL>,<MISSING>,"get_product_details|{""product_id"":""9523456873""}",missing argument,replace
C2_C1,mistral_small_3p2,retail,2,retail:2,single,False,True,find_user_id_by_name_zip,<CALL>,"find_user_id_by_name_zip|{""first_name"":""Yusuf"",""last_name"":""Rossi"",""zip"":""19122""}",<MISSING>,extra argument,replace
C2_C1,mistral_small_3p2,retail,2,retail:2,single,False,True,get_user_details,<CALL>,"get_user_details|{""user_id"":""yusuf_rossi_9620""}",<MISSING>,extra argument,replace
C2_C1,mistral_small_3p2,retail,2,retail:2,single,False,True,get_product_details,<CALL>,"get_product_details|{""product_id"":""1762337868""}",<MISSING>,extra argument,replace
C2_C1,mistral_small_3p2,retail,2,retail:2,single,False,True,get_product_details,<CALL>,"get_product_details|{""product_id"":""6992792935""}",<MISSING>,extra argument,replace
C2_C1,mistral_small_3p2,retail,2,retail:2,single,False,True,get_product_details,<CALL>,"get_product_details|{""product_id"":""6945232052""}",<MISSING>,extra argument,replace
C2_C1,mistral_small_3p2,retail,2,retail:2,single,False,True,transfer_to_human_agents,<CALL>,<MISSING>,"transfer_to_human_agents|{""summary"":""User wants to return a cleaner, headphones, and a smartwatch but cannot find the order number. The user does not remember the email address or payment method used for the purchase.""}",missing argument,replace
C2_C1,mistral_small_3p2,retail,2,retail:2,single,False,True,transfer_to_human_agents,<CALL>,"transfer_to_human_agents|{""summary"":""User yusuf_rossi_9620 wants to return a cleaner, headphones, and a smartwatch but does not have the order id.""}",<MISSING>,extra argument,replace
C2_C1,mistral_small_3p2,retail,2,retail:2,single,False,True,get_user_details,<CALL>,<MISSING>,"get_user_details|{""user_id"":""yusuf_rossi_9620""}",missing argument,replace
C2_C1,mistral_small_3p2,retail,2,retail:2,single,False,True,get_order_details,<CALL>,<MISSING>,"get_order_details|{""order_id"":""#W6247578""}",missing argument,replace
C2_C1,mistral_small_3p2,retail,2,retail:2,single,False,True,get_order_details,<CALL>,<MISSING>,"get_order_details|{""order_id"":""#W9711842""}",missing argument,replace
C2_C1,mistral_small_3p2,retail,2,retail:2,single,False,True,get_order_details,<CALL>,<MISSING>,"get_order_details|{""order_id"":""#W4776164""}",missing argument,replace
C2_C1,mistral_small_3p2,retail,2,retail:2,single,False,True,get_order_details,<CALL>,<MISSING>,"get_order_details|{""order_id"":""#W6679257""}",missing argument,replace
C2_C1,mistral_small_3p2,retail,2,retail:2,single,False,True,get_order_details,<CALL>,<MISSING>,"get_order_details|{""order_id"":""#W2378156""}",missing argument,replace
C2_C1,mistral_small_3p2,retail,2,retail:2,single,False,False,get_item_details,<CALL>,"get_item_details|{""item_id"":""4202497723""}",<MISSING>,extra argument,replace
C2_C1,mistral_small_3p2,retail,2,retail:2,single,False,False,get_item_details,<CALL>,"get_item_details|{""item_id"":""9408160950""}",<MISSING>,extra argument,replace
C2_C1,mistral_small_3p2,retail,2,retail:2,single,False,False,return_delivered_order_items,<CALL>,<MISSING>,"return_delivered_order_items|{""item_ids"":[""4202497723"",""4602305039"",""9408160950""],""order_id"":""#W2378156"",""payment_method_id"":""credit_card_9513926""}",missing argument,replace
C1_C1,mistral_small_3p2,retail,2,retail:2,single,False,True,find_user_id_by_name_zip,<CALL>,"find_user_id_by_name_zip|{""first_name"":""Yusuf"",""last_name"":""Rossi"",""zip"":""19122""}",<MISSING>,extra argument,replace
C1_C1,mistral_small_3p2,retail,2,retail:2,single,False,True,get_user_details,<CALL>,"get_user_details|{""user_id"":""yusuf_rossi_9620""}",<MISSING>,extra argument,replace
C1_C1,mistral_small_3p2,retail,2,retail:2,single,False,True,get_product_details,<CALL>,"get_product_details|{""product_id"":""9523456873""}",<MISSING>,extra argument,replace
C1_C1,mistral_small_3p2,retail,2,retail:2,single,False,True,transfer_to_human_agents,<CALL>,<MISSING>,"transfer_to_human_agents|{""summary"":""User wants to return a cleaner, headphones, and a smartwatch but cannot find the order number. The user does not remember the email address or payment method used for the purchase.""}",missing argument,replace
C1_C1,mistral_small_3p2,retail,2,retail:2,single,False,True,get_product_details,<CALL>,"get_product_details|{""product_id"":""9523456873""}",<MISSING>,extra argument,replace
C1_C1,mistral_small_3p2,retail,2,retail:2,single,False,True,get_order_details,<CALL>,<MISSING>,"get_order_details|{""order_id"":""#W6247578""}",missing argument,replace
C1_C1,mistral_small_3p2,retail,2,retail:2,single,False,True,get_order_details,<CALL>,<MISSING>,"get_order_details|{""order_id"":""#W9711842""}",missing argument,replace
C1_C1,mistral_small_3p2,retail,2,retail:2,single,False,True,get_order_details,<CALL>,<MISSING>,"get_order_details|{""order_id"":""#W4776164""}",missing argument,replace
C1_C1,mistral_small_3p2,retail,2,retail:2,single,False,True,get_order_details,<CALL>,<MISSING>,"get_order_details|{""order_id"":""#W6679257""}",missing argument,replace
C1_C1,mistral_small_3p2,retail,2,retail:2,single,False,True,get_order_details,<CALL>,<MISSING>,"get_order_details|{""order_id"":""#W2378156""}",missing argument,replace
C1_C1,mistral_small_3p2,retail,2,retail:2,single,False,False,get_product_details,<CALL>,"get_product_details|{""product_id"":""9523456873""}",<MISSING>,extra argument,replace
C1_C1,mistral_small_3p2,retail,2,retail:2,single,False,False,get_order_details,<CALL>,<MISSING>,"get_order_details|{""order_id"":""#W6247578""}",missing argument,replace
C1_C1,mistral_small_3p2,retail,2,retail:2,single,False,False,get_order_details,<CALL>,<MISSING>,"get_order_details|{""order_id"":""#W9711842""}",missing argument,replace
C1_C1,mistral_small_3p2,retail,2,retail:2,single,False,False,get_order_details,<CALL>,<MISSING>,"get_order_details|{""order_id"":""#W4776164""}",missing argument,replace
C1_C1,mistral_small_3p2,retail,2,retail:2,single,False,False,get_order_details,<CALL>,<MISSING>,"get_order_details|{""order_id"":""#W6679257""}",missing argument,replace
C1_C1,mistral_small_3p2,retail,2,retail:2,single,False,False,get_order_details,<CALL>,<MISSING>,"get_order_details|{""order_id"":""#W2378156""}",missing argument,replace
C1_C1,mistral_small_3p2,retail,2,retail:2,single,False,False,return_delivered_order_items,<CALL>,<MISSING>,"return_delivered_order_items|{""item_ids"":[""4202497723"",""4602305039"",""9408160950""],""order_id"":""#W2378156"",""payment_method_id"":""credit_card_9513926""}",missing argument,replace
C1_C1,mistral_small_3p2,retail,2,retail:2,single,False,True,transfer_to_human_agents,<CALL>,"transfer_to_human_agents|{""summary"":""User wants to return a cleaner, headphones, and a smartwatch but cannot find the order number. The user does not remember the email address or payment method used for the purchase.""}",<MISSING>,extra argument,replace
C1_C1,mistral_small_3p2,retail,2,retail:2,single,False,True,find_user_id_by_name_zip,<CALL>,<MISSING>,"find_user_id_by_name_zip|{""first_name"":""Yusuf"",""last_name"":""Rossi"",""zip"":""19122""}",missing argument,replace
C1_C1,mistral_small_3p2,retail,2,retail:2,single,False,True,get_user_details,<CALL>,<MISSING>,"get_user_details|{""user_id"":""yusuf_rossi_9620""}",missing argument,replace
C1_C1,mistral_small_3p2,retail,2,retail:2,single,False,True,get_order_details,<CALL>,<MISSING>,"get_order_details|{""order_id"":""#W6247578""}",missing argument,replace
C1_C1,mistral_small_3p2,retail,2,retail:2,single,False,True,get_order_details,<CALL>,<MISSING>,"get_order_details|{""order_id"":""#W9711842""}",missing argument,replace
C1_C1,mistral_small_3p2,retail,2,retail:2,single,False,True,get_order_details,<CALL>,<MISSING>,"get_order_details|{""order_id"":""#W4776164""}",missing argument,replace
C1_C1,mistral_small_3p2,retail,2,retail:2,single,False,True,get_order_details,<CALL>,<MISSING>,"get_order_details|{""order_id"":""#W6679257""}",missing argument,replace
C1_C1,mistral_small_3p2,retail,2,retail:2,single,False,True,get_order_details,<CALL>,<MISSING>,"get_order_details|{""order_id"":""#W2378156""}",missing argument,replace
C1_C1,mistral_small_3p2,retail,2,retail:2,single,False,True,transfer_to_human_agents,<CALL>,"transfer_to_human_agents|{""summary"":""User wants to return a cleaner, headphones, and a smartwatch but cannot find the order number. The user does not remember the email address or payment method used for the purchase.""}",<MISSING>,extra argument,replace
C1_C1,mistral_small_3p2,retail,2,retail:2,single,False,True,get_product_details,<CALL>,<MISSING>,"get_product_details|{""product_id"":""9523456873""}",missing argument,replace
C1_C1,mistral_small_3p2,retail,2,retail:2,single,False,True,find_user_id_by_name_zip,<CALL>,<MISSING>,"find_user_id_by_name_zip|{""first_name"":""Yusuf"",""last_name"":""Rossi"",""zip"":""19122""}",missing argument,replace
C1_C1,mistral_small_3p2,retail,2,retail:2,single,False,False,transfer_to_human_agents,<CALL>,"transfer_to_human_agents|{""summary"":""User wants to return a cleaner, headphones, and a smartwatch but cannot find the order number. The user does not remember the email address or payment method used for the purchase.""}",<MISSING>,extra argument,replace
C1_C1,mistral_small_3p2,retail,2,retail:2,single,False,False,find_user_id_by_name_zip,<CALL>,<MISSING>,"find_user_id_by_name_zip|{""first_name"":""Yusuf"",""last_name"":""Rossi"",""zip"":""19122""}",missing argument,replace
C1_C1,mistral_small_3p2,retail,2,retail:2,single,False,False,get_user_details,<CALL>,<MISSING>,"get_user_details|{""user_id"":""yusuf_rossi_9620""}",missing argument,replace
C1_C1,mistral_small_3p2,retail,2,retail:2,single,False,False,get_order_details,<CALL>,<MISSING>,"get_order_details|{""order_id"":""#W6247578""}",missing argument,replace
C1_C1,mistral_small_3p2,retail,2,retail:2,single,False,False,get_order_details,<CALL>,<MISSING>,"get_order_details|{""order_id"":""#W9711842""}",missing argument,replace
C1_C1,mistral_small_3p2,retail,2,retail:2,single,False,False,get_order_details,<CALL>,<MISSING>,"get_order_details|{""order_id"":""#W4776164""}",missing argument,replace
C1_C1,mistral_small_3p2,retail,2,retail:2,single,False,False,get_order_details,<CALL>,<MISSING>,"get_order_details|{""order_id"":""#W6679257""}",missing argument,replace
C1_C1,mistral_small_3p2,retail,2,retail:2,single,False,False,get_order_details,<CALL>,<MISSING>,"get_order_details|{""order_id"":""#W2378156""}",missing argument,replace
C1_C1,mistral_small_3p2,retail,2,retail:2,single,False,False,return_delivered_order_items,<CALL>,<MISSING>,"return_delivered_order_items|{""item_ids"":[""4202497723"",""4602305039"",""9408160950""],""order_id"":""#W2378156"",""payment_method_id"":""credit_card_9513926""}",missing argument,replace
C2_C1,mistral_small_3p2,retail,20,retail:20,single,False,False,calculate,expression,"""(269.16 - 54.04) + (272.33 - 235.13) + (158.67 - 147.05) + (258.71 - 235.44)""","""54.85 + 269.16 + 155.33 + 258.71 - 54.04 - 235.13 - 147.05 - 235.44""",unknown,aligned_tool
C2_C1,mistral_small_3p2,retail,20,retail:20,single,False,False,modify_pending_order_items,new_item_ids,"[""7706410293"", ""1151293680"", ""4153505238"", ""5012998807""]","[""4579334072"", ""7706410293"", ""4107812777"", ""5012998807""]",order/reservation identifier,aligned_tool
C2_C1,mistral_small_3p2,retail,20,retail:20,single,False,False,calculate,<CALL>,"calculate|{""expression"":""(269.16 - 54.04) + (272.33 - 235.13) + (155.33 - 147.05) + (258.71 - 235.44)""}",<MISSING>,extra argument,replace
C2_C1,mistral_small_3p2,retail,20,retail:20,single,False,False,modify_pending_order_items,<CALL>,"modify_pending_order_items|{""item_ids"":[""2366567022"",""1340995114"",""9791469541"",""1763705424""],""new_item_ids"":[""7706410293"",""1151293680"",""4107812777"",""5012998807""],""order_id"":""#W9911714"",""payment_method_id"":""gift_card_4332117""}",<MISSING>,extra argument,replace
C2_C1,mistral_small_3p2,retail,20,retail:20,single,False,False,calculate,<CALL>,"calculate|{""expression"":""(269.16 - 54.04) + (272.33 - 235.13) + (155.33 - 147.05) + (253.98 - 235.44)""}",<MISSING>,extra argument,replace
C2_C1,mistral_small_3p2,retail,20,retail:20,single,False,False,modify_pending_order_items,<CALL>,"modify_pending_order_items|{""item_ids"":[""2366567022"",""1340995114"",""9791469541"",""1763705424""],""new_item_ids"":[""7706410293"",""1151293680"",""4107812777"",""1573035764""],""order_id"":""#W9911714"",""payment_method_id"":""gift_card_4332117""}",<MISSING>,extra argument,replace
C2_C1,mistral_small_3p2,retail,20,retail:20,single,False,False,calculate,<CALL>,"calculate|{""expression"":""(46.51 - 54.04) + (272.33 - 235.13) + (155.33 - 147.05) + (253.98 - 235.44)""}",<MISSING>,extra argument,replace
C2_C1,mistral_small_3p2,retail,20,retail:20,single,False,False,modify_pending_order_items,<CALL>,"modify_pending_order_items|{""item_ids"":[""2366567022"",""1340995114"",""9791469541"",""1763705424""],""new_item_ids"":[""7661609223"",""1151293680"",""4107812777"",""1573035764""],""order_id"":""#W9911714"",""payment_method_id"":""gift_card_4332117""}",<MISSING>,extra argument,replace
C2_C1,mistral_small_3p2,retail,20,retail:20,single,False,False,get_order_details,<CALL>,<MISSING>,"get_order_details|{""order_id"":""#W5733668""}",missing argument,replace
C1_C1,mistral_small_3p2,retail,20,retail:20,single,False,True,get_order_details,<CALL>,"get_order_details|{""order_id"":""#W0098765""}",<MISSING>,extra argument,replace
C1_C1,mistral_small_3p2,retail,20,retail:20,single,False,True,get_order_details,<CALL>,"get_order_details|{""order_id"":""#W0098764""}",<MISSING>,extra argument,replace
C1_C1,mistral_small_3p2,retail,20,retail:20,single,False,True,get_order_details,<CALL>,"get_order_details|{""order_id"":""#W0098763""}",<MISSING>,extra argument,replace
C1_C1,mistral_small_3p2,retail,20,retail:20,single,False,True,get_order_details,<CALL>,"get_order_details|{""order_id"":""#W0098762""}",<MISSING>,extra argument,replace
C1_C1,mistral_small_3p2,retail,20,retail:20,single,False,True,get_order_details,<CALL>,"get_order_details|{""order_id"":""#W0098761""}",<MISSING>,extra argument,replace
C1_C1,mistral_small_3p2,retail,20,retail:20,single,False,True,get_order_details,<CALL>,"get_order_details|{""order_id"":""#W0098760""}",<MISSING>,extra argument,replace
C1_C1,mistral_small_3p2,retail,20,retail:20,single,False,True,get_order_details,<CALL>,"get_order_details|{""order_id"":""#W0098759""}",<MISSING>,extra argument,replace
C1_C1,mistral_small_3p2,retail,20,retail:20,single,False,True,get_order_details,<CALL>,"get_order_details|{""order_id"":""#W0098758""}",<MISSING>,extra argument,replace
C1_C1,mistral_small_3p2,retail,20,retail:20,single,False,True,get_order_details,<CALL>,"get_order_details|{""order_id"":""#W0098757""}",<MISSING>,extra argument,replace
C1_C1,mistral_small_3p2,retail,20,retail:20,single,False,True,get_order_details,<CALL>,"get_order_details|{""order_id"":""#W0098756""}",<MISSING>,extra argument,replace
C1_C1,mistral_small_3p2,retail,20,retail:20,single,False,True,get_user_details,<CALL>,<MISSING>,"get_user_details|{""user_id"":""ethan_garcia_1261""}",missing argument,replace
C1_C1,mistral_small_3p2,retail,20,retail:20,single,False,False,get_order_details,order_id,"""#W0098765""","""#W4967593""",order/reservation identifier,aligned_tool
C1_C1,mistral_small_3p2,retail,20,retail:20,single,False,False,get_order_details,order_id,"""#W0098764""","""#W9911714""",order/reservation identifier,aligned_tool
C1_C1,mistral_small_3p2,retail,20,retail:20,single,False,False,get_order_details,order_id,"""#W0098763""","""#W5733668""",order/reservation identifier,aligned_tool
C1_C1,mistral_small_3p2,retail,20,retail:20,single,False,False,get_order_details,order_id,"""#W0098765""","""#W4967593""",order/reservation identifier,aligned_tool
C1_C1,mistral_small_3p2,retail,20,retail:20,single,False,False,get_order_details,order_id,"""#W0098764""","""#W9911714""",order/reservation identifier,aligned_tool
C1_C1,mistral_small_3p2,retail,20,retail:20,single,False,False,get_order_details,order_id,"""#W0098763""","""#W5733668""",order/reservation identifier,aligned_tool
C1_C1,mistral_small_3p2,retail,20,retail:20,single,False,False,get_order_details,order_id,"""#W0098765""","""#W4967593""",order/reservation identifier,aligned_tool
C1_C1,mistral_small_3p2,retail,20,retail:20,single,False,False,get_order_details,order_id,"""#W0098764""","""#W9911714""",order/reservation identifier,aligned_tool
C1_C1,mistral_small_3p2,retail,20,retail:20,single,False,False,get_order_details,<CALL>,"get_order_details|{""order_id"":""#W0098763""}",<MISSING>,extra argument,replace
C1_C1,mistral_small_3p2,retail,20,retail:20,single,False,False,get_order_details,<CALL>,"get_order_details|{""order_id"":""#W0098762""}",<MISSING>,extra argument,replace
C1_C1,mistral_small_3p2,retail,20,retail:20,single,False,False,get_order_details,<CALL>,"get_order_details|{""order_id"":""#W0098761""}",<MISSING>,extra argument,replace
C1_C1,mistral_small_3p2,retail,20,retail:20,single,False,False,get_order_details,<CALL>,"get_order_details|{""order_id"":""#W0098760""}",<MISSING>,extra argument,replace
C1_C1,mistral_small_3p2,retail,20,retail:20,single,False,False,get_order_details,<CALL>,"get_order_details|{""order_id"":""#W0098759""}",<MISSING>,extra argument,replace
C1_C1,mistral_small_3p2,retail,20,retail:20,single,False,False,get_order_details,<CALL>,"get_order_details|{""order_id"":""#W0098758""}",<MISSING>,extra argument,replace
C1_C1,mistral_small_3p2,retail,20,retail:20,single,False,False,get_order_details,<CALL>,"get_order_details|{""order_id"":""#W0098757""}",<MISSING>,extra argument,replace
C1_C1,mistral_small_3p2,retail,20,retail:20,single,False,False,get_order_details,<CALL>,"get_order_details|{""order_id"":""#W0098756""}",<MISSING>,extra argument,replace
C1_C1,mistral_small_3p2,retail,20,retail:20,single,False,False,get_product_details,<CALL>,<MISSING>,"get_product_details|{""product_id"":""8310926033""}",missing argument,replace
C1_C1,mistral_small_3p2,retail,20,retail:20,single,False,False,get_product_details,<CALL>,<MISSING>,"get_product_details|{""product_id"":""1656367028""}",missing argument,replace
C1_C1,mistral_small_3p2,retail,20,retail:20,single,False,False,get_product_details,<CALL>,<MISSING>,"get_product_details|{""product_id"":""6938111410""}",missing argument,replace
C1_C1,mistral_small_3p2,retail,20,retail:20,single,False,False,get_product_details,<CALL>,<MISSING>,"get_product_details|{""product_id"":""5149340237""}",missing argument,replace
C1_C1,mistral_small_3p2,retail,20,retail:20,single,False,False,calculate,<CALL>,<MISSING>,"calculate|{""expression"":""(54.85 + 269.16 + 148.95 + 258.71) - (54.04 + 235.13 + 147.05 + 235.44)""}",missing argument,replace
C1_C1,mistral_small_3p2,retail,20,retail:20,single,False,False,modify_pending_order_items,<CALL>,<MISSING>,"modify_pending_order_items|{""item_ids"":[""2366567022"",""1340995114"",""9791469541"",""1763705424""],""new_item_ids"":[""4579334072"",""7706410293"",""9635758562"",""5012998807""],""order_id"":""#W9911714"",""payment_method_id"":""gift_card_4332117""}",missing argument,replace
C1_C1,mistral_small_3p2,retail,20,retail:20,single,False,False,calculate,expression,"""54.85 + 269.16 + 155.33 + 258.71 - 54.04 - 235.13 - 147.05 - 235.44""","""(54.85 - 54.04) + (272.33 - 235.13) + (158.67 - 147.05) + (261.11 - 235.44)""",unknown,aligned_tool
C1_C1,mistral_small_3p2,retail,20,retail:20,single,False,False,modify_pending_order_items,new_item_ids,"[""4579334072"", ""7706410293"", ""4107812777"", ""5012998807""]","[""4579334072"", ""1151293680"", ""4153505238"", ""2882812427""]",order/reservation identifier,aligned_tool
C1_C1,mistral_small_3p2,retail,20,retail:20,single,False,False,calculate,expression,"""54.85 + 269.16 + 155.33 + 258.71 - 54.04 - 235.13 - 147.05 - 235.44""","""(54.85 + 269.16 + 148.95 + 258.71) - (54.04 + 235.13 + 147.05 + 235.44)""",unknown,aligned_tool
C1_C1,mistral_small_3p2,retail,20,retail:20,single,False,False,modify_pending_order_items,new_item_ids,"[""4579334072"", ""7706410293"", ""4107812777"", ""5012998807""]","[""4579334072"", ""7706410293"", ""9635758562"", ""5012998807""]",order/reservation identifier,aligned_tool
C1_C1,mistral_small_3p2,retail,20,retail:20,single,False,False,get_order_details,order_id,"""#W9911714""","""#W4967593""",order/reservation identifier,aligned_tool
C1_C1,mistral_small_3p2,retail,20,retail:20,single,False,False,get_product_details,product_id,"""8310926033""","""4794339885""",order/reservation identifier,aligned_tool
C1_C1,mistral_small_3p2,retail,20,retail:20,single,False,False,get_product_details,product_id,"""1656367028""","""7352963235""",order/reservation identifier,aligned_tool
C1_C1,mistral_small_3p2,retail,20,retail:20,single,False,False,get_product_details,product_id,"""6938111410""","""2524789262""",order/reservation identifier,aligned_tool
C1_C1,mistral_small_3p2,retail,20,retail:20,single,False,False,get_product_details,product_id,"""5149340237""","""6066914160""",order/reservation identifier,aligned_tool
C1_C1,mistral_small_3p2,retail,20,retail:20,single,False,False,calculate,expression,"""(54.85 - 54.04) + (272.33 - 235.13) + (158.67 - 147.05) + (261.11 - 235.44)""","""(544.29 + 183.11 + 219.43 + 2127.62) - (471.82 + 188.67 + 206.03 + 1985.30)""",unknown,aligned_tool
C1_C1,mistral_small_3p2,retail,20,retail:20,single,False,False,calculate,expression,"""86.0 - (54.85 - 54.04 + 272.33 - 235.13 + 158.67 - 147.05 + 261.11 - 235.44)""","""(54.85 + 269.16 + 148.95 + 258.71) - (54.04 + 235.13 + 147.05 + 235.44)""",unknown,aligned_tool
C1_C1,mistral_small_3p2,retail,20,retail:20,single,False,False,modify_pending_order_items,new_item_ids,"[""4579334072"", ""1151293680"", ""4153505238"", ""2882812427""]","[""4579334072"", ""7706410293"", ""9635758562"", ""5012998807""]",order/reservation identifier,aligned_tool
C2_C1,mistral_small_3p2,retail,21,retail:21,single,False,True,get_order_details,order_id,"""#W1234567890""","""#W4967593""",order/reservation identifier,aligned_tool
C2_C1,mistral_small_3p2,retail,21,retail:21,single,False,True,get_order_details,order_id,"""#W123456789""","""#W9911714""",order/reservation identifier,aligned_tool
C2_C1,mistral_small_3p2,retail,21,retail:21,single,False,True,get_order_details,order_id,"""#W12345678""","""#W5733668""",order/reservation identifier,aligned_tool
C2_C1,mistral_small_3p2,retail,21,retail:21,single,False,True,transfer_to_human_agents,<CALL>,"transfer_to_human_agents|{""summary"":""user ethan_garcia_1261 wants to exchange shoes but cannot locate the order""}",<MISSING>,extra argument,replace
C2_C1,mistral_small_3p2,retail,21,retail:21,single,False,True,get_item_details,<CALL>,<MISSING>,"get_item_details|{""item_id"":""1656367028""}",missing argument,replace
C2_C1,mistral_small_3p2,retail,21,retail:21,single,False,True,get_item_details,<CALL>,<MISSING>,"get_item_details|{""item_id"":""4107812777""}",missing argument,replace
C2_C1,mistral_small_3p2,retail,21,retail:21,single,False,True,get_product_details,<CALL>,<MISSING>,"get_product_details|{""product_id"":""6938111410""}",missing argument,replace
C2_C1,mistral_small_3p2,retail,21,retail:21,single,False,True,exchange_delivered_order_items,<CALL>,<MISSING>,"exchange_delivered_order_items|{""item_ids"":[""9791469541""],""new_item_ids"":[""4107812777""],""order_id"":""#W9911714"",""payment_method_id"":""gift_card_4332117""}",missing argument,replace
C2_C1,mistral_small_3p2,retail,21,retail:21,single,False,True,get_item_details,<CALL>,<MISSING>,"get_item_details|{""item_id"":""1421289881""}",missing argument,replace
C2_C1,mistral_small_3p2,retail,21,retail:21,single,False,True,get_product_details,<CALL>,<MISSING>,"get_product_details|{""product_id"":""1656367028""}",missing argument,replace
C2_C1,mistral_small_3p2,retail,21,retail:21,single,False,True,get_order_details,order_id,"""#W6381410""","""#W65243945""",order/reservation identifier,aligned_tool
C2_C1,mistral_small_3p2,retail,21,retail:21,single,False,True,get_product_details,product_id,"""6938111410""","""4107812777""",order/reservation identifier,aligned_tool
C2_C1,mistral_small_3p2,retail,21,retail:21,single,False,True,get_order_details,order_id,"""#W6078141""","""#W6071007""",order/reservation identifier,aligned_tool
C2_C1,mistral_small_3p2,retail,21,retail:21,single,False,True,get_product_details,product_id,"""4107812""","""1656367028""",order/reservation identifier,aligned_tool
C2_C1,mistral_small_3p2,retail,21,retail:21,single,False,True,get_order_details,<CALL>,"get_order_details|{""order_id"":""4107812777""}",<MISSING>,extra argument,replace
C2_C1,mistral_small_3p2,retail,21,retail:21,single,False,True,get_user_orders,<CALL>,"get_user_orders|{""user_id"":""ethan_garcia_1261""}",<MISSING>,extra argument,replace
C2_C1,mistral_small_3p2,retail,21,retail:21,single,False,True,transfer_to_human_agents,<CALL>,"transfer_to_human_agents|{""summary"":""User ethan_garcia_1261 wants to exchange item ID 4107812777 but cannot provide the order ID or product ID.""}",<MISSING>,extra argument,replace
C2_C1,mistral_small_3p2,retail,21,retail:21,single,False,True,calculate,<CALL>,<MISSING>,"calculate|{""expression"":""147.05 - 268.77""}",missing argument,replace
C2_C1,mistral_small_3p2,retail,21,retail:21,single,False,True,exchange_delivered_order_items,<CALL>,<MISSING>,"exchange_delivered_order_items|{""item_ids"":[""9791469541""],""new_item_ids"":[""1421289881""],""order_id"":""#W9911714"",""payment_method_id"":""gift_card_4332117""}",missing argument,replace
C2_C1,mistral_small_3p2,retail,21,retail:21,single,False,True,modify_pending_order_items,<CALL>,<MISSING>,"modify_pending_order_items|{""item_ids"":[""9791469541""],""new_item_ids"":[""1421289881""],""order_id"":""#W9911714"",""payment_method_id"":""gift_card_4332117""}",missing argument,replace
C2_C1,mistral_small_3p2,retail,21,retail:21,single,False,True,modify_pending_order_items,<CALL>,<MISSING>,"modify_pending_order_items|{""item_ids"":[""9791469541""],""new_item_ids"":[""1821289881""],""order_id"":""#W9911714"",""payment_method_id"":""gift_card_4332117""}",missing argument,replace
C2_C1,mistral_small_3p2,retail,21,retail:21,single,False,True,modify_pending_order_items,<CALL>,<MISSING>,"modify_pending_order_items|{""item_ids"":[""9791469541""],""new_item_ids"":[""2221289881""],""order_id"":""#W9911714"",""payment_method_id"":""gift_card_4332117""}",missing argument,replace
C2_C1,mistral_small_3p2,retail,21,retail:21,single,False,True,modify_pending_order_items,<CALL>,<MISSING>,"modify_pending_order_items|{""item_ids"":[""9791469541""],""new_item_ids"":[""2421289881""],""order_id"":""#W9911714"",""payment_method_id"":""gift_card_4332117""}",missing argument,replace
C2_C1,mistral_small_3p2,retail,21,retail:21,single,False,True,modify_pending_order_items,<CALL>,<MISSING>,"modify_pending_order_items|{""item_ids"":[""9791469541""],""new_item_ids"":[""1821289881""],""order_id"":""#W9911714"",""payment_method_id"":""gift_card_4332117""}",missing argument,replace
C2_C1,mistral_small_3p2,retail,21,retail:21,single,False,True,get_order_details,order_id,"""#W6381874""","""#W6071007""",order/reservation identifier,aligned_tool
C2_C1,mistral_small_3p2,retail,21,retail:21,single,False,True,get_product_details,product_id,"""4107812""","""4107812777""",order/reservation identifier,aligned_tool
C2_C1,mistral_small_3p2,retail,21,retail:21,single,False,True,get_order_details,<CALL>,"get_order_details|{""order_id"":""4107812777""}",<MISSING>,extra argument,replace
C2_C1,mistral_small_3p2,retail,21,retail:21,single,False,True,get_user_details,<CALL>,"get_user_details|{""user_id"":""ethan_garcia_1261""}",<MISSING>,extra argument,replace
C2_C1,mistral_small_3p2,retail,21,retail:21,single,False,True,get_order_details,<CALL>,"get_order_details|{""order_id"":""#W4967593""}",<MISSING>,extra argument,replace
C2_C1,mistral_small_3p2,retail,21,retail:21,single,False,True,get_order_details,<CALL>,"get_order_details|{""order_id"":""#W9911714""}",<MISSING>,extra argument,replace
C2_C1,mistral_small_3p2,retail,21,retail:21,single,False,True,get_order_details,<CALL>,"get_order_details|{""order_id"":""#W5733668""}",<MISSING>,extra argument,replace
C2_C1,mistral_small_3p2,retail,21,retail:21,single,False,True,get_product_details,<CALL>,<MISSING>,"get_product_details|{""product_id"":""4107812777""}",missing argument,replace
C2_C1,mistral_small_3p2,retail,21,retail:21,single,False,True,get_product_details,<CALL>,<MISSING>,"get_product_details|{""product_id"":""4107812777""}",missing argument,replace
C2_C1,mistral_small_3p2,retail,21,retail:21,single,False,True,get_product_details,<CALL>,<MISSING>,"get_product_details|{""product_id"":""4107812777""}",missing argument,replace
C2_C1,mistral_small_3p2,retail,21,retail:21,single,False,True,get_product_details,<CALL>,<MISSING>,"get_product_details|{""product_id"":""4107812777""}",missing argument,replace
C2_C1,mistral_small_3p2,retail,21,retail:21,single,False,True,get_product_details,<CALL>,<MISSING>,"get_product_details|{""product_id"":""4107812777""}",missing argument,replace
C2_C1,mistral_small_3p2,retail,21,retail:21,single,False,True,get_product_details,<CALL>,<MISSING>,"get_product_details|{""product_id"":""4107812777""}",missing argument,replace
C2_C1,mistral_small_3p2,retail,21,retail:21,single,False,True,get_product_details,<CALL>,<MISSING>,"get_product_details|{""product_id"":""4107812777""}",missing argument,replace
C2_C1,mistral_small_3p2,retail,21,retail:21,single,False,True,get_product_details,<CALL>,<MISSING>,"get_product_details|{""product_id"":""4107812777""}",missing argument,replace
C2_C1,mistral_small_3p2,retail,21,retail:21,single,False,True,get_order_details,order_id,"""#W2345678""","""#W4967593""",order/reservation identifier,aligned_tool
C1_C1,mistral_small_3p2,retail,21,retail:21,single,False,True,get_item_details,item_id,"""4107812777""","""1421289881""",order/reservation identifier,aligned_tool
C1_C1,mistral_small_3p2,retail,21,retail:21,single,False,True,get_product_details,<CALL>,"get_product_details|{""product_id"":""6938111410""}",<MISSING>,extra argument,replace
C1_C1,mistral_small_3p2,retail,21,retail:21,single,False,True,exchange_delivered_order_items,<CALL>,"exchange_delivered_order_items|{""item_ids"":[""9791469541""],""new_item_ids"":[""4107812777""],""order_id"":""#W9911714"",""payment_method_id"":""gift_card_4332117""}",<MISSING>,extra argument,replace
C1_C1,mistral_small_3p2,retail,21,retail:21,single,False,True,get_item_details,<CALL>,"get_item_details|{""item_id"":""1421289881""}",<MISSING>,extra argument,replace
C1_C1,mistral_small_3p2,retail,21,retail:21,single,False,True,get_product_details,<CALL>,"get_product_details|{""product_id"":""1656367028""}",<MISSING>,extra argument,replace
C1_C1,mistral_small_3p2,retail,21,retail:21,single,False,True,calculate,<CALL>,<MISSING>,"calculate|{""expression"":""268.77 - 147.05""}",missing argument,replace
C1_C1,mistral_small_3p2,retail,21,retail:21,single,False,True,calculate,<CALL>,<MISSING>,"calculate|{""expression"":""147.05 - 268.77""}",missing argument,replace
C1_C1,mistral_small_3p2,retail,21,retail:21,single,False,True,get_item_details,item_id,"""1656367028""","""1421289881""",order/reservation identifier,aligned_tool
C1_C1,mistral_small_3p2,retail,21,retail:21,single,False,True,get_product_details,product_id,"""6938111410""","""1656367028""",order/reservation identifier,aligned_tool
C1_C1,mistral_small_3p2,retail,21,retail:21,single,False,True,exchange_delivered_order_items,new_item_ids,"[""4107812777""]","[""1421289881""]",order/reservation identifier,aligned_tool
C1_C1,mistral_small_3p2,retail,21,retail:21,single,False,True,get_item_details,<CALL>,"get_item_details|{""item_id"":""1421289881""}",<MISSING>,extra argument,replace
C1_C1,mistral_small_3p2,retail,21,retail:21,single,False,True,get_product_details,<CALL>,"get_product_details|{""product_id"":""1656367028""}",<MISSING>,extra argument,replace
C1_C1,mistral_small_3p2,retail,21,retail:21,single,False,True,modify_pending_order_items,<CALL>,<MISSING>,"modify_pending_order_items|{""item_ids"":[""9791469541""],""new_item_ids"":[""1421289881""],""order_id"":""#W9911714"",""payment_method_id"":""gift_card_4332117""}",missing argument,replace
C1_C1,mistral_small_3p2,retail,21,retail:21,single,False,True,modify_pending_order_items,<CALL>,<MISSING>,"modify_pending_order_items|{""item_ids"":[""9791469541""],""new_item_ids"":[""1821289881""],""order_id"":""#W9911714"",""payment_method_id"":""gift_card_4332117""}",missing argument,replace
C1_C1,mistral_small_3p2,retail,21,retail:21,single,False,True,modify_pending_order_items,<CALL>,<MISSING>,"modify_pending_order_items|{""item_ids"":[""9791469541""],""new_item_ids"":[""2221289881""],""order_id"":""#W9911714"",""payment_method_id"":""gift_card_4332117""}",missing argument,replace
C1_C1,mistral_small_3p2,retail,21,retail:21,single,False,True,modify_pending_order_items,<CALL>,<MISSING>,"modify_pending_order_items|{""item_ids"":[""9791469541""],""new_item_ids"":[""2421289881""],""order_id"":""#W9911714"",""payment_method_id"":""gift_card_4332117""}",missing argument,replace
C1_C1,mistral_small_3p2,retail,21,retail:21,single,False,True,modify_pending_order_items,<CALL>,<MISSING>,"modify_pending_order_items|{""item_ids"":[""9791469541""],""new_item_ids"":[""1821289881""],""order_id"":""#W9911714"",""payment_method_id"":""gift_card_4332117""}",missing argument,replace
C1_C1,mistral_small_3p2,retail,21,retail:21,single,False,True,get_order_details,order_id,"""#W5733668""","""#W6071007""",order/reservation identifier,aligned_tool
C1_C1,mistral_small_3p2,retail,21,retail:21,single,False,True,get_item_details,item_id,"""1656367028""","""4107812777""",order/reservation identifier,aligned_tool
C1_C1,mistral_small_3p2,retail,21,retail:21,single,False,True,get_product_details,product_id,"""6938111410""","""4107812777""",order/reservation identifier,aligned_tool
C1_C1,mistral_small_3p2,retail,21,retail:21,single,False,True,get_product_details,product_id,"""1656367028""","""4107812777""",order/reservation identifier,aligned_tool
C1_C1,mistral_small_3p2,retail,21,retail:21,single,False,True,get_product_details,product_id,"""6938111410""","""1656367028""",order/reservation identifier,aligned_tool
C1_C1,mistral_small_3p2,retail,21,retail:21,single,False,True,exchange_delivered_order_items,new_item_ids,"[""4107812777""]","[""1421289881""]",order/reservation identifier,aligned_tool
C1_C1,mistral_small_3p2,retail,21,retail:21,single,False,True,get_item_details,<CALL>,"get_item_details|{""item_id"":""1421289881""}",<MISSING>,extra argument,replace
C1_C1,mistral_small_3p2,retail,21,retail:21,single,False,True,get_product_details,<CALL>,"get_product_details|{""product_id"":""1656367028""}",<MISSING>,extra argument,replace
C1_C1,mistral_small_3p2,retail,21,retail:21,single,False,True,calculate,<CALL>,<MISSING>,"calculate|{""expression"":""86.0 - 33.64""}",missing argument,replace
C1_C1,mistral_small_3p2,retail,21,retail:21,single,False,True,modify_pending_order_items,<CALL>,<MISSING>,"modify_pending_order_items|{""item_ids"":[""9791469541""],""new_item_ids"":[""1421289881""],""order_id"":""#W9911714"",""payment_method_id"":""gift_card_4332117""}",missing argument,replace
C1_C1,mistral_small_3p2,retail,21,retail:21,single,False,True,get_order_details,order_id,"""#W65243945""","""#W6071007""",order/reservation identifier,aligned_tool
C1_C1,mistral_small_3p2,retail,21,retail:21,single,False,True,get_product_details,product_id,"""4107812777""","""1656367028""",order/reservation identifier,aligned_tool
C1_C1,mistral_small_3p2,retail,21,retail:21,single,False,True,calculate,expression,"""268.77 - 147.05""","""147.05 - 268.77""",unknown,aligned_tool
C1_C1,mistral_small_3p2,retail,21,retail:21,single,False,True,calculate,<CALL>,"calculate|{""expression"":""147.05 - 268.77""}",<MISSING>,extra argument,replace
C1_C1,mistral_small_3p2,retail,21,retail:21,single,False,True,exchange_delivered_order_items,<CALL>,<MISSING>,"exchange_delivered_order_items|{""item_ids"":[""9791469541""],""new_item_ids"":[""1421289881""],""order_id"":""#W9911714"",""payment_method_id"":""gift_card_4332117""}",missing argument,replace
C1_C1,mistral_small_3p2,retail,21,retail:21,single,False,True,modify_pending_order_items,<CALL>,<MISSING>,"modify_pending_order_items|{""item_ids"":[""9791469541""],""new_item_ids"":[""1421289881""],""order_id"":""#W9911714"",""payment_method_id"":""gift_card_4332117""}",missing argument,replace
C1_C1,mistral_small_3p2,retail,21,retail:21,single,False,True,modify_pending_order_items,<CALL>,<MISSING>,"modify_pending_order_items|{""item_ids"":[""9791469541""],""new_item_ids"":[""1821289881""],""order_id"":""#W9911714"",""payment_method_id"":""gift_card_4332117""}",missing argument,replace
C1_C1,mistral_small_3p2,retail,21,retail:21,single,False,True,modify_pending_order_items,<CALL>,<MISSING>,"modify_pending_order_items|{""item_ids"":[""9791469541""],""new_item_ids"":[""2221289881""],""order_id"":""#W9911714"",""payment_method_id"":""gift_card_4332117""}",missing argument,replace
C1_C1,mistral_small_3p2,retail,21,retail:21,single,False,True,modify_pending_order_items,<CALL>,<MISSING>,"modify_pending_order_items|{""item_ids"":[""9791469541""],""new_item_ids"":[""2421289881""],""order_id"":""#W9911714"",""payment_method_id"":""gift_card_4332117""}",missing argument,replace
C1_C1,mistral_small_3p2,retail,21,retail:21,single,False,True,modify_pending_order_items,<CALL>,<MISSING>,"modify_pending_order_items|{""item_ids"":[""9791469541""],""new_item_ids"":[""1821289881""],""order_id"":""#W9911714"",""payment_method_id"":""gift_card_4332117""}",missing argument,replace
C1_C1,mistral_small_3p2,retail,21,retail:21,single,False,True,get_order_details,order_id,"""#W65243945""","""#W6071007""",order/reservation identifier,aligned_tool
C1_C1,mistral_small_3p2,retail,21,retail:21,single,False,True,get_item_details,<CALL>,"get_item_details|{""item_id"":""1656367028""}",<MISSING>,extra argument,replace
C1_C1,mistral_small_3p2,retail,21,retail:21,single,False,True,get_item_details,<CALL>,"get_item_details|{""item_id"":""1421289881""}",<MISSING>,extra argument,replace
C1_C1,mistral_small_3p2,retail,21,retail:21,single,False,True,calculate,<CALL>,"calculate|{""expression"":""268.77 - 147.05""}",<MISSING>,extra argument,replace
C1_C1,mistral_small_3p2,retail,21,retail:21,single,False,True,calculate,<CALL>,"calculate|{""expression"":""147.05 - 268.77""}",<MISSING>,extra argument,replace
C1_C1,mistral_small_3p2,retail,21,retail:21,single,False,True,get_product_details,<CALL>,<MISSING>,"get_product_details|{""product_id"":""4107812777""}",missing argument,replace
C1_C1,mistral_small_3p2,retail,21,retail:21,single,False,True,get_product_details,<CALL>,<MISSING>,"get_product_details|{""product_id"":""4107812777""}",missing argument,replace
C1_C1,mistral_small_3p2,retail,21,retail:21,single,False,True,get_product_details,<CALL>,<MISSING>,"get_product_details|{""product_id"":""4107812777""}",missing argument,replace
C1_C1,mistral_small_3p2,retail,21,retail:21,single,False,True,get_product_details,<CALL>,<MISSING>,"get_product_details|{""product_id"":""4107812777""}",missing argument,replace
C1_C1,mistral_small_3p2,retail,21,retail:21,single,False,True,get_product_details,<CALL>,<MISSING>,"get_product_details|{""product_id"":""4107812777""}",missing argument,replace
C1_C1,mistral_small_3p2,retail,21,retail:21,single,False,True,get_product_details,<CALL>,<MISSING>,"get_product_details|{""product_id"":""4107812777""}",missing argument,replace
C1_C1,mistral_small_3p2,retail,21,retail:21,single,False,True,get_product_details,<CALL>,<MISSING>,"get_product_details|{""product_id"":""4107812777""}",missing argument,replace
C1_C1,mistral_small_3p2,retail,21,retail:21,single,False,True,get_product_details,<CALL>,<MISSING>,"get_product_details|{""product_id"":""4107812777""}",missing argument,replace
C1_C1,mistral_small_3p2,retail,21,retail:21,single,False,True,get_product_details,product_id,"""4107812777""","""1656367028""",order/reservation identifier,aligned_tool
C1_C1,mistral_small_3p2,retail,21,retail:21,single,False,True,calculate,expression,"""268.77 - 147.05""","""268.77 - 235.13""",unknown,aligned_tool
C1_C1,mistral_small_3p2,retail,21,retail:21,single,False,True,calculate,expression,"""147.05 - 268.77""","""86.0 - 33.64""",unknown,aligned_tool
C1_C1,mistral_small_3p2,retail,21,retail:21,single,False,True,get_product_details,product_id,"""1656367028""","""4107812777""",order/reservation identifier,aligned_tool
C1_C1,mistral_small_3p2,retail,21,retail:21,single,False,True,calculate,<CALL>,"calculate|{""expression"":""147.05 - 268.77""}",<MISSING>,extra argument,replace
C1_C1,mistral_small_3p2,retail,21,retail:21,single,False,True,exchange_delivered_order_items,<CALL>,"exchange_delivered_order_items|{""item_ids"":[""9791469541""],""new_item_ids"":[""1421289881""],""order_id"":""#W9911714"",""payment_method_id"":""gift_card_4332117""}",<MISSING>,extra argument,replace
C1_C1,mistral_small_3p2,retail,21,retail:21,single,False,True,modify_pending_order_items,<CALL>,"modify_pending_order_items|{""item_ids"":[""9791469541""],""new_item_ids"":[""1421289881""],""order_id"":""#W9911714"",""payment_method_id"":""gift_card_4332117""}",<MISSING>,extra argument,replace
C1_C1,mistral_small_3p2,retail,21,retail:21,single,False,True,modify_pending_order_items,<CALL>,"modify_pending_order_items|{""item_ids"":[""9791469541""],""new_item_ids"":[""1821289881""],""order_id"":""#W9911714"",""payment_method_id"":""gift_card_4332117""}",<MISSING>,extra argument,replace
C1_C1,mistral_small_3p2,retail,21,retail:21,single,False,True,modify_pending_order_items,<CALL>,"modify_pending_order_items|{""item_ids"":[""9791469541""],""new_item_ids"":[""2221289881""],""order_id"":""#W9911714"",""payment_method_id"":""gift_card_4332117""}",<MISSING>,extra argument,replace
C1_C1,mistral_small_3p2,retail,21,retail:21,single,False,True,modify_pending_order_items,<CALL>,"modify_pending_order_items|{""item_ids"":[""9791469541""],""new_item_ids"":[""2421289881""],""order_id"":""#W9911714"",""payment_method_id"":""gift_card_4332117""}",<MISSING>,extra argument,replace
C1_C1,mistral_small_3p2,retail,21,retail:21,single,False,True,modify_pending_order_items,<CALL>,"modify_pending_order_items|{""item_ids"":[""9791469541""],""new_item_ids"":[""1821289881""],""order_id"":""#W9911714"",""payment_method_id"":""gift_card_4332117""}",<MISSING>,extra argument,replace
C1_C1,mistral_small_3p2,retail,21,retail:21,single,False,True,get_product_details,<CALL>,<MISSING>,"get_product_details|{""product_id"":""4107812777""}",missing argument,replace
C1_C1,mistral_small_3p2,retail,21,retail:21,single,False,True,get_product_details,<CALL>,<MISSING>,"get_product_details|{""product_id"":""4107812777""}",missing argument,replace
C1_C1,mistral_small_3p2,retail,21,retail:21,single,False,True,get_product_details,<CALL>,<MISSING>,"get_product_details|{""product_id"":""4107812777""}",missing argument,replace
C1_C1,mistral_small_3p2,retail,21,retail:21,single,False,True,get_product_details,<CALL>,<MISSING>,"get_product_details|{""product_id"":""4107812777""}",missing argument,replace
C1_C1,mistral_small_3p2,retail,21,retail:21,single,False,True,get_product_details,<CALL>,<MISSING>,"get_product_details|{""product_id"":""4107812777""}",missing argument,replace
C1_C1,mistral_small_3p2,retail,21,retail:21,single,False,True,get_product_details,<CALL>,<MISSING>,"get_product_details|{""product_id"":""4107812777""}",missing argument,replace
C1_C1,mistral_small_3p2,retail,21,retail:21,single,False,True,get_product_details,<CALL>,<MISSING>,"get_product_details|{""product_id"":""4107812777""}",missing argument,replace
C1_C1,mistral_small_3p2,retail,21,retail:21,single,False,True,get_product_details,<CALL>,<MISSING>,"get_product_details|{""product_id"":""4107812777""}",missing argument,replace
C1_C1,mistral_small_3p2,retail,21,retail:21,single,False,True,get_item_details,item_id,"""1421289881""","""1656367028""",order/reservation identifier,aligned_tool
C1_C1,mistral_small_3p2,retail,21,retail:21,single,False,True,calculate,expression,"""147.05 - 268.77""","""268.77 - 235.13""",unknown,aligned_tool
C1_C1,mistral_small_3p2,retail,21,retail:21,single,False,True,get_order_details,order_id,"""#W6071007""","""#W5733668""",order/reservation identifier,aligned_tool
C1_C1,mistral_small_3p2,retail,21,retail:21,single,False,True,get_item_details,item_id,"""4107812777""","""1656367028""",order/reservation identifier,aligned_tool
C1_C1,mistral_small_3p2,retail,21,retail:21,single,False,True,get_product_details,product_id,"""4107812777""","""1656367028""",order/reservation identifier,aligned_tool
C1_C1,mistral_small_3p2,retail,21,retail:21,single,False,True,get_product_details,<CALL>,"get_product_details|{""product_id"":""4107812777""}",<MISSING>,extra argument,replace
C1_C1,mistral_small_3p2,retail,21,retail:21,single,False,True,get_product_details,<CALL>,"get_product_details|{""product_id"":""4107812777""}",<MISSING>,extra argument,replace
C1_C1,mistral_small_3p2,retail,21,retail:21,single,False,True,get_product_details,<CALL>,"get_product_details|{""product_id"":""4107812777""}",<MISSING>,extra argument,replace
C1_C1,mistral_small_3p2,retail,21,retail:21,single,False,True,get_product_details,<CALL>,"get_product_details|{""product_id"":""4107812777""}",<MISSING>,extra argument,replace
C1_C1,mistral_small_3p2,retail,21,retail:21,single,False,True,get_product_details,<CALL>,"get_product_details|{""product_id"":""4107812777""}",<MISSING>,extra argument,replace
C1_C1,mistral_small_3p2,retail,21,retail:21,single,False,True,get_product_details,<CALL>,"get_product_details|{""product_id"":""4107812777""}",<MISSING>,extra argument,replace
C1_C1,mistral_small_3p2,retail,21,retail:21,single,False,True,get_product_details,<CALL>,"get_product_details|{""product_id"":""4107812777""}",<MISSING>,extra argument,replace
C1_C1,mistral_small_3p2,retail,21,retail:21,single,False,True,get_product_details,<CALL>,"get_product_details|{""product_id"":""4107812777""}",<MISSING>,extra argument,replace
C1_C1,mistral_small_3p2,retail,21,retail:21,single,False,True,calculate,<CALL>,<MISSING>,"calculate|{""expression"":""268.77 - 235.13""}",missing argument,replace
C1_C1,mistral_small_3p2,retail,21,retail:21,single,False,True,exchange_delivered_order_items,<CALL>,<MISSING>,"exchange_delivered_order_items|{""item_ids"":[""9791469541""],""new_item_ids"":[""1421289881""],""order_id"":""#W9911714"",""payment_method_id"":""gift_card_4332117""}",missing argument,replace
C1_C1,mistral_small_3p2,retail,21,retail:21,single,False,True,calculate,<CALL>,<MISSING>,"calculate|{""expression"":""86.0 - 33.64""}",missing argument,replace
C1_C1,mistral_small_3p2,retail,21,retail:21,single,False,True,modify_pending_order_items,<CALL>,<MISSING>,"modify_pending_order_items|{""item_ids"":[""9791469541""],""new_item_ids"":[""1421289881""],""order_id"":""#W9911714"",""payment_method_id"":""gift_card_4332117""}",missing argument,replace
C2_C1,mistral_small_3p2,retail,23,retail:23,compound,False,False,get_order_details,order_id,"""#12345""","""#W3561391""",order/reservation identifier,aligned_tool
C2_C1,mistral_small_3p2,retail,23,retail:23,compound,False,False,get_order_details,order_id,"""#67890""","""#W6876713""",order/reservation identifier,aligned_tool
C2_C1,mistral_small_3p2,retail,23,retail:23,compound,False,False,get_order_details,order_id,"""#12345""","""#W9609649""",order/reservation identifier,aligned_tool
C2_C1,mistral_small_3p2,retail,23,retail:23,compound,False,False,get_order_details,order_id,"""#67890""","""#W3947049""",order/reservation identifier,aligned_tool
C2_C1,mistral_small_3p2,retail,23,retail:23,compound,False,False,transfer_to_human_agents,<CALL>,"transfer_to_human_agents|{""summary"":""User sofia_hernandez_5364 wants to make exchanges and modifications to orders but cannot provide the correct order IDs. The user ordered a helmet, luggage set, and grill but cannot find the orders with IDs 12345 and 67890. The user has been assisted with finding the orders but is still unable to locate them. The user would now like to speak to a manager.""}",<MISSING>,extra argument,replace
C2_C1,mistral_small_3p2,retail,23,retail:23,compound,False,False,get_product_details,<CALL>,<MISSING>,"get_product_details|{""product_id"":""7765186836""}",missing argument,replace
C2_C1,mistral_small_3p2,retail,23,retail:23,compound,False,False,get_product_details,<CALL>,<MISSING>,"get_product_details|{""product_id"":""5426915165""}",missing argument,replace
C2_C1,mistral_small_3p2,retail,23,retail:23,compound,False,False,get_item_details,<CALL>,<MISSING>,"get_item_details|{""item_id"":""7082455361""}",missing argument,replace
C2_C1,mistral_small_3p2,retail,23,retail:23,compound,False,False,exchange_delivered_order_items,<CALL>,<MISSING>,"exchange_delivered_order_items|{""item_ids"":[""3358616356""],""new_item_ids"":[""8573379326""],""order_id"":""#W3947049"",""payment_method_id"":""credit_card_7901829""}",missing argument,replace
C2_C1,mistral_small_3p2,retail,23,retail:23,compound,False,False,exchange_delivered_order_items,<CALL>,<MISSING>,"exchange_delivered_order_items|{""item_ids"":[""6301799585""],""new_item_ids"":[""8926329222""],""order_id"":""#W6876713"",""payment_method_id"":""credit_card_7901829""}",missing argument,replace
C2_C1,mistral_small_3p2,retail,23,retail:23,compound,False,False,modify_pending_order_items,<CALL>,<MISSING>,"modify_pending_order_items|{""item_ids"":[""5946177616""],""new_item_ids"":[""7082455361""],""order_id"":""#W3561391"",""payment_method_id"":""credit_card_7901829""}",missing argument,replace
C2_C1,mistral_small_3p2,retail,23,retail:23,compound,False,True,get_order_details,order_id,"""#W3947049""","""#W6876713""",order/reservation identifier,aligned_tool
C2_C1,mistral_small_3p2,retail,23,retail:23,compound,False,True,get_order_details,order_id,"""#12345""","""#W3561391""",order/reservation identifier,aligned_tool
C2_C1,mistral_small_3p2,retail,23,retail:23,compound,False,True,get_order_details,order_id,"""#67890""","""#W6876713""",order/reservation identifier,aligned_tool
C2_C1,mistral_small_3p2,retail,23,retail:23,compound,False,True,get_order_details,order_id,"""#54321""","""#W9609649""",order/reservation identifier,aligned_tool
C2_C1,mistral_small_3p2,retail,23,retail:23,compound,False,True,get_order_details,order_id,"""#56789""","""#W3947049""",order/reservation identifier,aligned_tool
C2_C1,mistral_small_3p2,retail,23,retail:23,compound,False,True,get_order_details,<CALL>,"get_order_details|{""order_id"":""#90123""}",<MISSING>,extra argument,replace
C2_C1,mistral_small_3p2,retail,23,retail:23,compound,False,True,get_order_details,<CALL>,"get_order_details|{""order_id"":""#34567""}",<MISSING>,extra argument,replace
C2_C1,mistral_small_3p2,retail,23,retail:23,compound,False,True,get_order_details,<CALL>,"get_order_details|{""order_id"":""#98765""}",<MISSING>,extra argument,replace
C2_C1,mistral_small_3p2,retail,23,retail:23,compound,False,True,get_order_details,<CALL>,"get_order_details|{""order_id"":""#43210""}",<MISSING>,extra argument,replace
C2_C1,mistral_small_3p2,retail,23,retail:23,compound,False,True,get_order_details,<CALL>,"get_order_details|{""order_id"":""#87654""}",<MISSING>,extra argument,replace
C2_C1,mistral_small_3p2,retail,23,retail:23,compound,False,True,get_order_details,<CALL>,"get_order_details|{""order_id"":""#98765""}",<MISSING>,extra argument,replace
C2_C1,mistral_small_3p2,retail,23,retail:23,compound,False,True,get_order_details,<CALL>,"get_order_details|{""order_id"":""#43210""}",<MISSING>,extra argument,replace
C2_C1,mistral_small_3p2,retail,23,retail:23,compound,False,True,get_order_details,<CALL>,"get_order_details|{""order_id"":""#87654""}",<MISSING>,extra argument,replace
C2_C1,mistral_small_3p2,retail,23,retail:23,compound,False,True,get_item_details,<CALL>,<MISSING>,"get_item_details|{""item_id"":""3358616356""}",missing argument,replace
C2_C1,mistral_small_3p2,retail,23,retail:23,compound,False,True,get_item_details,<CALL>,<MISSING>,"get_item_details|{""item_id"":""6301799585""}",missing argument,replace
C2_C1,mistral_small_3p2,retail,23,retail:23,compound,False,True,get_item_details,<CALL>,<MISSING>,"get_item_details|{""item_id"":""5946177616""}",missing argument,replace
C2_C1,mistral_small_3p2,retail,23,retail:23,compound,False,True,get_item_details,<CALL>,<MISSING>,"get_item_details|{""item_id"":""7082455361""}",missing argument,replace
C2_C1,mistral_small_3p2,retail,23,retail:23,compound,False,True,get_product_details,<CALL>,<MISSING>,"get_product_details|{""product_id"":""7765186836""}",missing argument,replace
C2_C1,mistral_small_3p2,retail,23,retail:23,compound,False,True,get_product_details,<CALL>,<MISSING>,"get_product_details|{""product_id"":""5426915165""}",missing argument,replace
C2_C1,mistral_small_3p2,retail,23,retail:23,compound,False,True,get_product_details,<CALL>,<MISSING>,"get_product_details|{""product_id"":""6819683148""}",missing argument,replace
C2_C1,mistral_small_3p2,retail,23,retail:23,compound,False,True,get_order_details,<CALL>,"get_order_details|{""order_id"":""#W3947049""}",<MISSING>,extra argument,replace
C2_C1,mistral_small_3p2,retail,23,retail:23,compound,False,True,get_product_details,<CALL>,<MISSING>,"get_product_details|{""product_id"":""6819683148""}",missing argument,replace
C2_C1,mistral_small_3p2,retail,23,retail:23,compound,False,True,get_product_details,<CALL>,<MISSING>,"get_product_details|{""product_id"":""5426915165""}",missing argument,replace
C2_C1,mistral_small_3p2,retail,23,retail:23,compound,False,True,get_product_details,<CALL>,<MISSING>,"get_product_details|{""product_id"":""9523456873""}",missing argument,replace
C2_C1,mistral_small_3p2,retail,23,retail:23,compound,False,True,get_order_details,order_id,"""#12345""","""#W3561391""",order/reservation identifier,aligned_tool
C2_C1,mistral_small_3p2,retail,23,retail:23,compound,False,True,get_order_details,order_id,"""#67890""","""#W6876713""",order/reservation identifier,aligned_tool
C2_C1,mistral_small_3p2,retail,23,retail:23,compound,False,True,get_order_details,order_id,"""#12345""","""#W9609649""",order/reservation identifier,aligned_tool
C2_C1,mistral_small_3p2,retail,23,retail:23,compound,False,True,get_order_details,order_id,"""#67890""","""#W3947049""",order/reservation identifier,aligned_tool
C2_C1,mistral_small_3p2,retail,23,retail:23,compound,False,True,transfer_to_human_agents,<CALL>,"transfer_to_human_agents|{""summary"":""User sofia_hernandez_5364 wants to make exchanges and modifications to orders but cannot provide the correct order IDs. The user has mentioned purchasing a helmet, luggage set, and grill, but the orders could not be located. The user now wants to speak to a manager.""}",<MISSING>,extra argument,replace
C2_C1,mistral_small_3p2,retail,23,retail:23,compound,False,True,get_product_details,<CALL>,<MISSING>,"get_product_details|{""product_id"":""7765186836""}",missing argument,replace
C2_C1,mistral_small_3p2,retail,23,retail:23,compound,False,True,get_product_details,<CALL>,<MISSING>,"get_product_details|{""product_id"":""5426915165""}",missing argument,replace
C1_C1,mistral_small_3p2,retail,23,retail:23,compound,False,False,get_item_details,<CALL>,"get_item_details|{""item_id"":""7082455361""}",<MISSING>,extra argument,replace
C1_C1,mistral_small_3p2,retail,23,retail:23,compound,False,False,exchange_delivered_order_items,<CALL>,"exchange_delivered_order_items|{""item_ids"":[""3358616356""],""new_item_ids"":[""8573379326""],""order_id"":""#W3947049"",""payment_method_id"":""credit_card_7901829""}",<MISSING>,extra argument,replace
C1_C1,mistral_small_3p2,retail,23,retail:23,compound,False,False,exchange_delivered_order_items,<CALL>,"exchange_delivered_order_items|{""item_ids"":[""6301799585""],""new_item_ids"":[""8926329222""],""order_id"":""#W6876713"",""payment_method_id"":""credit_card_7901829""}",<MISSING>,extra argument,replace
C1_C1,mistral_small_3p2,retail,23,retail:23,compound,False,False,modify_pending_order_items,<CALL>,"modify_pending_order_items|{""item_ids"":[""5946177616""],""new_item_ids"":[""7082455361""],""order_id"":""#W3561391"",""payment_method_id"":""credit_card_7901829""}",<MISSING>,extra argument,replace
C1_C1,mistral_small_3p2,retail,23,retail:23,compound,False,False,get_product_details,<CALL>,<MISSING>,"get_product_details|{""product_id"":""6819683148""}",missing argument,replace
C1_C1,mistral_small_3p2,retail,23,retail:23,compound,False,False,get_product_details,product_id,"""7765186836""","""6819683148""",order/reservation identifier,aligned_tool
C1_C1,mistral_small_3p2,retail,23,retail:23,compound,False,False,get_item_details,<CALL>,"get_item_details|{""item_id"":""7082455361""}",<MISSING>,extra argument,replace
C1_C1,mistral_small_3p2,retail,23,retail:23,compound,False,False,exchange_delivered_order_items,<CALL>,"exchange_delivered_order_items|{""item_ids"":[""3358616356""],""new_item_ids"":[""8573379326""],""order_id"":""#W3947049"",""payment_method_id"":""credit_card_7901829""}",<MISSING>,extra argument,replace
C1_C1,mistral_small_3p2,retail,23,retail:23,compound,False,False,exchange_delivered_order_items,<CALL>,"exchange_delivered_order_items|{""item_ids"":[""6301799585""],""new_item_ids"":[""8926329222""],""order_id"":""#W6876713"",""payment_method_id"":""credit_card_7901829""}",<MISSING>,extra argument,replace
C1_C1,mistral_small_3p2,retail,23,retail:23,compound,False,False,modify_pending_order_items,<CALL>,"modify_pending_order_items|{""item_ids"":[""5946177616""],""new_item_ids"":[""7082455361""],""order_id"":""#W3561391"",""payment_method_id"":""credit_card_7901829""}",<MISSING>,extra argument,replace
C1_C1,mistral_small_3p2,retail,23,retail:23,compound,False,False,get_product_details,<CALL>,<MISSING>,"get_product_details|{""product_id"":""9523456873""}",missing argument,replace
C1_C1,mistral_small_3p2,retail,23,retail:23,compound,False,True,get_product_details,product_id,"""7765186836""","""6819683148""",order/reservation identifier,aligned_tool
C1_C1,mistral_small_3p2,retail,23,retail:23,compound,False,True,get_product_details,product_id,"""6819683148""","""9523456873""",order/reservation identifier,aligned_tool
C1_C1,mistral_small_3p2,retail,23,retail:23,compound,False,True,get_product_details,product_id,"""6819683148""","""7765186836""",order/reservation identifier,aligned_tool
C2_C1,mistral_small_3p2,retail,25,retail:25,read,False,False,get_order_details,order_id,"""#W3792453""","""#W7181492""",order/reservation identifier,aligned_tool
C2_C1,mistral_small_3p2,retail,25,retail:25,read,False,False,get_order_details,<CALL>,"get_order_details|{""order_id"":""#W5565470""}",<MISSING>,extra argument,replace
C2_C1,mistral_small_3p2,retail,25,retail:25,read,False,False,get_order_details,<CALL>,"get_order_details|{""order_id"":""#W2575533""}",<MISSING>,extra argument,replace
C2_C1,mistral_small_3p2,retail,25,retail:25,read,False,False,return_delivered_order_items,<CALL>,<MISSING>,"return_delivered_order_items|{""item_ids"":[""5753502325"",""9851293632"",""3778705663"",""8118291112""],""order_id"":""#W7181492"",""payment_method_id"":""paypal_3024827""}",missing argument,replace
C2_C1,mistral_small_3p2,retail,25,retail:25,read,False,False,calculate,<CALL>,<MISSING>,"calculate|{""expression"":""96.35 + 193.38 + 473.48 + 260.56""}",missing argument,replace
C2_C1,mistral_small_3p2,retail,25,retail:25,read,True,True,transfer_to_human_agents,summary,"""User isabella_johansson_2152 wants to return items from order #W5565470 and have the refund credited to their Amex credit card instead of their PayPal account.""","""User wants to return items from order #W5565470 except the pet bed.""",unknown,aligned_tool
C2_C1,mistral_small_3p2,retail,25,retail:25,read,True,True,transfer_to_human_agents,summary,"""User Isabella Johansson needs to return items from order #W5565470 sent to Texas by mistake. She wants the refund to be credited to her Amex credit card.""","""User Isabella Johansson needs to update the refund method for order #W5565470. She wants the refund to go to her Amex credit card instead of PayPal.""",unknown,aligned_tool
C1_C1,mistral_small_3p2,retail,25,retail:25,,False,False,get_order_details,order_id,"""#W7181492""","""#W3792453""",order/reservation identifier,aligned_tool
C1_C1,mistral_small_3p2,retail,25,retail:25,,False,False,return_delivered_order_items,<CALL>,"return_delivered_order_items|{""item_ids"":[""5753502325"",""9851293632"",""3778705663"",""8118291112""],""order_id"":""#W7181492"",""payment_method_id"":""paypal_3024827""}",<MISSING>,extra argument,replace
C1_C1,mistral_small_3p2,retail,25,retail:25,,False,False,calculate,<CALL>,"calculate|{""expression"":""96.35 + 193.38 + 473.48 + 260.56""}",<MISSING>,extra argument,replace
C1_C1,mistral_small_3p2,retail,25,retail:25,,False,False,get_order_details,<CALL>,<MISSING>,"get_order_details|{""order_id"":""#W5565470""}",missing argument,replace
C1_C1,mistral_small_3p2,retail,25,retail:25,,False,False,get_order_details,<CALL>,<MISSING>,"get_order_details|{""order_id"":""#W2575533""}",missing argument,replace
C1_C1,mistral_small_3p2,retail,25,retail:25,,False,False,transfer_to_human_agents,<CALL>,<MISSING>,"transfer_to_human_agents|{""summary"":""User wants to return items from order #W5565470 except the pet bed.""}",missing argument,replace
C1_C1,mistral_small_3p2,retail,25,retail:25,,False,False,get_order_details,order_id,"""#W7181492""","""#W3792453""",order/reservation identifier,aligned_tool
C1_C1,mistral_small_3p2,retail,25,retail:25,,False,False,return_delivered_order_items,<CALL>,"return_delivered_order_items|{""item_ids"":[""5753502325"",""9851293632"",""3778705663"",""8118291112""],""order_id"":""#W7181492"",""payment_method_id"":""paypal_3024827""}",<MISSING>,extra argument,replace
C1_C1,mistral_small_3p2,retail,25,retail:25,,False,False,calculate,<CALL>,"calculate|{""expression"":""96.35 + 193.38 + 473.48 + 260.56""}",<MISSING>,extra argument,replace
C1_C1,mistral_small_3p2,retail,25,retail:25,,False,False,get_order_details,<CALL>,<MISSING>,"get_order_details|{""order_id"":""#W5565470""}",missing argument,replace
C1_C1,mistral_small_3p2,retail,25,retail:25,,False,False,get_order_details,<CALL>,<MISSING>,"get_order_details|{""order_id"":""#W2575533""}",missing argument,replace
C1_C1,mistral_small_3p2,retail,25,retail:25,,False,False,get_item_details,<CALL>,<MISSING>,"get_item_details|{""item_id"":""7602931732""}",missing argument,replace
C1_C1,mistral_small_3p2,retail,25,retail:25,,False,False,get_item_details,<CALL>,<MISSING>,"get_item_details|{""item_id"":""9570044148""}",missing argument,replace
C1_C1,mistral_small_3p2,retail,25,retail:25,,False,False,get_item_details,<CALL>,<MISSING>,"get_item_details|{""item_id"":""6857426243""}",missing argument,replace
C1_C1,mistral_small_3p2,retail,25,retail:25,,False,False,transfer_to_human_agents,<CALL>,<MISSING>,"transfer_to_human_agents|{""summary"":""User Isabella Johansson needs to update the refund method for order #W5565470. She wants the refund to go to her Amex credit card instead of PayPal.""}",missing argument,replace
C1_C1,mistral_small_3p2,retail,25,retail:25,,False,False,get_order_details,order_id,"""#W7181492""","""#W3792453""",order/reservation identifier,aligned_tool
C1_C1,mistral_small_3p2,retail,25,retail:25,,False,False,return_delivered_order_items,<CALL>,"return_delivered_order_items|{""item_ids"":[""5753502325"",""9851293632"",""3778705663"",""8118291112""],""order_id"":""#W7181492"",""payment_method_id"":""paypal_3024827""}",<MISSING>,extra argument,replace
C1_C1,mistral_small_3p2,retail,25,retail:25,,False,False,calculate,<CALL>,"calculate|{""expression"":""96.35 + 193.38 + 473.48 + 260.56""}",<MISSING>,extra argument,replace
C1_C1,mistral_small_3p2,retail,25,retail:25,,False,False,get_order_details,<CALL>,<MISSING>,"get_order_details|{""order_id"":""#W5565470""}",missing argument,replace
C1_C1,mistral_small_3p2,retail,25,retail:25,,False,False,get_order_details,<CALL>,<MISSING>,"get_order_details|{""order_id"":""#W2575533""}",missing argument,replace
C1_C1,mistral_small_3p2,retail,25,retail:25,read,True,True,get_order_details,order_id,"""#W7181492""","""#W3792453""",order/reservation identifier,aligned_tool
C1_C1,mistral_small_3p2,retail,25,retail:25,read,True,True,get_order_details,order_id,"""#W7181492""","""#W3792453""",order/reservation identifier,aligned_tool
C1_C1,mistral_small_3p2,retail,25,retail:25,read,True,True,get_order_details,order_id,"""#W7181492""","""#W3792453""",order/reservation identifier,aligned_tool
C1_C1,mistral_small_3p2,retail,25,retail:25,read,True,True,transfer_to_human_agents,summary,"""User wants to return items from order #W5565470 except the pet bed.""","""User Isabella Johansson needs to update the refund method for order #W5565470. She wants the refund to go to her Amex credit card instead of PayPal.""",unknown,aligned_tool
C2_C1,mistral_small_3p2,retail,26,retail:26,single,False,True,get_order_details,order_id,"""#W3792453""","""#W7181492""",order/reservation identifier,aligned_tool
C2_C1,mistral_small_3p2,retail,26,retail:26,single,False,True,get_item_details,<CALL>,"get_item_details|{""item_id"":""4293355847""}",<MISSING>,extra argument,replace
C2_C1,mistral_small_3p2,retail,26,retail:26,single,False,True,get_order_details,<CALL>,<MISSING>,"get_order_details|{""order_id"":""#W7181492""}",missing argument,replace
C2_C1,mistral_small_3p2,retail,26,retail:26,single,False,True,get_order_details,<CALL>,<MISSING>,"get_order_details|{""order_id"":""#W5565470""}",missing argument,replace
C2_C1,mistral_small_3p2,retail,26,retail:26,single,False,True,get_order_details,<CALL>,<MISSING>,"get_order_details|{""order_id"":""#W2575533""}",missing argument,replace
C2_C1,mistral_small_3p2,retail,26,retail:26,single,False,False,get_order_details,order_id,"""#W3792453""","""#W7181492""",order/reservation identifier,aligned_tool
C1_C1,mistral_small_3p2,retail,26,retail:26,single,False,True,get_order_details,order_id,"""#W7181492""","""#W3792453""",order/reservation identifier,aligned_tool
C1_C1,mistral_small_3p2,retail,26,retail:26,single,False,True,get_order_details,order_id,"""#W7181492""","""#W3792453""",order/reservation identifier,aligned_tool
C1_C1,mistral_small_3p2,retail,26,retail:26,single,False,True,get_order_details,order_id,"""#W7181492""","""#W3792453""",order/reservation identifier,aligned_tool
C1_C1,mistral_small_3p2,retail,26,retail:26,single,False,True,get_order_details,order_id,"""#W3792453""","""#W7181492""",order/reservation identifier,aligned_tool
C1_C1,mistral_small_3p2,retail,26,retail:26,single,False,True,get_order_details,order_id,"""#W3792453""","""#W7181492""",order/reservation identifier,aligned_tool
C1_C1,mistral_small_3p2,retail,26,retail:26,single,False,True,get_order_details,order_id,"""#W7181492""","""#W3792453""",order/reservation identifier,aligned_tool
C2_C1,mistral_small_3p2,retail,3,retail:3,single,False,True,get_item_details,<CALL>,"get_item_details|{""item_id"":""5047954489""}",<MISSING>,extra argument,replace
C2_C1,mistral_small_3p2,retail,3,retail:3,single,False,True,calculate,<CALL>,<MISSING>,"calculate|{""expression"":""53.48 - 53.43""}",missing argument,replace
C2_C1,mistral_small_3p2,retail,3,retail:3,single,False,True,transfer_to_human_agents,<CALL>,"transfer_to_human_agents|{""summary"":""User yusuf_rossi_9620 wants to modify a pending order but does not have the order ID. The user has been authenticated using their first name, last name, and zip code.""}",<MISSING>,extra argument,replace
C2_C1,mistral_small_3p2,retail,3,retail:3,single,False,True,get_user_details,<CALL>,<MISSING>,"get_user_details|{""user_id"":""yusuf_rossi_9620""}",missing argument,replace
C2_C1,mistral_small_3p2,retail,3,retail:3,single,False,True,get_order_details,<CALL>,<MISSING>,"get_order_details|{""order_id"":""#W6247578""}",missing argument,replace
C2_C1,mistral_small_3p2,retail,3,retail:3,single,False,True,get_order_details,<CALL>,<MISSING>,"get_order_details|{""order_id"":""#W9711842""}",missing argument,replace
C2_C1,mistral_small_3p2,retail,3,retail:3,single,False,True,get_order_details,<CALL>,<MISSING>,"get_order_details|{""order_id"":""#W4776164""}",missing argument,replace
C2_C1,mistral_small_3p2,retail,3,retail:3,single,False,True,get_order_details,<CALL>,<MISSING>,"get_order_details|{""order_id"":""#W6679257""}",missing argument,replace
C2_C1,mistral_small_3p2,retail,3,retail:3,single,False,True,get_order_details,<CALL>,<MISSING>,"get_order_details|{""order_id"":""#W2378156""}",missing argument,replace
C2_C1,mistral_small_3p2,retail,3,retail:3,single,False,True,get_item_details,<CALL>,<MISSING>,"get_item_details|{""item_id"":""8349118980""}",missing argument,replace
C2_C1,mistral_small_3p2,retail,3,retail:3,single,False,True,get_product_details,<CALL>,<MISSING>,"get_product_details|{""product_id"":""9523456873""}",missing argument,replace
C1_C1,mistral_small_3p2,retail,3,retail:3,single,False,True,get_item_details,<CALL>,"get_item_details|{""item_id"":""9647292434""}",<MISSING>,extra argument,replace
C1_C1,mistral_small_3p2,retail,3,retail:3,single,False,True,calculate,<CALL>,"calculate|{""expression"":""53.48 - 53.43""}",<MISSING>,extra argument,replace
C1_C1,mistral_small_3p2,retail,3,retail:3,single,False,True,get_product_details,<CALL>,<MISSING>,"get_product_details|{""product_id"":""9523456873""}",missing argument,replace
C1_C1,mistral_small_3p2,retail,3,retail:3,single,False,True,get_item_details,<CALL>,"get_item_details|{""item_id"":""9647292434""}",<MISSING>,extra argument,replace
C1_C1,mistral_small_3p2,retail,3,retail:3,single,False,True,calculate,<CALL>,"calculate|{""expression"":""53.48 - 53.43""}",<MISSING>,extra argument,replace
C1_C1,mistral_small_3p2,retail,3,retail:3,single,False,True,get_product_details,<CALL>,<MISSING>,"get_product_details|{""product_id"":""9523456873""}",missing argument,replace
C1_C1,mistral_small_3p2,retail,3,retail:3,single,False,True,calculate,<CALL>,"calculate|{""expression"":""53.48 - 53.43""}",<MISSING>,extra argument,replace
C1_C1,mistral_small_3p2,retail,3,retail:3,single,False,True,get_item_details,<CALL>,<MISSING>,"get_item_details|{""item_id"":""5047954489""}",missing argument,replace
C1_C1,mistral_small_3p2,retail,3,retail:3,single,False,True,calculate,<CALL>,"calculate|{""expression"":""53.48 - 53.43""}",<MISSING>,extra argument,replace
C1_C1,mistral_small_3p2,retail,3,retail:3,single,False,True,get_item_details,<CALL>,<MISSING>,"get_item_details|{""item_id"":""5047954489""}",missing argument,replace
C1_C1,mistral_small_3p2,retail,3,retail:3,single,False,True,get_product_details,<CALL>,"get_product_details|{""product_id"":""9523456873""}",<MISSING>,extra argument,replace
C1_C1,mistral_small_3p2,retail,3,retail:3,single,False,True,get_item_details,<CALL>,<MISSING>,"get_item_details|{""item_id"":""9647292434""}",missing argument,replace
C1_C1,mistral_small_3p2,retail,3,retail:3,single,False,True,get_item_details,<CALL>,<MISSING>,"get_item_details|{""item_id"":""5047954489""}",missing argument,replace
C1_C1,mistral_small_3p2,retail,3,retail:3,single,False,True,get_product_details,<CALL>,"get_product_details|{""product_id"":""9523456873""}",<MISSING>,extra argument,replace
C1_C1,mistral_small_3p2,retail,3,retail:3,single,False,True,get_item_details,<CALL>,<MISSING>,"get_item_details|{""item_id"":""9647292434""}",missing argument,replace
C1_C1,mistral_small_3p2,retail,3,retail:3,single,False,True,get_item_details,<CALL>,<MISSING>,"get_item_details|{""item_id"":""5047954489""}",missing argument,replace
C1_C1,mistral_small_3p2,retail,3,retail:3,single,False,True,get_product_details,<CALL>,"get_product_details|{""product_id"":""9523456873""}",<MISSING>,extra argument,replace
C1_C1,mistral_small_3p2,retail,3,retail:3,single,False,True,get_item_details,<CALL>,<MISSING>,"get_item_details|{""item_id"":""9647292434""}",missing argument,replace
C1_C1,mistral_small_3p2,retail,3,retail:3,single,False,True,get_item_details,<CALL>,<MISSING>,"get_item_details|{""item_id"":""5047954489""}",missing argument,replace
C1_C1,mistral_small_3p2,retail,3,retail:3,single,False,True,get_product_details,<CALL>,"get_product_details|{""product_id"":""9523456873""}",<MISSING>,extra argument,replace
C1_C1,mistral_small_3p2,retail,3,retail:3,single,False,True,get_item_details,<CALL>,<MISSING>,"get_item_details|{""item_id"":""9647292434""}",missing argument,replace
C1_C1,mistral_small_3p2,retail,3,retail:3,single,False,True,get_item_details,<CALL>,<MISSING>,"get_item_details|{""item_id"":""5047954489""}",missing argument,replace
C2_C1,mistral_small_3p2,retail,30,retail:30,compound,False,True,get_order_details,order_id,"""#W9373487""","""#W9319364""",order/reservation identifier,aligned_tool
C2_C1,mistral_small_3p2,retail,30,retail:30,compound,False,False,get_order_details,order_id,"""#W9319364""","""#W9373487""",order/reservation identifier,aligned_tool
C2_C1,mistral_small_3p2,retail,30,retail:30,compound,False,False,get_order_details,order_id,"""#W9373487""","""#W7449508""",order/reservation identifier,aligned_tool
C2_C1,mistral_small_3p2,retail,30,retail:30,compound,False,False,get_order_details,order_id,"""#1234567890""","""#W9319364""",order/reservation identifier,aligned_tool
C2_C1,mistral_small_3p2,retail,30,retail:30,compound,False,False,get_order_details,order_id,"""#1234567890""","""#W9373487""",order/reservation identifier,aligned_tool
C2_C1,mistral_small_3p2,retail,30,retail:30,compound,False,False,get_order_details,order_id,"""#1234567891""","""#W2692684""",order/reservation identifier,aligned_tool
C2_C1,mistral_small_3p2,retail,30,retail:30,compound,False,False,get_order_details,order_id,"""#1234567891""","""#W9373487""",order/reservation identifier,aligned_tool
C2_C1,mistral_small_3p2,retail,30,retail:30,compound,False,False,find_user_id_by_name_zip,<CALL>,"find_user_id_by_name_zip|{""first_name"":""Olivia"",""last_name"":""Lopez"",""zip"":""76171""}",<MISSING>,extra argument,replace
C2_C1,mistral_small_3p2,retail,30,retail:30,compound,False,False,get_order_details,<CALL>,"get_order_details|{""order_id"":""#1234567892""}",<MISSING>,extra argument,replace
C2_C1,mistral_small_3p2,retail,30,retail:30,compound,False,False,get_order_details,<CALL>,"get_order_details|{""order_id"":""#1234567892""}",<MISSING>,extra argument,replace
C2_C1,mistral_small_3p2,retail,30,retail:30,compound,False,False,find_user_id_by_name_zip,<CALL>,"find_user_id_by_name_zip|{""first_name"":""Olivia"",""last_name"":""Lopez"",""zip"":""76171""}",<MISSING>,extra argument,replace
C2_C1,mistral_small_3p2,retail,30,retail:30,compound,False,False,get_order_details,<CALL>,"get_order_details|{""order_id"":""#1234567893""}",<MISSING>,extra argument,replace
C2_C1,mistral_small_3p2,retail,30,retail:30,compound,False,False,get_order_details,<CALL>,"get_order_details|{""order_id"":""#1234567893""}",<MISSING>,extra argument,replace
C2_C1,mistral_small_3p2,retail,30,retail:30,compound,False,False,find_user_id_by_name_zip,<CALL>,"find_user_id_by_name_zip|{""first_name"":""Olivia"",""last_name"":""Lopez"",""zip"":""76171""}",<MISSING>,extra argument,replace
C2_C1,mistral_small_3p2,retail,30,retail:30,compound,False,False,get_order_details,<CALL>,"get_order_details|{""order_id"":""#1234567894""}",<MISSING>,extra argument,replace
C2_C1,mistral_small_3p2,retail,30,retail:30,compound,False,False,get_order_details,<CALL>,"get_order_details|{""order_id"":""#1234567894""}",<MISSING>,extra argument,replace
C2_C1,mistral_small_3p2,retail,30,retail:30,compound,False,False,transfer_to_human_agents,<CALL>,<MISSING>,"transfer_to_human_agents|{""summary"":""User olivia_lopez_3865 wants to return a sneaker. The sneaker is not in any of the 5 orders in the last 30 days. Need to check orders outside the time range.""}",missing argument,replace
C1_C1,mistral_small_3p2,retail,30,retail:30,compound,False,True,get_order_details,order_id,"""#W9319364""","""#W9373487""",order/reservation identifier,aligned_tool
C1_C1,mistral_small_3p2,retail,30,retail:30,compound,False,True,get_order_details,order_id,"""#W9319364""","""#W9373487""",order/reservation identifier,aligned_tool
C1_C1,mistral_small_3p2,retail,30,retail:30,compound,False,True,get_order_details,order_id,"""#W9373487""","""#W7449508""",order/reservation identifier,aligned_tool
C1_C1,mistral_small_3p2,retail,30,retail:30,compound,False,False,get_order_details,order_id,"""#W5481803""","""#W9373487""",order/reservation identifier,aligned_tool
C1_C1,mistral_small_3p2,retail,30,retail:30,compound,False,False,get_order_details,<CALL>,"get_order_details|{""order_id"":""#W7449508""}",<MISSING>,extra argument,replace
C1_C1,mistral_small_3p2,retail,30,retail:30,compound,False,False,transfer_to_human_agents,<CALL>,<MISSING>,"transfer_to_human_agents|{""summary"":""User olivia_lopez_3865 wants to return a sneaker. The sneaker is not in any of the 5 orders in the last 30 days. Need to check orders outside the time range.""}",missing argument,replace
C1_C1,mistral_small_3p2,retail,30,retail:30,compound,False,True,get_order_details,order_id,"""#W9373487""","""#W9319364""",order/reservation identifier,aligned_tool
C1_C1,mistral_small_3p2,retail,30,retail:30,compound,False,False,get_order_details,order_id,"""#W9373487""","""#W9319364""",order/reservation identifier,aligned_tool
C1_C1,mistral_small_3p2,retail,30,retail:30,compound,False,False,get_order_details,order_id,"""#W7449508""","""#W9373487""",order/reservation identifier,aligned_tool
C2_C1,mistral_small_3p2,retail,31,retail:31,compound,False,False,get_item_details,<CALL>,"get_item_details|{""item_id"":""3788616824""}",<MISSING>,extra argument,replace
C2_C1,mistral_small_3p2,retail,31,retail:31,compound,False,False,return_delivered_order_items,<CALL>,"return_delivered_order_items|{""item_ids"":[""3788616824""],""order_id"":""#W2692684"",""payment_method_id"":""gift_card_7711863""}",<MISSING>,extra argument,replace
C2_C1,mistral_small_3p2,retail,31,retail:31,compound,False,False,cancel_pending_order,<CALL>,"cancel_pending_order|{""order_id"":""#W9373487"",""reason"":""ordered by mistake""}",<MISSING>,extra argument,replace
C2_C1,mistral_small_3p2,retail,31,retail:31,compound,False,False,cancel_pending_order,<CALL>,"cancel_pending_order|{""order_id"":""#W5481803"",""reason"":""ordered by mistake""}",<MISSING>,extra argument,replace
C2_C1,mistral_small_3p2,retail,31,retail:31,compound,False,False,get_item_details,<CALL>,"get_item_details|{""item_id"":""6477915553""}",<MISSING>,extra argument,replace
C2_C1,mistral_small_3p2,retail,31,retail:31,compound,False,False,return_delivered_order_items,<CALL>,"return_delivered_order_items|{""item_ids"":[""6477915553""],""order_id"":""#W7449508"",""payment_method_id"":""gift_card_7711863""}",<MISSING>,extra argument,replace
C2_C1,mistral_small_3p2,retail,31,retail:31,compound,False,False,transfer_to_human_agents,<CALL>,<MISSING>,"transfer_to_human_agents|{""summary"":""User Olivia Lopez wants to return a tablet from order #W2692684 and needs assistance with a refund or reorder. The order was delivered yesterday, and the tracking number is 746342064230. The user's gift card balance is $44.00.""}",missing argument,replace
C2_C1,mistral_small_3p2,retail,31,retail:31,compound,False,True,get_order_details,order_id,"""#W5481803""","""#W2692684""",order/reservation identifier,aligned_tool
C2_C1,mistral_small_3p2,retail,31,retail:31,compound,False,True,get_order_details,order_id,"""#W7449508""","""#W9373487""",order/reservation identifier,aligned_tool
C2_C1,mistral_small_3p2,retail,31,retail:31,compound,False,False,cancel_pending_order,reason,"""ordered by mistake""","""no longer needed""",unknown,aligned_tool
C1_C1,mistral_small_3p2,retail,31,retail:31,compound,False,True,cancel_pending_order,<CALL>,"cancel_pending_order|{""order_id"":""#W9319364"",""reason"":""ordered by mistake""}",<MISSING>,extra argument,replace
C1_C1,mistral_small_3p2,retail,31,retail:31,compound,False,True,get_order_details,<CALL>,<MISSING>,"get_order_details|{""order_id"":""#W9373487""}",missing argument,replace
C1_C1,mistral_small_3p2,retail,31,retail:31,compound,False,True,get_order_details,<CALL>,<MISSING>,"get_order_details|{""order_id"":""#W2692684""}",missing argument,replace
C1_C1,mistral_small_3p2,retail,31,retail:31,compound,False,True,get_order_details,<CALL>,<MISSING>,"get_order_details|{""order_id"":""#W5481803""}",missing argument,replace
C1_C1,mistral_small_3p2,retail,31,retail:31,compound,False,True,get_order_details,<CALL>,<MISSING>,"get_order_details|{""order_id"":""#W7449508""}",missing argument,replace
C1_C1,mistral_small_3p2,retail,31,retail:31,compound,False,True,transfer_to_human_agents,<CALL>,<MISSING>,"transfer_to_human_agents|{""summary"":""User Olivia Lopez wants to return a tablet from order #W2692684 and needs assistance with a refund or reorder. The order was delivered yesterday, and the tracking number is 746342064230. The user's gift card balance is $44.00.""}",missing argument,replace
C1_C1,mistral_small_3p2,retail,31,retail:31,compound,False,True,cancel_pending_order,<CALL>,"cancel_pending_order|{""order_id"":""#W9319364"",""reason"":""ordered by mistake""}",<MISSING>,extra argument,replace
C1_C1,mistral_small_3p2,retail,31,retail:31,compound,False,True,get_order_details,<CALL>,<MISSING>,"get_order_details|{""order_id"":""#W9373487""}",missing argument,replace
C1_C1,mistral_small_3p2,retail,31,retail:31,compound,False,True,get_order_details,<CALL>,<MISSING>,"get_order_details|{""order_id"":""#W2692684""}",missing argument,replace
C1_C1,mistral_small_3p2,retail,31,retail:31,compound,False,True,get_order_details,<CALL>,<MISSING>,"get_order_details|{""order_id"":""#W5481803""}",missing argument,replace
C1_C1,mistral_small_3p2,retail,31,retail:31,compound,False,True,get_order_details,<CALL>,<MISSING>,"get_order_details|{""order_id"":""#W7449508""}",missing argument,replace
C1_C1,mistral_small_3p2,retail,31,retail:31,compound,False,True,cancel_pending_order,<CALL>,"cancel_pending_order|{""order_id"":""#W9319364"",""reason"":""ordered by mistake""}",<MISSING>,extra argument,replace
C1_C1,mistral_small_3p2,retail,31,retail:31,compound,False,True,get_order_details,<CALL>,<MISSING>,"get_order_details|{""order_id"":""#W9373487""}",missing argument,replace
C1_C1,mistral_small_3p2,retail,31,retail:31,compound,False,True,get_order_details,<CALL>,<MISSING>,"get_order_details|{""order_id"":""#W2692684""}",missing argument,replace
C1_C1,mistral_small_3p2,retail,31,retail:31,compound,False,True,get_order_details,<CALL>,<MISSING>,"get_order_details|{""order_id"":""#W2692684""}",missing argument,replace
C1_C1,mistral_small_3p2,retail,31,retail:31,compound,False,True,get_order_details,<CALL>,<MISSING>,"get_order_details|{""order_id"":""#W9373487""}",missing argument,replace
C1_C1,mistral_small_3p2,retail,31,retail:31,compound,False,False,cancel_pending_order,order_id,"""#W9319364""","""#W9373487""",order/reservation identifier,aligned_tool
C1_C1,mistral_small_3p2,retail,31,retail:31,compound,False,False,cancel_pending_order,reason,"""ordered by mistake""","""no longer needed""",unknown,aligned_tool
C1_C1,mistral_small_3p2,retail,31,retail:31,compound,False,True,get_order_details,order_id,"""#W5481803""","""#W2692684""",order/reservation identifier,aligned_tool
C1_C1,mistral_small_3p2,retail,31,retail:31,compound,False,True,get_order_details,order_id,"""#W7449508""","""#W9373487""",order/reservation identifier,aligned_tool
C1_C1,mistral_small_3p2,retail,31,retail:31,compound,False,False,transfer_to_human_agents,<CALL>,"transfer_to_human_agents|{""summary"":""User Olivia Lopez wants to return a tablet from order #W2692684 and needs assistance with a refund or reorder. The order was delivered yesterday, and the tracking number is 746342064230. The user's gift card balance is $44.00.""}",<MISSING>,extra argument,replace
C1_C1,mistral_small_3p2,retail,31,retail:31,compound,False,False,cancel_pending_order,<CALL>,<MISSING>,"cancel_pending_order|{""order_id"":""#W9373487"",""reason"":""no longer needed""}",missing argument,replace
C1_C1,mistral_small_3p2,retail,31,retail:31,compound,False,False,cancel_pending_order,<CALL>,<MISSING>,"cancel_pending_order|{""order_id"":""#W5481803"",""reason"":""no longer needed""}",missing argument,replace
C1_C1,mistral_small_3p2,retail,31,retail:31,compound,False,False,return_delivered_order_items,<CALL>,<MISSING>,"return_delivered_order_items|{""item_ids"":[""6477915553""],""order_id"":""#W7449508"",""payment_method_id"":""gift_card_7711863""}",missing argument,replace
C1_C1,mistral_small_3p2,retail,31,retail:31,compound,False,True,get_order_details,order_id,"""#W5481803""","""#W2692684""",order/reservation identifier,aligned_tool
C1_C1,mistral_small_3p2,retail,31,retail:31,compound,False,True,get_order_details,order_id,"""#W7449508""","""#W9373487""",order/reservation identifier,aligned_tool
C1_C1,mistral_small_3p2,retail,31,retail:31,compound,False,False,get_order_details,order_id,"""#W2692684""","""#W5481803""",order/reservation identifier,aligned_tool
C1_C1,mistral_small_3p2,retail,31,retail:31,compound,False,False,get_order_details,order_id,"""#W9373487""","""#W7449508""",order/reservation identifier,aligned_tool
C2_C1,mistral_small_3p2,retail,32,retail:32,compound,False,True,get_order_details,order_id,"""#W9319364""","""#W9373487""",order/reservation identifier,aligned_tool
C2_C1,mistral_small_3p2,retail,32,retail:32,compound,False,True,transfer_to_human_agents,<CALL>,"transfer_to_human_agents|{""summary"":""User olivia_lopez_3865 needs to speak to a customer support agent to find the tracking number for an order.""}",<MISSING>,extra argument,replace
C2_C1,mistral_small_3p2,retail,32,retail:32,compound,False,True,get_user_details,<CALL>,<MISSING>,"get_user_details|{""user_id"":""olivia_lopez_3865""}",missing argument,replace
C2_C1,mistral_small_3p2,retail,32,retail:32,compound,False,True,get_order_details,<CALL>,<MISSING>,"get_order_details|{""order_id"":""#W9319364""}",missing argument,replace
C2_C1,mistral_small_3p2,retail,32,retail:32,compound,False,True,get_order_details,<CALL>,<MISSING>,"get_order_details|{""order_id"":""#W9373487""}",missing argument,replace
C2_C1,mistral_small_3p2,retail,32,retail:32,compound,False,True,get_order_details,<CALL>,<MISSING>,"get_order_details|{""order_id"":""#W2692684""}",missing argument,replace
C2_C1,mistral_small_3p2,retail,32,retail:32,compound,False,True,get_order_details,order_id,"""#W9319364""","""#W9373487""",order/reservation identifier,aligned_tool
C1_C1,mistral_small_3p2,retail,32,retail:32,compound,False,True,get_order_details,order_id,"""#W9319364""","""#W9373487""",order/reservation identifier,aligned_tool
C1_C1,mistral_small_3p2,retail,32,retail:32,compound,False,True,get_order_details,order_id,"""#W9319364""","""#W9373487""",order/reservation identifier,aligned_tool
C1_C1,mistral_small_3p2,retail,32,retail:32,compound,False,True,get_order_details,order_id,"""#W9373487""","""#W9319364""",order/reservation identifier,aligned_tool
C1_C1,mistral_small_3p2,retail,32,retail:32,compound,False,True,get_order_details,order_id,"""#W9373487""","""#W9319364""",order/reservation identifier,aligned_tool
C1_C1,mistral_small_3p2,retail,32,retail:32,compound,False,True,get_order_details,order_id,"""#W9319364""","""#W9373487""",order/reservation identifier,aligned_tool
C1_C1,mistral_small_3p2,retail,32,retail:32,compound,False,True,get_order_details,order_id,"""#W9319364""","""#W9373487""",order/reservation identifier,aligned_tool
C2_C1,mistral_small_3p2,retail,49,retail:49,single,False,False,get_order_details,order_id,"""#W4316152""","""#W3470184""",order/reservation identifier,aligned_tool
C2_C1,mistral_small_3p2,retail,49,retail:49,single,False,False,get_order_details,<CALL>,"get_order_details|{""order_id"":""#W9311069""}",<MISSING>,extra argument,replace
C2_C1,mistral_small_3p2,retail,49,retail:49,single,False,False,get_order_details,<CALL>,"get_order_details|{""order_id"":""#W9300146""}",<MISSING>,extra argument,replace
C2_C1,mistral_small_3p2,retail,49,retail:49,single,False,False,get_order_details,<CALL>,"get_order_details|{""order_id"":""#W3220203""}",<MISSING>,extra argument,replace
C2_C1,mistral_small_3p2,retail,49,retail:49,single,False,False,get_order_details,<CALL>,"get_order_details|{""order_id"":""#W3470184""}",<MISSING>,extra argument,replace
C2_C1,mistral_small_3p2,retail,49,retail:49,single,False,False,get_product_details,<CALL>,"get_product_details|{""product_id"":""9924732112""}",<MISSING>,extra argument,replace
C2_C1,mistral_small_3p2,retail,49,retail:49,single,False,False,get_item_details,<CALL>,<MISSING>,"get_item_details|{""item_id"":""2757705742""}",missing argument,replace
C2_C1,mistral_small_3p2,retail,49,retail:49,single,False,False,get_item_details,<CALL>,<MISSING>,"get_item_details|{""item_id"":""1646531091""}",missing argument,replace
C2_C1,mistral_small_3p2,retail,49,retail:49,single,False,True,get_product_details,product_id,"""9924732112""","""4768869376""",order/reservation identifier,aligned_tool
C2_C1,mistral_small_3p2,retail,49,retail:49,single,False,True,get_order_details,order_id,"""#W4316152""","""#W3470184""",order/reservation identifier,aligned_tool
C2_C1,mistral_small_3p2,retail,49,retail:49,single,False,True,get_product_details,product_id,"""9832717871""","""9924732112""",order/reservation identifier,aligned_tool
C2_C1,mistral_small_3p2,retail,49,retail:49,single,False,True,get_order_details,<CALL>,"get_order_details|{""order_id"":""#W9311069""}",<MISSING>,extra argument,replace
C2_C1,mistral_small_3p2,retail,49,retail:49,single,False,True,get_order_details,<CALL>,"get_order_details|{""order_id"":""#W9300146""}",<MISSING>,extra argument,replace
C2_C1,mistral_small_3p2,retail,49,retail:49,single,False,True,get_order_details,<CALL>,"get_order_details|{""order_id"":""#W3220203""}",<MISSING>,extra argument,replace
C2_C1,mistral_small_3p2,retail,49,retail:49,single,False,True,get_order_details,<CALL>,"get_order_details|{""order_id"":""#W3470184""}",<MISSING>,extra argument,replace
C2_C1,mistral_small_3p2,retail,49,retail:49,single,False,True,get_product_details,<CALL>,"get_product_details|{""product_id"":""9924732112""}",<MISSING>,extra argument,replace
C2_C1,mistral_small_3p2,retail,49,retail:49,single,False,True,calculate,<CALL>,<MISSING>,"calculate|{""expression"":""258.84 - 258.97""}",missing argument,replace
C2_C1,mistral_small_3p2,retail,49,retail:49,single,False,True,get_order_details,order_id,"""#123456789""","""#1122334455""",order/reservation identifier,aligned_tool
C1_C1,mistral_small_3p2,retail,49,retail:49,single,False,False,get_order_details,order_id,"""#W3470184""","""#W3220203""",order/reservation identifier,aligned_tool
C1_C1,mistral_small_3p2,retail,49,retail:49,single,False,False,get_item_details,<CALL>,"get_item_details|{""item_id"":""2757705742""}",<MISSING>,extra argument,replace
C1_C1,mistral_small_3p2,retail,49,retail:49,single,False,False,get_item_details,<CALL>,"get_item_details|{""item_id"":""1646531091""}",<MISSING>,extra argument,replace
C1_C1,mistral_small_3p2,retail,49,retail:49,single,False,False,calculate,<CALL>,"calculate|{""expression"":""258.97 - 232.49""}",<MISSING>,extra argument,replace
C1_C1,mistral_small_3p2,retail,49,retail:49,single,False,False,exchange_delivered_order_items,<CALL>,"exchange_delivered_order_items|{""item_ids"":[""2757705742""],""new_item_ids"":[""1646531091""],""order_id"":""#W3470184"",""payment_method_id"":""gift_card_7245904""}",<MISSING>,extra argument,replace
C1_C1,mistral_small_3p2,retail,49,retail:49,single,False,False,get_product_details,<CALL>,<MISSING>,"get_product_details|{""product_id"":""4768869376""}",missing argument,replace
C1_C1,mistral_small_3p2,retail,49,retail:49,single,False,False,get_item_details,<CALL>,"get_item_details|{""item_id"":""2757705742""}",<MISSING>,extra argument,replace
C1_C1,mistral_small_3p2,retail,49,retail:49,single,False,False,get_item_details,<CALL>,"get_item_details|{""item_id"":""1646531091""}",<MISSING>,extra argument,replace
C1_C1,mistral_small_3p2,retail,49,retail:49,single,False,False,get_product_details,<CALL>,<MISSING>,"get_product_details|{""product_id"":""9924732112""}",missing argument,replace
C1_C1,mistral_small_3p2,retail,49,retail:49,single,False,False,calculate,expression,"""258.97 - 232.49""","""258.84 - 258.97""",unknown,aligned_tool
C1_C1,mistral_small_3p2,retail,49,retail:49,single,False,False,get_order_details,order_id,"""#W3470184""","""#W4316152""",order/reservation identifier,aligned_tool
C1_C1,mistral_small_3p2,retail,49,retail:49,single,False,False,get_item_details,<CALL>,"get_item_details|{""item_id"":""2757705742""}",<MISSING>,extra argument,replace
C1_C1,mistral_small_3p2,retail,49,retail:49,single,False,False,get_item_details,<CALL>,"get_item_details|{""item_id"":""1646531091""}",<MISSING>,extra argument,replace
C1_C1,mistral_small_3p2,retail,49,retail:49,single,False,False,calculate,<CALL>,"calculate|{""expression"":""258.97 - 232.49""}",<MISSING>,extra argument,replace
C1_C1,mistral_small_3p2,retail,49,retail:49,single,False,False,get_order_details,<CALL>,<MISSING>,"get_order_details|{""order_id"":""#W9311069""}",missing argument,replace
C1_C1,mistral_small_3p2,retail,49,retail:49,single,False,False,get_order_details,<CALL>,<MISSING>,"get_order_details|{""order_id"":""#W9300146""}",missing argument,replace
C1_C1,mistral_small_3p2,retail,49,retail:49,single,False,False,get_order_details,<CALL>,<MISSING>,"get_order_details|{""order_id"":""#W3220203""}",missing argument,replace
C1_C1,mistral_small_3p2,retail,49,retail:49,single,False,False,get_order_details,<CALL>,<MISSING>,"get_order_details|{""order_id"":""#W3470184""}",missing argument,replace
C1_C1,mistral_small_3p2,retail,49,retail:49,single,False,False,get_product_details,<CALL>,<MISSING>,"get_product_details|{""product_id"":""9924732112""}",missing argument,replace
C1_C1,mistral_small_3p2,retail,49,retail:49,single,False,False,exchange_delivered_order_items,new_item_ids,"[""1646531091""]","[""5650803029""]",order/reservation identifier,aligned_tool
C1_C1,mistral_small_3p2,retail,49,retail:49,single,False,False,get_order_details,order_id,"""#W3470184""","""#W3220203""",order/reservation identifier,aligned_tool
C1_C1,mistral_small_3p2,retail,49,retail:49,single,False,False,get_item_details,<CALL>,"get_item_details|{""item_id"":""2757705742""}",<MISSING>,extra argument,replace
C1_C1,mistral_small_3p2,retail,49,retail:49,single,False,False,get_item_details,<CALL>,"get_item_details|{""item_id"":""1646531091""}",<MISSING>,extra argument,replace
C1_C1,mistral_small_3p2,retail,49,retail:49,single,False,False,get_order_details,<CALL>,<MISSING>,"get_order_details|{""order_id"":""#W3470184""}",missing argument,replace
C1_C1,mistral_small_3p2,retail,49,retail:49,single,False,False,get_product_details,<CALL>,<MISSING>,"get_product_details|{""product_id"":""9924732112""}",missing argument,replace
C1_C1,mistral_small_3p2,retail,49,retail:49,single,False,False,calculate,expression,"""258.97 - 232.49""","""258.84 - 258.97""",unknown,aligned_tool
C1_C1,mistral_small_3p2,retail,49,retail:49,single,False,True,get_order_details,order_id,"""#W3220203""","""#W3470184""",order/reservation identifier,aligned_tool
C1_C1,mistral_small_3p2,retail,49,retail:49,single,False,True,get_product_details,product_id,"""4768869376""","""9924732112""",order/reservation identifier,aligned_tool
C1_C1,mistral_small_3p2,retail,49,retail:49,single,False,True,get_order_details,order_id,"""#W3220203""","""#W4316152""",order/reservation identifier,aligned_tool
C1_C1,mistral_small_3p2,retail,49,retail:49,single,False,True,get_product_details,product_id,"""4768869376""","""9924732112""",order/reservation identifier,aligned_tool
C1_C1,mistral_small_3p2,retail,49,retail:49,single,False,True,get_product_details,product_id,"""4768869376""","""9924732112""",order/reservation identifier,aligned_tool
C1_C1,mistral_small_3p2,retail,49,retail:49,single,False,True,get_order_details,order_id,"""#W3470184""","""#W4316152""",order/reservation identifier,aligned_tool
C1_C1,mistral_small_3p2,retail,49,retail:49,single,False,True,calculate,<CALL>,"calculate|{""expression"":""258.84 - 258.97""}",<MISSING>,extra argument,replace
C1_C1,mistral_small_3p2,retail,49,retail:49,single,False,True,exchange_delivered_order_items,<CALL>,<MISSING>,"exchange_delivered_order_items|{""item_ids"":[""2757705742""],""new_item_ids"":[""5650803029""],""order_id"":""#W3470184"",""payment_method_id"":""gift_card_7245904""}",missing argument,replace
C1_C1,mistral_small_3p2,retail,49,retail:49,single,False,True,get_order_details,order_id,"""#W3470184""","""#W3220203""",order/reservation identifier,aligned_tool
C1_C1,mistral_small_3p2,retail,49,retail:49,single,False,True,get_order_details,order_id,"""#W4316152""","""#W3220203""",order/reservation identifier,aligned_tool
C1_C1,mistral_small_3p2,retail,49,retail:49,single,False,True,get_order_details,order_id,"""#W9311069""","""#W3470184""",order/reservation identifier,aligned_tool
C1_C1,mistral_small_3p2,retail,49,retail:49,single,False,True,exchange_delivered_order_items,<CALL>,"exchange_delivered_order_items|{""item_ids"":[""2757705742""],""new_item_ids"":[""5650803029""],""order_id"":""#W3470184"",""payment_method_id"":""gift_card_7245904""}",<MISSING>,extra argument,replace
C1_C1,mistral_small_3p2,retail,49,retail:49,single,False,True,calculate,<CALL>,<MISSING>,"calculate|{""expression"":""258.84 - 258.97""}",missing argument,replace
C2_C1,mistral_small_3p2,retail,54,retail:54,compound,False,False,cancel_pending_order,reason,"""no longer needed""","""ordered by mistake""",unknown,aligned_tool
C2_C1,mistral_small_3p2,retail,54,retail:54,compound,False,False,cancel_pending_order,reason,"""no longer needed""","""ordered by mistake""",unknown,aligned_tool
C2_C1,mistral_small_3p2,retail,54,retail:54,compound,False,False,cancel_pending_order,reason,"""no longer needed""","""ordered by mistake""",unknown,aligned_tool
C2_C1,mistral_small_3p2,retail,54,retail:54,compound,False,False,cancel_pending_order,reason,"""no longer needed""","""ordered by mistake""",unknown,aligned_tool
C2_C1,mistral_small_3p2,retail,54,retail:54,compound,False,False,return_delivered_order_items,<CALL>,"return_delivered_order_items|{""item_ids"":[""5669664287"",""4900990404"",""9862136885"",""6777246137""],""order_id"":""#W4597054"",""payment_method_id"":""gift_card_3491931""}",<MISSING>,extra argument,replace
C2_C1,mistral_small_3p2,retail,54,retail:54,compound,False,False,return_delivered_order_items,<CALL>,"return_delivered_order_items|{""item_ids"":[""8277474082""],""order_id"":""#W7773202"",""payment_method_id"":""gift_card_3491931""}",<MISSING>,extra argument,replace
C2_C1,mistral_small_3p2,retail,54,retail:54,compound,False,False,get_product_details,<CALL>,<MISSING>,"get_product_details|{""product_id"":""7363354090""}",missing argument,replace
C2_C1,mistral_small_3p2,retail,54,retail:54,compound,False,False,cancel_pending_order,reason,"""ordered by mistake""","""no longer needed""",unknown,aligned_tool
C2_C1,mistral_small_3p2,retail,54,retail:54,compound,False,False,cancel_pending_order,reason,"""ordered by mistake""","""no longer needed""",unknown,aligned_tool
C1_C1,mistral_small_3p2,retail,54,retail:54,compound,False,True,get_order_details,<CALL>,"get_order_details|{""order_id"":""#W4597054""}",<MISSING>,extra argument,replace
C1_C1,mistral_small_3p2,retail,54,retail:54,compound,False,True,get_product_details,<CALL>,<MISSING>,"get_product_details|{""product_id"":""7363354090""}",missing argument,replace
C1_C1,mistral_small_3p2,retail,54,retail:54,compound,False,True,exchange_delivered_order_items,<CALL>,<MISSING>,"exchange_delivered_order_items|{""item_ids"":[""8277474082""],""new_item_ids"":[""8106223139""],""order_id"":""#W4597054"",""payment_method_id"":""gift_card_3491931""}",missing argument,replace
C1_C1,mistral_small_3p2,retail,54,retail:54,compound,False,True,exchange_delivered_order_items,<CALL>,<MISSING>,"exchange_delivered_order_items|{""item_ids"":[""8277474082""],""new_item_ids"":[""8106223139""],""order_id"":""#W4597054"",""payment_method_id"":""gift_card_3491931""}",missing argument,replace
C1_C1,mistral_small_3p2,retail,54,retail:54,compound,False,True,get_item_details,<CALL>,<MISSING>,"get_item_details|{""item_id"":""8277474082""}",missing argument,replace
C1_C1,mistral_small_3p2,retail,54,retail:54,compound,False,True,exchange_delivered_order_items,<CALL>,<MISSING>,"exchange_delivered_order_items|{""item_ids"":[""8277474082""],""new_item_ids"":[""8106223139""],""order_id"":""#W4597054"",""payment_method_id"":""gift_card_3491931""}",missing argument,replace
C1_C1,mistral_small_3p2,retail,54,retail:54,compound,False,False,cancel_pending_order,reason,"""ordered by mistake""","""no longer needed""",unknown,aligned_tool
C1_C1,mistral_small_3p2,retail,54,retail:54,compound,False,False,cancel_pending_order,reason,"""ordered by mistake""","""no longer needed""",unknown,aligned_tool
C1_C1,mistral_small_3p2,retail,54,retail:54,compound,False,False,get_order_details,<CALL>,"get_order_details|{""order_id"":""#W4597054""}",<MISSING>,extra argument,replace
C1_C1,mistral_small_3p2,retail,54,retail:54,compound,False,False,get_product_details,<CALL>,<MISSING>,"get_product_details|{""product_id"":""7363354090""}",missing argument,replace
C1_C1,mistral_small_3p2,retail,54,retail:54,compound,False,False,cancel_pending_order,reason,"""ordered by mistake""","""no longer needed""",unknown,aligned_tool
C1_C1,mistral_small_3p2,retail,54,retail:54,compound,False,False,cancel_pending_order,reason,"""ordered by mistake""","""no longer needed""",unknown,aligned_tool
C1_C1,mistral_small_3p2,retail,54,retail:54,compound,False,False,cancel_pending_order,order_id,"""#W4836353""","""#W7342738""",order/reservation identifier,aligned_tool
C1_C1,mistral_small_3p2,retail,54,retail:54,compound,False,False,cancel_pending_order,reason,"""ordered by mistake""","""financial issue""",unknown,aligned_tool
C1_C1,mistral_small_3p2,retail,54,retail:54,compound,False,False,cancel_pending_order,<CALL>,"cancel_pending_order|{""order_id"":""#W7342738"",""reason"":""ordered by mistake""}",<MISSING>,extra argument,replace
C1_C1,mistral_small_3p2,retail,54,retail:54,compound,False,False,get_order_details,<CALL>,"get_order_details|{""order_id"":""#W4597054""}",<MISSING>,extra argument,replace
C1_C1,mistral_small_3p2,retail,54,retail:54,compound,False,False,get_product_details,<CALL>,<MISSING>,"get_product_details|{""product_id"":""7363354090""}",missing argument,replace
C1_C1,mistral_small_3p2,retail,54,retail:54,compound,False,False,cancel_pending_order,reason,"""ordered by mistake""","""no longer needed""",unknown,aligned_tool
C1_C1,mistral_small_3p2,retail,54,retail:54,compound,False,False,cancel_pending_order,reason,"""ordered by mistake""","""no longer needed""",unknown,aligned_tool
C1_C1,mistral_small_3p2,retail,54,retail:54,compound,False,False,cancel_pending_order,reason,"""ordered by mistake""","""no longer needed""",unknown,aligned_tool
C1_C1,mistral_small_3p2,retail,54,retail:54,compound,False,False,cancel_pending_order,reason,"""ordered by mistake""","""no longer needed""",unknown,aligned_tool
C1_C1,mistral_small_3p2,retail,54,retail:54,compound,False,False,cancel_pending_order,order_id,"""#W4836353""","""#W7342738""",order/reservation identifier,aligned_tool
C1_C1,mistral_small_3p2,retail,54,retail:54,compound,False,False,cancel_pending_order,reason,"""ordered by mistake""","""financial issue""",unknown,aligned_tool
C1_C1,mistral_small_3p2,retail,54,retail:54,compound,False,False,cancel_pending_order,order_id,"""#W4836353""","""#W7342738""",order/reservation identifier,aligned_tool
C1_C1,mistral_small_3p2,retail,54,retail:54,compound,False,False,cancel_pending_order,reason,"""no longer needed""","""financial issue""",unknown,aligned_tool
C1_C1,mistral_small_3p2,retail,54,retail:54,compound,False,False,cancel_pending_order,order_id,"""#W4836353""","""#W7342738""",order/reservation identifier,aligned_tool
C1_C1,mistral_small_3p2,retail,54,retail:54,compound,False,False,cancel_pending_order,reason,"""no longer needed""","""financial issue""",unknown,aligned_tool
C1_C1,mistral_small_3p2,retail,54,retail:54,compound,False,False,cancel_pending_order,<CALL>,"cancel_pending_order|{""order_id"":""#W7342738"",""reason"":""no longer needed""}",<MISSING>,extra argument,replace
C1_C1,mistral_small_3p2,retail,54,retail:54,compound,False,False,get_product_details,<CALL>,<MISSING>,"get_product_details|{""product_id"":""7363354090""}",missing argument,replace
C2_C1,mistral_small_3p2,retail,55,retail:55,compound,False,False,get_order_details,order_id,"""#W2586676""","""#W4597054""",order/reservation identifier,aligned_tool
C2_C1,mistral_small_3p2,retail,55,retail:55,compound,False,False,return_delivered_order_items,item_ids,"[""5669664287"", ""4900990404"", ""9862136885"", ""6777246137""]","[""1008292230"", ""1008292231""]",order/reservation identifier,aligned_tool
C2_C1,mistral_small_3p2,retail,55,retail:55,compound,False,False,return_delivered_order_items,order_id,"""#W4597054""","""#W2586676""",order/reservation identifier,aligned_tool
C2_C1,mistral_small_3p2,retail,55,retail:55,compound,False,False,return_delivered_order_items,item_ids,"[""8277474082""]","[""1008292232"", ""1008292233"", ""1008292234""]",order/reservation identifier,aligned_tool
C2_C1,mistral_small_3p2,retail,55,retail:55,compound,False,False,return_delivered_order_items,order_id,"""#W7773202""","""#W5400801""",order/reservation identifier,aligned_tool
C2_C1,mistral_small_3p2,retail,55,retail:55,compound,False,False,get_order_details,order_id,"""#W7773202""","""#W4597054""",order/reservation identifier,aligned_tool
C2_C1,mistral_small_3p2,retail,55,retail:55,compound,False,False,get_order_details,order_id,"""#W7342738""","""#W4836353""",order/reservation identifier,aligned_tool
C1_C1,mistral_small_3p2,retail,55,retail:55,compound,False,False,get_order_details,order_id,"""#W2586676""","""#W4836353""",order/reservation identifier,aligned_tool
C1_C1,mistral_small_3p2,retail,55,retail:55,compound,False,False,get_order_details,order_id,"""#W5400801""","""#W2586676""",order/reservation identifier,aligned_tool
C1_C1,mistral_small_3p2,retail,55,retail:55,compound,False,False,get_order_details,order_id,"""#W4597054""","""#W5400801""",order/reservation identifier,aligned_tool
C1_C1,mistral_small_3p2,retail,55,retail:55,compound,False,False,get_order_details,order_id,"""#W4836353""","""#W4597054""",order/reservation identifier,aligned_tool
C1_C1,mistral_small_3p2,retail,55,retail:55,compound,False,True,get_order_details,order_id,"""#W2586676""","""#W4597054""",order/reservation identifier,aligned_tool
C1_C1,mistral_small_3p2,retail,55,retail:55,compound,False,True,get_order_details,<CALL>,"get_order_details|{""order_id"":""#W5400801""}",<MISSING>,extra argument,replace
C1_C1,mistral_small_3p2,retail,55,retail:55,compound,False,True,get_order_details,<CALL>,"get_order_details|{""order_id"":""#W4597054""}",<MISSING>,extra argument,replace
C1_C1,mistral_small_3p2,retail,55,retail:55,compound,False,True,get_order_details,<CALL>,"get_order_details|{""order_id"":""#W4836353""}",<MISSING>,extra argument,replace
C1_C1,mistral_small_3p2,retail,55,retail:55,compound,False,True,get_order_details,<CALL>,"get_order_details|{""order_id"":""#W7773202""}",<MISSING>,extra argument,replace
C1_C1,mistral_small_3p2,retail,55,retail:55,compound,False,True,get_order_details,<CALL>,"get_order_details|{""order_id"":""#W7342738""}",<MISSING>,extra argument,replace
C1_C1,mistral_small_3p2,retail,55,retail:55,compound,False,True,return_delivered_order_items,<CALL>,<MISSING>,"return_delivered_order_items|{""item_ids"":[""1008292230"",""1008292231""],""order_id"":""#W2586676"",""payment_method_id"":""gift_card_3491931""}",missing argument,replace
C1_C1,mistral_small_3p2,retail,55,retail:55,compound,False,True,return_delivered_order_items,<CALL>,<MISSING>,"return_delivered_order_items|{""item_ids"":[""1008292232"",""1008292233"",""1008292234""],""order_id"":""#W5400801"",""payment_method_id"":""gift_card_3491931""}",missing argument,replace
C1_C1,mistral_small_3p2,retail,55,retail:55,compound,False,True,return_delivered_order_items,<CALL>,<MISSING>,"return_delivered_order_items|{""item_ids"":[""1008292236""],""order_id"":""#W4836353"",""payment_method_id"":""gift_card_3491931""}",missing argument,replace
C1_C1,mistral_small_3p2,retail,55,retail:55,compound,False,True,return_delivered_order_items,<CALL>,<MISSING>,"return_delivered_order_items|{""item_ids"":[""1008292237"",""1008292238"",""1008292239""],""order_id"":""#W7773202"",""payment_method_id"":""gift_card_3491931""}",missing argument,replace
C1_C1,mistral_small_3p2,retail,55,retail:55,compound,False,True,return_delivered_order_items,<CALL>,<MISSING>,"return_delivered_order_items|{""item_ids"":[""1008292240"",""1008292241""],""order_id"":""#W7342738"",""payment_method_id"":""gift_card_3491931""}",missing argument,replace
C1_C1,mistral_small_3p2,retail,55,retail:55,compound,False,True,return_delivered_order_items,<CALL>,<MISSING>,"return_delivered_order_items|{""item_ids"":[""1008292230"",""1008292231""],""order_id"":""#W2586676"",""payment_method_id"":""gift_card_3491931""}",missing argument,replace
C1_C1,mistral_small_3p2,retail,55,retail:55,compound,False,True,return_delivered_order_items,<CALL>,<MISSING>,"return_delivered_order_items|{""item_ids"":[""1008292232"",""1008292233"",""1008292234""],""order_id"":""#W5400801"",""payment_method_id"":""gift_card_3491931""}",missing argument,replace
C1_C1,mistral_small_3p2,retail,55,retail:55,compound,False,True,return_delivered_order_items,<CALL>,<MISSING>,"return_delivered_order_items|{""item_ids"":[""1008292236""],""order_id"":""#W4836353"",""payment_method_id"":""gift_card_3491931""}",missing argument,replace
C1_C1,mistral_small_3p2,retail,55,retail:55,compound,False,True,return_delivered_order_items,<CALL>,<MISSING>,"return_delivered_order_items|{""item_ids"":[""1008292240"",""1008292241""],""order_id"":""#W7342738"",""payment_method_id"":""gift_card_3491931""}",missing argument,replace
C1_C1,mistral_small_3p2,retail,55,retail:55,compound,False,False,get_order_details,order_id,"""#W2586676""","""#W4836353""",order/reservation identifier,aligned_tool
C1_C1,mistral_small_3p2,retail,55,retail:55,compound,False,False,get_order_details,order_id,"""#W5400801""","""#W2586676""",order/reservation identifier,aligned_tool
C1_C1,mistral_small_3p2,retail,55,retail:55,compound,False,False,get_order_details,order_id,"""#W4597054""","""#W5400801""",order/reservation identifier,aligned_tool
C1_C1,mistral_small_3p2,retail,55,retail:55,compound,False,False,get_order_details,order_id,"""#W4836353""","""#W4597054""",order/reservation identifier,aligned_tool
C1_C1,mistral_small_3p2,retail,55,retail:55,compound,False,True,get_order_details,order_id,"""#W2586676""","""#W4597054""",order/reservation identifier,aligned_tool
C1_C1,mistral_small_3p2,retail,55,retail:55,compound,False,True,get_order_details,<CALL>,"get_order_details|{""order_id"":""#W5400801""}",<MISSING>,extra argument,replace
C1_C1,mistral_small_3p2,retail,55,retail:55,compound,False,True,get_order_details,<CALL>,"get_order_details|{""order_id"":""#W4597054""}",<MISSING>,extra argument,replace
C1_C1,mistral_small_3p2,retail,55,retail:55,compound,False,True,get_order_details,<CALL>,"get_order_details|{""order_id"":""#W4836353""}",<MISSING>,extra argument,replace
C1_C1,mistral_small_3p2,retail,55,retail:55,compound,False,True,get_order_details,<CALL>,"get_order_details|{""order_id"":""#W7773202""}",<MISSING>,extra argument,replace
C1_C1,mistral_small_3p2,retail,55,retail:55,compound,False,True,get_order_details,<CALL>,"get_order_details|{""order_id"":""#W7342738""}",<MISSING>,extra argument,replace
C1_C1,mistral_small_3p2,retail,55,retail:55,compound,False,True,return_delivered_order_items,<CALL>,<MISSING>,"return_delivered_order_items|{""item_ids"":[""1008292230"",""1008292231""],""order_id"":""#W2586676"",""payment_method_id"":""gift_card_3491931""}",missing argument,replace
C1_C1,mistral_small_3p2,retail,55,retail:55,compound,False,True,return_delivered_order_items,<CALL>,<MISSING>,"return_delivered_order_items|{""item_ids"":[""1008292232"",""1008292233"",""1008292234""],""order_id"":""#W5400801"",""payment_method_id"":""gift_card_3491931""}",missing argument,replace
C1_C1,mistral_small_3p2,retail,55,retail:55,compound,False,True,return_delivered_order_items,<CALL>,<MISSING>,"return_delivered_order_items|{""item_ids"":[""1008292236""],""order_id"":""#W4836353"",""payment_method_id"":""gift_card_3491931""}",missing argument,replace
C1_C1,mistral_small_3p2,retail,55,retail:55,compound,False,True,return_delivered_order_items,<CALL>,<MISSING>,"return_delivered_order_items|{""item_ids"":[""1008292237"",""1008292238"",""1008292239""],""order_id"":""#W7773202"",""payment_method_id"":""gift_card_3491931""}",missing argument,replace
C1_C1,mistral_small_3p2,retail,55,retail:55,compound,False,True,return_delivered_order_items,<CALL>,<MISSING>,"return_delivered_order_items|{""item_ids"":[""1008292240"",""1008292241""],""order_id"":""#W7342738"",""payment_method_id"":""gift_card_3491931""}",missing argument,replace
C1_C1,mistral_small_3p2,retail,55,retail:55,compound,False,True,return_delivered_order_items,<CALL>,<MISSING>,"return_delivered_order_items|{""item_ids"":[""1008292230"",""1008292231""],""order_id"":""#W2586676"",""payment_method_id"":""gift_card_3491931""}",missing argument,replace
C1_C1,mistral_small_3p2,retail,55,retail:55,compound,False,True,return_delivered_order_items,<CALL>,<MISSING>,"return_delivered_order_items|{""item_ids"":[""1008292232"",""1008292233"",""1008292234""],""order_id"":""#W5400801"",""payment_method_id"":""gift_card_3491931""}",missing argument,replace
C1_C1,mistral_small_3p2,retail,55,retail:55,compound,False,True,return_delivered_order_items,<CALL>,<MISSING>,"return_delivered_order_items|{""item_ids"":[""1008292236""],""order_id"":""#W4836353"",""payment_method_id"":""gift_card_3491931""}",missing argument,replace
C1_C1,mistral_small_3p2,retail,55,retail:55,compound,False,True,return_delivered_order_items,<CALL>,<MISSING>,"return_delivered_order_items|{""item_ids"":[""1008292240"",""1008292241""],""order_id"":""#W7342738"",""payment_method_id"":""gift_card_3491931""}",missing argument,replace
C1_C1,mistral_small_3p2,retail,55,retail:55,compound,False,False,get_order_details,order_id,"""#W4836353""","""#W4597054""",order/reservation identifier,aligned_tool
C1_C1,mistral_small_3p2,retail,55,retail:55,compound,False,False,return_delivered_order_items,item_ids,"[""5669664287"", ""4900990404"", ""9862136885"", ""6777246137""]","[""1008292230"", ""1008292231""]",order/reservation identifier,aligned_tool
C1_C1,mistral_small_3p2,retail,55,retail:55,compound,False,False,return_delivered_order_items,order_id,"""#W4597054""","""#W2586676""",order/reservation identifier,aligned_tool
C1_C1,mistral_small_3p2,retail,55,retail:55,compound,False,False,return_delivered_order_items,item_ids,"[""8277474082""]","[""1008292232"", ""1008292233"", ""1008292234""]",order/reservation identifier,aligned_tool
C1_C1,mistral_small_3p2,retail,55,retail:55,compound,False,False,return_delivered_order_items,order_id,"""#W7773202""","""#W5400801""",order/reservation identifier,aligned_tool
C1_C1,mistral_small_3p2,retail,55,retail:55,compound,False,False,get_order_details,order_id,"""#W4836353""","""#W2586676""",order/reservation identifier,aligned_tool
C1_C1,mistral_small_3p2,retail,55,retail:55,compound,False,False,get_order_details,order_id,"""#W2586676""","""#W5400801""",order/reservation identifier,aligned_tool
C1_C1,mistral_small_3p2,retail,55,retail:55,compound,False,False,get_order_details,order_id,"""#W5400801""","""#W4597054""",order/reservation identifier,aligned_tool
C1_C1,mistral_small_3p2,retail,55,retail:55,compound,False,False,get_order_details,order_id,"""#W4597054""","""#W4836353""",order/reservation identifier,aligned_tool
C1_C1,mistral_small_3p2,retail,55,retail:55,compound,False,True,get_order_details,order_id,"""#W4597054""","""#W2586676""",order/reservation identifier,aligned_tool
C1_C1,mistral_small_3p2,retail,55,retail:55,compound,False,True,return_delivered_order_items,<CALL>,"return_delivered_order_items|{""item_ids"":[""1008292230"",""1008292231""],""order_id"":""#W2586676"",""payment_method_id"":""gift_card_3491931""}",<MISSING>,extra argument,replace
C1_C1,mistral_small_3p2,retail,55,retail:55,compound,False,True,return_delivered_order_items,<CALL>,"return_delivered_order_items|{""item_ids"":[""1008292232"",""1008292233"",""1008292234""],""order_id"":""#W5400801"",""payment_method_id"":""gift_card_3491931""}",<MISSING>,extra argument,replace
C1_C1,mistral_small_3p2,retail,55,retail:55,compound,False,True,return_delivered_order_items,<CALL>,"return_delivered_order_items|{""item_ids"":[""1008292236""],""order_id"":""#W4836353"",""payment_method_id"":""gift_card_3491931""}",<MISSING>,extra argument,replace
C1_C1,mistral_small_3p2,retail,55,retail:55,compound,False,True,return_delivered_order_items,<CALL>,"return_delivered_order_items|{""item_ids"":[""1008292237"",""1008292238"",""1008292239""],""order_id"":""#W7773202"",""payment_method_id"":""gift_card_3491931""}",<MISSING>,extra argument,replace
C1_C1,mistral_small_3p2,retail,55,retail:55,compound,False,True,return_delivered_order_items,<CALL>,"return_delivered_order_items|{""item_ids"":[""1008292240"",""1008292241""],""order_id"":""#W7342738"",""payment_method_id"":""gift_card_3491931""}",<MISSING>,extra argument,replace
C1_C1,mistral_small_3p2,retail,55,retail:55,compound,False,True,return_delivered_order_items,<CALL>,"return_delivered_order_items|{""item_ids"":[""1008292230"",""1008292231""],""order_id"":""#W2586676"",""payment_method_id"":""gift_card_3491931""}",<MISSING>,extra argument,replace
C1_C1,mistral_small_3p2,retail,55,retail:55,compound,False,True,return_delivered_order_items,<CALL>,"return_delivered_order_items|{""item_ids"":[""1008292232"",""1008292233"",""1008292234""],""order_id"":""#W5400801"",""payment_method_id"":""gift_card_3491931""}",<MISSING>,extra argument,replace
C1_C1,mistral_small_3p2,retail,55,retail:55,compound,False,True,return_delivered_order_items,<CALL>,"return_delivered_order_items|{""item_ids"":[""1008292236""],""order_id"":""#W4836353"",""payment_method_id"":""gift_card_3491931""}",<MISSING>,extra argument,replace
C1_C1,mistral_small_3p2,retail,55,retail:55,compound,False,True,return_delivered_order_items,<CALL>,"return_delivered_order_items|{""item_ids"":[""1008292240"",""1008292241""],""order_id"":""#W7342738"",""payment_method_id"":""gift_card_3491931""}",<MISSING>,extra argument,replace
C1_C1,mistral_small_3p2,retail,55,retail:55,compound,False,True,get_order_details,<CALL>,<MISSING>,"get_order_details|{""order_id"":""#W5400801""}",missing argument,replace
C1_C1,mistral_small_3p2,retail,55,retail:55,compound,False,True,get_order_details,<CALL>,<MISSING>,"get_order_details|{""order_id"":""#W4597054""}",missing argument,replace
C1_C1,mistral_small_3p2,retail,55,retail:55,compound,False,True,get_order_details,<CALL>,<MISSING>,"get_order_details|{""order_id"":""#W4836353""}",missing argument,replace
C1_C1,mistral_small_3p2,retail,55,retail:55,compound,False,True,get_order_details,<CALL>,<MISSING>,"get_order_details|{""order_id"":""#W7773202""}",missing argument,replace
C1_C1,mistral_small_3p2,retail,55,retail:55,compound,False,True,get_order_details,<CALL>,<MISSING>,"get_order_details|{""order_id"":""#W7342738""}",missing argument,replace
C2_C1,mistral_small_3p2,retail,62,retail:62,read,False,True,get_product_details,product_id,"""6086499569""","""1808611083""",order/reservation identifier,aligned_tool
C2_C1,mistral_small_3p2,retail,62,retail:62,read,False,True,get_product_details,<CALL>,"get_product_details|{""product_id"":""4768869376""}",<MISSING>,extra argument,replace
C2_C1,mistral_small_3p2,retail,62,retail:62,read,False,True,get_user_details,<CALL>,"get_user_details|{""user_id"":""chen_johnson_4204""}",<MISSING>,extra argument,replace
C2_C1,mistral_small_3p2,retail,62,retail:62,read,False,True,get_order_details,<CALL>,<MISSING>,"get_order_details|{""order_id"":""#W5797164""}",missing argument,replace
C2_C1,mistral_small_3p2,retail,62,retail:62,read,False,True,cancel_pending_order,<CALL>,<MISSING>,"cancel_pending_order|{""order_id"":""#W5797164"",""reason"":""ordered by mistake""}",missing argument,replace
C2_C1,mistral_small_3p2,retail,62,retail:62,read,False,True,get_order_details,order_id,"""#W5797164""","""#W5061109""",order/reservation identifier,aligned_tool
C2_C1,mistral_small_3p2,retail,62,retail:62,read,False,True,get_order_details,order_id,"""#W5061109""","""#W3973757""",order/reservation identifier,aligned_tool
C2_C1,mistral_small_3p2,retail,62,retail:62,read,False,True,get_order_details,<CALL>,"get_order_details|{""order_id"":""#W3973757""}",<MISSING>,extra argument,replace
C2_C1,mistral_small_3p2,retail,62,retail:62,read,False,True,get_item_details,<CALL>,<MISSING>,"get_item_details|{""item_id"":""3254583681""}",missing argument,replace
C2_C1,mistral_small_3p2,retail,62,retail:62,read,False,True,get_product_details,<CALL>,<MISSING>,"get_product_details|{""product_id"":""4768869376""}",missing argument,replace
C2_C1,mistral_small_3p2,retail,62,retail:62,read,False,True,calculate,<CALL>,<MISSING>,"calculate|{""expression"":""248.85 + 256.67 + 511.24 + 302.67""}",missing argument,replace
C2_C1,mistral_small_3p2,retail,62,retail:62,read,False,False,get_order_details,order_id,"""#123456789""","""#1234567890""",order/reservation identifier,aligned_tool
C2_C1,mistral_small_3p2,retail,62,retail:62,read,False,False,get_order_details,<CALL>,"get_order_details|{""order_id"":""#W5061109""}",<MISSING>,extra argument,replace
C2_C1,mistral_small_3p2,retail,62,retail:62,read,False,False,get_product_details,<CALL>,<MISSING>,"get_product_details|{""product_id"":""1808611083""}",missing argument,replace
C2_C1,mistral_small_3p2,retail,62,retail:62,read,False,False,get_order_details,order_id,"""#W3973757""","""#W5061109""",order/reservation identifier,aligned_tool
C2_C1,mistral_small_3p2,retail,62,retail:62,read,False,True,get_order_details,order_id,"""#123456789""","""#1234567890""",order/reservation identifier,aligned_tool
C2_C1,mistral_small_3p2,retail,62,retail:62,read,False,True,get_product_details,product_id,"""4768869376""","""1808611083""",order/reservation identifier,aligned_tool
C2_C1,mistral_small_3p2,retail,62,retail:62,read,False,False,get_order_details,order_id,"""#W123456789""","""#W5797164""",order/reservation identifier,aligned_tool
C2_C1,mistral_small_3p2,retail,62,retail:62,read,False,False,get_user_orders,<CALL>,"get_user_orders|{""date"":""2024-07-15"",""user_id"":""chen_johnson_4204""}",<MISSING>,extra argument,replace
C2_C1,mistral_small_3p2,retail,62,retail:62,read,False,False,get_user_details,<CALL>,"get_user_details|{""user_id"":""chen_johnson_4204""}",<MISSING>,extra argument,replace
C2_C1,mistral_small_3p2,retail,62,retail:62,read,False,False,get_product_details,<CALL>,<MISSING>,"get_product_details|{""product_id"":""1808611083""}",missing argument,replace
C2_C1,mistral_small_3p2,retail,62,retail:62,read,False,False,get_order_details,order_id,"""#W5797164""","""#W5061109""",order/reservation identifier,aligned_tool
C2_C1,mistral_small_3p2,retail,62,retail:62,read,False,False,get_order_details,order_id,"""#W5061109""","""#W3973757""",order/reservation identifier,aligned_tool
C2_C1,mistral_small_3p2,retail,62,retail:62,read,False,False,get_order_details,order_id,"""#W3973757""","""#W5061109""",order/reservation identifier,aligned_tool
C1_C1,mistral_small_3p2,retail,62,retail:62,read,True,True,get_order_details,order_id,"""#W5061109""","""#W5797164""",order/reservation identifier,aligned_tool
C1_C1,mistral_small_3p2,retail,62,retail:62,read,False,True,get_product_details,product_id,"""4768869376""","""1808611083""",order/reservation identifier,aligned_tool
C1_C1,mistral_small_3p2,retail,62,retail:62,read,False,False,get_order_details,order_id,"""#W5797164""","""#W5061109""",order/reservation identifier,aligned_tool
C1_C1,mistral_small_3p2,retail,62,retail:62,read,False,False,calculate,expression,"""248.85 + 256.67 + 511.24 + 302.67""","""1319.43 - 302.67""",unknown,aligned_tool
C1_C1,mistral_small_3p2,retail,62,retail:62,read,False,True,get_item_details,item_id,"""3254583681""","""9237024510""",order/reservation identifier,aligned_tool
C1_C1,mistral_small_3p2,retail,62,retail:62,read,False,False,list_all_product_types,<CALL>,list_all_product_types|{},<MISSING>,extra argument,replace
C1_C1,mistral_small_3p2,retail,62,retail:62,read,False,False,get_order_details,<CALL>,<MISSING>,"get_order_details|{""order_id"":""#W5061109""}",missing argument,replace
C1_C1,mistral_small_3p2,retail,62,retail:62,read,False,False,get_order_details,<CALL>,<MISSING>,"get_order_details|{""order_id"":""#W3973757""}",missing argument,replace
C1_C1,mistral_small_3p2,retail,62,retail:62,read,False,False,get_order_details,order_id,"""#W5797164""","""#W5061109""",order/reservation identifier,aligned_tool
C1_C1,mistral_small_3p2,retail,62,retail:62,read,False,False,cancel_pending_order,order_id,"""#W5797164""","""#W5061109""",order/reservation identifier,aligned_tool
C1_C1,mistral_small_3p2,retail,62,retail:62,read,False,False,get_order_details,<CALL>,"get_order_details|{""order_id"":""#W5061109""}",<MISSING>,extra argument,replace
C1_C1,mistral_small_3p2,retail,62,retail:62,read,False,False,get_order_details,<CALL>,"get_order_details|{""order_id"":""#W3973757""}",<MISSING>,extra argument,replace
C1_C1,mistral_small_3p2,retail,62,retail:62,read,False,False,get_item_details,<CALL>,"get_item_details|{""item_id"":""3254583681""}",<MISSING>,extra argument,replace
C1_C1,mistral_small_3p2,retail,62,retail:62,read,False,False,list_all_product_types,<CALL>,<MISSING>,list_all_product_types|{},missing argument,replace
C1_C1,mistral_small_3p2,retail,62,retail:62,read,False,False,get_order_details,<CALL>,"get_order_details|{""order_id"":""#W5061109""}",<MISSING>,extra argument,replace
C1_C1,mistral_small_3p2,retail,62,retail:62,read,False,False,get_product_details,<CALL>,"get_product_details|{""product_id"":""4768869376""}",<MISSING>,extra argument,replace
C1_C1,mistral_small_3p2,retail,62,retail:62,read,False,False,calculate,<CALL>,"calculate|{""expression"":""1319.43 - 302.67""}",<MISSING>,extra argument,replace
C1_C1,mistral_small_3p2,retail,62,retail:62,read,False,False,cancel_pending_order,<CALL>,"cancel_pending_order|{""order_id"":""#W5061109"",""reason"":""ordered by mistake""}",<MISSING>,extra argument,replace
C1_C1,mistral_small_3p2,retail,62,retail:62,read,False,False,list_all_product_types,<CALL>,list_all_product_types|{},<MISSING>,extra argument,replace
C1_C1,mistral_small_3p2,retail,62,retail:62,read,False,False,get_product_details,<CALL>,"get_product_details|{""product_id"":""4768869376""}",<MISSING>,extra argument,replace
C1_C1,mistral_small_3p2,retail,62,retail:62,read,False,False,get_item_details,<CALL>,<MISSING>,"get_item_details|{""item_id"":""9237024510""}",missing argument,replace
C1_C1,mistral_small_3p2,retail,62,retail:62,read,False,True,get_product_details,<CALL>,"get_product_details|{""product_id"":""4768869376""}",<MISSING>,extra argument,replace
C1_C1,mistral_small_3p2,retail,62,retail:62,read,False,True,calculate,<CALL>,"calculate|{""expression"":""1319.43 - 302.67""}",<MISSING>,extra argument,replace
C1_C1,mistral_small_3p2,retail,62,retail:62,read,False,True,get_order_details,<CALL>,<MISSING>,"get_order_details|{""order_id"":""#W3973757""}",missing argument,replace
C1_C1,mistral_small_3p2,retail,62,retail:62,read,False,True,get_order_details,<CALL>,<MISSING>,"get_order_details|{""order_id"":""#W5061109""}",missing argument,replace
C1_C1,mistral_small_3p2,retail,62,retail:62,read,False,False,get_item_details,<CALL>,"get_item_details|{""item_id"":""9237024510""}",<MISSING>,extra argument,replace
C1_C1,mistral_small_3p2,retail,62,retail:62,read,False,False,get_order_details,<CALL>,<MISSING>,"get_order_details|{""order_id"":""#W5061109""}",missing argument,replace
C1_C1,mistral_small_3p2,retail,62,retail:62,read,False,False,get_order_details,<CALL>,<MISSING>,"get_order_details|{""order_id"":""#W3973757""}",missing argument,replace
C1_C1,mistral_small_3p2,retail,62,retail:62,read,False,False,get_order_details,<CALL>,<MISSING>,"get_order_details|{""order_id"":""#W5061109""}",missing argument,replace
C1_C1,mistral_small_3p2,retail,62,retail:62,read,False,False,cancel_pending_order,<CALL>,<MISSING>,"cancel_pending_order|{""order_id"":""#W5061109"",""reason"":""ordered by mistake""}",missing argument,replace
C1_C1,mistral_small_3p2,retail,62,retail:62,read,False,False,list_all_product_types,<CALL>,<MISSING>,list_all_product_types|{},missing argument,replace
C1_C1,mistral_small_3p2,retail,62,retail:62,read,False,False,get_product_details,<CALL>,<MISSING>,"get_product_details|{""product_id"":""4768869376""}",missing argument,replace
C2_C1,mistral_small_3p2,retail,67,retail:67,read,False,True,get_order_details,order_id,"""#W6729841""","""#W3445693""",order/reservation identifier,aligned_tool
C1_C1,mistral_small_3p2,retail,67,retail:67,read,False,True,get_order_details,order_id,"""#W6729841""","""#W3445693""",order/reservation identifier,aligned_tool
C1_C1,mistral_small_3p2,retail,67,retail:67,read,False,True,get_order_details,order_id,"""#W3445693""","""#W6729841""",order/reservation identifier,aligned_tool
C1_C1,mistral_small_3p2,retail,67,retail:67,read,False,True,get_order_details,order_id,"""#W3445693""","""#W6729841""",order/reservation identifier,aligned_tool
C2_C1,mistral_small_3p2,retail,68,retail:68,read,False,True,get_order_details,order_id,"""#W3445693""","""#W6729841""",order/reservation identifier,aligned_tool
C1_C1,mistral_small_3p2,retail,68,retail:68,read,True,True,find_user_id_by_email,email,"""noah_ito_3850@gmail.com""","""noah_ito_3850@yahoo.com""",entity identifier,aligned_tool
