pair_type,model,domain,task_id,task_cluster,task_family,repeat_a,repeat_b,both_success,same_reward,same_final_state,first_divergence_index,normalized_first_divergence,first_divergent_tool_a,first_divergent_tool_b,first_divergent_argument_a,first_divergent_argument_b,first_divergent_stage_a,first_divergent_stage_b,stage_pair,before_first_write,before_confirmation,after_write,timing_bucket,reconverged,reconvergence_location,divergence_persistence,downstream_differing_actions
C2_C1,gemma4_31b,airline,12,airline:12,single,0,0,False,True,True,0.0,0.0,get_reservation_details,get_user_details,"{""reservation_id"":""YAX4DR""}","{""user_id"":""chen_lee_123""}",entity_lookup,recovery_retry,entity_lookup -> recovery_retry,True,,False,early,True,0.2222222222222222,0.2222222222222222,3
C2_C1,gemma4_31b,airline,12,airline:12,single,1,1,False,True,True,6.0,0.6666666666666666,calculate,get_user_details,"{""expression"":""(350 + 499) * 2 - (122 + 127) * 2""}","{""user_id"":""chen_lee_6825""}",communication_only,entity_lookup,communication_only -> entity_lookup,True,,False,late,False,,1.0,2
C2_C1,gemma4_31b,airline,12,airline:12,single,2,2,False,True,True,0.0,0.0,get_reservation_details,get_user_details,"{""reservation_id"":""YAX4DR""}","{""user_id"":""chen_lee_123""}",entity_lookup,recovery_retry,entity_lookup -> recovery_retry,True,,False,early,True,0.14285714285714285,0.14285714285714285,1
C2_C1,gemma4_31b,airline,12,airline:12,single,3,3,False,True,True,0.0,0.0,get_reservation_details,get_user_details,"{""reservation_id"":""YAX4DR""}","{""user_id"":""chen_lee_123""}",entity_lookup,recovery_retry,entity_lookup -> recovery_retry,True,,False,early,True,0.14285714285714285,0.14285714285714285,1
C2_C1,gemma4_31b,airline,12,airline:12,single,4,4,False,True,True,0.0,0.0,get_reservation_details,get_user_details,"{""reservation_id"":""YAX4DR""}","{""user_id"":""chen_lee_123""}",entity_lookup,recovery_retry,entity_lookup -> recovery_retry,True,,False,early,True,0.14285714285714285,0.14285714285714285,1
C1_C1,gemma4_31b,airline,12,airline:12,single,0,1,False,True,True,,1.0,<END>,<END>,<END>,<END>,<END>,<END>,<END> -> <END>,True,,False,late,False,,0.0,0
C1_C1,gemma4_31b,airline,12,airline:12,single,0,2,False,True,True,2.0,0.2222222222222222,get_flight_status,get_user_details,"{""date"":""2024-05-18"",""flight_number"":""HAT235""}","{""user_id"":""chen_lee_6825""}",retrieval_search,entity_lookup,retrieval_search -> entity_lookup,True,,False,early,True,0.3333333333333333,0.1111111111111111,3
C1_C1,gemma4_31b,airline,12,airline:12,single,0,3,False,True,True,2.0,0.2222222222222222,get_flight_status,get_user_details,"{""date"":""2024-05-18"",""flight_number"":""HAT235""}","{""user_id"":""chen_lee_6825""}",retrieval_search,entity_lookup,retrieval_search -> entity_lookup,True,,False,early,True,0.3333333333333333,0.1111111111111111,3
C1_C1,gemma4_31b,airline,12,airline:12,single,0,4,False,True,True,2.0,0.2222222222222222,get_flight_status,get_user_details,"{""date"":""2024-05-18"",""flight_number"":""HAT235""}","{""user_id"":""chen_lee_6825""}",retrieval_search,entity_lookup,retrieval_search -> entity_lookup,True,,False,early,True,0.3333333333333333,0.1111111111111111,3
C1_C1,gemma4_31b,airline,12,airline:12,single,1,2,False,True,True,2.0,0.2222222222222222,get_flight_status,get_user_details,"{""date"":""2024-05-18"",""flight_number"":""HAT235""}","{""user_id"":""chen_lee_6825""}",retrieval_search,entity_lookup,retrieval_search -> entity_lookup,True,,False,early,True,0.3333333333333333,0.1111111111111111,3
C1_C1,gemma4_31b,airline,12,airline:12,single,1,3,False,True,True,2.0,0.2222222222222222,get_flight_status,get_user_details,"{""date"":""2024-05-18"",""flight_number"":""HAT235""}","{""user_id"":""chen_lee_6825""}",retrieval_search,entity_lookup,retrieval_search -> entity_lookup,True,,False,early,True,0.3333333333333333,0.1111111111111111,3
C1_C1,gemma4_31b,airline,12,airline:12,single,1,4,False,True,True,2.0,0.2222222222222222,get_flight_status,get_user_details,"{""date"":""2024-05-18"",""flight_number"":""HAT235""}","{""user_id"":""chen_lee_6825""}",retrieval_search,entity_lookup,retrieval_search -> entity_lookup,True,,False,early,True,0.3333333333333333,0.1111111111111111,3
C1_C1,gemma4_31b,airline,12,airline:12,single,2,3,False,True,True,,1.0,<END>,<END>,<END>,<END>,<END>,<END>,<END> -> <END>,True,,False,late,False,,0.0,0
C1_C1,gemma4_31b,airline,12,airline:12,single,2,4,False,True,True,,1.0,<END>,<END>,<END>,<END>,<END>,<END>,<END> -> <END>,True,,False,late,False,,0.0,0
C1_C1,gemma4_31b,airline,12,airline:12,single,3,4,False,True,True,,1.0,<END>,<END>,<END>,<END>,<END>,<END>,<END> -> <END>,True,,False,late,False,,0.0,0
C2_C1,gemma4_31b,airline,17,airline:17,compound,0,0,False,True,True,5.0,0.7142857142857143,get_reservation_details,<END>,"{""reservation_id"":""UM3OG5""}",<END>,entity_lookup,<END>,entity_lookup -> <END>,True,,False,late,False,,1.0,2
C2_C1,gemma4_31b,airline,17,airline:17,compound,1,1,False,True,True,,1.0,<END>,<END>,<END>,<END>,<END>,<END>,<END> -> <END>,True,,False,late,False,,0.0,0
C2_C1,gemma4_31b,airline,17,airline:17,compound,2,2,False,True,True,,1.0,<END>,<END>,<END>,<END>,<END>,<END>,<END> -> <END>,True,,False,late,False,,0.0,0
C2_C1,gemma4_31b,airline,17,airline:17,compound,3,3,False,True,True,,1.0,<END>,<END>,<END>,<END>,<END>,<END>,<END> -> <END>,True,,False,late,False,,0.0,0
C2_C1,gemma4_31b,airline,17,airline:17,compound,4,4,False,True,True,,1.0,<END>,<END>,<END>,<END>,<END>,<END>,<END> -> <END>,True,,False,late,False,,0.0,0
C1_C1,gemma4_31b,airline,17,airline:17,compound,0,1,False,True,True,,1.0,<END>,<END>,<END>,<END>,<END>,<END>,<END> -> <END>,True,,False,late,False,,0.0,0
C1_C1,gemma4_31b,airline,17,airline:17,compound,0,2,False,True,True,,1.0,<END>,<END>,<END>,<END>,<END>,<END>,<END> -> <END>,True,,False,late,False,,0.0,0
C1_C1,gemma4_31b,airline,17,airline:17,compound,0,3,False,True,True,,1.0,<END>,<END>,<END>,<END>,<END>,<END>,<END> -> <END>,True,,False,late,False,,0.0,0
C1_C1,gemma4_31b,airline,17,airline:17,compound,0,4,False,True,True,,1.0,<END>,<END>,<END>,<END>,<END>,<END>,<END> -> <END>,True,,False,late,False,,0.0,0
C1_C1,gemma4_31b,airline,17,airline:17,compound,1,2,False,True,True,,1.0,<END>,<END>,<END>,<END>,<END>,<END>,<END> -> <END>,True,,False,late,False,,0.0,0
C1_C1,gemma4_31b,airline,17,airline:17,compound,1,3,False,True,True,,1.0,<END>,<END>,<END>,<END>,<END>,<END>,<END> -> <END>,True,,False,late,False,,0.0,0
C1_C1,gemma4_31b,airline,17,airline:17,compound,1,4,False,True,True,,1.0,<END>,<END>,<END>,<END>,<END>,<END>,<END> -> <END>,True,,False,late,False,,0.0,0
C1_C1,gemma4_31b,airline,17,airline:17,compound,2,3,False,True,True,,1.0,<END>,<END>,<END>,<END>,<END>,<END>,<END> -> <END>,True,,False,late,False,,0.0,0
C1_C1,gemma4_31b,airline,17,airline:17,compound,2,4,False,True,True,,1.0,<END>,<END>,<END>,<END>,<END>,<END>,<END> -> <END>,True,,False,late,False,,0.0,0
C1_C1,gemma4_31b,airline,17,airline:17,compound,3,4,False,True,True,,1.0,<END>,<END>,<END>,<END>,<END>,<END>,<END> -> <END>,True,,False,late,False,,0.0,0
C2_C1,gemma4_31b,airline,18,airline:18,compound,0,0,False,True,True,,1.0,<END>,<END>,<END>,<END>,<END>,<END>,<END> -> <END>,False,,True,late,False,,0.0,0
C2_C1,gemma4_31b,airline,18,airline:18,compound,1,1,False,True,True,,1.0,<END>,<END>,<END>,<END>,<END>,<END>,<END> -> <END>,False,,True,late,False,,0.0,0
C2_C1,gemma4_31b,airline,18,airline:18,compound,2,2,False,True,True,,1.0,<END>,<END>,<END>,<END>,<END>,<END>,<END> -> <END>,False,,True,late,False,,0.0,0
C2_C1,gemma4_31b,airline,18,airline:18,compound,3,3,False,True,True,,1.0,<END>,<END>,<END>,<END>,<END>,<END>,<END> -> <END>,False,,True,late,False,,0.0,0
C2_C1,gemma4_31b,airline,18,airline:18,compound,4,4,False,True,True,,1.0,<END>,<END>,<END>,<END>,<END>,<END>,<END> -> <END>,False,,True,late,False,,0.0,0
C1_C1,gemma4_31b,airline,18,airline:18,compound,0,1,False,True,True,,1.0,<END>,<END>,<END>,<END>,<END>,<END>,<END> -> <END>,False,,True,late,False,,0.0,0
C1_C1,gemma4_31b,airline,18,airline:18,compound,0,2,False,True,True,,1.0,<END>,<END>,<END>,<END>,<END>,<END>,<END> -> <END>,False,,True,late,False,,0.0,0
C1_C1,gemma4_31b,airline,18,airline:18,compound,0,3,False,True,True,,1.0,<END>,<END>,<END>,<END>,<END>,<END>,<END> -> <END>,False,,True,late,False,,0.0,0
C1_C1,gemma4_31b,airline,18,airline:18,compound,0,4,False,True,True,,1.0,<END>,<END>,<END>,<END>,<END>,<END>,<END> -> <END>,False,,True,late,False,,0.0,0
C1_C1,gemma4_31b,airline,18,airline:18,compound,1,2,False,True,True,,1.0,<END>,<END>,<END>,<END>,<END>,<END>,<END> -> <END>,False,,True,late,False,,0.0,0
C1_C1,gemma4_31b,airline,18,airline:18,compound,1,3,False,True,True,,1.0,<END>,<END>,<END>,<END>,<END>,<END>,<END> -> <END>,False,,True,late,False,,0.0,0
C1_C1,gemma4_31b,airline,18,airline:18,compound,1,4,False,True,True,,1.0,<END>,<END>,<END>,<END>,<END>,<END>,<END> -> <END>,False,,True,late,False,,0.0,0
C1_C1,gemma4_31b,airline,18,airline:18,compound,2,3,False,True,True,,1.0,<END>,<END>,<END>,<END>,<END>,<END>,<END> -> <END>,False,,True,late,False,,0.0,0
C1_C1,gemma4_31b,airline,18,airline:18,compound,2,4,False,True,True,,1.0,<END>,<END>,<END>,<END>,<END>,<END>,<END> -> <END>,False,,True,late,False,,0.0,0
C1_C1,gemma4_31b,airline,18,airline:18,compound,3,4,False,True,True,,1.0,<END>,<END>,<END>,<END>,<END>,<END>,<END> -> <END>,False,,True,late,False,,0.0,0
C2_C1,gemma4_31b,airline,2,airline:2,read,0,0,True,True,True,0.0,0.0,list_all_airports,search_direct_flight,{},"{""date"":""2024-06-15"",""destination"":""JFK"",""origin"":""SFO""}",retrieval_search,retrieval_search,retrieval_search -> retrieval_search,True,,False,early,True,0.09090909090909091,0.09090909090909091,6
C2_C1,gemma4_31b,airline,2,airline:2,read,1,1,True,True,True,0.0,0.0,list_all_airports,search_direct_flight,{},"{""date"":""2024-06-15"",""destination"":""JFK"",""origin"":""SFO""}",retrieval_search,retrieval_search,retrieval_search -> retrieval_search,True,,False,early,True,0.09090909090909091,0.09090909090909091,4
C2_C1,gemma4_31b,airline,2,airline:2,read,2,2,False,False,False,0.0,0.0,list_all_airports,search_direct_flight,{},"{""date"":""2024-06-15"",""destination"":""JFK"",""origin"":""SFO""}",retrieval_search,retrieval_search,retrieval_search -> retrieval_search,True,,False,early,True,0.09090909090909091,0.09090909090909091,6
C2_C1,gemma4_31b,airline,2,airline:2,read,3,3,True,True,True,0.0,0.0,list_all_airports,search_direct_flight,{},"{""date"":""2024-06-15"",""destination"":""JFK"",""origin"":""SFO""}",retrieval_search,retrieval_search,retrieval_search -> retrieval_search,True,,False,early,True,0.09090909090909091,0.09090909090909091,6
C2_C1,gemma4_31b,airline,2,airline:2,read,4,4,False,False,False,0.0,0.0,list_all_airports,search_direct_flight,{},"{""date"":""2024-06-15"",""destination"":""JFK"",""origin"":""SFO""}",retrieval_search,retrieval_search,retrieval_search -> retrieval_search,True,,False,early,True,0.09090909090909091,0.09090909090909091,6
C1_C1,gemma4_31b,airline,2,airline:2,read,0,1,True,True,True,,1.0,<END>,<END>,<END>,<END>,<END>,<END>,<END> -> <END>,True,,False,late,False,,0.0,0
C1_C1,gemma4_31b,airline,2,airline:2,read,0,2,True,True,True,,1.0,<END>,<END>,<END>,<END>,<END>,<END>,<END> -> <END>,True,,False,late,False,,0.0,0
C1_C1,gemma4_31b,airline,2,airline:2,read,0,3,True,True,True,,1.0,<END>,<END>,<END>,<END>,<END>,<END>,<END> -> <END>,True,,False,late,False,,0.0,0
C1_C1,gemma4_31b,airline,2,airline:2,read,0,4,True,True,True,,1.0,<END>,<END>,<END>,<END>,<END>,<END>,<END> -> <END>,True,,False,late,False,,0.0,0
C1_C1,gemma4_31b,airline,2,airline:2,read,1,2,True,True,True,,1.0,<END>,<END>,<END>,<END>,<END>,<END>,<END> -> <END>,True,,False,late,False,,0.0,0
C1_C1,gemma4_31b,airline,2,airline:2,read,1,3,True,True,True,,1.0,<END>,<END>,<END>,<END>,<END>,<END>,<END> -> <END>,True,,False,late,False,,0.0,0
C1_C1,gemma4_31b,airline,2,airline:2,read,1,4,True,True,True,,1.0,<END>,<END>,<END>,<END>,<END>,<END>,<END> -> <END>,True,,False,late,False,,0.0,0
C1_C1,gemma4_31b,airline,2,airline:2,read,2,3,True,True,True,,1.0,<END>,<END>,<END>,<END>,<END>,<END>,<END> -> <END>,True,,False,late,False,,0.0,0
C1_C1,gemma4_31b,airline,2,airline:2,read,2,4,True,True,True,,1.0,<END>,<END>,<END>,<END>,<END>,<END>,<END> -> <END>,True,,False,late,False,,0.0,0
C1_C1,gemma4_31b,airline,2,airline:2,read,3,4,True,True,True,,1.0,<END>,<END>,<END>,<END>,<END>,<END>,<END> -> <END>,True,,False,late,False,,0.0,0
C2_C1,gemma4_31b,airline,22,airline:22,compound,0,0,False,False,False,6.0,0.46153846153846156,get_reservation_details,<END>,"{""reservation_id"":""FQ8APE""}",<END>,recovery_retry,<END>,recovery_retry -> <END>,True,,False,middle,False,,1.0,7
C2_C1,gemma4_31b,airline,22,airline:22,compound,1,1,False,True,True,,1.0,<END>,<END>,<END>,<END>,<END>,<END>,<END> -> <END>,True,,False,late,False,,0.0,0
C2_C1,gemma4_31b,airline,22,airline:22,compound,2,2,False,True,True,,1.0,<END>,<END>,<END>,<END>,<END>,<END>,<END> -> <END>,True,,False,late,False,,0.0,0
C2_C1,gemma4_31b,airline,22,airline:22,compound,3,3,False,True,True,,1.0,<END>,<END>,<END>,<END>,<END>,<END>,<END> -> <END>,True,,False,late,False,,0.0,0
C2_C1,gemma4_31b,airline,22,airline:22,compound,4,4,False,True,True,,1.0,<END>,<END>,<END>,<END>,<END>,<END>,<END> -> <END>,True,,False,late,False,,0.0,0
C1_C1,gemma4_31b,airline,22,airline:22,compound,0,1,False,True,True,,1.0,<END>,<END>,<END>,<END>,<END>,<END>,<END> -> <END>,True,,False,late,False,,0.0,0
C1_C1,gemma4_31b,airline,22,airline:22,compound,0,2,False,True,True,,1.0,<END>,<END>,<END>,<END>,<END>,<END>,<END> -> <END>,True,,False,late,False,,0.0,0
C1_C1,gemma4_31b,airline,22,airline:22,compound,0,3,False,True,True,,1.0,<END>,<END>,<END>,<END>,<END>,<END>,<END> -> <END>,True,,False,late,False,,0.0,0
C1_C1,gemma4_31b,airline,22,airline:22,compound,0,4,False,True,True,,1.0,<END>,<END>,<END>,<END>,<END>,<END>,<END> -> <END>,True,,False,late,False,,0.0,0
C1_C1,gemma4_31b,airline,22,airline:22,compound,1,2,False,True,True,,1.0,<END>,<END>,<END>,<END>,<END>,<END>,<END> -> <END>,True,,False,late,False,,0.0,0
C1_C1,gemma4_31b,airline,22,airline:22,compound,1,3,False,True,True,,1.0,<END>,<END>,<END>,<END>,<END>,<END>,<END> -> <END>,True,,False,late,False,,0.0,0
C1_C1,gemma4_31b,airline,22,airline:22,compound,1,4,False,True,True,,1.0,<END>,<END>,<END>,<END>,<END>,<END>,<END> -> <END>,True,,False,late,False,,0.0,0
C1_C1,gemma4_31b,airline,22,airline:22,compound,2,3,False,True,True,,1.0,<END>,<END>,<END>,<END>,<END>,<END>,<END> -> <END>,True,,False,late,False,,0.0,0
C1_C1,gemma4_31b,airline,22,airline:22,compound,2,4,False,True,True,,1.0,<END>,<END>,<END>,<END>,<END>,<END>,<END> -> <END>,True,,False,late,False,,0.0,0
C1_C1,gemma4_31b,airline,22,airline:22,compound,3,4,False,True,True,,1.0,<END>,<END>,<END>,<END>,<END>,<END>,<END> -> <END>,True,,False,late,False,,0.0,0
C2_C1,gemma4_31b,airline,23,airline:23,compound,0,0,False,True,False,13.0,0.5652173913043478,cancel_reservation,calculate,"{""reservation_id"":""K1NW8N""}","{""expression"":""(364 + 248 + 453) * 3""}",write_mutation,communication_only,write_mutation -> communication_only,False,,False,middle,False,,1.0,10
C2_C1,gemma4_31b,airline,23,airline:23,compound,1,1,False,True,False,13.0,0.5652173913043478,cancel_reservation,calculate,"{""reservation_id"":""K1NW8N""}","{""expression"":""(364 + 248 + 453) * 3""}",write_mutation,communication_only,write_mutation -> communication_only,False,,False,middle,False,,1.0,10
C2_C1,gemma4_31b,airline,23,airline:23,compound,2,2,False,True,False,13.0,0.5652173913043478,cancel_reservation,calculate,"{""reservation_id"":""K1NW8N""}","{""expression"":""(364 + 248 + 453) * 3""}",write_mutation,communication_only,write_mutation -> communication_only,False,,False,middle,False,,1.0,10
C2_C1,gemma4_31b,airline,23,airline:23,compound,3,3,False,True,False,13.0,0.5652173913043478,cancel_reservation,<END>,"{""reservation_id"":""K1NW8N""}",<END>,write_mutation,<END>,write_mutation -> <END>,False,,False,middle,False,,1.0,10
C2_C1,gemma4_31b,airline,23,airline:23,compound,4,4,False,True,False,13.0,0.5652173913043478,cancel_reservation,calculate,"{""reservation_id"":""K1NW8N""}","{""expression"":""(364 + 248 + 453) * 3""}",write_mutation,communication_only,write_mutation -> communication_only,False,,False,middle,False,,1.0,10
C1_C1,gemma4_31b,airline,23,airline:23,compound,0,1,False,True,True,,1.0,<END>,<END>,<END>,<END>,<END>,<END>,<END> -> <END>,False,,True,late,False,,0.0,0
C1_C1,gemma4_31b,airline,23,airline:23,compound,0,2,False,True,True,,1.0,<END>,<END>,<END>,<END>,<END>,<END>,<END> -> <END>,False,,True,late,False,,0.0,0
C1_C1,gemma4_31b,airline,23,airline:23,compound,0,3,False,True,False,13.0,0.8125,calculate,<END>,"{""expression"":""(364 + 248 + 453) * 3""}",<END>,communication_only,<END>,communication_only -> <END>,True,,False,late,False,,1.0,3
C1_C1,gemma4_31b,airline,23,airline:23,compound,0,4,False,True,True,,1.0,<END>,<END>,<END>,<END>,<END>,<END>,<END> -> <END>,False,,True,late,False,,0.0,0
C1_C1,gemma4_31b,airline,23,airline:23,compound,1,2,False,True,True,,1.0,<END>,<END>,<END>,<END>,<END>,<END>,<END> -> <END>,False,,True,late,False,,0.0,0
C1_C1,gemma4_31b,airline,23,airline:23,compound,1,3,False,True,False,13.0,0.8125,calculate,<END>,"{""expression"":""(364 + 248 + 453) * 3""}",<END>,communication_only,<END>,communication_only -> <END>,True,,False,late,False,,1.0,3
C1_C1,gemma4_31b,airline,23,airline:23,compound,1,4,False,True,True,,1.0,<END>,<END>,<END>,<END>,<END>,<END>,<END> -> <END>,False,,True,late,False,,0.0,0
C1_C1,gemma4_31b,airline,23,airline:23,compound,2,3,False,True,False,13.0,0.8125,calculate,<END>,"{""expression"":""(364 + 248 + 453) * 3""}",<END>,communication_only,<END>,communication_only -> <END>,True,,False,late,False,,1.0,3
C1_C1,gemma4_31b,airline,23,airline:23,compound,2,4,False,True,True,,1.0,<END>,<END>,<END>,<END>,<END>,<END>,<END> -> <END>,False,,True,late,False,,0.0,0
C1_C1,gemma4_31b,airline,23,airline:23,compound,3,4,False,True,False,13.0,0.8125,<END>,calculate,<END>,"{""expression"":""(364 + 248 + 453) * 3""}",<END>,communication_only,<END> -> communication_only,True,,False,late,False,,1.0,3
C2_C1,gemma4_31b,airline,30,airline:30,single,0,0,False,False,False,2.0,0.5,search_direct_flight,get_user_details,"{""date"":""2024-06-14"",""destination"":""IAH"",""origin"":""LAS""}","{""user_id"":""james_taylor_7043""}",retrieval_search,entity_lookup,retrieval_search -> entity_lookup,True,,False,middle,False,,1.0,2
C2_C1,gemma4_31b,airline,30,airline:30,single,1,1,False,False,False,2.0,0.5,search_direct_flight,get_user_details,"{""date"":""2024-06-14"",""destination"":""IAH"",""origin"":""LAS""}","{""user_id"":""james_taylor_7043""}",retrieval_search,entity_lookup,retrieval_search -> entity_lookup,True,,False,middle,False,,1.0,2
C2_C1,gemma4_31b,airline,30,airline:30,single,2,2,False,False,False,2.0,0.5,search_direct_flight,get_user_details,"{""date"":""2024-06-14"",""destination"":""IAH"",""origin"":""LAS""}","{""user_id"":""james_taylor_7043""}",retrieval_search,entity_lookup,retrieval_search -> entity_lookup,True,,False,middle,False,,1.0,2
C2_C1,gemma4_31b,airline,30,airline:30,single,3,3,False,False,False,2.0,0.5,search_direct_flight,get_user_details,"{""date"":""2024-06-14"",""destination"":""IAH"",""origin"":""LAS""}","{""user_id"":""james_taylor_7043""}",retrieval_search,entity_lookup,retrieval_search -> entity_lookup,True,,False,middle,False,,1.0,2
C2_C1,gemma4_31b,airline,30,airline:30,single,4,4,False,False,False,2.0,0.5,search_direct_flight,get_user_details,"{""date"":""2024-06-14"",""destination"":""IAH"",""origin"":""LAS""}","{""user_id"":""james_taylor_7043""}",retrieval_search,entity_lookup,retrieval_search -> entity_lookup,True,,False,middle,False,,1.0,2
C1_C1,gemma4_31b,airline,30,airline:30,single,0,1,True,True,True,,1.0,<END>,<END>,<END>,<END>,<END>,<END>,<END> -> <END>,False,,True,late,False,,0.0,0
C1_C1,gemma4_31b,airline,30,airline:30,single,0,2,True,True,True,,1.0,<END>,<END>,<END>,<END>,<END>,<END>,<END> -> <END>,False,,True,late,False,,0.0,0
C1_C1,gemma4_31b,airline,30,airline:30,single,0,3,True,True,True,,1.0,<END>,<END>,<END>,<END>,<END>,<END>,<END> -> <END>,False,,True,late,False,,0.0,0
C1_C1,gemma4_31b,airline,30,airline:30,single,0,4,True,True,True,,1.0,<END>,<END>,<END>,<END>,<END>,<END>,<END> -> <END>,False,,True,late,False,,0.0,0
C1_C1,gemma4_31b,airline,30,airline:30,single,1,2,True,True,True,,1.0,<END>,<END>,<END>,<END>,<END>,<END>,<END> -> <END>,False,,True,late,False,,0.0,0
C1_C1,gemma4_31b,airline,30,airline:30,single,1,3,True,True,True,,1.0,<END>,<END>,<END>,<END>,<END>,<END>,<END> -> <END>,False,,True,late,False,,0.0,0
C1_C1,gemma4_31b,airline,30,airline:30,single,1,4,True,True,True,,1.0,<END>,<END>,<END>,<END>,<END>,<END>,<END> -> <END>,False,,True,late,False,,0.0,0
C1_C1,gemma4_31b,airline,30,airline:30,single,2,3,True,True,True,,1.0,<END>,<END>,<END>,<END>,<END>,<END>,<END> -> <END>,False,,True,late,False,,0.0,0
C1_C1,gemma4_31b,airline,30,airline:30,single,2,4,True,True,True,,1.0,<END>,<END>,<END>,<END>,<END>,<END>,<END> -> <END>,False,,True,late,False,,0.0,0
C1_C1,gemma4_31b,airline,30,airline:30,single,3,4,True,True,True,,1.0,<END>,<END>,<END>,<END>,<END>,<END>,<END> -> <END>,False,,True,late,False,,0.0,0
C2_C1,gemma4_31b,airline,32,airline:32,compound,0,0,False,False,False,5.0,0.4166666666666667,search_direct_flight,get_reservation_details,"{""date"":""2024-05-21"",""destination"":""LAX"",""origin"":""EWR""}","{""reservation_id"":""OWZ4XL""}",retrieval_search,recovery_retry,retrieval_search -> recovery_retry,True,,False,middle,True,0.5,0.08333333333333331,5
C2_C1,gemma4_31b,airline,32,airline:32,compound,1,1,False,True,False,6.0,0.6666666666666666,update_reservation_flights,search_direct_flight,"{""cabin"":""economy"",""flights"":[{""date"":""2024-05-21"",""destination"":""LAX"",""flight_number"":""HAT041"",""origin"":""EWR""}],""payment_id"":""gift_card_9823297"",""reservation_id"":""OWZ4XL""}","{""date"":""2024-05-21"",""destination"":""LAX"",""origin"":""MIA""}",write_mutation,retrieval_search,write_mutation -> retrieval_search,False,,False,late,False,,1.0,3
C2_C1,gemma4_31b,airline,32,airline:32,compound,2,2,False,True,False,6.0,0.6666666666666666,update_reservation_flights,search_direct_flight,"{""cabin"":""economy"",""flights"":[{""date"":""2024-05-21"",""destination"":""LAX"",""flight_number"":""HAT041"",""origin"":""EWR""}],""payment_id"":""gift_card_9823297"",""reservation_id"":""OWZ4XL""}","{""date"":""2024-05-21"",""destination"":""LAX"",""origin"":""MIA""}",write_mutation,retrieval_search,write_mutation -> retrieval_search,False,,False,late,False,,1.0,3
C2_C1,gemma4_31b,airline,32,airline:32,compound,3,3,False,True,False,6.0,0.6666666666666666,update_reservation_flights,search_direct_flight,"{""cabin"":""economy"",""flights"":[{""date"":""2024-05-21"",""destination"":""LAX"",""flight_number"":""HAT041"",""origin"":""EWR""}],""payment_id"":""gift_card_9823297"",""reservation_id"":""OWZ4XL""}","{""date"":""2024-05-21"",""destination"":""LAX"",""origin"":""MIA""}",write_mutation,retrieval_search,write_mutation -> retrieval_search,False,,False,late,False,,1.0,3
C2_C1,gemma4_31b,airline,32,airline:32,compound,4,4,False,True,False,6.0,0.6666666666666666,update_reservation_flights,search_direct_flight,"{""cabin"":""economy"",""flights"":[{""date"":""2024-05-21"",""destination"":""LAX"",""flight_number"":""HAT041"",""origin"":""EWR""}],""payment_id"":""gift_card_9823297"",""reservation_id"":""OWZ4XL""}","{""date"":""2024-05-21"",""destination"":""LAX"",""origin"":""MIA""}",write_mutation,retrieval_search,write_mutation -> retrieval_search,False,,False,late,False,,1.0,3
C1_C1,gemma4_31b,airline,32,airline:32,compound,0,1,False,False,False,5.0,0.4166666666666667,get_reservation_details,search_direct_flight,"{""reservation_id"":""OWZ4XL""}","{""date"":""2024-05-21"",""destination"":""MIA"",""origin"":""EWR""}",recovery_retry,retrieval_search,recovery_retry -> retrieval_search,True,,False,middle,True,0.5,0.08333333333333331,4
C1_C1,gemma4_31b,airline,32,airline:32,compound,0,2,False,False,False,5.0,0.4166666666666667,get_reservation_details,search_direct_flight,"{""reservation_id"":""OWZ4XL""}","{""date"":""2024-05-21"",""destination"":""MIA"",""origin"":""EWR""}",recovery_retry,retrieval_search,recovery_retry -> retrieval_search,True,,False,middle,True,0.5,0.08333333333333331,4
C1_C1,gemma4_31b,airline,32,airline:32,compound,0,3,False,False,False,5.0,0.4166666666666667,get_reservation_details,search_direct_flight,"{""reservation_id"":""OWZ4XL""}","{""date"":""2024-05-21"",""destination"":""MIA"",""origin"":""EWR""}",recovery_retry,retrieval_search,recovery_retry -> retrieval_search,True,,False,middle,True,0.5,0.08333333333333331,4
C1_C1,gemma4_31b,airline,32,airline:32,compound,0,4,False,False,False,5.0,0.4166666666666667,get_reservation_details,search_direct_flight,"{""reservation_id"":""OWZ4XL""}","{""date"":""2024-05-21"",""destination"":""MIA"",""origin"":""EWR""}",recovery_retry,retrieval_search,recovery_retry -> retrieval_search,True,,False,middle,True,0.5,0.08333333333333331,4
C1_C1,gemma4_31b,airline,32,airline:32,compound,1,2,False,True,True,,1.0,<END>,<END>,<END>,<END>,<END>,<END>,<END> -> <END>,True,,False,late,False,,0.0,0
C1_C1,gemma4_31b,airline,32,airline:32,compound,1,3,False,True,True,,1.0,<END>,<END>,<END>,<END>,<END>,<END>,<END> -> <END>,True,,False,late,False,,0.0,0
C1_C1,gemma4_31b,airline,32,airline:32,compound,1,4,False,True,True,,1.0,<END>,<END>,<END>,<END>,<END>,<END>,<END> -> <END>,True,,False,late,False,,0.0,0
C1_C1,gemma4_31b,airline,32,airline:32,compound,2,3,False,True,True,,1.0,<END>,<END>,<END>,<END>,<END>,<END>,<END> -> <END>,True,,False,late,False,,0.0,0
C1_C1,gemma4_31b,airline,32,airline:32,compound,2,4,False,True,True,,1.0,<END>,<END>,<END>,<END>,<END>,<END>,<END> -> <END>,True,,False,late,False,,0.0,0
C1_C1,gemma4_31b,airline,32,airline:32,compound,3,4,False,True,True,,1.0,<END>,<END>,<END>,<END>,<END>,<END>,<END> -> <END>,True,,False,late,False,,0.0,0
C2_C1,gemma4_31b,airline,33,airline:33,compound,0,0,False,True,False,4.0,0.3333333333333333,update_reservation_flights,calculate,"{""cabin"":""economy"",""flights"":[{""date"":""2024-05-19"",""destination"":""SFO"",""flight_number"":""HAT072"",""origin"":""IAH""},{""date"":""2024-05-23"",""destination"":""IAH"",""flight_number"":""HAT278"",""origin"":""SFO""}],""payment_id"":""gift_card_6941833"",""reservation_id"":""HXDUBJ""}","{""expression"":""130 + 174""}",write_mutation,communication_only,write_mutation -> communication_only,False,,False,middle,False,,1.0,7
C2_C1,gemma4_31b,airline,33,airline:33,compound,1,1,False,True,False,7.0,0.5,get_reservation_details,get_user_details,"{""reservation_id"":""HXDUBJ""}","{""user_id"":""yara_garcia_1905""}",recovery_retry,recovery_retry,recovery_retry -> recovery_retry,False,,True,middle,True,0.5714285714285714,0.0714285714285714,5
C2_C1,gemma4_31b,airline,33,airline:33,compound,2,2,False,True,False,4.0,0.36363636363636365,update_reservation_flights,calculate,"{""cabin"":""economy"",""flights"":[{""date"":""2024-05-19"",""destination"":""SFO"",""flight_number"":""HAT072"",""origin"":""IAH""},{""date"":""2024-05-23"",""destination"":""IAH"",""flight_number"":""HAT278"",""origin"":""SFO""}],""payment_id"":""gift_card_6941833"",""reservation_id"":""HXDUBJ""}","{""expression"":""130 + 174""}",write_mutation,communication_only,write_mutation -> communication_only,False,,False,middle,False,,1.0,6
C2_C1,gemma4_31b,airline,33,airline:33,compound,3,3,False,True,False,4.0,0.36363636363636365,update_reservation_flights,calculate,"{""cabin"":""economy"",""flights"":[{""date"":""2024-05-19"",""destination"":""SFO"",""flight_number"":""HAT072"",""origin"":""IAH""},{""date"":""2024-05-23"",""destination"":""IAH"",""flight_number"":""HAT278"",""origin"":""SFO""}],""payment_id"":""gift_card_6941833"",""reservation_id"":""HXDUBJ""}","{""expression"":""130 + 174""}",write_mutation,communication_only,write_mutation -> communication_only,False,,False,middle,False,,1.0,6
C2_C1,gemma4_31b,airline,33,airline:33,compound,4,4,False,True,False,4.0,0.36363636363636365,update_reservation_flights,calculate,"{""cabin"":""economy"",""flights"":[{""date"":""2024-05-19"",""destination"":""SFO"",""flight_number"":""HAT072"",""origin"":""IAH""},{""date"":""2024-05-23"",""destination"":""IAH"",""flight_number"":""HAT278"",""origin"":""SFO""}],""payment_id"":""gift_card_6941833"",""reservation_id"":""HXDUBJ""}","{""expression"":""130 + 174""}",write_mutation,communication_only,write_mutation -> communication_only,False,,False,middle,False,,1.0,6
C1_C1,gemma4_31b,airline,33,airline:33,compound,0,1,False,True,True,7.0,0.5384615384615384,get_reservation_details,get_user_details,"{""reservation_id"":""HXDUBJ""}","{""user_id"":""yara_garcia_1905""}",recovery_retry,recovery_retry,recovery_retry -> recovery_retry,False,,True,middle,True,0.6153846153846154,0.07692307692307698,3
C1_C1,gemma4_31b,airline,33,airline:33,compound,0,2,False,True,True,7.0,0.5833333333333334,get_reservation_details,get_user_details,"{""reservation_id"":""HXDUBJ""}","{""user_id"":""yara_garcia_1905""}",recovery_retry,recovery_retry,recovery_retry -> recovery_retry,False,,True,middle,True,0.6666666666666666,0.08333333333333326,3
C1_C1,gemma4_31b,airline,33,airline:33,compound,0,3,False,True,True,7.0,0.5833333333333334,get_reservation_details,get_user_details,"{""reservation_id"":""HXDUBJ""}","{""user_id"":""yara_garcia_1905""}",recovery_retry,recovery_retry,recovery_retry -> recovery_retry,False,,True,middle,True,0.6666666666666666,0.08333333333333326,3
C1_C1,gemma4_31b,airline,33,airline:33,compound,0,4,False,True,True,7.0,0.5833333333333334,get_reservation_details,get_user_details,"{""reservation_id"":""HXDUBJ""}","{""user_id"":""yara_garcia_1905""}",recovery_retry,recovery_retry,recovery_retry -> recovery_retry,False,,True,middle,True,0.6666666666666666,0.08333333333333326,3
C1_C1,gemma4_31b,airline,33,airline:33,compound,1,2,False,True,True,8.0,0.6153846153846154,search_direct_flight,calculate,"{""date"":""2024-05-19"",""destination"":""SFO"",""origin"":""IAH""}","{""expression"":""282 + 257""}",recovery_retry,post_write_verification,recovery_retry -> post_write_verification,False,,True,middle,True,0.6923076923076923,0.07692307692307687,2
C1_C1,gemma4_31b,airline,33,airline:33,compound,1,3,False,True,True,8.0,0.6153846153846154,search_direct_flight,calculate,"{""date"":""2024-05-19"",""destination"":""SFO"",""origin"":""IAH""}","{""expression"":""282 + 257""}",recovery_retry,post_write_verification,recovery_retry -> post_write_verification,False,,True,middle,True,0.6923076923076923,0.07692307692307687,2
C1_C1,gemma4_31b,airline,33,airline:33,compound,1,4,False,True,True,8.0,0.6153846153846154,search_direct_flight,calculate,"{""date"":""2024-05-19"",""destination"":""SFO"",""origin"":""IAH""}","{""expression"":""282 + 257""}",recovery_retry,post_write_verification,recovery_retry -> post_write_verification,False,,True,middle,True,0.6923076923076923,0.07692307692307687,2
C1_C1,gemma4_31b,airline,33,airline:33,compound,2,3,False,True,True,,1.0,<END>,<END>,<END>,<END>,<END>,<END>,<END> -> <END>,False,,True,late,False,,0.0,0
C1_C1,gemma4_31b,airline,33,airline:33,compound,2,4,False,True,True,,1.0,<END>,<END>,<END>,<END>,<END>,<END>,<END> -> <END>,False,,True,late,False,,0.0,0
C1_C1,gemma4_31b,airline,33,airline:33,compound,3,4,False,True,True,,1.0,<END>,<END>,<END>,<END>,<END>,<END>,<END> -> <END>,False,,True,late,False,,0.0,0
C2_C1,gemma4_31b,airline,37,airline:37,single,0,0,False,True,True,4.0,0.5714285714285714,search_direct_flight,<END>,"{""date"":""2024-05-22"",""destination"":""ATL"",""origin"":""JFK""}",<END>,retrieval_search,<END>,retrieval_search -> <END>,True,,False,middle,False,,1.0,3
C2_C1,gemma4_31b,airline,37,airline:37,single,1,1,False,True,True,4.0,0.5714285714285714,search_direct_flight,<END>,"{""date"":""2024-05-22"",""destination"":""ATL"",""origin"":""JFK""}",<END>,retrieval_search,<END>,retrieval_search -> <END>,True,,False,middle,False,,1.0,3
C2_C1,gemma4_31b,airline,37,airline:37,single,2,2,False,True,True,4.0,0.5714285714285714,search_direct_flight,<END>,"{""date"":""2024-05-22"",""destination"":""ATL"",""origin"":""JFK""}",<END>,retrieval_search,<END>,retrieval_search -> <END>,True,,False,middle,False,,1.0,3
C2_C1,gemma4_31b,airline,37,airline:37,single,3,3,False,True,True,4.0,0.5714285714285714,search_direct_flight,<END>,"{""date"":""2024-05-22"",""destination"":""ATL"",""origin"":""JFK""}",<END>,retrieval_search,<END>,retrieval_search -> <END>,True,,False,middle,False,,1.0,3
C2_C1,gemma4_31b,airline,37,airline:37,single,4,4,False,True,True,4.0,0.5714285714285714,search_direct_flight,<END>,"{""date"":""2024-05-22"",""destination"":""ATL"",""origin"":""JFK""}",<END>,retrieval_search,<END>,retrieval_search -> <END>,True,,False,middle,False,,1.0,3
C1_C1,gemma4_31b,airline,37,airline:37,single,0,1,False,True,True,,1.0,<END>,<END>,<END>,<END>,<END>,<END>,<END> -> <END>,True,,False,late,False,,0.0,0
C1_C1,gemma4_31b,airline,37,airline:37,single,0,2,False,True,True,,1.0,<END>,<END>,<END>,<END>,<END>,<END>,<END> -> <END>,True,,False,late,False,,0.0,0
C1_C1,gemma4_31b,airline,37,airline:37,single,0,3,False,True,True,,1.0,<END>,<END>,<END>,<END>,<END>,<END>,<END> -> <END>,True,,False,late,False,,0.0,0
C1_C1,gemma4_31b,airline,37,airline:37,single,0,4,False,True,True,,1.0,<END>,<END>,<END>,<END>,<END>,<END>,<END> -> <END>,True,,False,late,False,,0.0,0
C1_C1,gemma4_31b,airline,37,airline:37,single,1,2,False,True,True,,1.0,<END>,<END>,<END>,<END>,<END>,<END>,<END> -> <END>,True,,False,late,False,,0.0,0
C1_C1,gemma4_31b,airline,37,airline:37,single,1,3,False,True,True,,1.0,<END>,<END>,<END>,<END>,<END>,<END>,<END> -> <END>,True,,False,late,False,,0.0,0
C1_C1,gemma4_31b,airline,37,airline:37,single,1,4,False,True,True,,1.0,<END>,<END>,<END>,<END>,<END>,<END>,<END> -> <END>,True,,False,late,False,,0.0,0
C1_C1,gemma4_31b,airline,37,airline:37,single,2,3,False,True,True,,1.0,<END>,<END>,<END>,<END>,<END>,<END>,<END> -> <END>,True,,False,late,False,,0.0,0
C1_C1,gemma4_31b,airline,37,airline:37,single,2,4,False,True,True,,1.0,<END>,<END>,<END>,<END>,<END>,<END>,<END> -> <END>,True,,False,late,False,,0.0,0
C1_C1,gemma4_31b,airline,37,airline:37,single,3,4,False,True,True,,1.0,<END>,<END>,<END>,<END>,<END>,<END>,<END> -> <END>,True,,False,late,False,,0.0,0
C2_C1,gemma4_31b,airline,39,airline:39,compound,0,0,False,True,True,,1.0,<END>,<END>,<END>,<END>,<END>,<END>,<END> -> <END>,True,,False,late,False,,0.0,0
C2_C1,gemma4_31b,airline,39,airline:39,compound,1,1,False,True,False,8.0,0.8,cancel_reservation,<END>,"{""reservation_id"":""8C8K4E""}",<END>,write_mutation,<END>,write_mutation -> <END>,False,,False,late,False,,1.0,2
C2_C1,gemma4_31b,airline,39,airline:39,compound,2,2,False,True,True,,1.0,<END>,<END>,<END>,<END>,<END>,<END>,<END> -> <END>,True,,False,late,False,,0.0,0
C2_C1,gemma4_31b,airline,39,airline:39,compound,3,3,False,True,True,,1.0,<END>,<END>,<END>,<END>,<END>,<END>,<END> -> <END>,True,,False,late,False,,0.0,0
C2_C1,gemma4_31b,airline,39,airline:39,compound,4,4,False,True,True,,1.0,<END>,<END>,<END>,<END>,<END>,<END>,<END> -> <END>,True,,False,late,False,,0.0,0
C1_C1,gemma4_31b,airline,39,airline:39,compound,0,1,False,True,True,,1.0,<END>,<END>,<END>,<END>,<END>,<END>,<END> -> <END>,True,,False,late,False,,0.0,0
C1_C1,gemma4_31b,airline,39,airline:39,compound,0,2,False,True,True,,1.0,<END>,<END>,<END>,<END>,<END>,<END>,<END> -> <END>,True,,False,late,False,,0.0,0
C1_C1,gemma4_31b,airline,39,airline:39,compound,0,3,False,True,True,,1.0,<END>,<END>,<END>,<END>,<END>,<END>,<END> -> <END>,True,,False,late,False,,0.0,0
C1_C1,gemma4_31b,airline,39,airline:39,compound,0,4,False,True,True,,1.0,<END>,<END>,<END>,<END>,<END>,<END>,<END> -> <END>,True,,False,late,False,,0.0,0
C1_C1,gemma4_31b,airline,39,airline:39,compound,1,2,False,True,True,,1.0,<END>,<END>,<END>,<END>,<END>,<END>,<END> -> <END>,True,,False,late,False,,0.0,0
C1_C1,gemma4_31b,airline,39,airline:39,compound,1,3,False,True,True,,1.0,<END>,<END>,<END>,<END>,<END>,<END>,<END> -> <END>,True,,False,late,False,,0.0,0
C1_C1,gemma4_31b,airline,39,airline:39,compound,1,4,False,True,True,,1.0,<END>,<END>,<END>,<END>,<END>,<END>,<END> -> <END>,True,,False,late,False,,0.0,0
C1_C1,gemma4_31b,airline,39,airline:39,compound,2,3,False,True,True,,1.0,<END>,<END>,<END>,<END>,<END>,<END>,<END> -> <END>,True,,False,late,False,,0.0,0
C1_C1,gemma4_31b,airline,39,airline:39,compound,2,4,False,True,True,,1.0,<END>,<END>,<END>,<END>,<END>,<END>,<END> -> <END>,True,,False,late,False,,0.0,0
C1_C1,gemma4_31b,airline,39,airline:39,compound,3,4,False,True,True,,1.0,<END>,<END>,<END>,<END>,<END>,<END>,<END> -> <END>,True,,False,late,False,,0.0,0
C2_C1,gemma4_31b,airline,4,airline:4,read,0,0,True,True,True,,1.0,<END>,<END>,<END>,<END>,<END>,<END>,<END> -> <END>,True,,False,late,False,,0.0,0
C2_C1,gemma4_31b,airline,4,airline:4,read,1,1,True,True,True,2.0,0.25,<END>,get_reservation_details,<END>,"{""reservation_id"":""NM1VX1""}",<END>,entity_lookup,<END> -> entity_lookup,True,,False,early,False,,1.0,6
C2_C1,gemma4_31b,airline,4,airline:4,read,2,2,True,True,True,2.0,0.25,<END>,get_reservation_details,<END>,"{""reservation_id"":""NM1VX1""}",<END>,entity_lookup,<END> -> entity_lookup,True,,False,early,False,,1.0,6
C2_C1,gemma4_31b,airline,4,airline:4,read,3,3,True,True,True,,1.0,<END>,<END>,<END>,<END>,<END>,<END>,<END> -> <END>,True,,False,late,False,,0.0,0
C2_C1,gemma4_31b,airline,4,airline:4,read,4,4,True,True,True,2.0,0.25,<END>,get_reservation_details,<END>,"{""reservation_id"":""NM1VX1""}",<END>,entity_lookup,<END> -> entity_lookup,True,,False,early,False,,1.0,6
C1_C1,gemma4_31b,airline,4,airline:4,read,0,1,True,True,True,2.0,0.25,<END>,get_reservation_details,<END>,"{""reservation_id"":""NM1VX1""}",<END>,entity_lookup,<END> -> entity_lookup,True,,False,early,False,,1.0,6
C1_C1,gemma4_31b,airline,4,airline:4,read,0,2,True,True,True,2.0,0.25,<END>,get_reservation_details,<END>,"{""reservation_id"":""NM1VX1""}",<END>,entity_lookup,<END> -> entity_lookup,True,,False,early,False,,1.0,6
C1_C1,gemma4_31b,airline,4,airline:4,read,0,3,True,True,True,2.0,0.25,<END>,get_reservation_details,<END>,"{""reservation_id"":""NM1VX1""}",<END>,entity_lookup,<END> -> entity_lookup,True,,False,early,False,,1.0,6
C1_C1,gemma4_31b,airline,4,airline:4,read,0,4,True,True,True,2.0,0.25,<END>,get_reservation_details,<END>,"{""reservation_id"":""NM1VX1""}",<END>,entity_lookup,<END> -> entity_lookup,True,,False,early,False,,1.0,6
C1_C1,gemma4_31b,airline,4,airline:4,read,1,2,True,True,True,,1.0,<END>,<END>,<END>,<END>,<END>,<END>,<END> -> <END>,True,,False,late,False,,0.0,0
C1_C1,gemma4_31b,airline,4,airline:4,read,1,3,True,True,True,,1.0,<END>,<END>,<END>,<END>,<END>,<END>,<END> -> <END>,True,,False,late,False,,0.0,0
C1_C1,gemma4_31b,airline,4,airline:4,read,1,4,True,True,True,,1.0,<END>,<END>,<END>,<END>,<END>,<END>,<END> -> <END>,True,,False,late,False,,0.0,0
C1_C1,gemma4_31b,airline,4,airline:4,read,2,3,True,True,True,,1.0,<END>,<END>,<END>,<END>,<END>,<END>,<END> -> <END>,True,,False,late,False,,0.0,0
C1_C1,gemma4_31b,airline,4,airline:4,read,2,4,True,True,True,,1.0,<END>,<END>,<END>,<END>,<END>,<END>,<END> -> <END>,True,,False,late,False,,0.0,0
C1_C1,gemma4_31b,airline,4,airline:4,read,3,4,True,True,True,,1.0,<END>,<END>,<END>,<END>,<END>,<END>,<END> -> <END>,True,,False,late,False,,0.0,0
C2_C1,gemma4_31b,airline,41,airline:41,read,0,0,True,True,True,,1.0,<END>,<END>,<END>,<END>,<END>,<END>,<END> -> <END>,True,,False,late,False,,0.0,0
C2_C1,gemma4_31b,airline,41,airline:41,read,1,1,True,True,True,8.0,0.8888888888888888,transfer_to_human_agents,<END>,"{""summary"":""User amelia_davis_8890 wants to cancel reservation UDMOP1 (basic economy) to give up their seat for someone else. The reservation is not eligible for cancellation under the current policy (booked > 24h ago, no insurance, not a business flight, not cancelled by airline). User is a silver member.""}",<END>,communication_only,<END>,communication_only -> <END>,True,,False,late,False,,1.0,1
C2_C1,gemma4_31b,airline,41,airline:41,read,2,2,True,True,True,8.0,0.8888888888888888,transfer_to_human_agents,<END>,"{""summary"":""User amelia_davis_8890 wants to cancel reservation UDMOP1 (basic economy) to give up their seat. The reservation is not eligible for cancellation under the current policy (booked > 24h ago, no insurance, not a business flight, not cancelled by airline). User is a silver member.""}",<END>,communication_only,<END>,communication_only -> <END>,True,,False,late,False,,1.0,1
C2_C1,gemma4_31b,airline,41,airline:41,read,3,3,True,True,True,8.0,0.8888888888888888,transfer_to_human_agents,<END>,"{""summary"":""User amelia_davis_8890 wants to cancel reservation UDMOP1 (basic economy) to give up their seat. The reservation is not eligible for cancellation under the current policy (booked > 24h ago, no insurance, not a business flight, not cancelled by airline). User is a silver member.""}",<END>,communication_only,<END>,communication_only -> <END>,True,,False,late,False,,1.0,1
C2_C1,gemma4_31b,airline,41,airline:41,read,4,4,True,True,True,8.0,0.8888888888888888,transfer_to_human_agents,<END>,"{""summary"":""User amelia_davis_8890 wants to cancel reservation UDMOP1 (basic economy, no insurance, booked > 24h ago) to give up their seat for someone else. The request does not meet the automated cancellation criteria.""}",<END>,communication_only,<END>,communication_only -> <END>,True,,False,late,False,,1.0,1
C1_C1,gemma4_31b,airline,41,airline:41,read,0,1,True,True,True,8.0,0.8888888888888888,transfer_to_human_agents,<END>,"{""summary"":""User amelia_davis_8890 wants to cancel reservation UDMOP1 (basic economy) to give up their seat for someone else. The reservation does not meet the automated cancellation criteria (not within 24h, not airline cancelled, no insurance).""}",<END>,communication_only,<END>,communication_only -> <END>,True,,False,late,False,,1.0,1
C1_C1,gemma4_31b,airline,41,airline:41,read,0,2,True,True,True,8.0,0.8888888888888888,transfer_to_human_agents,<END>,"{""summary"":""User amelia_davis_8890 wants to cancel reservation UDMOP1 (basic economy) to give up their seat for someone else. The reservation does not meet the automated cancellation criteria (not within 24h, not airline cancelled, no insurance).""}",<END>,communication_only,<END>,communication_only -> <END>,True,,False,late,False,,1.0,1
C1_C1,gemma4_31b,airline,41,airline:41,read,0,3,True,True,True,8.0,0.8888888888888888,transfer_to_human_agents,<END>,"{""summary"":""User amelia_davis_8890 wants to cancel reservation UDMOP1 (basic economy) to give up their seat for someone else. The reservation does not meet the automated cancellation criteria (not within 24h, not airline cancelled, no insurance).""}",<END>,communication_only,<END>,communication_only -> <END>,True,,False,late,False,,1.0,1
C1_C1,gemma4_31b,airline,41,airline:41,read,0,4,True,True,True,8.0,0.8888888888888888,transfer_to_human_agents,<END>,"{""summary"":""User amelia_davis_8890 wants to cancel reservation UDMOP1 (basic economy) to give up their seat for someone else. The reservation does not meet the automated cancellation criteria (not within 24h, not airline cancelled, no insurance).""}",<END>,communication_only,<END>,communication_only -> <END>,True,,False,late,False,,1.0,1
C1_C1,gemma4_31b,airline,41,airline:41,read,1,2,True,True,True,,1.0,<END>,<END>,<END>,<END>,<END>,<END>,<END> -> <END>,True,,False,late,False,,0.0,0
C1_C1,gemma4_31b,airline,41,airline:41,read,1,3,True,True,True,,1.0,<END>,<END>,<END>,<END>,<END>,<END>,<END> -> <END>,True,,False,late,False,,0.0,0
C1_C1,gemma4_31b,airline,41,airline:41,read,1,4,True,True,True,,1.0,<END>,<END>,<END>,<END>,<END>,<END>,<END> -> <END>,True,,False,late,False,,0.0,0
C1_C1,gemma4_31b,airline,41,airline:41,read,2,3,True,True,True,,1.0,<END>,<END>,<END>,<END>,<END>,<END>,<END> -> <END>,True,,False,late,False,,0.0,0
C1_C1,gemma4_31b,airline,41,airline:41,read,2,4,True,True,True,,1.0,<END>,<END>,<END>,<END>,<END>,<END>,<END> -> <END>,True,,False,late,False,,0.0,0
C1_C1,gemma4_31b,airline,41,airline:41,read,3,4,True,True,True,,1.0,<END>,<END>,<END>,<END>,<END>,<END>,<END> -> <END>,True,,False,late,False,,0.0,0
C2_C1,gemma4_31b,airline,42,airline:42,compound,0,0,False,True,True,8.0,0.6666666666666666,get_reservation_details,<END>,"{""reservation_id"":""5BGGWZ""}",<END>,recovery_retry,<END>,recovery_retry -> <END>,True,,False,late,False,,1.0,4
C2_C1,gemma4_31b,airline,42,airline:42,compound,1,1,False,False,False,8.0,0.5714285714285714,<END>,get_reservation_details,<END>,"{""reservation_id"":""5BGGWZ""}",<END>,recovery_retry,<END> -> recovery_retry,True,,False,middle,False,,1.0,6
C2_C1,gemma4_31b,airline,42,airline:42,compound,2,2,False,True,True,10.0,0.8333333333333334,get_reservation_details,<END>,"{""reservation_id"":""PUNERT""}",<END>,recovery_retry,<END>,recovery_retry -> <END>,True,,False,late,False,,1.0,2
C2_C1,gemma4_31b,airline,42,airline:42,compound,3,3,False,True,True,10.0,0.8333333333333334,get_reservation_details,<END>,"{""reservation_id"":""PUNERT""}",<END>,recovery_retry,<END>,recovery_retry -> <END>,True,,False,late,False,,1.0,2
C2_C1,gemma4_31b,airline,42,airline:42,compound,4,4,False,True,True,10.0,0.8333333333333334,get_reservation_details,<END>,"{""reservation_id"":""PUNERT""}",<END>,recovery_retry,<END>,recovery_retry -> <END>,True,,False,late,False,,1.0,2
C1_C1,gemma4_31b,airline,42,airline:42,compound,0,1,False,False,False,8.0,0.5714285714285714,<END>,get_reservation_details,<END>,"{""reservation_id"":""5BGGWZ""}",<END>,recovery_retry,<END> -> recovery_retry,True,,False,middle,False,,1.0,6
C1_C1,gemma4_31b,airline,42,airline:42,compound,0,2,False,True,True,8.0,0.8,<END>,get_reservation_details,<END>,"{""reservation_id"":""5BGGWZ""}",<END>,recovery_retry,<END> -> recovery_retry,True,,False,late,False,,1.0,2
C1_C1,gemma4_31b,airline,42,airline:42,compound,0,3,False,True,True,8.0,0.8,<END>,get_reservation_details,<END>,"{""reservation_id"":""5BGGWZ""}",<END>,recovery_retry,<END> -> recovery_retry,True,,False,late,False,,1.0,2
C1_C1,gemma4_31b,airline,42,airline:42,compound,0,4,False,True,True,8.0,0.8,<END>,get_reservation_details,<END>,"{""reservation_id"":""5BGGWZ""}",<END>,recovery_retry,<END> -> recovery_retry,True,,False,late,False,,1.0,2
C1_C1,gemma4_31b,airline,42,airline:42,compound,1,2,False,False,False,10.0,0.7142857142857143,get_reservation_details,<END>,"{""reservation_id"":""PUNERT""}",<END>,recovery_retry,<END>,recovery_retry -> <END>,True,,False,late,False,,1.0,4
C1_C1,gemma4_31b,airline,42,airline:42,compound,1,3,False,False,False,10.0,0.7142857142857143,get_reservation_details,<END>,"{""reservation_id"":""PUNERT""}",<END>,recovery_retry,<END>,recovery_retry -> <END>,True,,False,late,False,,1.0,4
C1_C1,gemma4_31b,airline,42,airline:42,compound,1,4,False,False,False,10.0,0.7142857142857143,get_reservation_details,<END>,"{""reservation_id"":""PUNERT""}",<END>,recovery_retry,<END>,recovery_retry -> <END>,True,,False,late,False,,1.0,4
C1_C1,gemma4_31b,airline,42,airline:42,compound,2,3,False,True,True,,1.0,<END>,<END>,<END>,<END>,<END>,<END>,<END> -> <END>,True,,False,late,False,,0.0,0
C1_C1,gemma4_31b,airline,42,airline:42,compound,2,4,False,True,True,,1.0,<END>,<END>,<END>,<END>,<END>,<END>,<END> -> <END>,True,,False,late,False,,0.0,0
C1_C1,gemma4_31b,airline,42,airline:42,compound,3,4,False,True,True,,1.0,<END>,<END>,<END>,<END>,<END>,<END>,<END> -> <END>,True,,False,late,False,,0.0,0
C2_C1,gemma4_31b,airline,43,airline:43,read,0,0,True,True,True,7.0,0.875,transfer_to_human_agents,get_reservation_details,"{""summary"":""User mohamed_hernandez_5188 wants to cancel reservation D1EW9B (ATL to JFK on 2024-05-17) because they accidentally booked two flights for the same day. However, the reservation is basic economy, was made more than 24 hours ago, and has no insurance, so it doesn't meet the automated cancellation criteria. User is a silver member.""}","{""reservation_id"":""9HBUV8""}",communication_only,recovery_retry,communication_only -> recovery_retry,True,,False,late,False,,1.0,1
C2_C1,gemma4_31b,airline,43,airline:43,read,1,1,True,True,True,,1.0,<END>,<END>,<END>,<END>,<END>,<END>,<END> -> <END>,True,,False,late,False,,0.0,0
C2_C1,gemma4_31b,airline,43,airline:43,read,2,2,True,True,True,,1.0,<END>,<END>,<END>,<END>,<END>,<END>,<END> -> <END>,True,,False,late,False,,0.0,0
C2_C1,gemma4_31b,airline,43,airline:43,read,3,3,True,True,True,,1.0,<END>,<END>,<END>,<END>,<END>,<END>,<END> -> <END>,True,,False,late,False,,0.0,0
C2_C1,gemma4_31b,airline,43,airline:43,read,4,4,True,True,True,7.0,0.5,get_user_details,transfer_to_human_agents,"{""user_id"":""mohamed_hernandez_5188""}","{""summary"":""User wants to cancel reservation D1EW9B (ATL to JFK on 2024-05-17) because they booked two flights for the same day. However, the reservation is basic economy, has no insurance, and was booked more than 24 hours ago, so it doesn't meet the automated cancellation criteria.""}",recovery_retry,communication_only,recovery_retry -> communication_only,True,,False,middle,False,,1.0,7
C1_C1,gemma4_31b,airline,43,airline:43,read,0,1,True,True,True,7.0,0.875,get_reservation_details,transfer_to_human_agents,"{""reservation_id"":""9HBUV8""}","{""summary"":""User wants to cancel reservation D1EW9B (ATL to JFK on 2024-05-17) because they booked two flights for the same day. The reservation is basic economy, has no insurance, and was booked more than 24 hours ago, so it doesn't meet the automated cancellation criteria.""}",recovery_retry,communication_only,recovery_retry -> communication_only,True,,False,late,False,,1.0,1
C1_C1,gemma4_31b,airline,43,airline:43,read,0,2,True,True,True,7.0,0.875,get_reservation_details,transfer_to_human_agents,"{""reservation_id"":""9HBUV8""}","{""summary"":""User wants to cancel reservation D1EW9B (ATL to JFK on 2024-05-17) because they booked two flights for the same day. However, the reservation is basic economy, has no insurance, and was booked more than 24 hours ago, so it doesn't meet the automated cancellation criteria.""}",recovery_retry,communication_only,recovery_retry -> communication_only,True,,False,late,False,,1.0,1
C1_C1,gemma4_31b,airline,43,airline:43,read,0,3,True,True,True,7.0,0.875,get_reservation_details,transfer_to_human_agents,"{""reservation_id"":""9HBUV8""}","{""summary"":""User wants to cancel reservation D1EW9B (ATL to JFK on 2024-05-17) because they booked two flights for the same day. The reservation is basic economy, has no insurance, and was booked more than 24 hours ago, so it doesn't meet the automated cancellation criteria.""}",recovery_retry,communication_only,recovery_retry -> communication_only,True,,False,late,False,,1.0,1
C1_C1,gemma4_31b,airline,43,airline:43,read,0,4,True,True,True,7.0,0.875,get_reservation_details,transfer_to_human_agents,"{""reservation_id"":""9HBUV8""}","{""summary"":""User wants to cancel reservation D1EW9B (ATL to JFK on 2024-05-17) because they booked two flights for the same day. However, the reservation is basic economy, has no insurance, and was booked more than 24 hours ago, so it doesn't meet the automated cancellation criteria.""}",recovery_retry,communication_only,recovery_retry -> communication_only,True,,False,late,False,,1.0,1
C1_C1,gemma4_31b,airline,43,airline:43,read,1,2,True,True,True,,1.0,<END>,<END>,<END>,<END>,<END>,<END>,<END> -> <END>,True,,False,late,False,,0.0,0
C1_C1,gemma4_31b,airline,43,airline:43,read,1,3,True,True,True,,1.0,<END>,<END>,<END>,<END>,<END>,<END>,<END> -> <END>,True,,False,late,False,,0.0,0
C1_C1,gemma4_31b,airline,43,airline:43,read,1,4,True,True,True,,1.0,<END>,<END>,<END>,<END>,<END>,<END>,<END> -> <END>,True,,False,late,False,,0.0,0
C1_C1,gemma4_31b,airline,43,airline:43,read,2,3,True,True,True,,1.0,<END>,<END>,<END>,<END>,<END>,<END>,<END> -> <END>,True,,False,late,False,,0.0,0
C1_C1,gemma4_31b,airline,43,airline:43,read,2,4,True,True,True,,1.0,<END>,<END>,<END>,<END>,<END>,<END>,<END> -> <END>,True,,False,late,False,,0.0,0
C1_C1,gemma4_31b,airline,43,airline:43,read,3,4,True,True,True,,1.0,<END>,<END>,<END>,<END>,<END>,<END>,<END> -> <END>,True,,False,late,False,,0.0,0
C2_C1,gemma4_31b,airline,44,airline:44,compound,0,0,False,True,True,15.0,0.8823529411764706,get_flight_status,transfer_to_human_agents,"{""date"":""2024-05-10"",""flight_number"":""HAT271""}","{""summary"":""The user wants to cancel reservations with flight durations longer than 4 hours, but the agent is unable to provide flight durations as the available tools do not provide departure and arrival times.""}",retrieval_search,communication_only,retrieval_search -> communication_only,True,,False,late,False,,1.0,1
C2_C1,gemma4_31b,airline,44,airline:44,compound,1,1,False,True,True,,1.0,<END>,<END>,<END>,<END>,<END>,<END>,<END> -> <END>,True,,False,late,False,,0.0,0
C2_C1,gemma4_31b,airline,44,airline:44,compound,2,2,False,True,True,16.0,0.9411764705882353,<END>,transfer_to_human_agents,<END>,"{""summary"":""The user wants to cancel all future reservations that include flights longer than 4 hours. I was unable to determine the flight durations using the available tools.""}",<END>,communication_only,<END> -> communication_only,True,,False,late,False,,1.0,1
C2_C1,gemma4_31b,airline,44,airline:44,compound,3,3,False,True,True,,1.0,<END>,<END>,<END>,<END>,<END>,<END>,<END> -> <END>,True,,False,late,False,,0.0,0
C2_C1,gemma4_31b,airline,44,airline:44,compound,4,4,False,True,True,16.0,0.9411764705882353,<END>,transfer_to_human_agents,<END>,"{""summary"":""The user wants to cancel all future reservations that include flights longer than 4 hours. I was unable to determine the flight durations using the available tools.""}",<END>,communication_only,<END> -> communication_only,True,,False,late,False,,1.0,1
C1_C1,gemma4_31b,airline,44,airline:44,compound,0,1,False,True,True,15.0,0.9375,transfer_to_human_agents,get_flight_status,"{""summary"":""The user wants to cancel reservations with flight durations longer than 4 hours, but the agent is unable to provide flight durations as the available tools do not provide departure and arrival times.""}","{""date"":""2024-05-10"",""flight_number"":""HAT271""}",communication_only,retrieval_search,communication_only -> retrieval_search,True,,False,late,False,,1.0,1
C1_C1,gemma4_31b,airline,44,airline:44,compound,0,2,False,True,True,15.0,0.8823529411764706,transfer_to_human_agents,get_flight_status,"{""summary"":""The user wants to cancel reservations with flight durations longer than 4 hours, but the agent is unable to provide flight durations as the available tools do not provide departure and arrival times.""}","{""date"":""2024-05-10"",""flight_number"":""HAT271""}",communication_only,retrieval_search,communication_only -> retrieval_search,True,,False,late,False,,1.0,1
C1_C1,gemma4_31b,airline,44,airline:44,compound,0,3,False,True,True,15.0,0.8823529411764706,transfer_to_human_agents,get_flight_status,"{""summary"":""The user wants to cancel reservations with flight durations longer than 4 hours, but the agent is unable to provide flight durations as the available tools do not provide departure and arrival times.""}","{""date"":""2024-05-10"",""flight_number"":""HAT271""}",communication_only,retrieval_search,communication_only -> retrieval_search,True,,False,late,False,,1.0,1
C1_C1,gemma4_31b,airline,44,airline:44,compound,0,4,False,True,True,15.0,0.8823529411764706,transfer_to_human_agents,get_flight_status,"{""summary"":""The user wants to cancel reservations with flight durations longer than 4 hours, but the agent is unable to provide flight durations as the available tools do not provide departure and arrival times.""}","{""date"":""2024-05-10"",""flight_number"":""HAT271""}",communication_only,retrieval_search,communication_only -> retrieval_search,True,,False,late,False,,1.0,1
C1_C1,gemma4_31b,airline,44,airline:44,compound,1,2,False,True,True,16.0,0.9411764705882353,<END>,transfer_to_human_agents,<END>,"{""summary"":""The user wants to cancel all future reservations that include flights longer than 4 hours. I was unable to determine the flight durations using the available tools.""}",<END>,communication_only,<END> -> communication_only,True,,False,late,False,,1.0,1
C1_C1,gemma4_31b,airline,44,airline:44,compound,1,3,False,True,True,16.0,0.9411764705882353,<END>,transfer_to_human_agents,<END>,"{""summary"":""The user wants to cancel all future reservations that include flights longer than 4 hours. I was unable to determine the flight durations using the available tools.""}",<END>,communication_only,<END> -> communication_only,True,,False,late,False,,1.0,1
C1_C1,gemma4_31b,airline,44,airline:44,compound,1,4,False,True,True,16.0,0.9411764705882353,<END>,transfer_to_human_agents,<END>,"{""summary"":""The user wants to cancel all future reservations that include flights longer than 4 hours. I was unable to determine the flight durations using the available tools.""}",<END>,communication_only,<END> -> communication_only,True,,False,late,False,,1.0,1
C1_C1,gemma4_31b,airline,44,airline:44,compound,2,3,False,True,True,,1.0,<END>,<END>,<END>,<END>,<END>,<END>,<END> -> <END>,True,,False,late,False,,0.0,0
C1_C1,gemma4_31b,airline,44,airline:44,compound,2,4,False,True,True,,1.0,<END>,<END>,<END>,<END>,<END>,<END>,<END> -> <END>,True,,False,late,False,,0.0,0
C1_C1,gemma4_31b,airline,44,airline:44,compound,3,4,False,True,True,,1.0,<END>,<END>,<END>,<END>,<END>,<END>,<END> -> <END>,True,,False,late,False,,0.0,0
C2_C1,gemma4_31b,airline,7,airline:7,compound,0,0,False,True,True,6.0,0.375,calculate,update_reservation_flights,"{""expression"":""(346 + 338) * 2 - 296""}","{""cabin"":""business"",""flights"":[{""date"":""2024-05-20"",""destination"":""ATL"",""flight_number"":""HAT005"",""origin"":""LAS""},{""date"":""2024-05-30"",""destination"":""LAS"",""flight_number"":""HAT178"",""origin"":""ATL""}],""payment_id"":""credit_card_2408938"",""reservation_id"":""XEHM4B""}",communication_only,write_mutation,communication_only -> write_mutation,False,,False,middle,True,0.4375,0.0625,1
C2_C1,gemma4_31b,airline,7,airline:7,compound,1,1,False,True,True,6.0,0.375,calculate,update_reservation_flights,"{""expression"":""(346 + 338) * 2 - 296""}","{""cabin"":""business"",""flights"":[{""date"":""2024-05-20"",""destination"":""ATL"",""flight_number"":""HAT005"",""origin"":""LAS""},{""date"":""2024-05-30"",""destination"":""LAS"",""flight_number"":""HAT178"",""origin"":""ATL""}],""payment_id"":""credit_card_2408938"",""reservation_id"":""XEHM4B""}",communication_only,write_mutation,communication_only -> write_mutation,False,,False,middle,True,0.4375,0.0625,1
C2_C1,gemma4_31b,airline,7,airline:7,compound,2,2,False,True,True,6.0,0.375,calculate,update_reservation_flights,"{""expression"":""(346 + 338) * 2 - 296""}","{""cabin"":""business"",""flights"":[{""date"":""2024-05-20"",""destination"":""ATL"",""flight_number"":""HAT005"",""origin"":""LAS""},{""date"":""2024-05-30"",""destination"":""LAS"",""flight_number"":""HAT178"",""origin"":""ATL""}],""payment_id"":""credit_card_2408938"",""reservation_id"":""XEHM4B""}",communication_only,write_mutation,communication_only -> write_mutation,False,,False,middle,True,0.4375,0.0625,1
C2_C1,gemma4_31b,airline,7,airline:7,compound,3,3,False,True,True,4.0,0.23529411764705882,search_direct_flight,get_flight_status,"{""date"":""2024-05-20"",""destination"":""ATL"",""origin"":""LAS""}","{""date"":""2024-05-20"",""flight_number"":""HAT005""}",retrieval_search,retrieval_search,retrieval_search -> retrieval_search,True,,False,early,True,0.29411764705882354,0.05882352941176472,3
C2_C1,gemma4_31b,airline,7,airline:7,compound,4,4,False,True,True,6.0,0.375,calculate,update_reservation_flights,"{""expression"":""(346 + 338) * 2 - 296""}","{""cabin"":""business"",""flights"":[{""date"":""2024-05-20"",""destination"":""ATL"",""flight_number"":""HAT005"",""origin"":""LAS""},{""date"":""2024-05-30"",""destination"":""LAS"",""flight_number"":""HAT178"",""origin"":""ATL""}],""payment_id"":""credit_card_2408938"",""reservation_id"":""XEHM4B""}",communication_only,write_mutation,communication_only -> write_mutation,False,,False,middle,True,0.4375,0.0625,1
C1_C1,gemma4_31b,airline,7,airline:7,compound,0,1,False,True,True,,1.0,<END>,<END>,<END>,<END>,<END>,<END>,<END> -> <END>,False,,True,late,False,,0.0,0
C1_C1,gemma4_31b,airline,7,airline:7,compound,0,2,False,True,True,,1.0,<END>,<END>,<END>,<END>,<END>,<END>,<END> -> <END>,False,,True,late,False,,0.0,0
C1_C1,gemma4_31b,airline,7,airline:7,compound,0,3,False,True,True,4.0,0.23529411764705882,search_direct_flight,get_flight_status,"{""date"":""2024-05-20"",""destination"":""ATL"",""origin"":""LAS""}","{""date"":""2024-05-20"",""flight_number"":""HAT005""}",retrieval_search,retrieval_search,retrieval_search -> retrieval_search,True,,False,early,True,0.29411764705882354,0.05882352941176472,2
C1_C1,gemma4_31b,airline,7,airline:7,compound,0,4,False,True,True,,1.0,<END>,<END>,<END>,<END>,<END>,<END>,<END> -> <END>,False,,True,late,False,,0.0,0
C1_C1,gemma4_31b,airline,7,airline:7,compound,1,2,False,True,True,,1.0,<END>,<END>,<END>,<END>,<END>,<END>,<END> -> <END>,False,,True,late,False,,0.0,0
C1_C1,gemma4_31b,airline,7,airline:7,compound,1,3,False,True,True,4.0,0.23529411764705882,search_direct_flight,get_flight_status,"{""date"":""2024-05-20"",""destination"":""ATL"",""origin"":""LAS""}","{""date"":""2024-05-20"",""flight_number"":""HAT005""}",retrieval_search,retrieval_search,retrieval_search -> retrieval_search,True,,False,early,True,0.29411764705882354,0.05882352941176472,2
C1_C1,gemma4_31b,airline,7,airline:7,compound,1,4,False,True,True,,1.0,<END>,<END>,<END>,<END>,<END>,<END>,<END> -> <END>,False,,True,late,False,,0.0,0
C1_C1,gemma4_31b,airline,7,airline:7,compound,2,3,False,True,True,4.0,0.23529411764705882,search_direct_flight,get_flight_status,"{""date"":""2024-05-20"",""destination"":""ATL"",""origin"":""LAS""}","{""date"":""2024-05-20"",""flight_number"":""HAT005""}",retrieval_search,retrieval_search,retrieval_search -> retrieval_search,True,,False,early,True,0.29411764705882354,0.05882352941176472,2
C1_C1,gemma4_31b,airline,7,airline:7,compound,2,4,False,True,True,,1.0,<END>,<END>,<END>,<END>,<END>,<END>,<END> -> <END>,False,,True,late,False,,0.0,0
C1_C1,gemma4_31b,airline,7,airline:7,compound,3,4,False,True,True,4.0,0.23529411764705882,get_flight_status,search_direct_flight,"{""date"":""2024-05-20"",""flight_number"":""HAT005""}","{""date"":""2024-05-20"",""destination"":""ATL"",""origin"":""LAS""}",retrieval_search,retrieval_search,retrieval_search -> retrieval_search,True,,False,early,True,0.29411764705882354,0.05882352941176472,2
C2_C1,gemma4_31b,airline,8,airline:8,single,0,0,False,True,True,7.0,0.875,<END>,calculate,<END>,"{""expression"":""174 * 2""}",<END>,communication_only,<END> -> communication_only,True,,False,late,False,,1.0,1
C2_C1,gemma4_31b,airline,8,airline:8,single,1,1,False,True,True,7.0,0.875,<END>,calculate,<END>,"{""expression"":""174 * 2""}",<END>,communication_only,<END> -> communication_only,True,,False,late,False,,1.0,1
C2_C1,gemma4_31b,airline,8,airline:8,single,2,2,False,True,True,7.0,0.875,<END>,calculate,<END>,"{""expression"":""174 * 2""}",<END>,communication_only,<END> -> communication_only,True,,False,late,False,,1.0,1
C2_C1,gemma4_31b,airline,8,airline:8,single,3,3,False,True,True,7.0,0.875,<END>,calculate,<END>,"{""expression"":""174 * 2""}",<END>,communication_only,<END> -> communication_only,True,,False,late,False,,1.0,1
C2_C1,gemma4_31b,airline,8,airline:8,single,4,4,False,True,True,7.0,0.875,<END>,calculate,<END>,"{""expression"":""174 * 2""}",<END>,communication_only,<END> -> communication_only,True,,False,late,False,,1.0,1
C1_C1,gemma4_31b,airline,8,airline:8,single,0,1,False,True,True,,1.0,<END>,<END>,<END>,<END>,<END>,<END>,<END> -> <END>,True,,False,late,False,,0.0,0
C1_C1,gemma4_31b,airline,8,airline:8,single,0,2,False,True,True,,1.0,<END>,<END>,<END>,<END>,<END>,<END>,<END> -> <END>,True,,False,late,False,,0.0,0
C1_C1,gemma4_31b,airline,8,airline:8,single,0,3,False,True,True,,1.0,<END>,<END>,<END>,<END>,<END>,<END>,<END> -> <END>,True,,False,late,False,,0.0,0
C1_C1,gemma4_31b,airline,8,airline:8,single,0,4,False,True,True,,1.0,<END>,<END>,<END>,<END>,<END>,<END>,<END> -> <END>,True,,False,late,False,,0.0,0
C1_C1,gemma4_31b,airline,8,airline:8,single,1,2,False,True,True,,1.0,<END>,<END>,<END>,<END>,<END>,<END>,<END> -> <END>,True,,False,late,False,,0.0,0
C1_C1,gemma4_31b,airline,8,airline:8,single,1,3,False,True,True,,1.0,<END>,<END>,<END>,<END>,<END>,<END>,<END> -> <END>,True,,False,late,False,,0.0,0
C1_C1,gemma4_31b,airline,8,airline:8,single,1,4,False,True,True,,1.0,<END>,<END>,<END>,<END>,<END>,<END>,<END> -> <END>,True,,False,late,False,,0.0,0
C1_C1,gemma4_31b,airline,8,airline:8,single,2,3,False,True,True,,1.0,<END>,<END>,<END>,<END>,<END>,<END>,<END> -> <END>,True,,False,late,False,,0.0,0
C1_C1,gemma4_31b,airline,8,airline:8,single,2,4,False,True,True,,1.0,<END>,<END>,<END>,<END>,<END>,<END>,<END> -> <END>,True,,False,late,False,,0.0,0
C1_C1,gemma4_31b,airline,8,airline:8,single,3,4,False,True,True,,1.0,<END>,<END>,<END>,<END>,<END>,<END>,<END> -> <END>,True,,False,late,False,,0.0,0
C2_C1,gemma4_31b,retail,10,retail:10,read,0,0,True,True,True,,1.0,<END>,<END>,<END>,<END>,<END>,<END>,<END> -> <END>,True,,False,late,False,,0.0,0
C2_C1,gemma4_31b,retail,10,retail:10,read,1,1,True,True,True,,1.0,<END>,<END>,<END>,<END>,<END>,<END>,<END> -> <END>,True,,False,late,False,,0.0,0
C2_C1,gemma4_31b,retail,10,retail:10,read,2,2,True,True,True,,1.0,<END>,<END>,<END>,<END>,<END>,<END>,<END> -> <END>,True,,False,late,False,,0.0,0
C2_C1,gemma4_31b,retail,10,retail:10,read,3,3,True,True,True,,1.0,<END>,<END>,<END>,<END>,<END>,<END>,<END> -> <END>,True,,False,late,False,,0.0,0
C2_C1,gemma4_31b,retail,10,retail:10,read,4,4,True,True,True,,1.0,<END>,<END>,<END>,<END>,<END>,<END>,<END> -> <END>,True,,False,late,False,,0.0,0
C1_C1,gemma4_31b,retail,10,retail:10,read,0,1,True,True,True,,1.0,<END>,<END>,<END>,<END>,<END>,<END>,<END> -> <END>,True,,False,late,False,,0.0,0
C1_C1,gemma4_31b,retail,10,retail:10,read,0,2,True,True,True,,1.0,<END>,<END>,<END>,<END>,<END>,<END>,<END> -> <END>,True,,False,late,False,,0.0,0
C1_C1,gemma4_31b,retail,10,retail:10,read,0,3,True,True,True,,1.0,<END>,<END>,<END>,<END>,<END>,<END>,<END> -> <END>,True,,False,late,False,,0.0,0
C1_C1,gemma4_31b,retail,10,retail:10,read,0,4,True,True,True,,1.0,<END>,<END>,<END>,<END>,<END>,<END>,<END> -> <END>,True,,False,late,False,,0.0,0
C1_C1,gemma4_31b,retail,10,retail:10,read,1,2,True,True,True,,1.0,<END>,<END>,<END>,<END>,<END>,<END>,<END> -> <END>,True,,False,late,False,,0.0,0
C1_C1,gemma4_31b,retail,10,retail:10,read,1,3,True,True,True,,1.0,<END>,<END>,<END>,<END>,<END>,<END>,<END> -> <END>,True,,False,late,False,,0.0,0
C1_C1,gemma4_31b,retail,10,retail:10,read,1,4,True,True,True,,1.0,<END>,<END>,<END>,<END>,<END>,<END>,<END> -> <END>,True,,False,late,False,,0.0,0
C1_C1,gemma4_31b,retail,10,retail:10,read,2,3,True,True,True,,1.0,<END>,<END>,<END>,<END>,<END>,<END>,<END> -> <END>,True,,False,late,False,,0.0,0
C1_C1,gemma4_31b,retail,10,retail:10,read,2,4,True,True,True,,1.0,<END>,<END>,<END>,<END>,<END>,<END>,<END> -> <END>,True,,False,late,False,,0.0,0
C1_C1,gemma4_31b,retail,10,retail:10,read,3,4,True,True,True,,1.0,<END>,<END>,<END>,<END>,<END>,<END>,<END> -> <END>,True,,False,late,False,,0.0,0
C2_C1,gemma4_31b,retail,12,retail:12,read,0,0,True,True,True,,1.0,<END>,<END>,<END>,<END>,<END>,<END>,<END> -> <END>,True,,False,late,False,,0.0,0
C2_C1,gemma4_31b,retail,12,retail:12,read,1,1,True,True,True,,1.0,<END>,<END>,<END>,<END>,<END>,<END>,<END> -> <END>,True,,False,late,False,,0.0,0
C2_C1,gemma4_31b,retail,12,retail:12,read,2,2,True,True,True,,1.0,<END>,<END>,<END>,<END>,<END>,<END>,<END> -> <END>,True,,False,late,False,,0.0,0
C2_C1,gemma4_31b,retail,12,retail:12,read,3,3,True,True,True,,1.0,<END>,<END>,<END>,<END>,<END>,<END>,<END> -> <END>,True,,False,late,False,,0.0,0
C2_C1,gemma4_31b,retail,12,retail:12,read,4,4,True,True,True,,1.0,<END>,<END>,<END>,<END>,<END>,<END>,<END> -> <END>,True,,False,late,False,,0.0,0
C1_C1,gemma4_31b,retail,12,retail:12,read,0,1,True,True,True,,1.0,<END>,<END>,<END>,<END>,<END>,<END>,<END> -> <END>,True,,False,late,False,,0.0,0
C1_C1,gemma4_31b,retail,12,retail:12,read,0,2,True,True,True,,1.0,<END>,<END>,<END>,<END>,<END>,<END>,<END> -> <END>,True,,False,late,False,,0.0,0
C1_C1,gemma4_31b,retail,12,retail:12,read,0,3,True,True,True,,1.0,<END>,<END>,<END>,<END>,<END>,<END>,<END> -> <END>,True,,False,late,False,,0.0,0
C1_C1,gemma4_31b,retail,12,retail:12,read,0,4,True,True,True,,1.0,<END>,<END>,<END>,<END>,<END>,<END>,<END> -> <END>,True,,False,late,False,,0.0,0
C1_C1,gemma4_31b,retail,12,retail:12,read,1,2,True,True,True,,1.0,<END>,<END>,<END>,<END>,<END>,<END>,<END> -> <END>,True,,False,late,False,,0.0,0
C1_C1,gemma4_31b,retail,12,retail:12,read,1,3,True,True,True,,1.0,<END>,<END>,<END>,<END>,<END>,<END>,<END> -> <END>,True,,False,late,False,,0.0,0
C1_C1,gemma4_31b,retail,12,retail:12,read,1,4,True,True,True,,1.0,<END>,<END>,<END>,<END>,<END>,<END>,<END> -> <END>,True,,False,late,False,,0.0,0
C1_C1,gemma4_31b,retail,12,retail:12,read,2,3,True,True,True,,1.0,<END>,<END>,<END>,<END>,<END>,<END>,<END> -> <END>,True,,False,late,False,,0.0,0
C1_C1,gemma4_31b,retail,12,retail:12,read,2,4,True,True,True,,1.0,<END>,<END>,<END>,<END>,<END>,<END>,<END> -> <END>,True,,False,late,False,,0.0,0
C1_C1,gemma4_31b,retail,12,retail:12,read,3,4,True,True,True,,1.0,<END>,<END>,<END>,<END>,<END>,<END>,<END> -> <END>,True,,False,late,False,,0.0,0
C2_C1,gemma4_31b,retail,2,retail:2,single,0,0,False,True,True,,1.0,<END>,<END>,<END>,<END>,<END>,<END>,<END> -> <END>,False,,True,late,False,,0.0,0
C2_C1,gemma4_31b,retail,2,retail:2,single,1,1,False,True,True,0.0,0.0,find_user_id_by_name_zip,list_all_product_types,"{""first_name"":""Yusuf"",""last_name"":""Rossi"",""zip"":""19122""}",{},entity_lookup,retrieval_search,entity_lookup -> retrieval_search,True,,False,early,True,0.1,0.1,2
C2_C1,gemma4_31b,retail,2,retail:2,single,2,2,False,True,False,0.0,0.0,find_user_id_by_name_zip,list_all_product_types,"{""first_name"":""Yusuf"",""last_name"":""Rossi"",""zip"":""19122""}",{},entity_lookup,retrieval_search,entity_lookup -> retrieval_search,True,,False,early,True,0.1,0.1,3
C2_C1,gemma4_31b,retail,2,retail:2,single,3,3,False,True,True,0.0,0.0,find_user_id_by_name_zip,list_all_product_types,"{""first_name"":""Yusuf"",""last_name"":""Rossi"",""zip"":""19122""}",{},entity_lookup,retrieval_search,entity_lookup -> retrieval_search,True,,False,early,True,0.1,0.1,2
C2_C1,gemma4_31b,retail,2,retail:2,single,4,4,False,True,True,0.0,0.0,find_user_id_by_name_zip,list_all_product_types,"{""first_name"":""Yusuf"",""last_name"":""Rossi"",""zip"":""19122""}",{},entity_lookup,retrieval_search,entity_lookup -> retrieval_search,True,,False,early,True,0.1,0.1,2
C1_C1,gemma4_31b,retail,2,retail:2,single,0,1,False,True,True,0.0,0.0,find_user_id_by_name_zip,list_all_product_types,"{""first_name"":""Yusuf"",""last_name"":""Rossi"",""zip"":""19122""}",{},entity_lookup,retrieval_search,entity_lookup -> retrieval_search,True,,False,early,True,0.1,0.1,2
C1_C1,gemma4_31b,retail,2,retail:2,single,0,2,False,True,True,0.0,0.0,find_user_id_by_name_zip,list_all_product_types,"{""first_name"":""Yusuf"",""last_name"":""Rossi"",""zip"":""19122""}",{},entity_lookup,retrieval_search,entity_lookup -> retrieval_search,True,,False,early,True,0.1,0.1,2
C1_C1,gemma4_31b,retail,2,retail:2,single,0,3,False,True,True,0.0,0.0,find_user_id_by_name_zip,list_all_product_types,"{""first_name"":""Yusuf"",""last_name"":""Rossi"",""zip"":""19122""}",{},entity_lookup,retrieval_search,entity_lookup -> retrieval_search,True,,False,early,True,0.1,0.1,2
C1_C1,gemma4_31b,retail,2,retail:2,single,0,4,False,True,True,0.0,0.0,find_user_id_by_name_zip,list_all_product_types,"{""first_name"":""Yusuf"",""last_name"":""Rossi"",""zip"":""19122""}",{},entity_lookup,retrieval_search,entity_lookup -> retrieval_search,True,,False,early,True,0.1,0.1,2
C1_C1,gemma4_31b,retail,2,retail:2,single,1,2,False,True,True,,1.0,<END>,<END>,<END>,<END>,<END>,<END>,<END> -> <END>,False,,True,late,False,,0.0,0
C1_C1,gemma4_31b,retail,2,retail:2,single,1,3,False,True,True,,1.0,<END>,<END>,<END>,<END>,<END>,<END>,<END> -> <END>,False,,True,late,False,,0.0,0
C1_C1,gemma4_31b,retail,2,retail:2,single,1,4,False,True,True,,1.0,<END>,<END>,<END>,<END>,<END>,<END>,<END> -> <END>,False,,True,late,False,,0.0,0
C1_C1,gemma4_31b,retail,2,retail:2,single,2,3,False,True,True,,1.0,<END>,<END>,<END>,<END>,<END>,<END>,<END> -> <END>,False,,True,late,False,,0.0,0
C1_C1,gemma4_31b,retail,2,retail:2,single,2,4,False,True,True,,1.0,<END>,<END>,<END>,<END>,<END>,<END>,<END> -> <END>,False,,True,late,False,,0.0,0
C1_C1,gemma4_31b,retail,2,retail:2,single,3,4,False,True,True,,1.0,<END>,<END>,<END>,<END>,<END>,<END>,<END> -> <END>,False,,True,late,False,,0.0,0
C2_C1,gemma4_31b,retail,20,retail:20,single,0,0,False,True,False,10.0,0.9090909090909091,modify_pending_order_items,<END>,"{""item_ids"":[""2366567022"",""1340995114"",""9791469541"",""1763705424""],""new_item_ids"":[""4579334072"",""1151293680"",""4153505238"",""2882812427""],""order_id"":""#W9911714"",""payment_method_id"":""gift_card_4332117""}",<END>,write_mutation,<END>,write_mutation -> <END>,False,,False,late,False,,1.0,1
C2_C1,gemma4_31b,retail,20,retail:20,single,1,1,False,True,False,3.0,0.2727272727272727,get_order_details,get_product_details,"{""order_id"":""#W9911714""}","{""product_id"":""4794339885""}",entity_lookup,entity_lookup,entity_lookup -> entity_lookup,True,,False,early,True,0.36363636363636365,0.09090909090909094,5
C2_C1,gemma4_31b,retail,20,retail:20,single,2,2,False,True,False,3.0,0.2727272727272727,get_order_details,get_product_details,"{""order_id"":""#W9911714""}","{""product_id"":""4794339885""}",entity_lookup,entity_lookup,entity_lookup -> entity_lookup,True,,False,early,True,0.36363636363636365,0.09090909090909094,5
C2_C1,gemma4_31b,retail,20,retail:20,single,3,3,False,True,False,3.0,0.2727272727272727,get_order_details,get_product_details,"{""order_id"":""#W9911714""}","{""product_id"":""4794339885""}",entity_lookup,entity_lookup,entity_lookup -> entity_lookup,True,,False,early,True,0.36363636363636365,0.09090909090909094,5
C2_C1,gemma4_31b,retail,20,retail:20,single,4,4,False,True,False,3.0,0.2727272727272727,get_order_details,get_product_details,"{""order_id"":""#W9911714""}","{""product_id"":""4794339885""}",entity_lookup,entity_lookup,entity_lookup -> entity_lookup,True,,False,early,True,0.36363636363636365,0.09090909090909094,5
C1_C1,gemma4_31b,retail,20,retail:20,single,0,1,False,True,False,3.0,0.3,get_order_details,get_product_details,"{""order_id"":""#W9911714""}","{""product_id"":""4794339885""}",entity_lookup,entity_lookup,entity_lookup -> entity_lookup,True,,False,early,True,0.4,0.10000000000000003,5
C1_C1,gemma4_31b,retail,20,retail:20,single,0,2,False,True,False,3.0,0.3,get_order_details,get_product_details,"{""order_id"":""#W9911714""}","{""product_id"":""4794339885""}",entity_lookup,entity_lookup,entity_lookup -> entity_lookup,True,,False,early,True,0.4,0.10000000000000003,5
C1_C1,gemma4_31b,retail,20,retail:20,single,0,3,False,True,False,3.0,0.3,get_order_details,get_product_details,"{""order_id"":""#W9911714""}","{""product_id"":""4794339885""}",entity_lookup,entity_lookup,entity_lookup -> entity_lookup,True,,False,early,True,0.4,0.10000000000000003,5
C1_C1,gemma4_31b,retail,20,retail:20,single,0,4,False,True,False,3.0,0.3,get_order_details,get_product_details,"{""order_id"":""#W9911714""}","{""product_id"":""4794339885""}",entity_lookup,entity_lookup,entity_lookup -> entity_lookup,True,,False,early,True,0.4,0.10000000000000003,5
C1_C1,gemma4_31b,retail,20,retail:20,single,1,2,False,True,True,,1.0,<END>,<END>,<END>,<END>,<END>,<END>,<END> -> <END>,False,,True,late,False,,0.0,0
C1_C1,gemma4_31b,retail,20,retail:20,single,1,3,False,True,True,,1.0,<END>,<END>,<END>,<END>,<END>,<END>,<END> -> <END>,False,,True,late,False,,0.0,0
C1_C1,gemma4_31b,retail,20,retail:20,single,1,4,False,True,True,,1.0,<END>,<END>,<END>,<END>,<END>,<END>,<END> -> <END>,False,,True,late,False,,0.0,0
C1_C1,gemma4_31b,retail,20,retail:20,single,2,3,False,True,True,,1.0,<END>,<END>,<END>,<END>,<END>,<END>,<END> -> <END>,False,,True,late,False,,0.0,0
C1_C1,gemma4_31b,retail,20,retail:20,single,2,4,False,True,True,,1.0,<END>,<END>,<END>,<END>,<END>,<END>,<END> -> <END>,False,,True,late,False,,0.0,0
C1_C1,gemma4_31b,retail,20,retail:20,single,3,4,False,True,True,,1.0,<END>,<END>,<END>,<END>,<END>,<END>,<END> -> <END>,False,,True,late,False,,0.0,0
C2_C1,gemma4_31b,retail,21,retail:21,single,0,0,False,True,False,5.0,0.4166666666666667,get_item_details,<END>,"{""item_id"":""9791469541""}",<END>,entity_lookup,<END>,entity_lookup -> <END>,True,,False,middle,False,,1.0,7
C2_C1,gemma4_31b,retail,21,retail:21,single,1,1,False,True,True,5.0,0.5,get_product_details,get_item_details,"{""product_id"":""4107812777""}","{""item_id"":""9791469541""}",recovery_retry,entity_lookup,recovery_retry -> entity_lookup,True,,False,middle,True,0.6,0.09999999999999998,4
C2_C1,gemma4_31b,retail,21,retail:21,single,2,2,False,True,True,6.0,0.75,get_item_details,transfer_to_human_agents,"{""item_id"":""4107812777""}","{""summary"":""User Ethan Garcia wants to exchange shoes but cannot provide the order ID or a valid item/product ID. The only shoe order found (#W9911714) is still pending and cannot be exchanged. User requested transfer to a human agent to locate the correct order.""}",entity_lookup,communication_only,entity_lookup -> communication_only,True,,False,late,False,,1.0,1
C2_C1,gemma4_31b,retail,21,retail:21,single,3,3,False,True,True,7.0,0.7777777777777778,transfer_to_human_agents,get_item_details,"{""summary"":""User Ethan Garcia wants to exchange item ID 4107812777, but the item is not found in any of the orders associated with his authenticated profile (ethan_garcia_1261). The user believes the order was delivered but does not remember his email address to check for other possible accounts.""}","{""item_id"":""1421289881""}",communication_only,entity_lookup,communication_only -> entity_lookup,True,,False,late,False,,1.0,2
C2_C1,gemma4_31b,retail,21,retail:21,single,4,4,False,True,False,5.0,0.5,get_item_details,get_product_details,"{""item_id"":""4107812777""}","{""product_id"":""4107812777""}",entity_lookup,recovery_retry,entity_lookup -> recovery_retry,True,,False,middle,True,0.7,0.19999999999999996,3
C1_C1,gemma4_31b,retail,21,retail:21,single,0,1,False,True,True,5.0,0.5,<END>,get_item_details,<END>,"{""item_id"":""9791469541""}",<END>,entity_lookup,<END> -> entity_lookup,True,,False,middle,False,,1.0,5
C1_C1,gemma4_31b,retail,21,retail:21,single,0,2,False,True,True,5.0,0.7142857142857143,<END>,get_product_details,<END>,"{""product_id"":""4107812777""}",<END>,recovery_retry,<END> -> recovery_retry,True,,False,late,False,,1.0,2
C1_C1,gemma4_31b,retail,21,retail:21,single,0,3,False,True,True,5.0,0.5555555555555556,<END>,get_product_details,<END>,"{""product_id"":""4107812777""}",<END>,recovery_retry,<END> -> recovery_retry,True,,False,middle,False,,1.0,4
C1_C1,gemma4_31b,retail,21,retail:21,single,0,4,False,True,True,5.0,0.5555555555555556,<END>,get_product_details,<END>,"{""product_id"":""4107812777""}",<END>,recovery_retry,<END> -> recovery_retry,True,,False,middle,False,,1.0,4
C1_C1,gemma4_31b,retail,21,retail:21,single,1,2,False,True,True,5.0,0.5,get_item_details,get_product_details,"{""item_id"":""9791469541""}","{""product_id"":""4107812777""}",entity_lookup,recovery_retry,entity_lookup -> recovery_retry,True,,False,middle,False,,1.0,5
C1_C1,gemma4_31b,retail,21,retail:21,single,1,3,False,True,True,5.0,0.5,get_item_details,get_product_details,"{""item_id"":""9791469541""}","{""product_id"":""4107812777""}",entity_lookup,recovery_retry,entity_lookup -> recovery_retry,True,,False,middle,True,0.6,0.09999999999999998,3
C1_C1,gemma4_31b,retail,21,retail:21,single,1,4,False,True,True,5.0,0.5,get_item_details,get_product_details,"{""item_id"":""9791469541""}","{""product_id"":""4107812777""}",entity_lookup,recovery_retry,entity_lookup -> recovery_retry,True,,False,middle,True,0.6,0.09999999999999998,3
C1_C1,gemma4_31b,retail,21,retail:21,single,2,3,False,True,True,6.0,0.6666666666666666,transfer_to_human_agents,get_item_details,"{""summary"":""User Ethan Garcia wants to exchange shoes but cannot provide the order ID or a valid item/product ID. The only shoe order found (#W9911714) is still pending and cannot be exchanged. User requested transfer to a human agent to locate the correct order.""}","{""item_id"":""1656367028""}",communication_only,recovery_retry,communication_only -> recovery_retry,True,,False,late,False,,1.0,3
C1_C1,gemma4_31b,retail,21,retail:21,single,2,4,False,True,True,6.0,0.6666666666666666,transfer_to_human_agents,get_item_details,"{""summary"":""User Ethan Garcia wants to exchange shoes but cannot provide the order ID or a valid item/product ID. The only shoe order found (#W9911714) is still pending and cannot be exchanged. User requested transfer to a human agent to locate the correct order.""}","{""item_id"":""1656367028""}",communication_only,recovery_retry,communication_only -> recovery_retry,True,,False,late,False,,1.0,3
C1_C1,gemma4_31b,retail,21,retail:21,single,3,4,False,True,True,,1.0,<END>,<END>,<END>,<END>,<END>,<END>,<END> -> <END>,True,,False,late,False,,0.0,0
C2_C1,gemma4_31b,retail,23,retail:23,compound,0,0,True,True,True,,1.0,<END>,<END>,<END>,<END>,<END>,<END>,<END> -> <END>,False,,True,late,False,,0.0,0
C2_C1,gemma4_31b,retail,23,retail:23,compound,1,1,True,True,True,,1.0,<END>,<END>,<END>,<END>,<END>,<END>,<END> -> <END>,False,,True,late,False,,0.0,0
C2_C1,gemma4_31b,retail,23,retail:23,compound,2,2,True,True,True,,1.0,<END>,<END>,<END>,<END>,<END>,<END>,<END> -> <END>,False,,True,late,False,,0.0,0
C2_C1,gemma4_31b,retail,23,retail:23,compound,3,3,True,True,True,,1.0,<END>,<END>,<END>,<END>,<END>,<END>,<END> -> <END>,False,,True,late,False,,0.0,0
C2_C1,gemma4_31b,retail,23,retail:23,compound,4,4,True,True,True,,1.0,<END>,<END>,<END>,<END>,<END>,<END>,<END> -> <END>,False,,True,late,False,,0.0,0
C1_C1,gemma4_31b,retail,23,retail:23,compound,0,1,True,True,True,,1.0,<END>,<END>,<END>,<END>,<END>,<END>,<END> -> <END>,False,,True,late,False,,0.0,0
C1_C1,gemma4_31b,retail,23,retail:23,compound,0,2,True,True,True,,1.0,<END>,<END>,<END>,<END>,<END>,<END>,<END> -> <END>,False,,True,late,False,,0.0,0
C1_C1,gemma4_31b,retail,23,retail:23,compound,0,3,True,True,True,,1.0,<END>,<END>,<END>,<END>,<END>,<END>,<END> -> <END>,False,,True,late,False,,0.0,0
C1_C1,gemma4_31b,retail,23,retail:23,compound,0,4,True,True,True,,1.0,<END>,<END>,<END>,<END>,<END>,<END>,<END> -> <END>,False,,True,late,False,,0.0,0
C1_C1,gemma4_31b,retail,23,retail:23,compound,1,2,True,True,True,,1.0,<END>,<END>,<END>,<END>,<END>,<END>,<END> -> <END>,False,,True,late,False,,0.0,0
C1_C1,gemma4_31b,retail,23,retail:23,compound,1,3,True,True,True,,1.0,<END>,<END>,<END>,<END>,<END>,<END>,<END> -> <END>,False,,True,late,False,,0.0,0
C1_C1,gemma4_31b,retail,23,retail:23,compound,1,4,True,True,True,,1.0,<END>,<END>,<END>,<END>,<END>,<END>,<END> -> <END>,False,,True,late,False,,0.0,0
C1_C1,gemma4_31b,retail,23,retail:23,compound,2,3,True,True,True,,1.0,<END>,<END>,<END>,<END>,<END>,<END>,<END> -> <END>,False,,True,late,False,,0.0,0
C1_C1,gemma4_31b,retail,23,retail:23,compound,2,4,True,True,True,,1.0,<END>,<END>,<END>,<END>,<END>,<END>,<END> -> <END>,False,,True,late,False,,0.0,0
C1_C1,gemma4_31b,retail,23,retail:23,compound,3,4,True,True,True,,1.0,<END>,<END>,<END>,<END>,<END>,<END>,<END> -> <END>,False,,True,late,False,,0.0,0
C2_C1,gemma4_31b,retail,25,retail:25,read,0,0,True,True,True,6.0,0.8571428571428571,<END>,transfer_to_human_agents,<END>,"{""summary"":""User Isabella Johansson wants to return an Electric Kettle and Mechanical Keyboard from order #W5565470. However, she is requesting the refund be sent to an Amex credit card, which is not the original payment method (PayPal) and is not on her profile. Since our policy only allows refunds to the original payment method or a gift card, the user has requested a human agent.""}",<END>,communication_only,<END> -> communication_only,True,,False,late,False,,1.0,1
C2_C1,gemma4_31b,retail,25,retail:25,read,1,1,True,True,True,,1.0,<END>,<END>,<END>,<END>,<END>,<END>,<END> -> <END>,True,,False,late,False,,0.0,0
C2_C1,gemma4_31b,retail,25,retail:25,read,2,2,True,True,True,,1.0,<END>,<END>,<END>,<END>,<END>,<END>,<END> -> <END>,True,,False,late,False,,0.0,0
C2_C1,gemma4_31b,retail,25,retail:25,read,3,3,True,True,True,6.0,0.8571428571428571,<END>,transfer_to_human_agents,<END>,"{""summary"":""User Isabella Johansson wants to return an Electric Kettle and Mechanical Keyboard from order #W5565470. However, she is requesting the refund be sent to an Amex credit card, which is not the original payment method (PayPal) nor is it on her profile. Since our policy only allows refunds to the original payment method or a gift card, the user has requested a human agent to resolve this.""}",<END>,communication_only,<END> -> communication_only,True,,False,late,False,,1.0,1
C2_C1,gemma4_31b,retail,25,retail:25,read,4,4,True,True,True,6.0,0.8571428571428571,<END>,transfer_to_human_agents,<END>,"{""summary"":""User Isabella Johansson wants to return an Electric Kettle and Mechanical Keyboard from order #W5565470. She is requesting the refund be sent to an Amex credit card, which is not the original payment method (PayPal) and is not on her profile. Since this is against policy, she has requested a human agent.""}",<END>,communication_only,<END> -> communication_only,True,,False,late,False,,1.0,1
C1_C1,gemma4_31b,retail,25,retail:25,read,0,1,True,True,True,6.0,0.8571428571428571,transfer_to_human_agents,<END>,"{""summary"":""User Isabella Johansson wants to return an Electric Kettle and Mechanical Keyboard from order #W5565470. However, she is requesting the refund be sent to an Amex credit card, which is not the original payment method (PayPal) and is not on her profile. Since our policy only allows refunds to the original payment method or a gift card, the user has requested a human agent.""}",<END>,communication_only,<END>,communication_only -> <END>,True,,False,late,False,,1.0,1
C1_C1,gemma4_31b,retail,25,retail:25,read,0,2,True,True,True,6.0,0.8571428571428571,transfer_to_human_agents,<END>,"{""summary"":""User Isabella Johansson wants to return an Electric Kettle and Mechanical Keyboard from order #W5565470. However, she is requesting the refund be sent to an Amex credit card, which is not the original payment method (PayPal) and is not on her profile. Since our policy only allows refunds to the original payment method or a gift card, the user has requested a human agent.""}",<END>,communication_only,<END>,communication_only -> <END>,True,,False,late,False,,1.0,1
C1_C1,gemma4_31b,retail,25,retail:25,read,0,3,True,True,True,,1.0,<END>,<END>,<END>,<END>,<END>,<END>,<END> -> <END>,True,,False,late,False,,0.0,0
C1_C1,gemma4_31b,retail,25,retail:25,read,0,4,True,True,True,,1.0,<END>,<END>,<END>,<END>,<END>,<END>,<END> -> <END>,True,,False,late,False,,0.0,0
C1_C1,gemma4_31b,retail,25,retail:25,read,1,2,True,True,True,,1.0,<END>,<END>,<END>,<END>,<END>,<END>,<END> -> <END>,True,,False,late,False,,0.0,0
C1_C1,gemma4_31b,retail,25,retail:25,read,1,3,True,True,True,6.0,0.8571428571428571,<END>,transfer_to_human_agents,<END>,"{""summary"":""User Isabella Johansson wants to return an Electric Kettle and Mechanical Keyboard from order #W5565470. However, she is requesting the refund be sent to an Amex credit card, which is not the original payment method (PayPal) nor is it on her profile. Since our policy only allows refunds to the original payment method or a gift card, the user has requested a human agent to resolve this.""}",<END>,communication_only,<END> -> communication_only,True,,False,late,False,,1.0,1
C1_C1,gemma4_31b,retail,25,retail:25,read,1,4,True,True,True,6.0,0.8571428571428571,<END>,transfer_to_human_agents,<END>,"{""summary"":""User Isabella Johansson wants to return an Electric Kettle and Mechanical Keyboard from order #W5565470. She is requesting the refund be sent to an Amex credit card, which is not the original payment method (PayPal) and is not on her profile. Since this is against policy, she has requested a human agent.""}",<END>,communication_only,<END> -> communication_only,True,,False,late,False,,1.0,1
C1_C1,gemma4_31b,retail,25,retail:25,read,2,3,True,True,True,6.0,0.8571428571428571,<END>,transfer_to_human_agents,<END>,"{""summary"":""User Isabella Johansson wants to return an Electric Kettle and Mechanical Keyboard from order #W5565470. However, she is requesting the refund be sent to an Amex credit card, which is not the original payment method (PayPal) nor is it on her profile. Since our policy only allows refunds to the original payment method or a gift card, the user has requested a human agent to resolve this.""}",<END>,communication_only,<END> -> communication_only,True,,False,late,False,,1.0,1
C1_C1,gemma4_31b,retail,25,retail:25,read,2,4,True,True,True,6.0,0.8571428571428571,<END>,transfer_to_human_agents,<END>,"{""summary"":""User Isabella Johansson wants to return an Electric Kettle and Mechanical Keyboard from order #W5565470. She is requesting the refund be sent to an Amex credit card, which is not the original payment method (PayPal) and is not on her profile. Since this is against policy, she has requested a human agent.""}",<END>,communication_only,<END> -> communication_only,True,,False,late,False,,1.0,1
C1_C1,gemma4_31b,retail,25,retail:25,read,3,4,True,True,True,,1.0,<END>,<END>,<END>,<END>,<END>,<END>,<END> -> <END>,True,,False,late,False,,0.0,0
C2_C1,gemma4_31b,retail,26,retail:26,single,0,0,False,True,True,3.0,0.5,get_order_details,<END>,"{""order_id"":""#W7181492""}",<END>,entity_lookup,<END>,entity_lookup -> <END>,True,,False,middle,False,,1.0,3
C2_C1,gemma4_31b,retail,26,retail:26,single,1,1,False,True,True,3.0,0.5,get_order_details,<END>,"{""order_id"":""#W7181492""}",<END>,entity_lookup,<END>,entity_lookup -> <END>,True,,False,middle,False,,1.0,3
C2_C1,gemma4_31b,retail,26,retail:26,single,2,2,False,True,True,3.0,0.5,get_order_details,<END>,"{""order_id"":""#W7181492""}",<END>,entity_lookup,<END>,entity_lookup -> <END>,True,,False,middle,False,,1.0,3
C2_C1,gemma4_31b,retail,26,retail:26,single,3,3,False,True,True,3.0,0.5,get_order_details,<END>,"{""order_id"":""#W7181492""}",<END>,entity_lookup,<END>,entity_lookup -> <END>,True,,False,middle,False,,1.0,3
C2_C1,gemma4_31b,retail,26,retail:26,single,4,4,False,True,True,3.0,0.5,get_order_details,<END>,"{""order_id"":""#W7181492""}",<END>,entity_lookup,<END>,entity_lookup -> <END>,True,,False,middle,False,,1.0,3
C1_C1,gemma4_31b,retail,26,retail:26,single,0,1,False,True,True,,1.0,<END>,<END>,<END>,<END>,<END>,<END>,<END> -> <END>,True,,False,late,False,,0.0,0
C1_C1,gemma4_31b,retail,26,retail:26,single,0,2,False,True,True,,1.0,<END>,<END>,<END>,<END>,<END>,<END>,<END> -> <END>,True,,False,late,False,,0.0,0
C1_C1,gemma4_31b,retail,26,retail:26,single,0,3,False,True,True,,1.0,<END>,<END>,<END>,<END>,<END>,<END>,<END> -> <END>,True,,False,late,False,,0.0,0
C1_C1,gemma4_31b,retail,26,retail:26,single,0,4,False,True,True,,1.0,<END>,<END>,<END>,<END>,<END>,<END>,<END> -> <END>,True,,False,late,False,,0.0,0
C1_C1,gemma4_31b,retail,26,retail:26,single,1,2,False,True,True,,1.0,<END>,<END>,<END>,<END>,<END>,<END>,<END> -> <END>,True,,False,late,False,,0.0,0
C1_C1,gemma4_31b,retail,26,retail:26,single,1,3,False,True,True,,1.0,<END>,<END>,<END>,<END>,<END>,<END>,<END> -> <END>,True,,False,late,False,,0.0,0
C1_C1,gemma4_31b,retail,26,retail:26,single,1,4,False,True,True,,1.0,<END>,<END>,<END>,<END>,<END>,<END>,<END> -> <END>,True,,False,late,False,,0.0,0
C1_C1,gemma4_31b,retail,26,retail:26,single,2,3,False,True,True,,1.0,<END>,<END>,<END>,<END>,<END>,<END>,<END> -> <END>,True,,False,late,False,,0.0,0
C1_C1,gemma4_31b,retail,26,retail:26,single,2,4,False,True,True,,1.0,<END>,<END>,<END>,<END>,<END>,<END>,<END> -> <END>,True,,False,late,False,,0.0,0
C1_C1,gemma4_31b,retail,26,retail:26,single,3,4,False,True,True,,1.0,<END>,<END>,<END>,<END>,<END>,<END>,<END> -> <END>,True,,False,late,False,,0.0,0
C2_C1,gemma4_31b,retail,3,retail:3,single,0,0,False,True,True,,1.0,<END>,<END>,<END>,<END>,<END>,<END>,<END> -> <END>,False,,True,late,False,,0.0,0
C2_C1,gemma4_31b,retail,3,retail:3,single,1,1,False,True,False,9.0,0.9,modify_pending_order_items,<END>,"{""item_ids"":[""8349118980""],""new_item_ids"":[""9647292434""],""order_id"":""#W4776164"",""payment_method_id"":""credit_card_9513926""}",<END>,write_mutation,<END>,write_mutation -> <END>,False,,False,late,False,,1.0,1
C2_C1,gemma4_31b,retail,3,retail:3,single,2,2,False,True,False,9.0,0.9,modify_pending_order_items,<END>,"{""item_ids"":[""8349118980""],""new_item_ids"":[""9647292434""],""order_id"":""#W4776164"",""payment_method_id"":""credit_card_9513926""}",<END>,write_mutation,<END>,write_mutation -> <END>,False,,False,late,False,,1.0,1
C2_C1,gemma4_31b,retail,3,retail:3,single,3,3,False,True,False,9.0,0.9,modify_pending_order_items,<END>,"{""item_ids"":[""8349118980""],""new_item_ids"":[""9647292434""],""order_id"":""#W4776164"",""payment_method_id"":""credit_card_9513926""}",<END>,write_mutation,<END>,write_mutation -> <END>,False,,False,late,False,,1.0,1
C2_C1,gemma4_31b,retail,3,retail:3,single,4,4,False,True,False,9.0,0.9,modify_pending_order_items,<END>,"{""item_ids"":[""8349118980""],""new_item_ids"":[""9647292434""],""order_id"":""#W4776164"",""payment_method_id"":""credit_card_9513926""}",<END>,write_mutation,<END>,write_mutation -> <END>,False,,False,late,False,,1.0,1
C1_C1,gemma4_31b,retail,3,retail:3,single,0,1,False,True,False,9.0,0.9,modify_pending_order_items,<END>,"{""item_ids"":[""8349118980""],""new_item_ids"":[""9647292434""],""order_id"":""#W4776164"",""payment_method_id"":""credit_card_9513926""}",<END>,write_mutation,<END>,write_mutation -> <END>,False,,False,late,False,,1.0,1
C1_C1,gemma4_31b,retail,3,retail:3,single,0,2,False,True,False,9.0,0.9,modify_pending_order_items,<END>,"{""item_ids"":[""8349118980""],""new_item_ids"":[""9647292434""],""order_id"":""#W4776164"",""payment_method_id"":""credit_card_9513926""}",<END>,write_mutation,<END>,write_mutation -> <END>,False,,False,late,False,,1.0,1
C1_C1,gemma4_31b,retail,3,retail:3,single,0,3,False,True,False,9.0,0.9,modify_pending_order_items,<END>,"{""item_ids"":[""8349118980""],""new_item_ids"":[""9647292434""],""order_id"":""#W4776164"",""payment_method_id"":""credit_card_9513926""}",<END>,write_mutation,<END>,write_mutation -> <END>,False,,False,late,False,,1.0,1
C1_C1,gemma4_31b,retail,3,retail:3,single,0,4,False,True,False,9.0,0.9,modify_pending_order_items,<END>,"{""item_ids"":[""8349118980""],""new_item_ids"":[""9647292434""],""order_id"":""#W4776164"",""payment_method_id"":""credit_card_9513926""}",<END>,write_mutation,<END>,write_mutation -> <END>,False,,False,late,False,,1.0,1
C1_C1,gemma4_31b,retail,3,retail:3,single,1,2,False,True,True,,1.0,<END>,<END>,<END>,<END>,<END>,<END>,<END> -> <END>,True,,False,late,False,,0.0,0
C1_C1,gemma4_31b,retail,3,retail:3,single,1,3,False,True,True,,1.0,<END>,<END>,<END>,<END>,<END>,<END>,<END> -> <END>,True,,False,late,False,,0.0,0
C1_C1,gemma4_31b,retail,3,retail:3,single,1,4,False,True,True,,1.0,<END>,<END>,<END>,<END>,<END>,<END>,<END> -> <END>,True,,False,late,False,,0.0,0
C1_C1,gemma4_31b,retail,3,retail:3,single,2,3,False,True,True,,1.0,<END>,<END>,<END>,<END>,<END>,<END>,<END> -> <END>,True,,False,late,False,,0.0,0
C1_C1,gemma4_31b,retail,3,retail:3,single,2,4,False,True,True,,1.0,<END>,<END>,<END>,<END>,<END>,<END>,<END> -> <END>,True,,False,late,False,,0.0,0
C1_C1,gemma4_31b,retail,3,retail:3,single,3,4,False,True,True,,1.0,<END>,<END>,<END>,<END>,<END>,<END>,<END> -> <END>,True,,False,late,False,,0.0,0
C2_C1,gemma4_31b,retail,30,retail:30,compound,0,0,False,False,False,7.0,0.5,get_item_details,get_product_details,"{""item_id"":""3788616824""}","{""product_id"":""8024098596""}",entity_lookup,entity_lookup,entity_lookup -> entity_lookup,True,,False,middle,True,0.5714285714285714,0.0714285714285714,2
C2_C1,gemma4_31b,retail,30,retail:30,compound,1,1,False,True,False,10.0,0.7142857142857143,get_order_details,get_user_details,"{""order_id"":""#W9373487""}","{""user_id"":""olivia_lopez_3865""}",recovery_retry,recovery_retry,recovery_retry -> recovery_retry,False,,True,late,True,0.7857142857142857,0.0714285714285714,3
C2_C1,gemma4_31b,retail,30,retail:30,compound,2,2,False,True,False,10.0,0.7142857142857143,get_order_details,get_user_details,"{""order_id"":""#W9373487""}","{""user_id"":""olivia_lopez_3865""}",recovery_retry,recovery_retry,recovery_retry -> recovery_retry,False,,True,late,True,0.7857142857142857,0.0714285714285714,3
C2_C1,gemma4_31b,retail,30,retail:30,compound,3,3,False,True,False,10.0,0.7142857142857143,get_order_details,get_user_details,"{""order_id"":""#W9373487""}","{""user_id"":""olivia_lopez_3865""}",recovery_retry,recovery_retry,recovery_retry -> recovery_retry,False,,True,late,True,0.7857142857142857,0.0714285714285714,3
C2_C1,gemma4_31b,retail,30,retail:30,compound,4,4,False,True,False,10.0,0.7142857142857143,get_order_details,get_user_details,"{""order_id"":""#W9373487""}","{""user_id"":""olivia_lopez_3865""}",recovery_retry,recovery_retry,recovery_retry -> recovery_retry,False,,True,late,True,0.7857142857142857,0.0714285714285714,3
C1_C1,gemma4_31b,retail,30,retail:30,compound,0,1,False,False,False,7.0,0.5,get_product_details,get_item_details,"{""product_id"":""8024098596""}","{""item_id"":""3788616824""}",entity_lookup,entity_lookup,entity_lookup -> entity_lookup,True,,False,middle,True,0.5714285714285714,0.0714285714285714,4
C1_C1,gemma4_31b,retail,30,retail:30,compound,0,2,False,False,False,7.0,0.5,get_product_details,get_item_details,"{""product_id"":""8024098596""}","{""item_id"":""3788616824""}",entity_lookup,entity_lookup,entity_lookup -> entity_lookup,True,,False,middle,True,0.5714285714285714,0.0714285714285714,4
C1_C1,gemma4_31b,retail,30,retail:30,compound,0,3,False,False,False,7.0,0.5,get_product_details,get_item_details,"{""product_id"":""8024098596""}","{""item_id"":""3788616824""}",entity_lookup,entity_lookup,entity_lookup -> entity_lookup,True,,False,middle,True,0.5714285714285714,0.0714285714285714,4
C1_C1,gemma4_31b,retail,30,retail:30,compound,0,4,False,False,False,7.0,0.5,get_product_details,get_item_details,"{""product_id"":""8024098596""}","{""item_id"":""3788616824""}",entity_lookup,entity_lookup,entity_lookup -> entity_lookup,True,,False,middle,True,0.5714285714285714,0.0714285714285714,4
C1_C1,gemma4_31b,retail,30,retail:30,compound,1,2,False,True,True,,1.0,<END>,<END>,<END>,<END>,<END>,<END>,<END> -> <END>,False,,True,late,False,,0.0,0
C1_C1,gemma4_31b,retail,30,retail:30,compound,1,3,False,True,True,,1.0,<END>,<END>,<END>,<END>,<END>,<END>,<END> -> <END>,False,,True,late,False,,0.0,0
C1_C1,gemma4_31b,retail,30,retail:30,compound,1,4,False,True,True,,1.0,<END>,<END>,<END>,<END>,<END>,<END>,<END> -> <END>,False,,True,late,False,,0.0,0
C1_C1,gemma4_31b,retail,30,retail:30,compound,2,3,False,True,True,,1.0,<END>,<END>,<END>,<END>,<END>,<END>,<END> -> <END>,False,,True,late,False,,0.0,0
C1_C1,gemma4_31b,retail,30,retail:30,compound,2,4,False,True,True,,1.0,<END>,<END>,<END>,<END>,<END>,<END>,<END> -> <END>,False,,True,late,False,,0.0,0
C1_C1,gemma4_31b,retail,30,retail:30,compound,3,4,False,True,True,,1.0,<END>,<END>,<END>,<END>,<END>,<END>,<END> -> <END>,False,,True,late,False,,0.0,0
C2_C1,gemma4_31b,retail,31,retail:31,compound,0,0,False,True,True,7.0,0.875,get_order_details,transfer_to_human_agents,"{""order_id"":""#W2692684""}","{""summary"":""User Olivia Lopez (olivia_lopez_3865) lost a delivered tablet from order #W2692684 and is requesting a refund or a way to reorder it.""}",recovery_retry,communication_only,recovery_retry -> communication_only,True,,False,late,False,,1.0,1
C2_C1,gemma4_31b,retail,31,retail:31,compound,1,1,False,True,False,7.0,0.7777777777777778,return_delivered_order_items,transfer_to_human_agents,"{""item_ids"":[""3788616824""],""order_id"":""#W2692684"",""payment_method_id"":""gift_card_7711863""}","{""summary"":""The user, Olivia Lopez, lost a tablet from order #W2692684 and is requesting a refund or a way to reorder it. Since the item is lost and cannot be returned, this falls outside the standard return policy.""}",write_mutation,communication_only,write_mutation -> communication_only,False,,False,late,False,,1.0,2
C2_C1,gemma4_31b,retail,31,retail:31,compound,2,2,False,True,False,7.0,0.7777777777777778,return_delivered_order_items,transfer_to_human_agents,"{""item_ids"":[""3788616824""],""order_id"":""#W2692684"",""payment_method_id"":""gift_card_7711863""}","{""summary"":""The user, Olivia Lopez, lost a tablet from order #W2692684 and is requesting a refund or a way to reorder it. Since the item is lost and cannot be returned, this falls outside the standard return policy.""}",write_mutation,communication_only,write_mutation -> communication_only,False,,False,late,False,,1.0,2
C2_C1,gemma4_31b,retail,31,retail:31,compound,3,3,False,True,False,7.0,0.7777777777777778,return_delivered_order_items,transfer_to_human_agents,"{""item_ids"":[""3788616824""],""order_id"":""#W2692684"",""payment_method_id"":""gift_card_7711863""}","{""summary"":""User Olivia Lopez (olivia_lopez_3865) lost a delivered tablet from order #W2692684 and is requesting a refund or a way to reorder it.""}",write_mutation,communication_only,write_mutation -> communication_only,False,,False,late,False,,1.0,2
C2_C1,gemma4_31b,retail,31,retail:31,compound,4,4,False,True,False,7.0,0.7777777777777778,return_delivered_order_items,transfer_to_human_agents,"{""item_ids"":[""3788616824""],""order_id"":""#W2692684"",""payment_method_id"":""gift_card_7711863""}","{""summary"":""User Olivia Lopez (olivia_lopez_3865) lost a delivered tablet from order #W2692684 and is requesting a refund or a way to reorder it.""}",write_mutation,communication_only,write_mutation -> communication_only,False,,False,late,False,,1.0,2
C1_C1,gemma4_31b,retail,31,retail:31,compound,0,1,False,True,True,,1.0,<END>,<END>,<END>,<END>,<END>,<END>,<END> -> <END>,True,,False,late,False,,0.0,0
C1_C1,gemma4_31b,retail,31,retail:31,compound,0,2,False,True,True,,1.0,<END>,<END>,<END>,<END>,<END>,<END>,<END> -> <END>,True,,False,late,False,,0.0,0
C1_C1,gemma4_31b,retail,31,retail:31,compound,0,3,False,True,True,,1.0,<END>,<END>,<END>,<END>,<END>,<END>,<END> -> <END>,True,,False,late,False,,0.0,0
C1_C1,gemma4_31b,retail,31,retail:31,compound,0,4,False,True,True,,1.0,<END>,<END>,<END>,<END>,<END>,<END>,<END> -> <END>,True,,False,late,False,,0.0,0
C1_C1,gemma4_31b,retail,31,retail:31,compound,1,2,False,True,True,,1.0,<END>,<END>,<END>,<END>,<END>,<END>,<END> -> <END>,True,,False,late,False,,0.0,0
C1_C1,gemma4_31b,retail,31,retail:31,compound,1,3,False,True,True,,1.0,<END>,<END>,<END>,<END>,<END>,<END>,<END> -> <END>,True,,False,late,False,,0.0,0
C1_C1,gemma4_31b,retail,31,retail:31,compound,1,4,False,True,True,,1.0,<END>,<END>,<END>,<END>,<END>,<END>,<END> -> <END>,True,,False,late,False,,0.0,0
C1_C1,gemma4_31b,retail,31,retail:31,compound,2,3,False,True,True,,1.0,<END>,<END>,<END>,<END>,<END>,<END>,<END> -> <END>,True,,False,late,False,,0.0,0
C1_C1,gemma4_31b,retail,31,retail:31,compound,2,4,False,True,True,,1.0,<END>,<END>,<END>,<END>,<END>,<END>,<END> -> <END>,True,,False,late,False,,0.0,0
C1_C1,gemma4_31b,retail,31,retail:31,compound,3,4,False,True,True,,1.0,<END>,<END>,<END>,<END>,<END>,<END>,<END> -> <END>,True,,False,late,False,,0.0,0
C2_C1,gemma4_31b,retail,32,retail:32,compound,0,0,False,True,False,7.0,0.4375,get_order_details,transfer_to_human_agents,"{""order_id"":""#W2692684""}","{""summary"":""User Olivia Lopez (olivia_lopez_3865) lost a delivered tablet from order #W2692684 and is requesting a refund or a way to reorder it.""}",recovery_retry,communication_only,recovery_retry -> communication_only,True,,False,middle,False,,1.0,9
C2_C1,gemma4_31b,retail,32,retail:32,compound,1,1,False,True,False,7.0,0.4375,get_order_details,transfer_to_human_agents,"{""order_id"":""#W2692684""}","{""summary"":""User Olivia Lopez (olivia_lopez_3865) lost a delivered tablet from order #W2692684 and is requesting a refund or a way to reorder it.""}",recovery_retry,communication_only,recovery_retry -> communication_only,True,,False,middle,False,,1.0,9
C2_C1,gemma4_31b,retail,32,retail:32,compound,2,2,False,True,False,7.0,0.4375,get_order_details,transfer_to_human_agents,"{""order_id"":""#W2692684""}","{""summary"":""User Olivia Lopez (olivia_lopez_3865) lost a delivered tablet from order #W2692684 and is requesting a refund or a way to reorder it.""}",recovery_retry,communication_only,recovery_retry -> communication_only,True,,False,middle,False,,1.0,9
C2_C1,gemma4_31b,retail,32,retail:32,compound,3,3,False,True,False,7.0,0.4375,get_order_details,transfer_to_human_agents,"{""order_id"":""#W2692684""}","{""summary"":""User Olivia Lopez (olivia_lopez_3865) lost a delivered tablet from order #W2692684 and is requesting a refund or a way to reorder it.""}",recovery_retry,communication_only,recovery_retry -> communication_only,True,,False,middle,False,,1.0,9
C2_C1,gemma4_31b,retail,32,retail:32,compound,4,4,False,True,False,7.0,0.4375,get_order_details,transfer_to_human_agents,"{""order_id"":""#W2692684""}","{""summary"":""User Olivia Lopez (olivia_lopez_3865) lost a delivered tablet from order #W2692684 and is requesting a refund or a way to reorder it.""}",recovery_retry,communication_only,recovery_retry -> communication_only,True,,False,middle,False,,1.0,9
C1_C1,gemma4_31b,retail,32,retail:32,compound,0,1,False,True,True,,1.0,<END>,<END>,<END>,<END>,<END>,<END>,<END> -> <END>,True,,False,late,False,,0.0,0
C1_C1,gemma4_31b,retail,32,retail:32,compound,0,2,False,True,True,,1.0,<END>,<END>,<END>,<END>,<END>,<END>,<END> -> <END>,True,,False,late,False,,0.0,0
C1_C1,gemma4_31b,retail,32,retail:32,compound,0,3,False,True,True,,1.0,<END>,<END>,<END>,<END>,<END>,<END>,<END> -> <END>,True,,False,late,False,,0.0,0
C1_C1,gemma4_31b,retail,32,retail:32,compound,0,4,False,True,True,,1.0,<END>,<END>,<END>,<END>,<END>,<END>,<END> -> <END>,True,,False,late,False,,0.0,0
C1_C1,gemma4_31b,retail,32,retail:32,compound,1,2,False,True,True,,1.0,<END>,<END>,<END>,<END>,<END>,<END>,<END> -> <END>,True,,False,late,False,,0.0,0
C1_C1,gemma4_31b,retail,32,retail:32,compound,1,3,False,True,True,,1.0,<END>,<END>,<END>,<END>,<END>,<END>,<END> -> <END>,True,,False,late,False,,0.0,0
C1_C1,gemma4_31b,retail,32,retail:32,compound,1,4,False,True,True,,1.0,<END>,<END>,<END>,<END>,<END>,<END>,<END> -> <END>,True,,False,late,False,,0.0,0
C1_C1,gemma4_31b,retail,32,retail:32,compound,2,3,False,True,True,,1.0,<END>,<END>,<END>,<END>,<END>,<END>,<END> -> <END>,True,,False,late,False,,0.0,0
C1_C1,gemma4_31b,retail,32,retail:32,compound,2,4,False,True,True,,1.0,<END>,<END>,<END>,<END>,<END>,<END>,<END> -> <END>,True,,False,late,False,,0.0,0
C1_C1,gemma4_31b,retail,32,retail:32,compound,3,4,False,True,True,,1.0,<END>,<END>,<END>,<END>,<END>,<END>,<END> -> <END>,True,,False,late,False,,0.0,0
C2_C1,gemma4_31b,retail,49,retail:49,single,0,0,False,True,True,,1.0,<END>,<END>,<END>,<END>,<END>,<END>,<END> -> <END>,True,,False,late,False,,0.0,0
C2_C1,gemma4_31b,retail,49,retail:49,single,1,1,False,True,True,,1.0,<END>,<END>,<END>,<END>,<END>,<END>,<END> -> <END>,True,,False,late,False,,0.0,0
C2_C1,gemma4_31b,retail,49,retail:49,single,2,2,False,True,True,,1.0,<END>,<END>,<END>,<END>,<END>,<END>,<END> -> <END>,True,,False,late,False,,0.0,0
C2_C1,gemma4_31b,retail,49,retail:49,single,3,3,False,True,True,,1.0,<END>,<END>,<END>,<END>,<END>,<END>,<END> -> <END>,True,,False,late,False,,0.0,0
C2_C1,gemma4_31b,retail,49,retail:49,single,4,4,False,True,True,,1.0,<END>,<END>,<END>,<END>,<END>,<END>,<END> -> <END>,True,,False,late,False,,0.0,0
C1_C1,gemma4_31b,retail,49,retail:49,single,0,1,False,True,True,,1.0,<END>,<END>,<END>,<END>,<END>,<END>,<END> -> <END>,True,,False,late,False,,0.0,0
C1_C1,gemma4_31b,retail,49,retail:49,single,0,2,False,True,True,,1.0,<END>,<END>,<END>,<END>,<END>,<END>,<END> -> <END>,True,,False,late,False,,0.0,0
C1_C1,gemma4_31b,retail,49,retail:49,single,0,3,False,True,True,,1.0,<END>,<END>,<END>,<END>,<END>,<END>,<END> -> <END>,True,,False,late,False,,0.0,0
C1_C1,gemma4_31b,retail,49,retail:49,single,0,4,False,True,True,,1.0,<END>,<END>,<END>,<END>,<END>,<END>,<END> -> <END>,True,,False,late,False,,0.0,0
C1_C1,gemma4_31b,retail,49,retail:49,single,1,2,False,True,True,,1.0,<END>,<END>,<END>,<END>,<END>,<END>,<END> -> <END>,True,,False,late,False,,0.0,0
C1_C1,gemma4_31b,retail,49,retail:49,single,1,3,False,True,True,,1.0,<END>,<END>,<END>,<END>,<END>,<END>,<END> -> <END>,True,,False,late,False,,0.0,0
C1_C1,gemma4_31b,retail,49,retail:49,single,1,4,False,True,True,,1.0,<END>,<END>,<END>,<END>,<END>,<END>,<END> -> <END>,True,,False,late,False,,0.0,0
C1_C1,gemma4_31b,retail,49,retail:49,single,2,3,False,True,True,,1.0,<END>,<END>,<END>,<END>,<END>,<END>,<END> -> <END>,True,,False,late,False,,0.0,0
C1_C1,gemma4_31b,retail,49,retail:49,single,2,4,False,True,True,,1.0,<END>,<END>,<END>,<END>,<END>,<END>,<END> -> <END>,True,,False,late,False,,0.0,0
C1_C1,gemma4_31b,retail,49,retail:49,single,3,4,False,True,True,,1.0,<END>,<END>,<END>,<END>,<END>,<END>,<END> -> <END>,True,,False,late,False,,0.0,0
C2_C1,gemma4_31b,retail,54,retail:54,compound,0,0,False,True,True,11.0,0.8461538461538461,get_order_details,get_product_details,"{""order_id"":""#W4738292""}","{""product_id"":""7363354090""}",recovery_retry,post_write_verification,recovery_retry -> post_write_verification,False,,True,late,False,,1.0,1
C2_C1,gemma4_31b,retail,54,retail:54,compound,1,1,False,True,True,11.0,0.8461538461538461,get_order_details,get_product_details,"{""order_id"":""#W7773202""}","{""product_id"":""7363354090""}",recovery_retry,post_write_verification,recovery_retry -> post_write_verification,False,,True,late,False,,1.0,1
C2_C1,gemma4_31b,retail,54,retail:54,compound,2,2,False,True,False,,1.0,<END>,<END>,<END>,<END>,<END>,<END>,<END> -> <END>,False,,True,late,False,,0.0,0
C2_C1,gemma4_31b,retail,54,retail:54,compound,3,3,False,True,True,11.0,0.8461538461538461,get_order_details,get_product_details,"{""order_id"":""#W4738292""}","{""product_id"":""7363354090""}",recovery_retry,post_write_verification,recovery_retry -> post_write_verification,False,,True,late,False,,1.0,1
C2_C1,gemma4_31b,retail,54,retail:54,compound,4,4,False,True,True,11.0,0.8461538461538461,get_order_details,get_product_details,"{""order_id"":""#W4738292""}","{""product_id"":""7363354090""}",recovery_retry,post_write_verification,recovery_retry -> post_write_verification,False,,True,late,False,,1.0,1
C1_C1,gemma4_31b,retail,54,retail:54,compound,0,1,False,True,True,,1.0,<END>,<END>,<END>,<END>,<END>,<END>,<END> -> <END>,False,,True,late,False,,0.0,0
C1_C1,gemma4_31b,retail,54,retail:54,compound,0,2,False,True,True,11.0,0.7857142857142857,get_product_details,get_user_details,"{""product_id"":""7363354090""}","{""user_id"":""amelia_silva_7726""}",post_write_verification,recovery_retry,post_write_verification -> recovery_retry,False,,True,late,False,,1.0,2
C1_C1,gemma4_31b,retail,54,retail:54,compound,0,3,False,True,True,,1.0,<END>,<END>,<END>,<END>,<END>,<END>,<END> -> <END>,False,,True,late,False,,0.0,0
C1_C1,gemma4_31b,retail,54,retail:54,compound,0,4,False,True,True,,1.0,<END>,<END>,<END>,<END>,<END>,<END>,<END> -> <END>,False,,True,late,False,,0.0,0
C1_C1,gemma4_31b,retail,54,retail:54,compound,1,2,False,True,True,11.0,0.7857142857142857,get_product_details,get_user_details,"{""product_id"":""7363354090""}","{""user_id"":""amelia_silva_7726""}",post_write_verification,recovery_retry,post_write_verification -> recovery_retry,False,,True,late,False,,1.0,2
C1_C1,gemma4_31b,retail,54,retail:54,compound,1,3,False,True,True,,1.0,<END>,<END>,<END>,<END>,<END>,<END>,<END> -> <END>,False,,True,late,False,,0.0,0
C1_C1,gemma4_31b,retail,54,retail:54,compound,1,4,False,True,True,,1.0,<END>,<END>,<END>,<END>,<END>,<END>,<END> -> <END>,False,,True,late,False,,0.0,0
C1_C1,gemma4_31b,retail,54,retail:54,compound,2,3,False,True,True,11.0,0.7857142857142857,get_user_details,get_product_details,"{""user_id"":""amelia_silva_7726""}","{""product_id"":""7363354090""}",recovery_retry,post_write_verification,recovery_retry -> post_write_verification,False,,True,late,False,,1.0,2
C1_C1,gemma4_31b,retail,54,retail:54,compound,2,4,False,True,True,11.0,0.7857142857142857,get_user_details,get_product_details,"{""user_id"":""amelia_silva_7726""}","{""product_id"":""7363354090""}",recovery_retry,post_write_verification,recovery_retry -> post_write_verification,False,,True,late,False,,1.0,2
C1_C1,gemma4_31b,retail,54,retail:54,compound,3,4,False,True,True,,1.0,<END>,<END>,<END>,<END>,<END>,<END>,<END> -> <END>,False,,True,late,False,,0.0,0
C2_C1,gemma4_31b,retail,55,retail:55,compound,0,0,False,False,False,9.0,0.6923076923076923,<END>,cancel_pending_order,<END>,"{""order_id"":""#W4836353"",""reason"":""no longer needed""}",<END>,write_mutation,<END> -> write_mutation,False,,False,late,False,,1.0,4
C2_C1,gemma4_31b,retail,55,retail:55,compound,1,1,False,True,True,,1.0,<END>,<END>,<END>,<END>,<END>,<END>,<END> -> <END>,True,,False,late,False,,0.0,0
C2_C1,gemma4_31b,retail,55,retail:55,compound,2,2,False,True,True,,1.0,<END>,<END>,<END>,<END>,<END>,<END>,<END> -> <END>,True,,False,late,False,,0.0,0
C2_C1,gemma4_31b,retail,55,retail:55,compound,3,3,False,True,True,,1.0,<END>,<END>,<END>,<END>,<END>,<END>,<END> -> <END>,True,,False,late,False,,0.0,0
C2_C1,gemma4_31b,retail,55,retail:55,compound,4,4,False,True,True,,1.0,<END>,<END>,<END>,<END>,<END>,<END>,<END> -> <END>,True,,False,late,False,,0.0,0
C1_C1,gemma4_31b,retail,55,retail:55,compound,0,1,False,False,False,9.0,0.6923076923076923,cancel_pending_order,<END>,"{""order_id"":""#W4836353"",""reason"":""no longer needed""}",<END>,write_mutation,<END>,write_mutation -> <END>,False,,False,late,False,,1.0,4
C1_C1,gemma4_31b,retail,55,retail:55,compound,0,2,False,False,False,9.0,0.6923076923076923,cancel_pending_order,<END>,"{""order_id"":""#W4836353"",""reason"":""no longer needed""}",<END>,write_mutation,<END>,write_mutation -> <END>,False,,False,late,False,,1.0,4
C1_C1,gemma4_31b,retail,55,retail:55,compound,0,3,False,False,False,9.0,0.6923076923076923,cancel_pending_order,<END>,"{""order_id"":""#W4836353"",""reason"":""no longer needed""}",<END>,write_mutation,<END>,write_mutation -> <END>,False,,False,late,False,,1.0,4
C1_C1,gemma4_31b,retail,55,retail:55,compound,0,4,False,False,False,9.0,0.6923076923076923,cancel_pending_order,<END>,"{""order_id"":""#W4836353"",""reason"":""no longer needed""}",<END>,write_mutation,<END>,write_mutation -> <END>,False,,False,late,False,,1.0,4
C1_C1,gemma4_31b,retail,55,retail:55,compound,1,2,False,True,True,,1.0,<END>,<END>,<END>,<END>,<END>,<END>,<END> -> <END>,True,,False,late,False,,0.0,0
C1_C1,gemma4_31b,retail,55,retail:55,compound,1,3,False,True,True,,1.0,<END>,<END>,<END>,<END>,<END>,<END>,<END> -> <END>,True,,False,late,False,,0.0,0
C1_C1,gemma4_31b,retail,55,retail:55,compound,1,4,False,True,True,,1.0,<END>,<END>,<END>,<END>,<END>,<END>,<END> -> <END>,True,,False,late,False,,0.0,0
C1_C1,gemma4_31b,retail,55,retail:55,compound,2,3,False,True,True,,1.0,<END>,<END>,<END>,<END>,<END>,<END>,<END> -> <END>,True,,False,late,False,,0.0,0
C1_C1,gemma4_31b,retail,55,retail:55,compound,2,4,False,True,True,,1.0,<END>,<END>,<END>,<END>,<END>,<END>,<END> -> <END>,True,,False,late,False,,0.0,0
C1_C1,gemma4_31b,retail,55,retail:55,compound,3,4,False,True,True,,1.0,<END>,<END>,<END>,<END>,<END>,<END>,<END> -> <END>,True,,False,late,False,,0.0,0
C2_C1,gemma4_31b,retail,62,retail:62,read,0,0,True,True,True,4.0,0.5714285714285714,list_all_product_types,get_order_details,{},"{""order_id"":""#W3973757""}",retrieval_search,entity_lookup,retrieval_search -> entity_lookup,True,,False,middle,True,0.7142857142857143,0.1428571428571429,2
C2_C1,gemma4_31b,retail,62,retail:62,read,1,1,True,True,True,4.0,0.5,list_all_product_types,get_order_details,{},"{""order_id"":""#W3973757""}",retrieval_search,entity_lookup,retrieval_search -> entity_lookup,True,,False,middle,True,0.625,0.125,1
C2_C1,gemma4_31b,retail,62,retail:62,read,2,2,True,True,True,4.0,0.5714285714285714,list_all_product_types,get_order_details,{},"{""order_id"":""#W3973757""}",retrieval_search,entity_lookup,retrieval_search -> entity_lookup,True,,False,middle,True,0.7142857142857143,0.1428571428571429,2
C2_C1,gemma4_31b,retail,62,retail:62,read,3,3,True,True,True,4.0,0.5,list_all_product_types,get_order_details,{},"{""order_id"":""#W3973757""}",retrieval_search,entity_lookup,retrieval_search -> entity_lookup,True,,False,middle,True,0.625,0.125,1
C2_C1,gemma4_31b,retail,62,retail:62,read,4,4,True,True,True,4.0,0.5714285714285714,list_all_product_types,get_order_details,{},"{""order_id"":""#W3973757""}",retrieval_search,entity_lookup,retrieval_search -> entity_lookup,True,,False,middle,True,0.7142857142857143,0.1428571428571429,2
C1_C1,gemma4_31b,retail,62,retail:62,read,0,1,True,True,True,7.0,0.875,<END>,get_order_details,<END>,"{""order_id"":""#W5061109""}",<END>,recovery_retry,<END> -> recovery_retry,True,,False,late,False,,1.0,1
C1_C1,gemma4_31b,retail,62,retail:62,read,0,2,True,True,True,,1.0,<END>,<END>,<END>,<END>,<END>,<END>,<END> -> <END>,True,,False,late,False,,0.0,0
C1_C1,gemma4_31b,retail,62,retail:62,read,0,3,True,True,True,7.0,0.875,<END>,get_order_details,<END>,"{""order_id"":""#W5061109""}",<END>,recovery_retry,<END> -> recovery_retry,True,,False,late,False,,1.0,1
C1_C1,gemma4_31b,retail,62,retail:62,read,0,4,True,True,True,,1.0,<END>,<END>,<END>,<END>,<END>,<END>,<END> -> <END>,True,,False,late,False,,0.0,0
C1_C1,gemma4_31b,retail,62,retail:62,read,1,2,True,True,True,7.0,0.875,get_order_details,<END>,"{""order_id"":""#W5061109""}",<END>,recovery_retry,<END>,recovery_retry -> <END>,True,,False,late,False,,1.0,1
C1_C1,gemma4_31b,retail,62,retail:62,read,1,3,True,True,True,,1.0,<END>,<END>,<END>,<END>,<END>,<END>,<END> -> <END>,True,,False,late,False,,0.0,0
C1_C1,gemma4_31b,retail,62,retail:62,read,1,4,True,True,True,7.0,0.875,get_order_details,<END>,"{""order_id"":""#W5061109""}",<END>,recovery_retry,<END>,recovery_retry -> <END>,True,,False,late,False,,1.0,1
C1_C1,gemma4_31b,retail,62,retail:62,read,2,3,True,True,True,7.0,0.875,<END>,get_order_details,<END>,"{""order_id"":""#W5061109""}",<END>,recovery_retry,<END> -> recovery_retry,True,,False,late,False,,1.0,1
C1_C1,gemma4_31b,retail,62,retail:62,read,2,4,True,True,True,,1.0,<END>,<END>,<END>,<END>,<END>,<END>,<END> -> <END>,True,,False,late,False,,0.0,0
C1_C1,gemma4_31b,retail,62,retail:62,read,3,4,True,True,True,7.0,0.875,get_order_details,<END>,"{""order_id"":""#W5061109""}",<END>,recovery_retry,<END>,recovery_retry -> <END>,True,,False,late,False,,1.0,1
C2_C1,gemma4_31b,retail,67,retail:67,read,0,0,False,True,True,3.0,0.75,<END>,transfer_to_human_agents,<END>,"{""summary"":""User NoNo Ito is unable to be authenticated via name and zip code (98187) and does not remember their email address. They need help checking the payment amount of their most recent order.""}",<END>,communication_only,<END> -> communication_only,True,,False,late,False,,1.0,1
C2_C1,gemma4_31b,retail,67,retail:67,read,1,1,False,True,True,,1.0,<END>,<END>,<END>,<END>,<END>,<END>,<END> -> <END>,True,,False,late,False,,0.0,0
C2_C1,gemma4_31b,retail,67,retail:67,read,2,2,False,True,True,3.0,0.75,<END>,transfer_to_human_agents,<END>,"{""summary"":""User NoNo Ito is unable to be authenticated via name and zip code (98187) and does not remember their email address. They need help locating their account to check the payment of their most recent order.""}",<END>,communication_only,<END> -> communication_only,True,,False,late,False,,1.0,1
C2_C1,gemma4_31b,retail,67,retail:67,read,3,3,False,True,True,3.0,0.75,<END>,transfer_to_human_agents,<END>,"{""summary"":""User NoNo Ito is unable to be authenticated via name and zip code (98187) and does not remember their email address. They need help locating their account to check the payment of their most recent order.""}",<END>,communication_only,<END> -> communication_only,True,,False,late,False,,1.0,1
C2_C1,gemma4_31b,retail,67,retail:67,read,4,4,False,True,True,3.0,0.75,<END>,transfer_to_human_agents,<END>,"{""summary"":""User NoNo Ito is unable to be authenticated via name and zip code (98187) and does not remember their email address. They need help locating their account to check the payment of their most recent order.""}",<END>,communication_only,<END> -> communication_only,True,,False,late,False,,1.0,1
C1_C1,gemma4_31b,retail,67,retail:67,read,0,1,False,True,True,,1.0,<END>,<END>,<END>,<END>,<END>,<END>,<END> -> <END>,True,,False,late,False,,0.0,0
C1_C1,gemma4_31b,retail,67,retail:67,read,0,2,False,True,True,,1.0,<END>,<END>,<END>,<END>,<END>,<END>,<END> -> <END>,True,,False,late,False,,0.0,0
C1_C1,gemma4_31b,retail,67,retail:67,read,0,3,False,True,True,,1.0,<END>,<END>,<END>,<END>,<END>,<END>,<END> -> <END>,True,,False,late,False,,0.0,0
C1_C1,gemma4_31b,retail,67,retail:67,read,0,4,False,True,True,,1.0,<END>,<END>,<END>,<END>,<END>,<END>,<END> -> <END>,True,,False,late,False,,0.0,0
C1_C1,gemma4_31b,retail,67,retail:67,read,1,2,False,True,True,,1.0,<END>,<END>,<END>,<END>,<END>,<END>,<END> -> <END>,True,,False,late,False,,0.0,0
C1_C1,gemma4_31b,retail,67,retail:67,read,1,3,False,True,True,,1.0,<END>,<END>,<END>,<END>,<END>,<END>,<END> -> <END>,True,,False,late,False,,0.0,0
C1_C1,gemma4_31b,retail,67,retail:67,read,1,4,False,True,True,,1.0,<END>,<END>,<END>,<END>,<END>,<END>,<END> -> <END>,True,,False,late,False,,0.0,0
C1_C1,gemma4_31b,retail,67,retail:67,read,2,3,False,True,True,,1.0,<END>,<END>,<END>,<END>,<END>,<END>,<END> -> <END>,True,,False,late,False,,0.0,0
C1_C1,gemma4_31b,retail,67,retail:67,read,2,4,False,True,True,,1.0,<END>,<END>,<END>,<END>,<END>,<END>,<END> -> <END>,True,,False,late,False,,0.0,0
C1_C1,gemma4_31b,retail,67,retail:67,read,3,4,False,True,True,,1.0,<END>,<END>,<END>,<END>,<END>,<END>,<END> -> <END>,True,,False,late,False,,0.0,0
C2_C1,gemma4_31b,retail,68,retail:68,read,0,0,True,True,True,,1.0,<END>,<END>,<END>,<END>,<END>,<END>,<END> -> <END>,True,,False,late,False,,0.0,0
C2_C1,gemma4_31b,retail,68,retail:68,read,1,1,True,True,True,,1.0,<END>,<END>,<END>,<END>,<END>,<END>,<END> -> <END>,True,,False,late,False,,0.0,0
C2_C1,gemma4_31b,retail,68,retail:68,read,2,2,True,True,True,,1.0,<END>,<END>,<END>,<END>,<END>,<END>,<END> -> <END>,True,,False,late,False,,0.0,0
C2_C1,gemma4_31b,retail,68,retail:68,read,3,3,True,True,True,,1.0,<END>,<END>,<END>,<END>,<END>,<END>,<END> -> <END>,True,,False,late,False,,0.0,0
C2_C1,gemma4_31b,retail,68,retail:68,read,4,4,True,True,True,,1.0,<END>,<END>,<END>,<END>,<END>,<END>,<END> -> <END>,True,,False,late,False,,0.0,0
C1_C1,gemma4_31b,retail,68,retail:68,read,0,1,True,True,True,,1.0,<END>,<END>,<END>,<END>,<END>,<END>,<END> -> <END>,True,,False,late,False,,0.0,0
C1_C1,gemma4_31b,retail,68,retail:68,read,0,2,True,True,True,,1.0,<END>,<END>,<END>,<END>,<END>,<END>,<END> -> <END>,True,,False,late,False,,0.0,0
C1_C1,gemma4_31b,retail,68,retail:68,read,0,3,True,True,True,,1.0,<END>,<END>,<END>,<END>,<END>,<END>,<END> -> <END>,True,,False,late,False,,0.0,0
C1_C1,gemma4_31b,retail,68,retail:68,read,0,4,True,True,True,,1.0,<END>,<END>,<END>,<END>,<END>,<END>,<END> -> <END>,True,,False,late,False,,0.0,0
C1_C1,gemma4_31b,retail,68,retail:68,read,1,2,True,True,True,,1.0,<END>,<END>,<END>,<END>,<END>,<END>,<END> -> <END>,True,,False,late,False,,0.0,0
C1_C1,gemma4_31b,retail,68,retail:68,read,1,3,True,True,True,,1.0,<END>,<END>,<END>,<END>,<END>,<END>,<END> -> <END>,True,,False,late,False,,0.0,0
C1_C1,gemma4_31b,retail,68,retail:68,read,1,4,True,True,True,,1.0,<END>,<END>,<END>,<END>,<END>,<END>,<END> -> <END>,True,,False,late,False,,0.0,0
C1_C1,gemma4_31b,retail,68,retail:68,read,2,3,True,True,True,,1.0,<END>,<END>,<END>,<END>,<END>,<END>,<END> -> <END>,True,,False,late,False,,0.0,0
C1_C1,gemma4_31b,retail,68,retail:68,read,2,4,True,True,True,,1.0,<END>,<END>,<END>,<END>,<END>,<END>,<END> -> <END>,True,,False,late,False,,0.0,0
C1_C1,gemma4_31b,retail,68,retail:68,read,3,4,True,True,True,,1.0,<END>,<END>,<END>,<END>,<END>,<END>,<END> -> <END>,True,,False,late,False,,0.0,0
C2_C1,gpt_oss_120b,airline,12,airline:12,single,0,0,False,True,False,1.0,0.25,get_flight_status,search_direct_flight,"{""date"":""2024-05-18"",""flight_number"":""HAT235""}","{""date"":""2024-05-18"",""destination"":""MCO"",""origin"":""BOS""}",retrieval_search,retrieval_search,retrieval_search -> retrieval_search,True,,False,early,True,0.75,0.5,2
C2_C1,gpt_oss_120b,airline,12,airline:12,single,1,1,False,True,False,1.0,0.16666666666666666,get_user_details,search_direct_flight,"{""user_id"":""chen_lee_6825""}","{""date"":""2024-05-18"",""destination"":""MCO"",""origin"":""BOS""}",entity_lookup,retrieval_search,entity_lookup -> retrieval_search,True,,False,early,True,0.3333333333333333,0.16666666666666666,4
C2_C1,gpt_oss_120b,airline,12,airline:12,single,2,2,False,True,False,2.0,0.4,search_direct_flight,get_flight_status,"{""date"":""2024-05-19"",""destination"":""MSP"",""origin"":""MCO""}","{""date"":""2024-05-18"",""flight_number"":""HAT235""}",retrieval_search,retrieval_search,retrieval_search -> retrieval_search,True,,False,middle,False,,1.0,2
C2_C1,gpt_oss_120b,airline,12,airline:12,single,3,3,False,True,False,2.0,0.3333333333333333,search_direct_flight,get_flight_status,"{""date"":""2024-05-19"",""destination"":""MSP"",""origin"":""MCO""}","{""date"":""2024-05-18"",""flight_number"":""HAT235""}",retrieval_search,retrieval_search,retrieval_search -> retrieval_search,True,,False,middle,False,,1.0,3
C2_C1,gpt_oss_120b,airline,12,airline:12,single,4,4,False,True,False,2.0,0.4,search_direct_flight,get_flight_status,"{""date"":""2024-05-19"",""destination"":""MSP"",""origin"":""MCO""}","{""date"":""2024-05-18"",""flight_number"":""HAT235""}",retrieval_search,retrieval_search,retrieval_search -> retrieval_search,True,,False,middle,False,,1.0,2
C1_C1,gpt_oss_120b,airline,12,airline:12,single,0,1,False,True,False,2.0,0.3333333333333333,search_direct_flight,get_flight_status,"{""date"":""2024-05-19"",""destination"":""MSP"",""origin"":""MCO""}","{""date"":""2024-05-18"",""flight_number"":""HAT235""}",retrieval_search,retrieval_search,retrieval_search -> retrieval_search,True,,False,middle,False,,1.0,3
C1_C1,gpt_oss_120b,airline,12,airline:12,single,0,2,False,True,False,2.0,0.4,search_direct_flight,get_flight_status,"{""date"":""2024-05-19"",""destination"":""MSP"",""origin"":""MCO""}","{""date"":""2024-05-18"",""flight_number"":""HAT235""}",retrieval_search,retrieval_search,retrieval_search -> retrieval_search,True,,False,middle,False,,1.0,2
C1_C1,gpt_oss_120b,airline,12,airline:12,single,0,3,False,True,False,2.0,0.3333333333333333,search_direct_flight,get_flight_status,"{""date"":""2024-05-19"",""destination"":""MSP"",""origin"":""MCO""}","{""date"":""2024-05-18"",""flight_number"":""HAT235""}",retrieval_search,retrieval_search,retrieval_search -> retrieval_search,True,,False,middle,False,,1.0,3
C1_C1,gpt_oss_120b,airline,12,airline:12,single,0,4,False,True,False,2.0,0.4,search_direct_flight,get_flight_status,"{""date"":""2024-05-19"",""destination"":""MSP"",""origin"":""MCO""}","{""date"":""2024-05-18"",""flight_number"":""HAT235""}",retrieval_search,retrieval_search,retrieval_search -> retrieval_search,True,,False,middle,False,,1.0,2
C1_C1,gpt_oss_120b,airline,12,airline:12,single,1,2,False,True,False,5.0,0.8333333333333334,update_reservation_baggages,<END>,"{""nonfree_baggages"":0,""payment_id"":""credit_card_4938634"",""reservation_id"":""YAX4DR"",""total_baggages"":2}",<END>,write_mutation,<END>,write_mutation -> <END>,False,,True,late,False,,1.0,1
C1_C1,gpt_oss_120b,airline,12,airline:12,single,1,3,False,True,True,,1.0,<END>,<END>,<END>,<END>,<END>,<END>,<END> -> <END>,False,,True,late,False,,0.0,0
C1_C1,gpt_oss_120b,airline,12,airline:12,single,1,4,False,True,False,5.0,0.8333333333333334,update_reservation_baggages,<END>,"{""nonfree_baggages"":0,""payment_id"":""credit_card_4938634"",""reservation_id"":""YAX4DR"",""total_baggages"":2}",<END>,write_mutation,<END>,write_mutation -> <END>,False,,True,late,False,,1.0,1
C1_C1,gpt_oss_120b,airline,12,airline:12,single,2,3,False,True,False,5.0,0.8333333333333334,<END>,update_reservation_baggages,<END>,"{""nonfree_baggages"":0,""payment_id"":""credit_card_4938634"",""reservation_id"":""YAX4DR"",""total_baggages"":2}",<END>,write_mutation,<END> -> write_mutation,False,,True,late,False,,1.0,1
C1_C1,gpt_oss_120b,airline,12,airline:12,single,2,4,False,True,True,,1.0,<END>,<END>,<END>,<END>,<END>,<END>,<END> -> <END>,False,,True,late,False,,0.0,0
C1_C1,gpt_oss_120b,airline,12,airline:12,single,3,4,False,True,False,5.0,0.8333333333333334,update_reservation_baggages,<END>,"{""nonfree_baggages"":0,""payment_id"":""credit_card_4938634"",""reservation_id"":""YAX4DR"",""total_baggages"":2}",<END>,write_mutation,<END>,write_mutation -> <END>,False,,True,late,False,,1.0,1
C2_C1,gpt_oss_120b,airline,17,airline:17,compound,0,0,False,True,False,0.0,0.0,get_user_details,get_reservation_details,"{""user_id"":""omar_rossi_1241""}","{""reservation_id"":""7X92K""}",entity_lookup,recovery_retry,entity_lookup -> recovery_retry,True,,False,early,True,0.2,0.2,2
C2_C1,gpt_oss_120b,airline,17,airline:17,compound,1,1,False,True,True,4.0,0.5714285714285714,search_direct_flight,update_reservation_flights,"{""date"":""2024-05-25"",""destination"":""IAH"",""origin"":""EWR""}","{""cabin"":""economy"",""flights"":[{""date"":""2024-05-25"",""destination"":""IAH"",""flight_number"":""HAT056"",""origin"":""EWR"",""price"":71},{""date"":""2024-05-25"",""destination"":""ORD"",""flight_number"":""HAT138"",""origin"":""IAH"",""price"":60}],""payment_id"":""gift_card_8190333"",""reservation_id"":""FQ8APE""}",retrieval_search,write_mutation,retrieval_search -> write_mutation,False,,False,middle,False,,1.0,2
C2_C1,gpt_oss_120b,airline,17,airline:17,compound,2,2,False,True,True,2.0,0.5,get_reservation_details,<END>,"{""reservation_id"":""5RJ7UH""}",<END>,entity_lookup,<END>,entity_lookup -> <END>,True,,False,middle,False,,1.0,2
C2_C1,gpt_oss_120b,airline,17,airline:17,compound,3,3,False,True,True,2.0,0.5,get_reservation_details,<END>,"{""reservation_id"":""5RJ7UH""}",<END>,entity_lookup,<END>,entity_lookup -> <END>,True,,False,middle,False,,1.0,2
C2_C1,gpt_oss_120b,airline,17,airline:17,compound,4,4,False,True,True,2.0,0.5,get_reservation_details,<END>,"{""reservation_id"":""5RJ7UH""}",<END>,entity_lookup,<END>,entity_lookup -> <END>,True,,False,middle,False,,1.0,2
C1_C1,gpt_oss_120b,airline,17,airline:17,compound,0,1,False,True,False,0.0,0.0,get_reservation_details,get_user_details,"{""reservation_id"":""7X92K""}","{""user_id"":""omar_rossi_1241""}",recovery_retry,entity_lookup,recovery_retry -> entity_lookup,True,,False,early,True,0.2,0.2,3
C1_C1,gpt_oss_120b,airline,17,airline:17,compound,0,2,False,True,False,0.0,0.0,get_reservation_details,get_user_details,"{""reservation_id"":""7X92K""}","{""user_id"":""omar_rossi_1241""}",recovery_retry,entity_lookup,recovery_retry -> entity_lookup,True,,False,early,True,0.2,0.2,3
C1_C1,gpt_oss_120b,airline,17,airline:17,compound,0,3,False,True,False,0.0,0.0,get_reservation_details,get_user_details,"{""reservation_id"":""7X92K""}","{""user_id"":""omar_rossi_1241""}",recovery_retry,entity_lookup,recovery_retry -> entity_lookup,True,,False,early,True,0.2,0.2,3
C1_C1,gpt_oss_120b,airline,17,airline:17,compound,0,4,False,True,False,0.0,0.0,get_reservation_details,get_user_details,"{""reservation_id"":""7X92K""}","{""user_id"":""omar_rossi_1241""}",recovery_retry,entity_lookup,recovery_retry -> entity_lookup,True,,False,early,True,0.2,0.2,3
C1_C1,gpt_oss_120b,airline,17,airline:17,compound,1,2,False,True,False,2.0,0.4,get_reservation_details,<END>,"{""reservation_id"":""5RJ7UH""}",<END>,entity_lookup,<END>,entity_lookup -> <END>,True,,False,middle,False,,1.0,3
C1_C1,gpt_oss_120b,airline,17,airline:17,compound,1,3,False,True,False,2.0,0.4,get_reservation_details,<END>,"{""reservation_id"":""5RJ7UH""}",<END>,entity_lookup,<END>,entity_lookup -> <END>,True,,False,middle,False,,1.0,3
C1_C1,gpt_oss_120b,airline,17,airline:17,compound,1,4,False,True,False,2.0,0.4,get_reservation_details,<END>,"{""reservation_id"":""5RJ7UH""}",<END>,entity_lookup,<END>,entity_lookup -> <END>,True,,False,middle,False,,1.0,3
C1_C1,gpt_oss_120b,airline,17,airline:17,compound,2,3,False,True,True,,1.0,<END>,<END>,<END>,<END>,<END>,<END>,<END> -> <END>,True,,False,late,False,,0.0,0
C1_C1,gpt_oss_120b,airline,17,airline:17,compound,2,4,False,True,True,,1.0,<END>,<END>,<END>,<END>,<END>,<END>,<END> -> <END>,True,,False,late,False,,0.0,0
C1_C1,gpt_oss_120b,airline,17,airline:17,compound,3,4,False,True,True,,1.0,<END>,<END>,<END>,<END>,<END>,<END>,<END> -> <END>,True,,False,late,False,,0.0,0
C2_C1,gpt_oss_120b,airline,18,airline:18,compound,0,0,False,True,False,2.0,0.10526315789473684,search_direct_flight,get_flight_status,"{""date"":""2024-05-21"",""destination"":""BOS"",""origin"":""MCO""}","{""date"":""2024-05-21"",""flight_number"":""HAT028""}",retrieval_search,retrieval_search,retrieval_search -> retrieval_search,True,,False,early,True,0.21052631578947367,0.10526315789473684,12
C2_C1,gpt_oss_120b,airline,18,airline:18,compound,1,1,False,True,False,3.0,0.1875,search_direct_flight,get_reservation_details,"{""date"":""2024-05-21"",""destination"":""CLT"",""origin"":""BOS""}","{""reservation_id"":""LQ940Q""}",retrieval_search,entity_lookup,retrieval_search -> entity_lookup,True,,False,early,True,0.25,0.0625,5
C2_C1,gpt_oss_120b,airline,18,airline:18,compound,2,2,False,True,False,2.0,0.08695652173913043,search_direct_flight,get_reservation_details,"{""date"":""2024-05-21"",""destination"":""BOS"",""origin"":""MCO""}","{""reservation_id"":""LQ940Q""}",retrieval_search,entity_lookup,retrieval_search -> entity_lookup,True,,False,early,True,0.13043478260869565,0.043478260869565216,9
C2_C1,gpt_oss_120b,airline,18,airline:18,compound,3,3,False,True,False,2.0,0.16666666666666666,search_direct_flight,get_reservation_details,"{""date"":""2024-05-21"",""destination"":""BOS"",""origin"":""MCO""}","{""reservation_id"":""LQ940Q""}",retrieval_search,entity_lookup,retrieval_search -> entity_lookup,True,,False,early,True,0.3333333333333333,0.16666666666666666,8
C2_C1,gpt_oss_120b,airline,18,airline:18,compound,4,4,False,True,False,3.0,0.1875,search_direct_flight,get_reservation_details,"{""date"":""2024-05-21"",""destination"":""CLT"",""origin"":""BOS""}","{""reservation_id"":""LQ940Q""}",retrieval_search,entity_lookup,retrieval_search -> entity_lookup,True,,False,early,True,0.3125,0.125,8
C1_C1,gpt_oss_120b,airline,18,airline:18,compound,0,1,False,True,False,2.0,0.125,get_flight_status,search_direct_flight,"{""date"":""2024-05-21"",""flight_number"":""HAT028""}","{""date"":""2024-05-21"",""destination"":""BOS"",""origin"":""MCO""}",retrieval_search,retrieval_search,retrieval_search -> retrieval_search,True,,False,early,True,0.1875,0.0625,8
C1_C1,gpt_oss_120b,airline,18,airline:18,compound,0,2,False,True,True,2.0,0.08695652173913043,get_flight_status,get_reservation_details,"{""date"":""2024-05-21"",""flight_number"":""HAT028""}","{""reservation_id"":""LQ940Q""}",retrieval_search,entity_lookup,retrieval_search -> entity_lookup,True,,False,early,True,0.13043478260869565,0.043478260869565216,14
C1_C1,gpt_oss_120b,airline,18,airline:18,compound,0,3,False,True,False,2.0,0.16666666666666666,get_flight_status,get_reservation_details,"{""date"":""2024-05-21"",""flight_number"":""HAT028""}","{""reservation_id"":""LQ940Q""}",retrieval_search,entity_lookup,retrieval_search -> entity_lookup,True,,False,early,True,0.25,0.08333333333333334,6
C1_C1,gpt_oss_120b,airline,18,airline:18,compound,0,4,False,True,False,2.0,0.125,get_flight_status,search_direct_flight,"{""date"":""2024-05-21"",""flight_number"":""HAT028""}","{""date"":""2024-05-21"",""destination"":""BOS"",""origin"":""MCO""}",retrieval_search,retrieval_search,retrieval_search -> retrieval_search,True,,False,early,True,0.1875,0.0625,11
C1_C1,gpt_oss_120b,airline,18,airline:18,compound,1,2,False,True,False,2.0,0.08695652173913043,search_direct_flight,get_reservation_details,"{""date"":""2024-05-21"",""destination"":""BOS"",""origin"":""MCO""}","{""reservation_id"":""LQ940Q""}",retrieval_search,entity_lookup,retrieval_search -> entity_lookup,True,,False,early,True,0.13043478260869565,0.043478260869565216,9
C1_C1,gpt_oss_120b,airline,18,airline:18,compound,1,3,False,True,False,2.0,0.125,search_direct_flight,get_reservation_details,"{""date"":""2024-05-21"",""destination"":""BOS"",""origin"":""MCO""}","{""reservation_id"":""LQ940Q""}",retrieval_search,entity_lookup,retrieval_search -> entity_lookup,True,,False,early,True,0.1875,0.0625,10
C1_C1,gpt_oss_120b,airline,18,airline:18,compound,1,4,False,True,False,13.0,0.8125,update_reservation_flights,get_reservation_details,"{""cabin"":""economy"",""flights"":[{""date"":""2024-05-21"",""destination"":""BOS"",""flight_number"":""HAT028"",""origin"":""MCO"",""price"":140},{""date"":""2024-05-21"",""destination"":""CLT"",""flight_number"":""HAT277"",""origin"":""BOS"",""price"":101}],""payment_id"":""credit_card_2929732"",""reservation_id"":""JG7FMM""}","{""reservation_id"":""EQ1G6C""}",write_mutation,entity_lookup,write_mutation -> entity_lookup,False,,False,late,False,,1.0,3
C1_C1,gpt_oss_120b,airline,18,airline:18,compound,2,3,False,True,False,4.0,0.17391304347826086,get_reservation_details,update_reservation_flights,"{""reservation_id"":""X7BYG1""}","{""cabin"":""economy"",""flights"":[{""date"":""2024-05-21"",""destination"":""BOS"",""flight_number"":""HAT028"",""origin"":""MCO""},{""date"":""2024-05-21"",""destination"":""CLT"",""flight_number"":""HAT277"",""origin"":""BOS""}],""payment_id"":""credit_card_2929732"",""reservation_id"":""JG7FMM""}",entity_lookup,write_mutation,entity_lookup -> write_mutation,False,,False,early,True,0.21739130434782608,0.043478260869565216,17
C1_C1,gpt_oss_120b,airline,18,airline:18,compound,2,4,False,True,False,2.0,0.08695652173913043,get_reservation_details,search_direct_flight,"{""reservation_id"":""LQ940Q""}","{""date"":""2024-05-21"",""destination"":""BOS"",""origin"":""MCO""}",entity_lookup,retrieval_search,entity_lookup -> retrieval_search,True,,False,early,True,0.13043478260869565,0.043478260869565216,10
C1_C1,gpt_oss_120b,airline,18,airline:18,compound,3,4,False,True,False,2.0,0.125,get_reservation_details,search_direct_flight,"{""reservation_id"":""LQ940Q""}","{""date"":""2024-05-21"",""destination"":""BOS"",""origin"":""MCO""}",entity_lookup,retrieval_search,entity_lookup -> retrieval_search,True,,False,early,True,0.1875,0.0625,12
C2_C1,gpt_oss_120b,airline,2,airline:2,read,0,0,True,True,True,4.0,0.4444444444444444,get_flight_status,get_reservation_details,"{""date"":""2024-05-27"",""flight_number"":""HAT228""}","{""reservation_id"":""4OG6T3""}",retrieval_search,entity_lookup,retrieval_search -> entity_lookup,True,,False,middle,True,0.5555555555555556,0.11111111111111116,1
C2_C1,gpt_oss_120b,airline,2,airline:2,read,1,1,False,False,False,6.0,0.6666666666666666,get_reservation_details,send_certificate,"{""reservation_id"":""4OG6T3""}","{""amount"":150,""user_id"":""noah_muller_9847""}",entity_lookup,write_mutation,entity_lookup -> write_mutation,False,,False,late,False,,1.0,3
C2_C1,gpt_oss_120b,airline,2,airline:2,read,2,2,True,True,True,4.0,0.36363636363636365,get_flight_status,get_reservation_details,"{""date"":""2024-05-27"",""flight_number"":""HAT228""}","{""reservation_id"":""4OG6T3""}",retrieval_search,entity_lookup,retrieval_search -> entity_lookup,True,,False,middle,True,0.45454545454545453,0.09090909090909088,3
C2_C1,gpt_oss_120b,airline,2,airline:2,read,3,3,True,True,True,1.0,0.1111111111111111,search_direct_flight,get_reservation_details,"{""date"":""2024-05-20"",""destination"":""JFK"",""origin"":""SFO""}","{""reservation_id"":""SDZQKO""}",retrieval_search,entity_lookup,retrieval_search -> entity_lookup,True,,False,early,True,0.2222222222222222,0.1111111111111111,5
C2_C1,gpt_oss_120b,airline,2,airline:2,read,4,4,True,True,True,1.0,0.125,search_direct_flight,get_reservation_details,"{""date"":""2024-05-20"",""destination"":""JFK"",""origin"":""SFO""}","{""reservation_id"":""SDZQKO""}",retrieval_search,entity_lookup,retrieval_search -> entity_lookup,True,,False,early,True,0.25,0.125,5
C1_C1,gpt_oss_120b,airline,2,airline:2,read,0,1,False,False,False,4.0,0.4444444444444444,get_reservation_details,get_flight_status,"{""reservation_id"":""4OG6T3""}","{""date"":""2024-05-11"",""flight_number"":""HAT006""}",entity_lookup,retrieval_search,entity_lookup -> retrieval_search,True,,False,middle,True,0.5555555555555556,0.11111111111111116,3
C1_C1,gpt_oss_120b,airline,2,airline:2,read,0,2,True,True,True,,1.0,<END>,<END>,<END>,<END>,<END>,<END>,<END> -> <END>,True,,False,late,False,,0.0,0
C1_C1,gpt_oss_120b,airline,2,airline:2,read,0,3,True,True,True,1.0,0.1111111111111111,search_direct_flight,get_reservation_details,"{""date"":""2024-06-15"",""destination"":""JFK"",""origin"":""SFO""}","{""reservation_id"":""SDZQKO""}",retrieval_search,entity_lookup,retrieval_search -> entity_lookup,True,,False,early,True,0.2222222222222222,0.1111111111111111,5
C1_C1,gpt_oss_120b,airline,2,airline:2,read,0,4,True,True,True,1.0,0.1111111111111111,search_direct_flight,get_reservation_details,"{""date"":""2024-06-15"",""destination"":""JFK"",""origin"":""SFO""}","{""reservation_id"":""SDZQKO""}",retrieval_search,entity_lookup,retrieval_search -> entity_lookup,True,,False,early,True,0.2222222222222222,0.1111111111111111,5
C1_C1,gpt_oss_120b,airline,2,airline:2,read,1,2,False,False,False,4.0,0.4444444444444444,get_flight_status,get_reservation_details,"{""date"":""2024-05-11"",""flight_number"":""HAT006""}","{""reservation_id"":""4OG6T3""}",retrieval_search,entity_lookup,retrieval_search -> entity_lookup,True,,False,middle,True,0.5555555555555556,0.11111111111111116,3
C1_C1,gpt_oss_120b,airline,2,airline:2,read,1,3,False,False,False,1.0,0.125,search_direct_flight,get_reservation_details,"{""date"":""2024-06-15"",""destination"":""JFK"",""origin"":""SFO""}","{""reservation_id"":""SDZQKO""}",retrieval_search,entity_lookup,retrieval_search -> entity_lookup,True,,False,early,True,0.25,0.125,5
C1_C1,gpt_oss_120b,airline,2,airline:2,read,1,4,False,False,False,1.0,0.14285714285714285,search_direct_flight,get_reservation_details,"{""date"":""2024-06-15"",""destination"":""JFK"",""origin"":""SFO""}","{""reservation_id"":""SDZQKO""}",retrieval_search,entity_lookup,retrieval_search -> entity_lookup,True,,False,early,True,0.2857142857142857,0.14285714285714285,5
C1_C1,gpt_oss_120b,airline,2,airline:2,read,2,3,True,True,True,1.0,0.1111111111111111,search_direct_flight,get_reservation_details,"{""date"":""2024-06-15"",""destination"":""JFK"",""origin"":""SFO""}","{""reservation_id"":""SDZQKO""}",retrieval_search,entity_lookup,retrieval_search -> entity_lookup,True,,False,early,True,0.2222222222222222,0.1111111111111111,5
C1_C1,gpt_oss_120b,airline,2,airline:2,read,2,4,True,True,True,1.0,0.1111111111111111,search_direct_flight,get_reservation_details,"{""date"":""2024-06-15"",""destination"":""JFK"",""origin"":""SFO""}","{""reservation_id"":""SDZQKO""}",retrieval_search,entity_lookup,retrieval_search -> entity_lookup,True,,False,early,True,0.2222222222222222,0.1111111111111111,5
C1_C1,gpt_oss_120b,airline,2,airline:2,read,3,4,True,True,True,5.0,0.625,get_flight_status,get_reservation_details,"{""date"":""2024-05-11"",""flight_number"":""HAT006""}","{""reservation_id"":""D-7890""}",retrieval_search,recovery_retry,retrieval_search -> recovery_retry,True,,False,middle,True,0.75,0.125,2
C2_C1,gpt_oss_120b,airline,22,airline:22,compound,0,0,False,True,False,2.0,0.5,update_reservation_baggages,search_direct_flight,"{""nonfree_baggages"":0,""payment_id"":""credit_card_6754990"",""reservation_id"":""UM3OG5"",""total_baggages"":3}","{""date"":""2024-05-24"",""destination"":""PHX"",""origin"":""MCO""}",write_mutation,retrieval_search,write_mutation -> retrieval_search,False,,False,middle,False,,1.0,2
C2_C1,gpt_oss_120b,airline,22,airline:22,compound,1,1,False,True,False,,1.0,<END>,<END>,<END>,<END>,<END>,<END>,<END> -> <END>,False,,True,late,False,,0.0,0
C2_C1,gpt_oss_120b,airline,22,airline:22,compound,2,2,False,True,False,2.0,0.5,<END>,update_reservation_passengers,<END>,"{""passengers"":[{""dob"":""1970-06-06"",""first_name"":""Omar"",""last_name"":""Rossi""},{""dob"":""1970-06-06"",""first_name"":""Omar"",""last_name"":""Rossi""}],""reservation_id"":""5RJ7UH""}",<END>,write_mutation,<END> -> write_mutation,False,,False,middle,False,,1.0,2
C2_C1,gpt_oss_120b,airline,22,airline:22,compound,3,3,False,True,True,,1.0,<END>,<END>,<END>,<END>,<END>,<END>,<END> -> <END>,True,,False,late,False,,0.0,0
C2_C1,gpt_oss_120b,airline,22,airline:22,compound,4,4,False,True,True,,1.0,<END>,<END>,<END>,<END>,<END>,<END>,<END> -> <END>,True,,False,late,False,,0.0,0
C1_C1,gpt_oss_120b,airline,22,airline:22,compound,0,1,False,True,False,2.0,0.5,search_direct_flight,update_reservation_baggages,"{""date"":""2024-05-24"",""destination"":""PHX"",""origin"":""MCO""}","{""nonfree_baggages"":0,""payment_id"":""credit_card_7407366"",""reservation_id"":""5RJ7UH"",""total_baggages"":3}",retrieval_search,write_mutation,retrieval_search -> write_mutation,False,,False,middle,False,,1.0,2
C1_C1,gpt_oss_120b,airline,22,airline:22,compound,0,2,False,True,False,2.0,0.5,search_direct_flight,update_reservation_passengers,"{""date"":""2024-05-24"",""destination"":""PHX"",""origin"":""MCO""}","{""passengers"":[{""dob"":""1970-06-06"",""first_name"":""Omar"",""last_name"":""Rossi""},{""dob"":""1970-06-06"",""first_name"":""Omar"",""last_name"":""Rossi""}],""reservation_id"":""5RJ7UH""}",retrieval_search,write_mutation,retrieval_search -> write_mutation,False,,False,middle,False,,1.0,2
C1_C1,gpt_oss_120b,airline,22,airline:22,compound,0,3,False,True,True,2.0,0.5,search_direct_flight,<END>,"{""date"":""2024-05-24"",""destination"":""PHX"",""origin"":""MCO""}",<END>,retrieval_search,<END>,retrieval_search -> <END>,True,,False,middle,False,,1.0,2
C1_C1,gpt_oss_120b,airline,22,airline:22,compound,0,4,False,True,True,2.0,0.5,search_direct_flight,<END>,"{""date"":""2024-05-24"",""destination"":""PHX"",""origin"":""MCO""}",<END>,retrieval_search,<END>,retrieval_search -> <END>,True,,False,middle,False,,1.0,2
C1_C1,gpt_oss_120b,airline,22,airline:22,compound,1,2,False,True,False,2.0,0.5,update_reservation_baggages,update_reservation_passengers,"{""nonfree_baggages"":0,""payment_id"":""credit_card_7407366"",""reservation_id"":""5RJ7UH"",""total_baggages"":3}","{""passengers"":[{""dob"":""1970-06-06"",""first_name"":""Omar"",""last_name"":""Rossi""},{""dob"":""1970-06-06"",""first_name"":""Omar"",""last_name"":""Rossi""}],""reservation_id"":""5RJ7UH""}",write_mutation,write_mutation,write_mutation -> write_mutation,False,,False,middle,False,,1.0,1
C1_C1,gpt_oss_120b,airline,22,airline:22,compound,1,3,False,True,False,2.0,0.6666666666666666,update_reservation_baggages,<END>,"{""nonfree_baggages"":0,""payment_id"":""credit_card_7407366"",""reservation_id"":""5RJ7UH"",""total_baggages"":3}",<END>,write_mutation,<END>,write_mutation -> <END>,False,,False,late,False,,1.0,1
C1_C1,gpt_oss_120b,airline,22,airline:22,compound,1,4,False,True,False,2.0,0.6666666666666666,update_reservation_baggages,<END>,"{""nonfree_baggages"":0,""payment_id"":""credit_card_7407366"",""reservation_id"":""5RJ7UH"",""total_baggages"":3}",<END>,write_mutation,<END>,write_mutation -> <END>,False,,False,late,False,,1.0,1
C1_C1,gpt_oss_120b,airline,22,airline:22,compound,2,3,False,True,False,2.0,0.5,update_reservation_passengers,<END>,"{""passengers"":[{""dob"":""1970-06-06"",""first_name"":""Omar"",""last_name"":""Rossi""},{""dob"":""1970-06-06"",""first_name"":""Omar"",""last_name"":""Rossi""}],""reservation_id"":""5RJ7UH""}",<END>,write_mutation,<END>,write_mutation -> <END>,False,,False,middle,False,,1.0,2
C1_C1,gpt_oss_120b,airline,22,airline:22,compound,2,4,False,True,False,2.0,0.5,update_reservation_passengers,<END>,"{""passengers"":[{""dob"":""1970-06-06"",""first_name"":""Omar"",""last_name"":""Rossi""},{""dob"":""1970-06-06"",""first_name"":""Omar"",""last_name"":""Rossi""}],""reservation_id"":""5RJ7UH""}",<END>,write_mutation,<END>,write_mutation -> <END>,False,,False,middle,False,,1.0,2
C1_C1,gpt_oss_120b,airline,22,airline:22,compound,3,4,False,True,True,,1.0,<END>,<END>,<END>,<END>,<END>,<END>,<END> -> <END>,True,,False,late,False,,0.0,0
C2_C1,gpt_oss_120b,airline,23,airline:23,compound,0,0,False,True,False,2.0,0.2222222222222222,transfer_to_human_agents,get_reservation_details,"{""summary"":""User Mohamed Silva (user ID mohamed_silva_9265) wants to modify reservation ID 92837465 to the cheapest business round‑trip on the same dates, but the reservation ID cannot be found in the system. Unable to locate reservation to proceed.""}","{""reservation_id"":""K1NW8N""}",communication_only,entity_lookup,communication_only -> entity_lookup,True,,False,early,False,,1.0,7
C2_C1,gpt_oss_120b,airline,23,airline:23,compound,1,1,False,True,False,0.0,0.0,get_reservation_details,get_user_details,"{""reservation_id"":""92837465""}","{""user_id"":""mohamed_silva_9265""}",recovery_retry,entity_lookup,recovery_retry -> entity_lookup,True,,False,early,True,0.2,0.2,7
C2_C1,gpt_oss_120b,airline,23,airline:23,compound,2,2,False,True,False,0.0,0.0,get_reservation_details,get_user_details,"{""reservation_id"":""92837465""}","{""user_id"":""mohamed_silva_9265""}",recovery_retry,entity_lookup,recovery_retry -> entity_lookup,True,,False,early,True,0.16666666666666666,0.16666666666666666,9
C2_C1,gpt_oss_120b,airline,23,airline:23,compound,3,3,False,True,False,0.0,0.0,get_reservation_details,get_user_details,"{""reservation_id"":""92837465""}","{""user_id"":""mohamed_silva_9265""}",recovery_retry,entity_lookup,recovery_retry -> entity_lookup,True,,False,early,True,0.09090909090909091,0.09090909090909091,6
C2_C1,gpt_oss_120b,airline,23,airline:23,compound,4,4,False,False,False,0.0,0.0,get_reservation_details,get_user_details,"{""reservation_id"":""92837465""}","{""user_id"":""mohamed_silva_9265""}",recovery_retry,entity_lookup,recovery_retry -> entity_lookup,True,,False,early,True,0.1,0.1,5
C1_C1,gpt_oss_120b,airline,23,airline:23,compound,0,1,False,True,False,5.0,0.5555555555555556,search_onestop_flight,search_direct_flight,"{""date"":""2024-05-28"",""destination"":""JFK"",""origin"":""SFO""}","{""date"":""2024-05-28"",""destination"":""JFK"",""origin"":""SFO""}",retrieval_search,retrieval_search,retrieval_search -> retrieval_search,True,,False,middle,False,,1.0,4
C1_C1,gpt_oss_120b,airline,23,airline:23,compound,0,2,False,True,False,3.0,0.3333333333333333,search_direct_flight,get_reservation_details,"{""date"":""2024-05-26"",""destination"":""SFO"",""origin"":""JFK""}","{""reservation_id"":""K1NW8N""}",retrieval_search,entity_lookup,retrieval_search -> entity_lookup,True,,False,middle,True,0.4444444444444444,0.1111111111111111,4
C1_C1,gpt_oss_120b,airline,23,airline:23,compound,0,3,False,True,False,2.0,0.2222222222222222,get_reservation_details,search_direct_flight,"{""reservation_id"":""K1NW8N""}","{""date"":""2024-05-26"",""destination"":""SFO"",""origin"":""JFK""}",entity_lookup,retrieval_search,entity_lookup -> retrieval_search,True,,False,early,True,0.3333333333333333,0.1111111111111111,4
C1_C1,gpt_oss_120b,airline,23,airline:23,compound,0,4,False,False,False,2.0,0.2,get_reservation_details,search_direct_flight,"{""reservation_id"":""K1NW8N""}","{""date"":""2024-05-26"",""destination"":""SFO"",""origin"":""JFK""}",entity_lookup,retrieval_search,entity_lookup -> retrieval_search,True,,False,early,True,0.3,0.09999999999999998,2
C1_C1,gpt_oss_120b,airline,23,airline:23,compound,1,2,False,True,True,3.0,0.42857142857142855,search_direct_flight,get_reservation_details,"{""date"":""2024-05-26"",""destination"":""SFO"",""origin"":""JFK""}","{""reservation_id"":""K1NW8N""}",retrieval_search,entity_lookup,retrieval_search -> entity_lookup,True,,False,middle,True,0.5714285714285714,0.14285714285714285,1
C1_C1,gpt_oss_120b,airline,23,airline:23,compound,1,3,False,True,False,2.0,0.2857142857142857,get_reservation_details,search_direct_flight,"{""reservation_id"":""K1NW8N""}","{""date"":""2024-05-26"",""destination"":""SFO"",""origin"":""JFK""}",entity_lookup,retrieval_search,entity_lookup -> retrieval_search,True,,False,early,True,0.42857142857142855,0.14285714285714285,4
C1_C1,gpt_oss_120b,airline,23,airline:23,compound,1,4,False,False,False,2.0,0.2,get_reservation_details,search_direct_flight,"{""reservation_id"":""K1NW8N""}","{""date"":""2024-05-26"",""destination"":""SFO"",""origin"":""JFK""}",entity_lookup,retrieval_search,entity_lookup -> retrieval_search,True,,False,early,True,0.3,0.09999999999999998,5
C1_C1,gpt_oss_120b,airline,23,airline:23,compound,2,3,False,True,False,2.0,0.2857142857142857,get_reservation_details,search_direct_flight,"{""reservation_id"":""9283746""}","{""date"":""2024-05-26"",""destination"":""SFO"",""origin"":""JFK""}",recovery_retry,retrieval_search,recovery_retry -> retrieval_search,True,,False,early,True,0.42857142857142855,0.14285714285714285,4
C1_C1,gpt_oss_120b,airline,23,airline:23,compound,2,4,False,False,False,2.0,0.2,get_reservation_details,search_direct_flight,"{""reservation_id"":""9283746""}","{""date"":""2024-05-26"",""destination"":""SFO"",""origin"":""JFK""}",recovery_retry,retrieval_search,recovery_retry -> retrieval_search,True,,False,early,True,0.3,0.09999999999999998,6
C1_C1,gpt_oss_120b,airline,23,airline:23,compound,3,4,False,False,False,4.0,0.4,search_onestop_flight,search_direct_flight,"{""date"":""2024-05-28"",""destination"":""JFK"",""origin"":""SFO""}","{""date"":""2024-05-28"",""destination"":""SEA"",""origin"":""SFO""}",retrieval_search,retrieval_search,retrieval_search -> retrieval_search,True,,False,middle,True,0.6,0.19999999999999996,5
C2_C1,gpt_oss_120b,airline,30,airline:30,single,0,0,False,False,False,2.0,0.6666666666666666,update_reservation_flights,get_user_details,"{""cabin"":""economy"",""flights"":[{""date"":""2024-05-19"",""destination"":""IAH"",""flight_number"":""HAT266"",""origin"":""LAS"",""price"":146},{""date"":""2024-05-27"",""destination"":""LAS"",""flight_number"":""HAT112"",""origin"":""IAH"",""price"":184}],""payment_id"":""gift_card_5634230"",""reservation_id"":""1N99U6""}","{""user_id"":""james_taylor_7043""}",write_mutation,entity_lookup,write_mutation -> entity_lookup,False,,False,late,False,,1.0,1
C2_C1,gpt_oss_120b,airline,30,airline:30,single,1,1,False,False,False,2.0,0.5,<END>,search_direct_flight,<END>,"{""date"":""2024-05-27"",""destination"":""LAS"",""origin"":""IAH""}",<END>,retrieval_search,<END> -> retrieval_search,True,,False,middle,False,,1.0,2
C2_C1,gpt_oss_120b,airline,30,airline:30,single,2,2,False,True,False,2.0,0.4,<END>,get_user_details,<END>,"{""user_id"":""james_taylor_7043""}",<END>,entity_lookup,<END> -> entity_lookup,True,,False,middle,False,,1.0,3
C2_C1,gpt_oss_120b,airline,30,airline:30,single,3,3,False,True,True,,1.0,<END>,<END>,<END>,<END>,<END>,<END>,<END> -> <END>,True,,False,late,False,,0.0,0
C2_C1,gpt_oss_120b,airline,30,airline:30,single,4,4,False,True,True,,1.0,<END>,<END>,<END>,<END>,<END>,<END>,<END> -> <END>,True,,False,late,False,,0.0,0
C1_C1,gpt_oss_120b,airline,30,airline:30,single,0,1,False,False,False,2.0,0.5,get_user_details,search_direct_flight,"{""user_id"":""james_taylor_7043""}","{""date"":""2024-05-27"",""destination"":""LAS"",""origin"":""IAH""}",entity_lookup,retrieval_search,entity_lookup -> retrieval_search,True,,False,middle,False,,1.0,2
C1_C1,gpt_oss_120b,airline,30,airline:30,single,0,2,False,True,False,3.0,0.6,<END>,update_reservation_flights,<END>,"{""cabin"":""economy"",""flights"":[{""date"":""2024-05-19"",""destination"":""IAH"",""flight_number"":""HAT266"",""origin"":""LAS""},{""date"":""2024-05-27"",""destination"":""LAS"",""flight_number"":""HAT112"",""origin"":""IAH""}],""payment_id"":""gift_card_5634230"",""reservation_id"":""1N99U6""}",<END>,write_mutation,<END> -> write_mutation,False,,False,middle,False,,1.0,2
C1_C1,gpt_oss_120b,airline,30,airline:30,single,0,3,False,True,True,2.0,0.6666666666666666,get_user_details,<END>,"{""user_id"":""james_taylor_7043""}",<END>,entity_lookup,<END>,entity_lookup -> <END>,True,,False,late,False,,1.0,1
C1_C1,gpt_oss_120b,airline,30,airline:30,single,0,4,False,True,True,2.0,0.6666666666666666,get_user_details,<END>,"{""user_id"":""james_taylor_7043""}",<END>,entity_lookup,<END>,entity_lookup -> <END>,True,,False,late,False,,1.0,1
C1_C1,gpt_oss_120b,airline,30,airline:30,single,1,2,False,False,False,2.0,0.4,search_direct_flight,get_user_details,"{""date"":""2024-05-27"",""destination"":""LAS"",""origin"":""IAH""}","{""user_id"":""james_taylor_7043""}",retrieval_search,entity_lookup,retrieval_search -> entity_lookup,True,,False,middle,True,0.6,0.19999999999999996,2
C1_C1,gpt_oss_120b,airline,30,airline:30,single,1,3,False,False,False,2.0,0.5,search_direct_flight,<END>,"{""date"":""2024-05-27"",""destination"":""LAS"",""origin"":""IAH""}",<END>,retrieval_search,<END>,retrieval_search -> <END>,True,,False,middle,False,,1.0,2
C1_C1,gpt_oss_120b,airline,30,airline:30,single,1,4,False,False,False,2.0,0.5,search_direct_flight,<END>,"{""date"":""2024-05-27"",""destination"":""LAS"",""origin"":""IAH""}",<END>,retrieval_search,<END>,retrieval_search -> <END>,True,,False,middle,False,,1.0,2
C1_C1,gpt_oss_120b,airline,30,airline:30,single,2,3,False,True,False,2.0,0.4,get_user_details,<END>,"{""user_id"":""james_taylor_7043""}",<END>,entity_lookup,<END>,entity_lookup -> <END>,True,,False,middle,False,,1.0,3
C1_C1,gpt_oss_120b,airline,30,airline:30,single,2,4,False,True,False,2.0,0.4,get_user_details,<END>,"{""user_id"":""james_taylor_7043""}",<END>,entity_lookup,<END>,entity_lookup -> <END>,True,,False,middle,False,,1.0,3
C1_C1,gpt_oss_120b,airline,30,airline:30,single,3,4,False,True,True,,1.0,<END>,<END>,<END>,<END>,<END>,<END>,<END> -> <END>,True,,False,late,False,,0.0,0
C2_C1,gpt_oss_120b,airline,32,airline:32,compound,0,0,False,True,True,2.0,0.5,transfer_to_human_agents,get_reservation_details,"{""summary"":""User Ivan Rossi (user ID ivan_rossi_8555) wants to modify a basic economy one-way reservation OWZ4XL from EWR on May 21 to return home sooner due to mother's illness. Policy states basic economy flights cannot be modified.""}","{""reservation_id"":""OWZ4XL""}",communication_only,entity_lookup,communication_only -> entity_lookup,True,,False,middle,False,,1.0,1
C2_C1,gpt_oss_120b,airline,32,airline:32,compound,1,1,False,True,False,2.0,0.4,search_direct_flight,transfer_to_human_agents,"{""date"":""2024-05-21"",""destination"":""LAX"",""origin"":""EWR""}","{""summary"":""User Ivan Rossi (user ID ivan_rossi_8555) wants to change a basic economy reservation (ID OWZ4XL) to a nonstop flight on the same day. Basic economy reservations cannot be modified per policy.""}",retrieval_search,communication_only,retrieval_search -> communication_only,True,,False,middle,False,,1.0,3
C2_C1,gpt_oss_120b,airline,32,airline:32,compound,2,2,False,True,False,2.0,0.25,transfer_to_human_agents,search_direct_flight,"{""summary"":""User ivan_rossi_8555 wants to change a basic economy one-way reservation OWZ4XL (EWR to LAX via MIA on 2024-05-21) to an earlier flight due to mother's illness. Basic economy cannot be modified, and cancellation conditions are not met. Need human assistance.""}","{""date"":""2024-05-21"",""destination"":""MIA"",""origin"":""EWR""}",communication_only,retrieval_search,communication_only -> retrieval_search,True,,False,early,False,,1.0,6
C2_C1,gpt_oss_120b,airline,32,airline:32,compound,3,3,False,True,True,,1.0,<END>,<END>,<END>,<END>,<END>,<END>,<END> -> <END>,True,,False,late,False,,0.0,0
C2_C1,gpt_oss_120b,airline,32,airline:32,compound,4,4,False,True,True,,1.0,<END>,<END>,<END>,<END>,<END>,<END>,<END> -> <END>,True,,False,late,False,,0.0,0
C1_C1,gpt_oss_120b,airline,32,airline:32,compound,0,1,False,True,True,2.0,0.5,get_reservation_details,transfer_to_human_agents,"{""reservation_id"":""OWZ4XL""}","{""summary"":""User Ivan Rossi (user ID ivan_rossi_8555) wants to change a basic economy reservation (ID OWZ4XL) to a nonstop flight on the same day. Basic economy reservations cannot be modified per policy.""}",entity_lookup,communication_only,entity_lookup -> communication_only,True,,False,middle,False,,1.0,1
C1_C1,gpt_oss_120b,airline,32,airline:32,compound,0,2,False,True,False,2.0,0.25,get_reservation_details,search_direct_flight,"{""reservation_id"":""OWZ4XL""}","{""date"":""2024-05-21"",""destination"":""MIA"",""origin"":""EWR""}",entity_lookup,retrieval_search,entity_lookup -> retrieval_search,True,,False,early,False,,1.0,6
C1_C1,gpt_oss_120b,airline,32,airline:32,compound,0,3,False,True,True,2.0,0.5,get_reservation_details,transfer_to_human_agents,"{""reservation_id"":""OWZ4XL""}","{""summary"":""User Ivan Rossi (user ID ivan_rossi_8555) wants to change a basic economy reservation (OWZ4XL) from a connecting flight (EWR-MIA-LAX) on 2024-05-21 to a nonstop flight on the same day. Basic economy flights cannot be modified per policy, and cancellation is not permitted under the rules. Need human assistance.""}",entity_lookup,communication_only,entity_lookup -> communication_only,True,,False,middle,False,,1.0,1
C1_C1,gpt_oss_120b,airline,32,airline:32,compound,0,4,False,True,True,2.0,0.5,get_reservation_details,transfer_to_human_agents,"{""reservation_id"":""OWZ4XL""}","{""summary"":""User Ivan Rossi (user ID ivan_rossi_8555) wants to change a basic economy reservation (OWZ4XL) from a connecting flight (EWR-MIA-LAX) on 2024-05-21 to a nonstop flight on the same day. Basic economy flights cannot be modified per policy, and cancellation is not permitted under the rules. Need human assistance.""}",entity_lookup,communication_only,entity_lookup -> communication_only,True,,False,middle,False,,1.0,1
C1_C1,gpt_oss_120b,airline,32,airline:32,compound,1,2,False,True,False,2.0,0.25,transfer_to_human_agents,search_direct_flight,"{""summary"":""User Ivan Rossi (user ID ivan_rossi_8555) wants to change a basic economy reservation (ID OWZ4XL) to a nonstop flight on the same day. Basic economy reservations cannot be modified per policy.""}","{""date"":""2024-05-21"",""destination"":""MIA"",""origin"":""EWR""}",communication_only,retrieval_search,communication_only -> retrieval_search,True,,False,early,False,,1.0,6
C1_C1,gpt_oss_120b,airline,32,airline:32,compound,1,3,False,True,True,,1.0,<END>,<END>,<END>,<END>,<END>,<END>,<END> -> <END>,True,,False,late,False,,0.0,0
C1_C1,gpt_oss_120b,airline,32,airline:32,compound,1,4,False,True,True,,1.0,<END>,<END>,<END>,<END>,<END>,<END>,<END> -> <END>,True,,False,late,False,,0.0,0
C1_C1,gpt_oss_120b,airline,32,airline:32,compound,2,3,False,True,False,2.0,0.25,search_direct_flight,transfer_to_human_agents,"{""date"":""2024-05-21"",""destination"":""MIA"",""origin"":""EWR""}","{""summary"":""User Ivan Rossi (user ID ivan_rossi_8555) wants to change a basic economy reservation (OWZ4XL) from a connecting flight (EWR-MIA-LAX) on 2024-05-21 to a nonstop flight on the same day. Basic economy flights cannot be modified per policy, and cancellation is not permitted under the rules. Need human assistance.""}",retrieval_search,communication_only,retrieval_search -> communication_only,True,,False,early,False,,1.0,6
C1_C1,gpt_oss_120b,airline,32,airline:32,compound,2,4,False,True,False,2.0,0.25,search_direct_flight,transfer_to_human_agents,"{""date"":""2024-05-21"",""destination"":""MIA"",""origin"":""EWR""}","{""summary"":""User Ivan Rossi (user ID ivan_rossi_8555) wants to change a basic economy reservation (OWZ4XL) from a connecting flight (EWR-MIA-LAX) on 2024-05-21 to a nonstop flight on the same day. Basic economy flights cannot be modified per policy, and cancellation is not permitted under the rules. Need human assistance.""}",retrieval_search,communication_only,retrieval_search -> communication_only,True,,False,early,False,,1.0,6
C1_C1,gpt_oss_120b,airline,32,airline:32,compound,3,4,False,True,True,,1.0,<END>,<END>,<END>,<END>,<END>,<END>,<END> -> <END>,True,,False,late,False,,0.0,0
C2_C1,gpt_oss_120b,airline,33,airline:33,compound,0,0,False,True,False,3.0,0.5,<END>,update_reservation_flights,<END>,"{""cabin"":""economy"",""flights"":[{""date"":""2024-05-19"",""destination"":""SFO"",""flight_number"":""HAT072"",""origin"":""IAH""},{""date"":""2024-05-23"",""destination"":""IAH"",""flight_number"":""HAT082"",""origin"":""SFO""}],""payment_id"":""gift_card_6941833"",""reservation_id"":""HXDUBJ""}",<END>,write_mutation,<END> -> write_mutation,False,,False,middle,False,,1.0,3
C2_C1,gpt_oss_120b,airline,33,airline:33,compound,1,1,False,True,False,4.0,0.5714285714285714,get_user_details,search_direct_flight,"{""user_id"":""yara_garcia_1905""}","{""date"":""2024-05-18"",""destination"":""SFO"",""origin"":""JFK""}",post_write_verification,post_write_verification,post_write_verification -> post_write_verification,False,,True,middle,False,,1.0,2
C2_C1,gpt_oss_120b,airline,33,airline:33,compound,2,2,False,True,False,5.0,0.8333333333333334,update_reservation_baggages,update_reservation_flights,"{""nonfree_baggages"":0,""payment_id"":""gift_card_6941833"",""reservation_id"":""HXDUBJ"",""total_baggages"":2}","{""cabin"":""business"",""flights"":[{""date"":""2024-05-19"",""destination"":""SFO"",""flight_number"":""HAT072"",""origin"":""IAH"",""price"":282},{""date"":""2024-05-23"",""destination"":""IAH"",""flight_number"":""HAT278"",""origin"":""SFO"",""price"":187}],""payment_id"":""gift_card_1646646"",""reservation_id"":""HXDUBJ""}",write_mutation,recovery_retry,write_mutation -> recovery_retry,False,,True,late,False,,1.0,1
C2_C1,gpt_oss_120b,airline,33,airline:33,compound,3,3,False,True,False,5.0,0.8333333333333334,update_reservation_baggages,<END>,"{""nonfree_baggages"":0,""payment_id"":""gift_card_6941833"",""reservation_id"":""HXDUBJ"",""total_baggages"":2}",<END>,write_mutation,<END>,write_mutation -> <END>,False,,True,late,False,,1.0,1
C2_C1,gpt_oss_120b,airline,33,airline:33,compound,4,4,False,True,False,5.0,0.8333333333333334,update_reservation_baggages,<END>,"{""nonfree_baggages"":0,""payment_id"":""gift_card_6941833"",""reservation_id"":""HXDUBJ"",""total_baggages"":2}",<END>,write_mutation,<END>,write_mutation -> <END>,False,,True,late,False,,1.0,1
C1_C1,gpt_oss_120b,airline,33,airline:33,compound,0,1,False,True,False,4.0,0.5714285714285714,get_user_details,search_direct_flight,"{""user_id"":""yara_garcia_1905""}","{""date"":""2024-05-18"",""destination"":""SFO"",""origin"":""JFK""}",post_write_verification,post_write_verification,post_write_verification -> post_write_verification,False,,True,middle,False,,1.0,2
C1_C1,gpt_oss_120b,airline,33,airline:33,compound,0,2,False,True,False,5.0,0.8333333333333334,update_reservation_baggages,update_reservation_flights,"{""nonfree_baggages"":0,""payment_id"":""gift_card_6941833"",""reservation_id"":""HXDUBJ"",""total_baggages"":2}","{""cabin"":""business"",""flights"":[{""date"":""2024-05-19"",""destination"":""SFO"",""flight_number"":""HAT072"",""origin"":""IAH"",""price"":282},{""date"":""2024-05-23"",""destination"":""IAH"",""flight_number"":""HAT278"",""origin"":""SFO"",""price"":187}],""payment_id"":""gift_card_1646646"",""reservation_id"":""HXDUBJ""}",write_mutation,recovery_retry,write_mutation -> recovery_retry,False,,True,late,False,,1.0,1
C1_C1,gpt_oss_120b,airline,33,airline:33,compound,0,3,False,True,False,5.0,0.8333333333333334,update_reservation_baggages,<END>,"{""nonfree_baggages"":0,""payment_id"":""gift_card_6941833"",""reservation_id"":""HXDUBJ"",""total_baggages"":2}",<END>,write_mutation,<END>,write_mutation -> <END>,False,,True,late,False,,1.0,1
C1_C1,gpt_oss_120b,airline,33,airline:33,compound,0,4,False,True,False,5.0,0.8333333333333334,update_reservation_baggages,<END>,"{""nonfree_baggages"":0,""payment_id"":""gift_card_6941833"",""reservation_id"":""HXDUBJ"",""total_baggages"":2}",<END>,write_mutation,<END>,write_mutation -> <END>,False,,True,late,False,,1.0,1
C1_C1,gpt_oss_120b,airline,33,airline:33,compound,1,2,False,True,False,4.0,0.5714285714285714,search_direct_flight,get_user_details,"{""date"":""2024-05-18"",""destination"":""SFO"",""origin"":""JFK""}","{""user_id"":""yara_garcia_1905""}",post_write_verification,post_write_verification,post_write_verification -> post_write_verification,False,,True,middle,False,,1.0,2
C1_C1,gpt_oss_120b,airline,33,airline:33,compound,1,3,False,True,False,4.0,0.5714285714285714,search_direct_flight,get_user_details,"{""date"":""2024-05-18"",""destination"":""SFO"",""origin"":""JFK""}","{""user_id"":""yara_garcia_1905""}",post_write_verification,post_write_verification,post_write_verification -> post_write_verification,False,,True,middle,False,,1.0,2
C1_C1,gpt_oss_120b,airline,33,airline:33,compound,1,4,False,True,False,4.0,0.5714285714285714,search_direct_flight,get_user_details,"{""date"":""2024-05-18"",""destination"":""SFO"",""origin"":""JFK""}","{""user_id"":""yara_garcia_1905""}",post_write_verification,post_write_verification,post_write_verification -> post_write_verification,False,,True,middle,False,,1.0,2
C1_C1,gpt_oss_120b,airline,33,airline:33,compound,2,3,False,True,True,5.0,0.8333333333333334,update_reservation_flights,<END>,"{""cabin"":""business"",""flights"":[{""date"":""2024-05-19"",""destination"":""SFO"",""flight_number"":""HAT072"",""origin"":""IAH"",""price"":282},{""date"":""2024-05-23"",""destination"":""IAH"",""flight_number"":""HAT278"",""origin"":""SFO"",""price"":187}],""payment_id"":""gift_card_1646646"",""reservation_id"":""HXDUBJ""}",<END>,recovery_retry,<END>,recovery_retry -> <END>,False,,True,late,False,,1.0,1
C1_C1,gpt_oss_120b,airline,33,airline:33,compound,2,4,False,True,True,5.0,0.8333333333333334,update_reservation_flights,<END>,"{""cabin"":""business"",""flights"":[{""date"":""2024-05-19"",""destination"":""SFO"",""flight_number"":""HAT072"",""origin"":""IAH"",""price"":282},{""date"":""2024-05-23"",""destination"":""IAH"",""flight_number"":""HAT278"",""origin"":""SFO"",""price"":187}],""payment_id"":""gift_card_1646646"",""reservation_id"":""HXDUBJ""}",<END>,recovery_retry,<END>,recovery_retry -> <END>,False,,True,late,False,,1.0,1
C1_C1,gpt_oss_120b,airline,33,airline:33,compound,3,4,False,True,True,,1.0,<END>,<END>,<END>,<END>,<END>,<END>,<END> -> <END>,False,,True,late,False,,0.0,0
C2_C1,gpt_oss_120b,airline,37,airline:37,single,0,0,False,True,True,0.0,0.0,get_reservation_details,get_user_details,"{""reservation_id"":""IFOYYZ""}","{""user_id"":""aarav_ahmed_6699""}",entity_lookup,entity_lookup,entity_lookup -> entity_lookup,True,,False,early,True,0.16666666666666666,0.16666666666666666,1
C2_C1,gpt_oss_120b,airline,37,airline:37,single,1,1,False,True,False,5.0,0.625,<END>,cancel_reservation,<END>,"{""reservation_id"":""NQNU5R""}",<END>,write_mutation,<END> -> write_mutation,False,,False,middle,False,,1.0,3
C2_C1,gpt_oss_120b,airline,37,airline:37,single,2,2,False,True,False,3.0,0.6,search_direct_flight,update_reservation_flights,"{""date"":""2024-05-22"",""destination"":""ATL"",""origin"":""JFK""}","{""cabin"":""business"",""flights"":[{""date"":""2024-05-22"",""destination"":""ATL"",""flight_number"":""HAT268"",""origin"":""JFK""},{""date"":""2024-05-22"",""destination"":""MCO"",""flight_number"":""HAT010"",""origin"":""ATL""}],""payment_id"":""credit_card_4959530"",""reservation_id"":""M20IZO""}",retrieval_search,write_mutation,retrieval_search -> write_mutation,False,,False,middle,False,,1.0,2
C2_C1,gpt_oss_120b,airline,37,airline:37,single,3,3,False,True,True,5.0,0.8333333333333334,<END>,get_user_details,<END>,"{""user_id"":""aarav_ahmed_6699""}",<END>,entity_lookup,<END> -> entity_lookup,True,,False,late,False,,1.0,1
C2_C1,gpt_oss_120b,airline,37,airline:37,single,4,4,False,True,False,5.0,0.7142857142857143,<END>,cancel_reservation,<END>,"{""reservation_id"":""NQNU5R""}",<END>,write_mutation,<END> -> write_mutation,False,,False,late,False,,1.0,2
C1_C1,gpt_oss_120b,airline,37,airline:37,single,0,1,False,True,False,0.0,0.0,get_user_details,get_reservation_details,"{""user_id"":""aarav_ahmed_6699""}","{""reservation_id"":""IFOYYZ""}",entity_lookup,entity_lookup,entity_lookup -> entity_lookup,True,,False,early,True,0.125,0.125,4
C1_C1,gpt_oss_120b,airline,37,airline:37,single,0,2,False,True,False,0.0,0.0,get_user_details,get_reservation_details,"{""user_id"":""aarav_ahmed_6699""}","{""reservation_id"":""IFOYYZ""}",entity_lookup,entity_lookup,entity_lookup -> entity_lookup,True,,False,early,True,0.16666666666666666,0.16666666666666666,3
C1_C1,gpt_oss_120b,airline,37,airline:37,single,0,3,False,True,True,0.0,0.0,get_user_details,get_reservation_details,"{""user_id"":""aarav_ahmed_6699""}","{""reservation_id"":""IFOYYZ""}",entity_lookup,entity_lookup,entity_lookup -> entity_lookup,True,,False,early,True,0.16666666666666666,0.16666666666666666,2
C1_C1,gpt_oss_120b,airline,37,airline:37,single,0,4,False,True,False,0.0,0.0,get_user_details,get_reservation_details,"{""user_id"":""aarav_ahmed_6699""}","{""reservation_id"":""IFOYYZ""}",entity_lookup,entity_lookup,entity_lookup -> entity_lookup,True,,False,early,True,0.14285714285714285,0.14285714285714285,3
C1_C1,gpt_oss_120b,airline,37,airline:37,single,1,2,False,True,False,3.0,0.375,search_direct_flight,update_reservation_flights,"{""date"":""2024-05-22"",""destination"":""ATL"",""origin"":""JFK""}","{""cabin"":""business"",""flights"":[{""date"":""2024-05-22"",""destination"":""ATL"",""flight_number"":""HAT268"",""origin"":""JFK""},{""date"":""2024-05-22"",""destination"":""MCO"",""flight_number"":""HAT010"",""origin"":""ATL""}],""payment_id"":""credit_card_4959530"",""reservation_id"":""M20IZO""}",retrieval_search,write_mutation,retrieval_search -> write_mutation,False,,False,middle,False,,1.0,4
C1_C1,gpt_oss_120b,airline,37,airline:37,single,1,3,False,True,False,5.0,0.625,cancel_reservation,get_user_details,"{""reservation_id"":""NQNU5R""}","{""user_id"":""aarav_ahmed_6699""}",write_mutation,entity_lookup,write_mutation -> entity_lookup,False,,False,middle,False,,1.0,3
C1_C1,gpt_oss_120b,airline,37,airline:37,single,1,4,False,True,True,7.0,0.875,transfer_to_human_agents,<END>,"{""summary"":""User aarav_ahmed_6699 wants to cancel reservation IFOYYZ (basic economy) due to change of plans, which is not allowed per policy. They need a human agent to discuss this reservation.""}",<END>,post_write_verification,<END>,post_write_verification -> <END>,False,,True,late,False,,1.0,1
C1_C1,gpt_oss_120b,airline,37,airline:37,single,2,3,False,True,False,3.0,0.5,update_reservation_flights,search_direct_flight,"{""cabin"":""business"",""flights"":[{""date"":""2024-05-22"",""destination"":""ATL"",""flight_number"":""HAT268"",""origin"":""JFK""},{""date"":""2024-05-22"",""destination"":""MCO"",""flight_number"":""HAT010"",""origin"":""ATL""}],""payment_id"":""credit_card_4959530"",""reservation_id"":""M20IZO""}","{""date"":""2024-05-22"",""destination"":""ATL"",""origin"":""JFK""}",write_mutation,retrieval_search,write_mutation -> retrieval_search,False,,False,middle,False,,1.0,3
C1_C1,gpt_oss_120b,airline,37,airline:37,single,2,4,False,True,False,3.0,0.42857142857142855,update_reservation_flights,search_direct_flight,"{""cabin"":""business"",""flights"":[{""date"":""2024-05-22"",""destination"":""ATL"",""flight_number"":""HAT268"",""origin"":""JFK""},{""date"":""2024-05-22"",""destination"":""MCO"",""flight_number"":""HAT010"",""origin"":""ATL""}],""payment_id"":""credit_card_4959530"",""reservation_id"":""M20IZO""}","{""date"":""2024-05-22"",""destination"":""ATL"",""origin"":""JFK""}",write_mutation,retrieval_search,write_mutation -> retrieval_search,False,,False,middle,False,,1.0,3
C1_C1,gpt_oss_120b,airline,37,airline:37,single,3,4,False,True,False,5.0,0.7142857142857143,get_user_details,cancel_reservation,"{""user_id"":""aarav_ahmed_6699""}","{""reservation_id"":""NQNU5R""}",entity_lookup,write_mutation,entity_lookup -> write_mutation,False,,False,late,False,,1.0,2
C2_C1,gpt_oss_120b,airline,39,airline:39,compound,0,0,False,True,True,,1.0,<END>,<END>,<END>,<END>,<END>,<END>,<END> -> <END>,True,,False,late,False,,0.0,0
C2_C1,gpt_oss_120b,airline,39,airline:39,compound,1,1,False,True,False,4.0,0.36363636363636365,get_flight_status,get_reservation_details,"{""date"":""2024-05-24"",""flight_number"":""HAT247""}","{""reservation_id"":""LU15PA""}",retrieval_search,entity_lookup,retrieval_search -> entity_lookup,True,,False,middle,False,,1.0,6
C2_C1,gpt_oss_120b,airline,39,airline:39,compound,2,2,False,True,False,6.0,0.75,get_reservation_details,cancel_reservation,"{""reservation_id"":""I6M8JQ""}","{""reservation_id"":""8C8K4E""}",entity_lookup,write_mutation,entity_lookup -> write_mutation,False,,False,late,False,,1.0,2
C2_C1,gpt_oss_120b,airline,39,airline:39,compound,3,3,False,True,False,7.0,0.7777777777777778,<END>,cancel_reservation,<END>,"{""reservation_id"":""8C8K4E""}",<END>,write_mutation,<END> -> write_mutation,False,,False,late,False,,1.0,2
C2_C1,gpt_oss_120b,airline,39,airline:39,compound,4,4,False,True,True,,1.0,<END>,<END>,<END>,<END>,<END>,<END>,<END> -> <END>,True,,False,late,False,,0.0,0
C1_C1,gpt_oss_120b,airline,39,airline:39,compound,0,1,False,True,True,5.0,0.8333333333333334,get_reservation_details,<END>,"{""reservation_id"":""MSJ4OA""}",<END>,entity_lookup,<END>,entity_lookup -> <END>,True,,False,late,False,,1.0,1
C1_C1,gpt_oss_120b,airline,39,airline:39,compound,0,2,False,True,False,6.0,0.75,<END>,cancel_reservation,<END>,"{""reservation_id"":""8C8K4E""}",<END>,write_mutation,<END> -> write_mutation,False,,False,late,False,,1.0,2
C1_C1,gpt_oss_120b,airline,39,airline:39,compound,0,3,False,True,False,6.0,0.6666666666666666,<END>,get_reservation_details,<END>,"{""reservation_id"":""I6M8JQ""}",<END>,entity_lookup,<END> -> entity_lookup,True,,False,late,False,,1.0,3
C1_C1,gpt_oss_120b,airline,39,airline:39,compound,0,4,False,True,True,6.0,0.8571428571428571,<END>,get_reservation_details,<END>,"{""reservation_id"":""I6M8JQ""}",<END>,entity_lookup,<END> -> entity_lookup,True,,False,late,False,,1.0,1
C1_C1,gpt_oss_120b,airline,39,airline:39,compound,1,2,False,True,False,5.0,0.625,<END>,get_reservation_details,<END>,"{""reservation_id"":""MSJ4OA""}",<END>,entity_lookup,<END> -> entity_lookup,True,,False,middle,False,,1.0,3
C1_C1,gpt_oss_120b,airline,39,airline:39,compound,1,3,False,True,False,5.0,0.5555555555555556,<END>,get_reservation_details,<END>,"{""reservation_id"":""MSJ4OA""}",<END>,entity_lookup,<END> -> entity_lookup,True,,False,middle,False,,1.0,4
C1_C1,gpt_oss_120b,airline,39,airline:39,compound,1,4,False,True,True,5.0,0.7142857142857143,<END>,get_reservation_details,<END>,"{""reservation_id"":""MSJ4OA""}",<END>,entity_lookup,<END> -> entity_lookup,True,,False,late,False,,1.0,2
C1_C1,gpt_oss_120b,airline,39,airline:39,compound,2,3,False,True,True,6.0,0.6666666666666666,cancel_reservation,get_reservation_details,"{""reservation_id"":""8C8K4E""}","{""reservation_id"":""I6M8JQ""}",write_mutation,entity_lookup,write_mutation -> entity_lookup,False,,False,late,True,0.7777777777777778,0.11111111111111116,1
C1_C1,gpt_oss_120b,airline,39,airline:39,compound,2,4,False,True,False,6.0,0.75,cancel_reservation,get_reservation_details,"{""reservation_id"":""8C8K4E""}","{""reservation_id"":""I6M8JQ""}",write_mutation,entity_lookup,write_mutation -> entity_lookup,False,,False,late,False,,1.0,2
C1_C1,gpt_oss_120b,airline,39,airline:39,compound,3,4,False,True,False,7.0,0.7777777777777778,cancel_reservation,<END>,"{""reservation_id"":""8C8K4E""}",<END>,write_mutation,<END>,write_mutation -> <END>,False,,False,late,False,,1.0,2
C2_C1,gpt_oss_120b,airline,4,airline:4,read,0,0,True,True,True,5.0,0.7142857142857143,<END>,get_reservation_details,<END>,"{""reservation_id"":""WUNA5K""}",<END>,entity_lookup,<END> -> entity_lookup,True,,False,late,False,,1.0,2
C2_C1,gpt_oss_120b,airline,4,airline:4,read,1,1,True,True,True,0.0,0.0,get_user_details,get_reservation_details,"{""user_id"":""sophia_silva_7557""}","{""reservation_id"":""7557-123456789""}",entity_lookup,recovery_retry,entity_lookup -> recovery_retry,True,,False,early,False,,1.0,5
C2_C1,gpt_oss_120b,airline,4,airline:4,read,2,2,True,True,True,0.0,0.0,get_user_details,get_reservation_details,"{""user_id"":""sophia_silva_7557""}","{""reservation_id"":""RES123456789""}",entity_lookup,recovery_retry,entity_lookup -> recovery_retry,True,,False,early,True,0.2857142857142857,0.2857142857142857,5
C2_C1,gpt_oss_120b,airline,4,airline:4,read,3,3,True,True,True,0.0,0.0,get_user_details,get_reservation_details,"{""user_id"":""sophia_silva_7557""}","{""reservation_id"":""RES123456789""}",entity_lookup,recovery_retry,entity_lookup -> recovery_retry,True,,False,early,True,0.2857142857142857,0.2857142857142857,5
C2_C1,gpt_oss_120b,airline,4,airline:4,read,4,4,True,True,True,0.0,0.0,get_user_details,get_reservation_details,"{""user_id"":""sophia_silva_7557""}","{""reservation_id"":""RES123456789""}",entity_lookup,recovery_retry,entity_lookup -> recovery_retry,True,,False,early,True,0.3333333333333333,0.3333333333333333,4
C1_C1,gpt_oss_120b,airline,4,airline:4,read,0,1,True,True,True,0.0,0.0,get_user_details,get_reservation_details,"{""user_id"":""sophia_silva_7557""}","{""reservation_id"":""7557-123456789""}",entity_lookup,recovery_retry,entity_lookup -> recovery_retry,True,,False,early,True,0.2857142857142857,0.2857142857142857,5
C1_C1,gpt_oss_120b,airline,4,airline:4,read,0,2,True,True,True,0.0,0.0,get_user_details,get_reservation_details,"{""user_id"":""sophia_silva_7557""}","{""reservation_id"":""RES123456789""}",entity_lookup,recovery_retry,entity_lookup -> recovery_retry,True,,False,early,True,0.2857142857142857,0.2857142857142857,5
C1_C1,gpt_oss_120b,airline,4,airline:4,read,0,3,True,True,True,0.0,0.0,get_user_details,get_reservation_details,"{""user_id"":""sophia_silva_7557""}","{""reservation_id"":""RES123456789""}",entity_lookup,recovery_retry,entity_lookup -> recovery_retry,True,,False,early,True,0.2857142857142857,0.2857142857142857,5
C1_C1,gpt_oss_120b,airline,4,airline:4,read,0,4,True,True,True,0.0,0.0,get_user_details,get_reservation_details,"{""user_id"":""sophia_silva_7557""}","{""reservation_id"":""RES123456789""}",entity_lookup,recovery_retry,entity_lookup -> recovery_retry,True,,False,early,True,0.2857142857142857,0.2857142857142857,5
C1_C1,gpt_oss_120b,airline,4,airline:4,read,1,2,True,True,True,,1.0,<END>,<END>,<END>,<END>,<END>,<END>,<END> -> <END>,True,,False,late,False,,0.0,0
C1_C1,gpt_oss_120b,airline,4,airline:4,read,1,3,True,True,True,,1.0,<END>,<END>,<END>,<END>,<END>,<END>,<END> -> <END>,True,,False,late,False,,0.0,0
C1_C1,gpt_oss_120b,airline,4,airline:4,read,1,4,True,True,True,,1.0,<END>,<END>,<END>,<END>,<END>,<END>,<END> -> <END>,True,,False,late,False,,0.0,0
C1_C1,gpt_oss_120b,airline,4,airline:4,read,2,3,True,True,True,,1.0,<END>,<END>,<END>,<END>,<END>,<END>,<END> -> <END>,True,,False,late,False,,0.0,0
C1_C1,gpt_oss_120b,airline,4,airline:4,read,2,4,True,True,True,,1.0,<END>,<END>,<END>,<END>,<END>,<END>,<END> -> <END>,True,,False,late,False,,0.0,0
C1_C1,gpt_oss_120b,airline,4,airline:4,read,3,4,True,True,True,,1.0,<END>,<END>,<END>,<END>,<END>,<END>,<END> -> <END>,True,,False,late,False,,0.0,0
C2_C1,gpt_oss_120b,airline,41,airline:41,read,0,0,True,True,True,,1.0,<END>,<END>,<END>,<END>,<END>,<END>,<END> -> <END>,True,,False,late,False,,0.0,0
C2_C1,gpt_oss_120b,airline,41,airline:41,read,1,1,True,True,True,6.0,0.75,get_reservation_details,transfer_to_human_agents,"{""reservation_id"":""I6M8JQ""}","{""summary"":""User Amelia Davis (ID amelia_davis_8890) wants to cancel reservation UDMOP1, which has a single passenger. Cancellation is not permitted under policy because the reservation is not within 24 hours, not a business class, and has no travel insurance. User requests cancellation of all single-passenger reservations.""}",entity_lookup,communication_only,entity_lookup -> communication_only,True,,False,late,False,,1.0,1
C2_C1,gpt_oss_120b,airline,41,airline:41,read,2,2,True,True,True,7.0,0.875,transfer_to_human_agents,get_reservation_details,"{""summary"":""User Amelia Davis (ID amelia_davis_8890) wants to cancel reservation UDMOP1, which has a single passenger. Cancellation request does not meet policy criteria (booking older than 24 hrs, not business class, no insurance, flight not cancelled by airline). Unable to process cancellation.""}","{""reservation_id"":""4XGCCM""}",communication_only,entity_lookup,communication_only -> entity_lookup,True,,False,late,False,,1.0,1
C2_C1,gpt_oss_120b,airline,41,airline:41,read,3,3,True,True,True,7.0,0.7777777777777778,transfer_to_human_agents,get_reservation_details,"{""summary"":""User Amelia Davis (ID amelia_davis_8890) wants to cancel reservation UDMOP1, which has a single passenger. Cancellation request does not meet policy criteria (booking older than 24 hrs, not business class, no insurance, flight not cancelled by airline). Unable to process cancellation.""}","{""reservation_id"":""4XGCCM""}",communication_only,entity_lookup,communication_only -> entity_lookup,True,,False,late,False,,1.0,1
C2_C1,gpt_oss_120b,airline,41,airline:41,read,4,4,True,True,True,7.0,0.7777777777777778,transfer_to_human_agents,get_reservation_details,"{""summary"":""User Amelia Davis (ID amelia_davis_8890) wants to cancel reservation UDMOP1, which has a single passenger. Cancellation request does not meet policy criteria (booking older than 24 hrs, not business class, no insurance, flight not cancelled by airline). Unable to process cancellation.""}","{""reservation_id"":""4XGCCM""}",communication_only,entity_lookup,communication_only -> entity_lookup,True,,False,late,False,,1.0,1
C1_C1,gpt_oss_120b,airline,41,airline:41,read,0,1,True,True,True,6.0,0.75,get_reservation_details,transfer_to_human_agents,"{""reservation_id"":""I6M8JQ""}","{""summary"":""User Amelia Davis (ID amelia_davis_8890) wants to cancel reservation UDMOP1, which has a single passenger. Cancellation is not permitted under policy because the reservation is not within 24 hours, not a business class, and has no travel insurance. User requests cancellation of all single-passenger reservations.""}",entity_lookup,communication_only,entity_lookup -> communication_only,True,,False,late,False,,1.0,1
C1_C1,gpt_oss_120b,airline,41,airline:41,read,0,2,True,True,True,7.0,0.875,transfer_to_human_agents,get_reservation_details,"{""summary"":""User Amelia Davis (ID amelia_davis_8890) wants to cancel multiple reservations but they cannot be cancelled per policy; user requested transfer to a human agent.""}","{""reservation_id"":""4XGCCM""}",communication_only,entity_lookup,communication_only -> entity_lookup,True,,False,late,False,,1.0,1
C1_C1,gpt_oss_120b,airline,41,airline:41,read,0,3,True,True,True,7.0,0.7777777777777778,transfer_to_human_agents,get_reservation_details,"{""summary"":""User Amelia Davis (ID amelia_davis_8890) wants to cancel multiple reservations but they cannot be cancelled per policy; user requested transfer to a human agent.""}","{""reservation_id"":""4XGCCM""}",communication_only,entity_lookup,communication_only -> entity_lookup,True,,False,late,False,,1.0,1
C1_C1,gpt_oss_120b,airline,41,airline:41,read,0,4,True,True,True,7.0,0.7777777777777778,transfer_to_human_agents,get_reservation_details,"{""summary"":""User Amelia Davis (ID amelia_davis_8890) wants to cancel multiple reservations but they cannot be cancelled per policy; user requested transfer to a human agent.""}","{""reservation_id"":""4XGCCM""}",communication_only,entity_lookup,communication_only -> entity_lookup,True,,False,late,False,,1.0,1
C1_C1,gpt_oss_120b,airline,41,airline:41,read,1,2,True,True,True,6.0,0.75,transfer_to_human_agents,get_reservation_details,"{""summary"":""User Amelia Davis (ID amelia_davis_8890) wants to cancel reservation UDMOP1, which has a single passenger. Cancellation is not permitted under policy because the reservation is not within 24 hours, not a business class, and has no travel insurance. User requests cancellation of all single-passenger reservations.""}","{""reservation_id"":""I6M8JQ""}",communication_only,entity_lookup,communication_only -> entity_lookup,True,,False,late,False,,1.0,2
C1_C1,gpt_oss_120b,airline,41,airline:41,read,1,3,True,True,True,6.0,0.6666666666666666,transfer_to_human_agents,get_reservation_details,"{""summary"":""User Amelia Davis (ID amelia_davis_8890) wants to cancel reservation UDMOP1, which has a single passenger. Cancellation is not permitted under policy because the reservation is not within 24 hours, not a business class, and has no travel insurance. User requests cancellation of all single-passenger reservations.""}","{""reservation_id"":""I6M8JQ""}",communication_only,entity_lookup,communication_only -> entity_lookup,True,,False,late,False,,1.0,2
C1_C1,gpt_oss_120b,airline,41,airline:41,read,1,4,True,True,True,6.0,0.6666666666666666,transfer_to_human_agents,get_reservation_details,"{""summary"":""User Amelia Davis (ID amelia_davis_8890) wants to cancel reservation UDMOP1, which has a single passenger. Cancellation is not permitted under policy because the reservation is not within 24 hours, not a business class, and has no travel insurance. User requests cancellation of all single-passenger reservations.""}","{""reservation_id"":""I6M8JQ""}",communication_only,entity_lookup,communication_only -> entity_lookup,True,,False,late,False,,1.0,2
C1_C1,gpt_oss_120b,airline,41,airline:41,read,2,3,True,True,True,8.0,0.8888888888888888,<END>,transfer_to_human_agents,<END>,"{""summary"":""User Amelia Davis (ID amelia_davis_8890) wants to cancel all upcoming reservations that have only one passenger. Reservations identified: UDMOP1 (one passenger, basic economy, no insurance, flight dates 2024-05-28) and 4XGCCM (one passenger, business, flight dates 2024-05-03/04 already flown). According to policy, neither reservation meets cancellation criteria (no insurance, not business for UDMOP1, flight already flown for 4XGCCM). Unable to process cancellation, user needs human assistance.""}",<END>,communication_only,<END> -> communication_only,True,,False,late,False,,1.0,1
C1_C1,gpt_oss_120b,airline,41,airline:41,read,2,4,True,True,True,8.0,0.8888888888888888,<END>,transfer_to_human_agents,<END>,"{""summary"":""User Amelia Davis (ID amelia_davis_8890) wants to cancel all upcoming reservations that have only one passenger. Reservations identified: UDMOP1 (one passenger, basic economy, no insurance, flight dates 2024-05-28) and 4XGCCM (one passenger, business, flight dates 2024-05-03/04 already flown). According to policy, neither reservation meets cancellation criteria (no insurance, not business for UDMOP1, flight already flown for 4XGCCM). Unable to process cancellation, user needs human assistance.""}",<END>,communication_only,<END> -> communication_only,True,,False,late,False,,1.0,1
C1_C1,gpt_oss_120b,airline,41,airline:41,read,3,4,True,True,True,,1.0,<END>,<END>,<END>,<END>,<END>,<END>,<END> -> <END>,True,,False,late,False,,0.0,0
C2_C1,gpt_oss_120b,airline,42,airline:42,compound,0,0,False,True,False,6.0,0.75,get_reservation_details,cancel_reservation,"{""reservation_id"":""HTR26G""}","{""reservation_id"":""HSR97W""}",entity_lookup,write_mutation,entity_lookup -> write_mutation,False,,False,late,False,,1.0,2
C2_C1,gpt_oss_120b,airline,42,airline:42,compound,1,1,False,True,True,8.0,0.6666666666666666,<END>,search_direct_flight,<END>,"{""date"":""2024-05-21"",""destination"":""BOS"",""origin"":""JFK""}",<END>,retrieval_search,<END> -> retrieval_search,True,,False,late,False,,1.0,4
C2_C1,gpt_oss_120b,airline,42,airline:42,compound,2,2,False,True,False,8.0,0.8888888888888888,transfer_to_human_agents,cancel_reservation,"{""summary"":""User Sophia Martin (ID sophia_martin_4574) wants to cancel reservation 5BGGWZ (economy, created May 3) for reason 'I don't need the flight'. Cancellation not allowed under policy because reservation is not within 24h, not business class, and reason is not covered by insurance.""}","{""reservation_id"":""PUNERT""}",communication_only,write_mutation,communication_only -> write_mutation,False,,False,late,False,,1.0,1
C2_C1,gpt_oss_120b,airline,42,airline:42,compound,3,3,False,True,False,8.0,0.8888888888888888,transfer_to_human_agents,cancel_reservation,"{""summary"":""User Sophia Martin (ID sophia_martin_4574) wants to cancel reservation 5BGGWZ but cancellation is not allowed under policy; user requests to speak to a human agent.""}","{""reservation_id"":""PUNERT""}",communication_only,write_mutation,communication_only -> write_mutation,False,,False,late,False,,1.0,1
C2_C1,gpt_oss_120b,airline,42,airline:42,compound,4,4,False,True,False,8.0,0.8888888888888888,transfer_to_human_agents,cancel_reservation,"{""summary"":""User Sophia Martin (ID sophia_martin_4574) wants to cancel reservation 5BGGWZ but cancellation is not allowed under policy. User requests to speak to a human agent.""}","{""reservation_id"":""PUNERT""}",communication_only,write_mutation,communication_only -> write_mutation,False,,False,late,False,,1.0,1
C1_C1,gpt_oss_120b,airline,42,airline:42,compound,0,1,False,True,False,6.0,0.5,cancel_reservation,get_reservation_details,"{""reservation_id"":""HSR97W""}","{""reservation_id"":""HTR26G""}",write_mutation,entity_lookup,write_mutation -> entity_lookup,False,,False,middle,False,,1.0,6
C1_C1,gpt_oss_120b,airline,42,airline:42,compound,0,2,False,True,False,6.0,0.6666666666666666,cancel_reservation,get_reservation_details,"{""reservation_id"":""HSR97W""}","{""reservation_id"":""HTR26G""}",write_mutation,entity_lookup,write_mutation -> entity_lookup,False,,False,late,False,,1.0,2
C1_C1,gpt_oss_120b,airline,42,airline:42,compound,0,3,False,True,False,6.0,0.6666666666666666,cancel_reservation,get_reservation_details,"{""reservation_id"":""HSR97W""}","{""reservation_id"":""HTR26G""}",write_mutation,entity_lookup,write_mutation -> entity_lookup,False,,False,late,False,,1.0,2
C1_C1,gpt_oss_120b,airline,42,airline:42,compound,0,4,False,True,False,6.0,0.6666666666666666,cancel_reservation,get_reservation_details,"{""reservation_id"":""HSR97W""}","{""reservation_id"":""HTR26G""}",write_mutation,entity_lookup,write_mutation -> entity_lookup,False,,False,late,False,,1.0,2
C1_C1,gpt_oss_120b,airline,42,airline:42,compound,1,2,False,True,False,8.0,0.6666666666666666,search_direct_flight,cancel_reservation,"{""date"":""2024-05-21"",""destination"":""BOS"",""origin"":""JFK""}","{""reservation_id"":""PUNERT""}",retrieval_search,write_mutation,retrieval_search -> write_mutation,False,,False,late,False,,1.0,4
C1_C1,gpt_oss_120b,airline,42,airline:42,compound,1,3,False,True,False,8.0,0.6666666666666666,search_direct_flight,cancel_reservation,"{""date"":""2024-05-21"",""destination"":""BOS"",""origin"":""JFK""}","{""reservation_id"":""PUNERT""}",retrieval_search,write_mutation,retrieval_search -> write_mutation,False,,False,late,False,,1.0,4
C1_C1,gpt_oss_120b,airline,42,airline:42,compound,1,4,False,True,False,8.0,0.6666666666666666,search_direct_flight,cancel_reservation,"{""date"":""2024-05-21"",""destination"":""BOS"",""origin"":""JFK""}","{""reservation_id"":""PUNERT""}",retrieval_search,write_mutation,retrieval_search -> write_mutation,False,,False,late,False,,1.0,4
C1_C1,gpt_oss_120b,airline,42,airline:42,compound,2,3,False,True,True,,1.0,<END>,<END>,<END>,<END>,<END>,<END>,<END> -> <END>,False,,True,late,False,,0.0,0
C1_C1,gpt_oss_120b,airline,42,airline:42,compound,2,4,False,True,True,,1.0,<END>,<END>,<END>,<END>,<END>,<END>,<END> -> <END>,False,,True,late,False,,0.0,0
C1_C1,gpt_oss_120b,airline,42,airline:42,compound,3,4,False,True,True,,1.0,<END>,<END>,<END>,<END>,<END>,<END>,<END> -> <END>,False,,True,late,False,,0.0,0
C2_C1,gpt_oss_120b,airline,43,airline:43,read,0,0,True,True,True,,1.0,<END>,<END>,<END>,<END>,<END>,<END>,<END> -> <END>,True,,False,late,False,,0.0,0
C2_C1,gpt_oss_120b,airline,43,airline:43,read,1,1,True,True,True,5.0,0.7142857142857143,get_reservation_details,transfer_to_human_agents,"{""reservation_id"":""9HBUV8""}","{""summary"":""User Mohamed Hernandez (ID mohamed_hernandez_5188) wants to cancel reservation D1EW9B (ATL to JFK, basic economy, one-way) booked on 2024-05-04. Cancellation is outside the 24‑hour window, the flight is not business class, and no travel insurance was purchased, so the request does not meet the automatic cancellation criteria.""}",entity_lookup,communication_only,entity_lookup -> communication_only,True,,False,late,False,,1.0,1
C2_C1,gpt_oss_120b,airline,43,airline:43,read,2,2,True,True,True,5.0,0.7142857142857143,get_reservation_details,transfer_to_human_agents,"{""reservation_id"":""9HBUV8""}","{""summary"":""User mohamed_hernandez_5188 wants to cancel reservation D1EW9B (ATL to JFK on 2024-05-17) but policy does not allow cancellation (not within 24 hrs, not business, no insurance).""}",entity_lookup,communication_only,entity_lookup -> communication_only,True,,False,late,False,,1.0,1
C2_C1,gpt_oss_120b,airline,43,airline:43,read,3,3,True,True,True,5.0,0.7142857142857143,get_reservation_details,transfer_to_human_agents,"{""reservation_id"":""9HBUV8""}","{""summary"":""User Mohamed Hernandez (ID: mohamed_hernandez_5188) wants to cancel reservation D1EW9B (ATL to JFK on 2024-05-17, basic economy, no insurance). Cancellation is not eligible under policy (booking older than 24 hrs, not business, no insurance).""}",entity_lookup,communication_only,entity_lookup -> communication_only,True,,False,late,False,,1.0,1
C2_C1,gpt_oss_120b,airline,43,airline:43,read,4,4,True,True,True,5.0,0.7142857142857143,get_reservation_details,transfer_to_human_agents,"{""reservation_id"":""9HBUV8""}","{""summary"":""User Mohamed Hernandez (ID: mohamed_hernandez_5188) wants to cancel reservation D1EW9B (ATL to JFK on 2024-05-17, basic economy, no insurance). Cancellation is not eligible under policy (booking older than 24 hrs, not business, no insurance).""}",entity_lookup,communication_only,entity_lookup -> communication_only,True,,False,late,False,,1.0,1
C1_C1,gpt_oss_120b,airline,43,airline:43,read,0,1,True,True,True,5.0,0.7142857142857143,get_reservation_details,transfer_to_human_agents,"{""reservation_id"":""9HBUV8""}","{""summary"":""User Mohamed Hernandez (ID mohamed_hernandez_5188) wants to cancel reservation D1EW9B (ATL to JFK, basic economy, one-way) booked on 2024-05-04. Cancellation is outside the 24‑hour window, the flight is not business class, and no travel insurance was purchased, so the request does not meet the automatic cancellation criteria.""}",entity_lookup,communication_only,entity_lookup -> communication_only,True,,False,late,False,,1.0,1
C1_C1,gpt_oss_120b,airline,43,airline:43,read,0,2,True,True,True,5.0,0.7142857142857143,get_reservation_details,transfer_to_human_agents,"{""reservation_id"":""9HBUV8""}","{""summary"":""User mohamed_hernandez_5188 wants to cancel reservation D1EW9B (ATL to JFK on 2024-05-17) but policy does not allow cancellation (not within 24 hrs, not business, no insurance).""}",entity_lookup,communication_only,entity_lookup -> communication_only,True,,False,late,False,,1.0,1
C1_C1,gpt_oss_120b,airline,43,airline:43,read,0,3,True,True,True,5.0,0.7142857142857143,get_reservation_details,transfer_to_human_agents,"{""reservation_id"":""9HBUV8""}","{""summary"":""User Mohamed Hernandez (ID: mohamed_hernandez_5188) wants to cancel reservation D1EW9B (ATL to JFK on 2024-05-17, basic economy, no insurance). Cancellation is not eligible under policy (booking older than 24 hrs, not business, no insurance).""}",entity_lookup,communication_only,entity_lookup -> communication_only,True,,False,late,False,,1.0,1
C1_C1,gpt_oss_120b,airline,43,airline:43,read,0,4,True,True,True,5.0,0.7142857142857143,get_reservation_details,transfer_to_human_agents,"{""reservation_id"":""9HBUV8""}","{""summary"":""User Mohamed Hernandez (ID: mohamed_hernandez_5188) wants to cancel reservation D1EW9B (ATL to JFK on 2024-05-17, basic economy, no insurance). Cancellation is not eligible under policy (booking older than 24 hrs, not business, no insurance).""}",entity_lookup,communication_only,entity_lookup -> communication_only,True,,False,late,False,,1.0,1
C1_C1,gpt_oss_120b,airline,43,airline:43,read,1,2,True,True,True,,1.0,<END>,<END>,<END>,<END>,<END>,<END>,<END> -> <END>,True,,False,late,False,,0.0,0
C1_C1,gpt_oss_120b,airline,43,airline:43,read,1,3,True,True,True,,1.0,<END>,<END>,<END>,<END>,<END>,<END>,<END> -> <END>,True,,False,late,False,,0.0,0
C1_C1,gpt_oss_120b,airline,43,airline:43,read,1,4,True,True,True,,1.0,<END>,<END>,<END>,<END>,<END>,<END>,<END> -> <END>,True,,False,late,False,,0.0,0
C1_C1,gpt_oss_120b,airline,43,airline:43,read,2,3,True,True,True,,1.0,<END>,<END>,<END>,<END>,<END>,<END>,<END> -> <END>,True,,False,late,False,,0.0,0
C1_C1,gpt_oss_120b,airline,43,airline:43,read,2,4,True,True,True,,1.0,<END>,<END>,<END>,<END>,<END>,<END>,<END> -> <END>,True,,False,late,False,,0.0,0
C1_C1,gpt_oss_120b,airline,43,airline:43,read,3,4,True,True,True,,1.0,<END>,<END>,<END>,<END>,<END>,<END>,<END> -> <END>,True,,False,late,False,,0.0,0
C2_C1,gpt_oss_120b,airline,44,airline:44,compound,0,0,False,True,True,2.0,0.2,transfer_to_human_agents,get_reservation_details,"{""summary"":""User wants to cancel all future reservations with flights longer than 4 hours, but flight duration information is not available via current tools.""}","{""reservation_id"":""KC18K6""}",communication_only,entity_lookup,communication_only -> entity_lookup,True,,False,early,False,,1.0,8
C2_C1,gpt_oss_120b,airline,44,airline:44,compound,1,1,False,True,True,,1.0,<END>,<END>,<END>,<END>,<END>,<END>,<END> -> <END>,True,,False,late,False,,0.0,0
C2_C1,gpt_oss_120b,airline,44,airline:44,compound,2,2,False,True,True,6.0,0.6666666666666666,search_direct_flight,<END>,"{""date"":""2024-05-24"",""destination"":""ATL"",""origin"":""JFK""}",<END>,retrieval_search,<END>,retrieval_search -> <END>,True,,False,late,False,,1.0,3
C2_C1,gpt_oss_120b,airline,44,airline:44,compound,3,3,False,True,True,5.0,0.7142857142857143,get_reservation_details,transfer_to_human_agents,"{""reservation_id"":""WUNA5K""}","{""summary"":""User requests flight durations (including layovers) for reservations NM1VX1, KC18K6, S61CZX, and H8Q05L to determine which exceed 4 hours. System does not store flight time data, so cannot provide durations.""}",entity_lookup,communication_only,entity_lookup -> communication_only,True,,False,late,False,,1.0,2
C2_C1,gpt_oss_120b,airline,44,airline:44,compound,4,4,False,True,True,6.0,0.46153846153846156,<END>,search_direct_flight,<END>,"{""date"":""2024-05-25"",""destination"":""EWR"",""origin"":""MSP""}",<END>,retrieval_search,<END> -> retrieval_search,True,,False,middle,False,,1.0,7
C1_C1,gpt_oss_120b,airline,44,airline:44,compound,0,1,False,True,True,2.0,0.2,get_reservation_details,get_flight_status,"{""reservation_id"":""KC18K6""}","{""date"":""2024-05-25"",""flight_number"":""HAT300""}",entity_lookup,retrieval_search,entity_lookup -> retrieval_search,True,,False,early,False,,1.0,7
C1_C1,gpt_oss_120b,airline,44,airline:44,compound,0,2,False,True,True,5.0,0.5,get_flight_status,get_reservation_details,"{""date"":""2024-05-23"",""flight_number"":""HAT228""}","{""reservation_id"":""WUNA5K""}",retrieval_search,entity_lookup,retrieval_search -> entity_lookup,True,,False,middle,False,,1.0,5
C1_C1,gpt_oss_120b,airline,44,airline:44,compound,0,3,False,True,True,5.0,0.5,get_flight_status,transfer_to_human_agents,"{""date"":""2024-05-23"",""flight_number"":""HAT228""}","{""summary"":""User requests flight durations (including layovers) for reservations NM1VX1, KC18K6, S61CZX, and H8Q05L to determine which exceed 4 hours. System does not store flight time data, so cannot provide durations.""}",retrieval_search,communication_only,retrieval_search -> communication_only,True,,False,middle,False,,1.0,5
C1_C1,gpt_oss_120b,airline,44,airline:44,compound,0,4,False,True,True,5.0,0.38461538461538464,get_flight_status,get_reservation_details,"{""date"":""2024-05-23"",""flight_number"":""HAT228""}","{""reservation_id"":""WUNA5K""}",retrieval_search,entity_lookup,retrieval_search -> entity_lookup,True,,False,middle,True,0.46153846153846156,0.07692307692307693,4
C1_C1,gpt_oss_120b,airline,44,airline:44,compound,1,2,False,True,True,2.0,0.3333333333333333,get_flight_status,get_reservation_details,"{""date"":""2024-05-25"",""flight_number"":""HAT300""}","{""reservation_id"":""KC18K6""}",retrieval_search,entity_lookup,retrieval_search -> entity_lookup,True,,False,middle,False,,1.0,4
C1_C1,gpt_oss_120b,airline,44,airline:44,compound,1,3,False,True,True,2.0,0.3333333333333333,get_flight_status,get_reservation_details,"{""date"":""2024-05-25"",""flight_number"":""HAT300""}","{""reservation_id"":""KC18K6""}",retrieval_search,entity_lookup,retrieval_search -> entity_lookup,True,,False,middle,True,0.5,0.16666666666666669,3
C1_C1,gpt_oss_120b,airline,44,airline:44,compound,1,4,False,True,True,2.0,0.15384615384615385,get_flight_status,get_reservation_details,"{""date"":""2024-05-25"",""flight_number"":""HAT300""}","{""reservation_id"":""KC18K6""}",retrieval_search,entity_lookup,retrieval_search -> entity_lookup,True,,False,early,False,,1.0,11
C1_C1,gpt_oss_120b,airline,44,airline:44,compound,2,3,False,True,True,5.0,0.8333333333333334,get_reservation_details,transfer_to_human_agents,"{""reservation_id"":""WUNA5K""}","{""summary"":""User requests flight durations (including layovers) for reservations NM1VX1, KC18K6, S61CZX, and H8Q05L to determine which exceed 4 hours. System does not store flight time data, so cannot provide durations.""}",entity_lookup,communication_only,entity_lookup -> communication_only,True,,False,late,False,,1.0,1
C1_C1,gpt_oss_120b,airline,44,airline:44,compound,2,4,False,True,True,6.0,0.46153846153846156,<END>,search_direct_flight,<END>,"{""date"":""2024-05-25"",""destination"":""EWR"",""origin"":""MSP""}",<END>,retrieval_search,<END> -> retrieval_search,True,,False,middle,False,,1.0,7
C1_C1,gpt_oss_120b,airline,44,airline:44,compound,3,4,False,True,True,5.0,0.38461538461538464,transfer_to_human_agents,get_reservation_details,"{""summary"":""User requests flight durations (including layovers) for reservations NM1VX1, KC18K6, S61CZX, and H8Q05L to determine which exceed 4 hours. System does not store flight time data, so cannot provide durations.""}","{""reservation_id"":""WUNA5K""}",communication_only,entity_lookup,communication_only -> entity_lookup,True,,False,middle,False,,1.0,8
C2_C1,gpt_oss_120b,airline,7,airline:7,compound,0,0,False,True,False,1.0,0.14285714285714285,get_user_details,get_reservation_details,"{""user_id"":""daiki_muller_1116""}","{""reservation_id"":""59XX6W""}",entity_lookup,entity_lookup,entity_lookup -> entity_lookup,True,,False,early,True,0.5714285714285714,0.42857142857142855,4
C2_C1,gpt_oss_120b,airline,7,airline:7,compound,1,1,False,True,False,1.0,0.1,transfer_to_human_agents,get_reservation_details,"{""summary"":""User daiki_muller_1116 wants to cancel reservation XEHM4B (basic economy, no insurance, booked over 24 hrs ago) due to illness. Cancellation not allowed per policy.""}","{""reservation_id"":""59XX6W""}",communication_only,entity_lookup,communication_only -> entity_lookup,True,,False,early,False,,1.0,9
C2_C1,gpt_oss_120b,airline,7,airline:7,compound,2,2,False,True,False,0.0,0.0,get_user_details,get_reservation_details,"{""user_id"":""daiki_muller_1116""}","{""reservation_id"":""XEHM4B""}",entity_lookup,entity_lookup,entity_lookup -> entity_lookup,True,,False,early,False,,1.0,6
C2_C1,gpt_oss_120b,airline,7,airline:7,compound,3,3,False,True,True,0.0,0.0,get_user_details,get_reservation_details,"{""user_id"":""daiki_muller_1116""}","{""reservation_id"":""XEHM4B""}",entity_lookup,entity_lookup,entity_lookup -> entity_lookup,True,,False,early,False,,1.0,4
C2_C1,gpt_oss_120b,airline,7,airline:7,compound,4,4,False,True,True,0.0,0.0,get_user_details,get_reservation_details,"{""user_id"":""daiki_muller_1116""}","{""reservation_id"":""XEHM4B""}",entity_lookup,entity_lookup,entity_lookup -> entity_lookup,True,,False,early,True,0.2,0.2,3
C1_C1,gpt_oss_120b,airline,7,airline:7,compound,0,1,False,True,False,2.0,0.2,get_user_details,get_flight_status,"{""user_id"":""daiki_muller_1116""}","{""date"":""2024-05-20"",""flight_number"":""HAT005""}",entity_lookup,retrieval_search,entity_lookup -> retrieval_search,True,,False,early,False,,1.0,7
C1_C1,gpt_oss_120b,airline,7,airline:7,compound,0,2,False,True,True,1.0,0.14285714285714285,get_reservation_details,transfer_to_human_agents,"{""reservation_id"":""59XX6W""}","{""summary"":""User daiki_muller_1116 wants to cancel reservation XEHM4B (basic economy, round trip, no insurance) due to illness. According to policy, cancellation is not allowed because the reservation is not within 24 hrs, not a business class, and has no travel insurance. User also has reservation 59XX6W which we have not yet retrieved.""}",entity_lookup,communication_only,entity_lookup -> communication_only,True,,False,early,False,,1.0,5
C1_C1,gpt_oss_120b,airline,7,airline:7,compound,0,3,False,True,True,1.0,0.14285714285714285,get_reservation_details,transfer_to_human_agents,"{""reservation_id"":""59XX6W""}","{""summary"":""User daiki_muller_1116 wants to cancel reservation XEHM4B (basic economy, round trip, no insurance) due to illness. According to policy, cancellation is not allowed because the reservation is not within 24 hrs, not a business class, and has no travel insurance. User also has reservation 59XX6W which we have not yet retrieved.""}",entity_lookup,communication_only,entity_lookup -> communication_only,True,,False,early,False,,1.0,5
C1_C1,gpt_oss_120b,airline,7,airline:7,compound,0,4,False,True,True,1.0,0.14285714285714285,get_reservation_details,transfer_to_human_agents,"{""reservation_id"":""59XX6W""}","{""summary"":""User daiki_muller_1116 wants to cancel reservation XEHM4B (basic economy, round trip, no insurance) due to illness. According to policy, cancellation is not allowed because the reservation is not within 24 hrs, not a business class, and has no travel insurance. User also has reservation 59XX6W which we have not yet retrieved.""}",entity_lookup,communication_only,entity_lookup -> communication_only,True,,False,early,False,,1.0,5
C1_C1,gpt_oss_120b,airline,7,airline:7,compound,1,2,False,True,False,1.0,0.1,get_reservation_details,transfer_to_human_agents,"{""reservation_id"":""59XX6W""}","{""summary"":""User daiki_muller_1116 wants to cancel reservation XEHM4B (basic economy, round trip, no insurance) due to illness. According to policy, cancellation is not allowed because the reservation is not within 24 hrs, not a business class, and has no travel insurance. User also has reservation 59XX6W which we have not yet retrieved.""}",entity_lookup,communication_only,entity_lookup -> communication_only,True,,False,early,False,,1.0,9
C1_C1,gpt_oss_120b,airline,7,airline:7,compound,1,3,False,True,False,1.0,0.1,get_reservation_details,transfer_to_human_agents,"{""reservation_id"":""59XX6W""}","{""summary"":""User daiki_muller_1116 wants to cancel reservation XEHM4B (basic economy, round trip, no insurance) due to illness. According to policy, cancellation is not allowed because the reservation is not within 24 hrs, not a business class, and has no travel insurance. User also has reservation 59XX6W which we have not yet retrieved.""}",entity_lookup,communication_only,entity_lookup -> communication_only,True,,False,early,False,,1.0,9
C1_C1,gpt_oss_120b,airline,7,airline:7,compound,1,4,False,True,False,1.0,0.1,get_reservation_details,transfer_to_human_agents,"{""reservation_id"":""59XX6W""}","{""summary"":""User daiki_muller_1116 wants to cancel reservation XEHM4B (basic economy, round trip, no insurance) due to illness. According to policy, cancellation is not allowed because the reservation is not within 24 hrs, not a business class, and has no travel insurance. User also has reservation 59XX6W which we have not yet retrieved.""}",entity_lookup,communication_only,entity_lookup -> communication_only,True,,False,early,False,,1.0,9
C1_C1,gpt_oss_120b,airline,7,airline:7,compound,2,3,False,True,True,,1.0,<END>,<END>,<END>,<END>,<END>,<END>,<END> -> <END>,True,,False,late,False,,0.0,0
C1_C1,gpt_oss_120b,airline,7,airline:7,compound,2,4,False,True,True,,1.0,<END>,<END>,<END>,<END>,<END>,<END>,<END> -> <END>,True,,False,late,False,,0.0,0
C1_C1,gpt_oss_120b,airline,7,airline:7,compound,3,4,False,True,True,,1.0,<END>,<END>,<END>,<END>,<END>,<END>,<END> -> <END>,True,,False,late,False,,0.0,0
C2_C1,gpt_oss_120b,airline,8,airline:8,single,0,0,False,True,True,,1.0,<END>,<END>,<END>,<END>,<END>,<END>,<END> -> <END>,True,,False,late,False,,0.0,0
C2_C1,gpt_oss_120b,airline,8,airline:8,single,1,1,False,True,True,,1.0,<END>,<END>,<END>,<END>,<END>,<END>,<END> -> <END>,True,,False,late,False,,0.0,0
C2_C1,gpt_oss_120b,airline,8,airline:8,single,2,2,False,True,True,0.0,0.0,<END>,get_user_details,<END>,"{""user_id"":""sophia_silva_7557""}",<END>,entity_lookup,<END> -> entity_lookup,True,,False,early,False,,1.0,2
C2_C1,gpt_oss_120b,airline,8,airline:8,single,3,3,False,True,True,0.0,0.0,<END>,get_user_details,<END>,"{""user_id"":""sophia_silva_7557""}",<END>,entity_lookup,<END> -> entity_lookup,True,,False,early,False,,1.0,2
C2_C1,gpt_oss_120b,airline,8,airline:8,single,4,4,False,True,True,0.0,0.0,<END>,get_user_details,<END>,"{""user_id"":""sophia_silva_7557""}",<END>,entity_lookup,<END> -> entity_lookup,True,,False,early,False,,1.0,2
C1_C1,gpt_oss_120b,airline,8,airline:8,single,0,1,False,True,True,,1.0,<END>,<END>,<END>,<END>,<END>,<END>,<END> -> <END>,True,,False,late,False,,0.0,0
C1_C1,gpt_oss_120b,airline,8,airline:8,single,0,2,False,True,True,,1.0,<END>,<END>,<END>,<END>,<END>,<END>,<END> -> <END>,True,,False,late,False,,0.0,0
C1_C1,gpt_oss_120b,airline,8,airline:8,single,0,3,False,True,True,,1.0,<END>,<END>,<END>,<END>,<END>,<END>,<END> -> <END>,True,,False,late,False,,0.0,0
C1_C1,gpt_oss_120b,airline,8,airline:8,single,0,4,False,True,True,,1.0,<END>,<END>,<END>,<END>,<END>,<END>,<END> -> <END>,True,,False,late,False,,0.0,0
C1_C1,gpt_oss_120b,airline,8,airline:8,single,1,2,False,True,True,,1.0,<END>,<END>,<END>,<END>,<END>,<END>,<END> -> <END>,True,,False,late,False,,0.0,0
C1_C1,gpt_oss_120b,airline,8,airline:8,single,1,3,False,True,True,,1.0,<END>,<END>,<END>,<END>,<END>,<END>,<END> -> <END>,True,,False,late,False,,0.0,0
C1_C1,gpt_oss_120b,airline,8,airline:8,single,1,4,False,True,True,,1.0,<END>,<END>,<END>,<END>,<END>,<END>,<END> -> <END>,True,,False,late,False,,0.0,0
C1_C1,gpt_oss_120b,airline,8,airline:8,single,2,3,False,True,True,,1.0,<END>,<END>,<END>,<END>,<END>,<END>,<END> -> <END>,True,,False,late,False,,0.0,0
C1_C1,gpt_oss_120b,airline,8,airline:8,single,2,4,False,True,True,,1.0,<END>,<END>,<END>,<END>,<END>,<END>,<END> -> <END>,True,,False,late,False,,0.0,0
C1_C1,gpt_oss_120b,airline,8,airline:8,single,3,4,False,True,True,,1.0,<END>,<END>,<END>,<END>,<END>,<END>,<END> -> <END>,True,,False,late,False,,0.0,0
C2_C1,gpt_oss_120b,retail,10,retail:10,read,0,0,True,True,True,,1.0,<END>,<END>,<END>,<END>,<END>,<END>,<END> -> <END>,True,,False,late,False,,0.0,0
C2_C1,gpt_oss_120b,retail,10,retail:10,read,1,1,True,True,True,4.0,0.6666666666666666,return_delivered_order_items,transfer_to_human_agents,"{""item_ids"":[""4579334072"",""1421289881"",""6117189161"",""4947717507""],""order_id"":""#W5490111"",""payment_method_id"":""paypal_9497703""}","{""summary"":""User Mia Garcia wants to return all items from orders #W5490111 and #W7387996, but is upset about refund method restrictions and requests to speak with a human representative.""}",recovery_retry,communication_only,recovery_retry -> communication_only,True,,False,late,False,,1.0,1
C2_C1,gpt_oss_120b,retail,10,retail:10,read,2,2,True,True,True,,1.0,<END>,<END>,<END>,<END>,<END>,<END>,<END> -> <END>,True,,False,late,False,,0.0,0
C2_C1,gpt_oss_120b,retail,10,retail:10,read,3,3,True,True,True,,1.0,<END>,<END>,<END>,<END>,<END>,<END>,<END> -> <END>,True,,False,late,False,,0.0,0
C2_C1,gpt_oss_120b,retail,10,retail:10,read,4,4,True,True,True,,1.0,<END>,<END>,<END>,<END>,<END>,<END>,<END> -> <END>,True,,False,late,False,,0.0,0
C1_C1,gpt_oss_120b,retail,10,retail:10,read,0,1,True,True,True,,1.0,<END>,<END>,<END>,<END>,<END>,<END>,<END> -> <END>,True,,False,late,False,,0.0,0
C1_C1,gpt_oss_120b,retail,10,retail:10,read,0,2,True,True,True,,1.0,<END>,<END>,<END>,<END>,<END>,<END>,<END> -> <END>,True,,False,late,False,,0.0,0
C1_C1,gpt_oss_120b,retail,10,retail:10,read,0,3,True,True,True,,1.0,<END>,<END>,<END>,<END>,<END>,<END>,<END> -> <END>,True,,False,late,False,,0.0,0
C1_C1,gpt_oss_120b,retail,10,retail:10,read,0,4,True,True,True,,1.0,<END>,<END>,<END>,<END>,<END>,<END>,<END> -> <END>,True,,False,late,False,,0.0,0
C1_C1,gpt_oss_120b,retail,10,retail:10,read,1,2,True,True,True,,1.0,<END>,<END>,<END>,<END>,<END>,<END>,<END> -> <END>,True,,False,late,False,,0.0,0
C1_C1,gpt_oss_120b,retail,10,retail:10,read,1,3,True,True,True,,1.0,<END>,<END>,<END>,<END>,<END>,<END>,<END> -> <END>,True,,False,late,False,,0.0,0
C1_C1,gpt_oss_120b,retail,10,retail:10,read,1,4,True,True,True,,1.0,<END>,<END>,<END>,<END>,<END>,<END>,<END> -> <END>,True,,False,late,False,,0.0,0
C1_C1,gpt_oss_120b,retail,10,retail:10,read,2,3,True,True,True,,1.0,<END>,<END>,<END>,<END>,<END>,<END>,<END> -> <END>,True,,False,late,False,,0.0,0
C1_C1,gpt_oss_120b,retail,10,retail:10,read,2,4,True,True,True,,1.0,<END>,<END>,<END>,<END>,<END>,<END>,<END> -> <END>,True,,False,late,False,,0.0,0
C1_C1,gpt_oss_120b,retail,10,retail:10,read,3,4,True,True,True,,1.0,<END>,<END>,<END>,<END>,<END>,<END>,<END> -> <END>,True,,False,late,False,,0.0,0
C2_C1,gpt_oss_120b,retail,12,retail:12,read,0,0,True,True,True,,1.0,<END>,<END>,<END>,<END>,<END>,<END>,<END> -> <END>,True,,False,late,False,,0.0,0
C2_C1,gpt_oss_120b,retail,12,retail:12,read,1,1,True,True,True,,1.0,<END>,<END>,<END>,<END>,<END>,<END>,<END> -> <END>,True,,False,late,False,,0.0,0
C2_C1,gpt_oss_120b,retail,12,retail:12,read,2,2,True,True,True,,1.0,<END>,<END>,<END>,<END>,<END>,<END>,<END> -> <END>,True,,False,late,False,,0.0,0
C2_C1,gpt_oss_120b,retail,12,retail:12,read,3,3,True,True,True,,1.0,<END>,<END>,<END>,<END>,<END>,<END>,<END> -> <END>,True,,False,late,False,,0.0,0
C2_C1,gpt_oss_120b,retail,12,retail:12,read,4,4,True,True,True,,1.0,<END>,<END>,<END>,<END>,<END>,<END>,<END> -> <END>,True,,False,late,False,,0.0,0
C1_C1,gpt_oss_120b,retail,12,retail:12,read,0,1,True,True,True,,1.0,<END>,<END>,<END>,<END>,<END>,<END>,<END> -> <END>,True,,False,late,False,,0.0,0
C1_C1,gpt_oss_120b,retail,12,retail:12,read,0,2,True,True,True,,1.0,<END>,<END>,<END>,<END>,<END>,<END>,<END> -> <END>,True,,False,late,False,,0.0,0
C1_C1,gpt_oss_120b,retail,12,retail:12,read,0,3,True,True,True,,1.0,<END>,<END>,<END>,<END>,<END>,<END>,<END> -> <END>,True,,False,late,False,,0.0,0
C1_C1,gpt_oss_120b,retail,12,retail:12,read,0,4,True,True,True,,1.0,<END>,<END>,<END>,<END>,<END>,<END>,<END> -> <END>,True,,False,late,False,,0.0,0
C1_C1,gpt_oss_120b,retail,12,retail:12,read,1,2,True,True,True,,1.0,<END>,<END>,<END>,<END>,<END>,<END>,<END> -> <END>,True,,False,late,False,,0.0,0
C1_C1,gpt_oss_120b,retail,12,retail:12,read,1,3,True,True,True,,1.0,<END>,<END>,<END>,<END>,<END>,<END>,<END> -> <END>,True,,False,late,False,,0.0,0
C1_C1,gpt_oss_120b,retail,12,retail:12,read,1,4,True,True,True,,1.0,<END>,<END>,<END>,<END>,<END>,<END>,<END> -> <END>,True,,False,late,False,,0.0,0
C1_C1,gpt_oss_120b,retail,12,retail:12,read,2,3,True,True,True,,1.0,<END>,<END>,<END>,<END>,<END>,<END>,<END> -> <END>,True,,False,late,False,,0.0,0
C1_C1,gpt_oss_120b,retail,12,retail:12,read,2,4,True,True,True,,1.0,<END>,<END>,<END>,<END>,<END>,<END>,<END> -> <END>,True,,False,late,False,,0.0,0
C1_C1,gpt_oss_120b,retail,12,retail:12,read,3,4,True,True,True,,1.0,<END>,<END>,<END>,<END>,<END>,<END>,<END> -> <END>,True,,False,late,False,,0.0,0
C2_C1,gpt_oss_120b,retail,2,retail:2,single,0,0,False,True,True,3.0,0.3333333333333333,get_product_details,get_order_details,"{""product_id"":""9523456873""}","{""order_id"":""#W6247578""}",entity_lookup,entity_lookup,entity_lookup -> entity_lookup,True,,False,middle,True,0.4444444444444444,0.1111111111111111,2
C2_C1,gpt_oss_120b,retail,2,retail:2,single,1,1,False,False,True,0.0,0.0,find_user_id_by_name_zip,list_all_product_types,"{""first_name"":""Yusuf"",""last_name"":""Rossi"",""zip"":""19122""}",{},entity_lookup,retrieval_search,entity_lookup -> retrieval_search,True,,False,early,True,0.1,0.1,3
C2_C1,gpt_oss_120b,retail,2,retail:2,single,2,2,False,True,False,0.0,0.0,find_user_id_by_name_zip,list_all_product_types,"{""first_name"":""Yusuf"",""last_name"":""Rossi"",""zip"":""19122""}",{},entity_lookup,retrieval_search,entity_lookup -> retrieval_search,True,,False,early,True,0.1,0.1,3
C2_C1,gpt_oss_120b,retail,2,retail:2,single,3,3,False,True,False,0.0,0.0,find_user_id_by_name_zip,list_all_product_types,"{""first_name"":""Yusuf"",""last_name"":""Rossi"",""zip"":""19122""}",{},entity_lookup,retrieval_search,entity_lookup -> retrieval_search,True,,False,early,True,0.1,0.1,3
C2_C1,gpt_oss_120b,retail,2,retail:2,single,4,4,False,True,True,0.0,0.0,find_user_id_by_name_zip,list_all_product_types,"{""first_name"":""Yusuf"",""last_name"":""Rossi"",""zip"":""19122""}",{},entity_lookup,retrieval_search,entity_lookup -> retrieval_search,True,,False,early,True,0.1111111111111111,0.1111111111111111,4
C1_C1,gpt_oss_120b,retail,2,retail:2,single,0,1,False,True,False,0.0,0.0,find_user_id_by_name_zip,list_all_product_types,"{""first_name"":""Yusuf"",""last_name"":""Rossi"",""zip"":""19122""}",{},entity_lookup,retrieval_search,entity_lookup -> retrieval_search,True,,False,early,True,0.1,0.1,4
C1_C1,gpt_oss_120b,retail,2,retail:2,single,0,2,False,True,True,0.0,0.0,find_user_id_by_name_zip,list_all_product_types,"{""first_name"":""Yusuf"",""last_name"":""Rossi"",""zip"":""19122""}",{},entity_lookup,retrieval_search,entity_lookup -> retrieval_search,True,,False,early,True,0.1111111111111111,0.1111111111111111,3
C1_C1,gpt_oss_120b,retail,2,retail:2,single,0,3,False,True,False,0.0,0.0,find_user_id_by_name_zip,list_all_product_types,"{""first_name"":""Yusuf"",""last_name"":""Rossi"",""zip"":""19122""}",{},entity_lookup,retrieval_search,entity_lookup -> retrieval_search,True,,False,early,True,0.1,0.1,4
C1_C1,gpt_oss_120b,retail,2,retail:2,single,0,4,False,True,True,0.0,0.0,find_user_id_by_name_zip,list_all_product_types,"{""first_name"":""Yusuf"",""last_name"":""Rossi"",""zip"":""19122""}",{},entity_lookup,retrieval_search,entity_lookup -> retrieval_search,True,,False,early,True,0.1111111111111111,0.1111111111111111,4
C1_C1,gpt_oss_120b,retail,2,retail:2,single,1,2,False,True,False,9.0,0.9,return_delivered_order_items,<END>,"{""item_ids"":[""4602305039"",""4202497723"",""9408160950""],""order_id"":""#W2378156"",""payment_method_id"":""credit_card_9513926""}",<END>,write_mutation,<END>,write_mutation -> <END>,False,,False,late,False,,1.0,1
C1_C1,gpt_oss_120b,retail,2,retail:2,single,1,3,False,True,True,,1.0,<END>,<END>,<END>,<END>,<END>,<END>,<END> -> <END>,False,,True,late,False,,0.0,0
C1_C1,gpt_oss_120b,retail,2,retail:2,single,1,4,False,True,False,1.0,0.1,find_user_id_by_name_zip,get_product_details,"{""first_name"":""Yusuf"",""last_name"":""Rossi"",""zip"":""19122""}","{""product_id"":""9523456873""}",entity_lookup,entity_lookup,entity_lookup -> entity_lookup,True,,False,early,True,0.2,0.1,3
C1_C1,gpt_oss_120b,retail,2,retail:2,single,2,3,False,True,False,9.0,0.9,<END>,return_delivered_order_items,<END>,"{""item_ids"":[""4202497723"",""4602305039"",""9408160950""],""order_id"":""#W2378156"",""payment_method_id"":""credit_card_9513926""}",<END>,write_mutation,<END> -> write_mutation,False,,False,late,False,,1.0,1
C1_C1,gpt_oss_120b,retail,2,retail:2,single,2,4,False,True,True,1.0,0.1111111111111111,find_user_id_by_name_zip,get_product_details,"{""first_name"":""Yusuf"",""last_name"":""Rossi"",""zip"":""19122""}","{""product_id"":""9523456873""}",entity_lookup,entity_lookup,entity_lookup -> entity_lookup,True,,False,early,True,0.2222222222222222,0.1111111111111111,2
C1_C1,gpt_oss_120b,retail,2,retail:2,single,3,4,False,True,False,1.0,0.1,find_user_id_by_name_zip,get_product_details,"{""first_name"":""Yusuf"",""last_name"":""Rossi"",""zip"":""19122""}","{""product_id"":""9523456873""}",entity_lookup,entity_lookup,entity_lookup -> entity_lookup,True,,False,early,True,0.2,0.1,3
C2_C1,gpt_oss_120b,retail,20,retail:20,single,0,0,False,True,False,9.0,0.8181818181818182,<END>,get_product_details,<END>,"{""product_id"":""5149340237""}",<END>,entity_lookup,<END> -> entity_lookup,True,,False,late,False,,1.0,2
C2_C1,gpt_oss_120b,retail,20,retail:20,single,1,1,False,True,False,,1.0,<END>,<END>,<END>,<END>,<END>,<END>,<END> -> <END>,False,,True,late,False,,0.0,0
C2_C1,gpt_oss_120b,retail,20,retail:20,single,2,2,False,True,True,4.0,0.3076923076923077,get_product_details,get_order_details,"{""product_id"":""8310926033""}","{""order_id"":""#W5733668""}",entity_lookup,entity_lookup,entity_lookup -> entity_lookup,True,,False,early,True,0.38461538461538464,0.07692307692307693,4
C2_C1,gpt_oss_120b,retail,20,retail:20,single,3,3,False,True,True,,1.0,<END>,<END>,<END>,<END>,<END>,<END>,<END> -> <END>,False,,True,late,False,,0.0,0
C2_C1,gpt_oss_120b,retail,20,retail:20,single,4,4,False,True,True,,1.0,<END>,<END>,<END>,<END>,<END>,<END>,<END> -> <END>,False,,True,late,False,,0.0,0
C1_C1,gpt_oss_120b,retail,20,retail:20,single,0,1,False,True,False,9.0,0.8181818181818182,get_product_details,modify_pending_order_items,"{""product_id"":""5149340237""}","{""item_ids"":[""2366567022"",""1340995114"",""9791469541"",""1763705424""],""new_item_ids"":[""4579334072"",""1151293680"",""4153505238"",""5012998807""],""order_id"":""#W9911714"",""payment_method_id"":""gift_card_4332117""}",entity_lookup,write_mutation,entity_lookup -> write_mutation,False,,False,late,False,,1.0,1
C1_C1,gpt_oss_120b,retail,20,retail:20,single,0,2,False,True,True,9.0,0.6923076923076923,get_product_details,modify_pending_order_items,"{""product_id"":""5149340237""}","{""item_ids"":[""2366567022"",""1340995114"",""9791469541"",""1763705424""],""new_item_ids"":[""4579334072"",""1151293680"",""4153505238"",""2882812427""],""order_id"":""#W9911714"",""payment_method_id"":""gift_card_4332117""}",entity_lookup,write_mutation,entity_lookup -> write_mutation,False,,False,late,False,,1.0,4
C1_C1,gpt_oss_120b,retail,20,retail:20,single,0,3,False,True,True,9.0,0.8181818181818182,get_product_details,modify_pending_order_items,"{""product_id"":""5149340237""}","{""item_ids"":[""2366567022"",""1340995114"",""9791469541"",""1763705424""],""new_item_ids"":[""4579334072"",""1151293680"",""4153505238"",""2882812427""],""order_id"":""#W9911714"",""payment_method_id"":""gift_card_4332117""}",entity_lookup,write_mutation,entity_lookup -> write_mutation,False,,False,late,False,,1.0,1
C1_C1,gpt_oss_120b,retail,20,retail:20,single,0,4,False,True,True,9.0,0.8181818181818182,get_product_details,modify_pending_order_items,"{""product_id"":""5149340237""}","{""item_ids"":[""2366567022"",""1340995114"",""9791469541"",""1763705424""],""new_item_ids"":[""4579334072"",""1151293680"",""4153505238"",""2882812427""],""order_id"":""#W9911714"",""payment_method_id"":""gift_card_4332117""}",entity_lookup,write_mutation,entity_lookup -> write_mutation,False,,False,late,False,,1.0,1
C1_C1,gpt_oss_120b,retail,20,retail:20,single,1,2,False,True,False,10.0,0.7692307692307693,<END>,get_order_details,<END>,"{""order_id"":""#W4967593""}",<END>,recovery_retry,<END> -> recovery_retry,False,,True,late,False,,1.0,3
C1_C1,gpt_oss_120b,retail,20,retail:20,single,1,3,False,True,False,,1.0,<END>,<END>,<END>,<END>,<END>,<END>,<END> -> <END>,False,,True,late,False,,0.0,0
C1_C1,gpt_oss_120b,retail,20,retail:20,single,1,4,False,True,False,,1.0,<END>,<END>,<END>,<END>,<END>,<END>,<END> -> <END>,False,,True,late,False,,0.0,0
C1_C1,gpt_oss_120b,retail,20,retail:20,single,2,3,False,True,True,10.0,0.7692307692307693,get_order_details,<END>,"{""order_id"":""#W4967593""}",<END>,recovery_retry,<END>,recovery_retry -> <END>,False,,True,late,False,,1.0,3
C1_C1,gpt_oss_120b,retail,20,retail:20,single,2,4,False,True,True,10.0,0.7692307692307693,get_order_details,<END>,"{""order_id"":""#W4967593""}",<END>,recovery_retry,<END>,recovery_retry -> <END>,False,,True,late,False,,1.0,3
C1_C1,gpt_oss_120b,retail,20,retail:20,single,3,4,False,True,True,,1.0,<END>,<END>,<END>,<END>,<END>,<END>,<END> -> <END>,False,,True,late,False,,0.0,0
C2_C1,gpt_oss_120b,retail,21,retail:21,single,0,0,False,False,True,4.0,0.5,get_product_details,get_item_details,"{""product_id"":""6938111410""}","{""item_id"":""4107812777""}",entity_lookup,entity_lookup,entity_lookup -> entity_lookup,True,,False,middle,True,0.75,0.25,3
C2_C1,gpt_oss_120b,retail,21,retail:21,single,1,1,False,True,False,4.0,0.5,get_order_details,get_item_details,"{""order_id"":""#W5733668""}","{""item_id"":""4107812777""}",entity_lookup,entity_lookup,entity_lookup -> entity_lookup,True,,False,middle,False,,1.0,4
C2_C1,gpt_oss_120b,retail,21,retail:21,single,2,2,False,True,True,6.0,0.6666666666666666,transfer_to_human_agents,cancel_pending_order,"{""summary"":""User Ethan Garcia is unable to decide whether to cancel the pending order #W9911714 and reorder with a different keyboard item, or keep the order and place a separate new order. They repeatedly request the assistant to decide for them, but policy requires explicit user confirmation for actions. Transfer to human agent needed.""}","{""order_id"":""#W9911714"",""reason"":""ordered by mistake""}",post_write_verification,recovery_retry,post_write_verification -> recovery_retry,False,,True,late,False,,1.0,2
C2_C1,gpt_oss_120b,retail,21,retail:21,single,3,3,False,False,False,5.0,0.625,get_product_details,modify_pending_order_items,"{""product_id"":""1656367028""}","{""item_ids"":[""9791469541""],""new_item_ids"":[""4107812777""],""order_id"":""#W9911714"",""payment_method_id"":""gift_card_4332117""}",entity_lookup,write_mutation,entity_lookup -> write_mutation,False,,False,middle,False,,1.0,3
C2_C1,gpt_oss_120b,retail,21,retail:21,single,4,4,False,True,True,6.0,0.75,get_item_details,cancel_pending_order,"{""item_id"":""1421289881""}","{""order_id"":""#W9911714"",""reason"":""ordered by mistake""}",post_write_verification,recovery_retry,post_write_verification -> recovery_retry,False,,True,late,True,0.875,0.125,1
C1_C1,gpt_oss_120b,retail,21,retail:21,single,0,1,False,True,False,5.0,0.625,get_item_details,get_product_details,"{""item_id"":""1340995114""}","{""product_id"":""6938111410""}",entity_lookup,entity_lookup,entity_lookup -> entity_lookup,True,,False,middle,True,0.75,0.125,3
C1_C1,gpt_oss_120b,retail,21,retail:21,single,0,2,False,True,False,4.0,0.4444444444444444,get_item_details,get_product_details,"{""item_id"":""4107812777""}","{""product_id"":""6938111410""}",entity_lookup,entity_lookup,entity_lookup -> entity_lookup,True,,False,middle,True,0.5555555555555556,0.11111111111111116,5
C1_C1,gpt_oss_120b,retail,21,retail:21,single,0,3,False,True,False,4.0,0.5,get_item_details,get_product_details,"{""item_id"":""4107812777""}","{""product_id"":""6938111410""}",entity_lookup,entity_lookup,entity_lookup -> entity_lookup,True,,False,middle,True,0.625,0.125,4
C1_C1,gpt_oss_120b,retail,21,retail:21,single,0,4,False,True,False,4.0,0.5,get_item_details,get_product_details,"{""item_id"":""4107812777""}","{""product_id"":""6938111410""}",entity_lookup,entity_lookup,entity_lookup -> entity_lookup,True,,False,middle,True,0.625,0.125,4
C1_C1,gpt_oss_120b,retail,21,retail:21,single,1,2,False,True,True,4.0,0.4444444444444444,get_item_details,get_product_details,"{""item_id"":""4107812777""}","{""product_id"":""6938111410""}",entity_lookup,entity_lookup,entity_lookup -> entity_lookup,True,,False,middle,True,0.5555555555555556,0.11111111111111116,3
C1_C1,gpt_oss_120b,retail,21,retail:21,single,1,3,False,True,True,4.0,0.5,get_item_details,get_product_details,"{""item_id"":""4107812777""}","{""product_id"":""6938111410""}",entity_lookup,entity_lookup,entity_lookup -> entity_lookup,True,,False,middle,True,0.625,0.125,2
C1_C1,gpt_oss_120b,retail,21,retail:21,single,1,4,False,True,True,4.0,0.5,get_item_details,get_product_details,"{""item_id"":""4107812777""}","{""product_id"":""6938111410""}",entity_lookup,entity_lookup,entity_lookup -> entity_lookup,True,,False,middle,True,0.625,0.125,2
C1_C1,gpt_oss_120b,retail,21,retail:21,single,2,3,False,True,True,7.0,0.7777777777777778,get_order_details,transfer_to_human_agents,"{""order_id"":""#W9911714""}","{""summary"":""User Ethan Garcia wants to replace a Mechanical Keyboard (item ID 1656367028) with item ID 1421289881 in order #W9911714, but the order has already been modified once and cannot be cancelled. User requests transfer to a human agent for further assistance.""}",recovery_retry,post_write_verification,recovery_retry -> post_write_verification,False,,True,late,False,,1.0,1
C1_C1,gpt_oss_120b,retail,21,retail:21,single,2,4,False,True,True,7.0,0.7777777777777778,get_order_details,transfer_to_human_agents,"{""order_id"":""#W9911714""}","{""summary"":""User Ethan Garcia wants to create a new order after attempting to modify and cancel an existing pending order, but the system lacks a tool to create new orders. Transfer to human agent for order creation.""}",recovery_retry,post_write_verification,recovery_retry -> post_write_verification,False,,True,late,False,,1.0,1
C1_C1,gpt_oss_120b,retail,21,retail:21,single,3,4,False,True,True,,1.0,<END>,<END>,<END>,<END>,<END>,<END>,<END> -> <END>,False,,True,late,False,,0.0,0
C2_C1,gpt_oss_120b,retail,23,retail:23,compound,0,0,False,True,True,1.0,0.1111111111111111,get_order_details,get_user_details,"{""order_id"":""#12345""}","{""user_id"":""sofia_hernandez_5364""}",recovery_retry,entity_lookup,recovery_retry -> entity_lookup,True,,False,early,True,0.2222222222222222,0.1111111111111111,4
C2_C1,gpt_oss_120b,retail,23,retail:23,compound,1,1,False,True,True,6.0,0.46153846153846156,get_order_details,get_product_details,"{""order_id"":""#W9609649""}","{""product_id"":""5426915165""}",entity_lookup,entity_lookup,entity_lookup -> entity_lookup,True,,False,middle,True,0.5384615384615384,0.07692307692307687,3
C2_C1,gpt_oss_120b,retail,23,retail:23,compound,2,2,False,True,True,3.0,0.3,get_order_details,get_user_details,"{""order_id"":""#W0001234""}","{""user_id"":""sofia_hernandez_5364""}",recovery_retry,entity_lookup,recovery_retry -> entity_lookup,True,,False,early,True,0.4,0.10000000000000003,5
C2_C1,gpt_oss_120b,retail,23,retail:23,compound,3,3,False,True,True,5.0,0.5555555555555556,<END>,get_product_details,<END>,"{""product_id"":""6819683148""}",<END>,entity_lookup,<END> -> entity_lookup,True,,False,middle,False,,1.0,4
C2_C1,gpt_oss_120b,retail,23,retail:23,compound,4,4,False,False,False,9.0,0.6,get_order_details,get_product_details,"{""order_id"":""#W3947049""}","{""product_id"":""7765186836""}",entity_lookup,entity_lookup,entity_lookup -> entity_lookup,True,,False,middle,True,0.6666666666666666,0.06666666666666665,5
C1_C1,gpt_oss_120b,retail,23,retail:23,compound,0,1,False,True,True,1.0,0.1,get_user_details,get_order_details,"{""user_id"":""sofia_hernandez_5364""}","{""order_id"":""#12345""}",entity_lookup,recovery_retry,entity_lookup -> recovery_retry,True,,False,early,True,0.2,0.1,3
C1_C1,gpt_oss_120b,retail,23,retail:23,compound,0,2,False,True,True,1.0,0.1,get_user_details,get_order_details,"{""user_id"":""sofia_hernandez_5364""}","{""order_id"":""#12345""}",entity_lookup,recovery_retry,entity_lookup -> recovery_retry,True,,False,early,True,0.2,0.1,3
C1_C1,gpt_oss_120b,retail,23,retail:23,compound,0,3,False,True,True,1.0,0.1111111111111111,get_user_details,get_order_details,"{""user_id"":""sofia_hernandez_5364""}","{""order_id"":""#123456789""}",entity_lookup,recovery_retry,entity_lookup -> recovery_retry,True,,False,early,True,0.2222222222222222,0.1111111111111111,3
C1_C1,gpt_oss_120b,retail,23,retail:23,compound,0,4,False,False,False,1.0,0.06666666666666667,get_user_details,get_order_details,"{""user_id"":""sofia_hernandez_5364""}","{""order_id"":""#12345""}",entity_lookup,recovery_retry,entity_lookup -> recovery_retry,True,,False,early,True,0.13333333333333333,0.06666666666666667,8
C1_C1,gpt_oss_120b,retail,23,retail:23,compound,1,2,False,True,True,6.0,0.6,get_product_details,get_order_details,"{""product_id"":""5426915165""}","{""order_id"":""#W9609649""}",entity_lookup,entity_lookup,entity_lookup -> entity_lookup,True,,False,middle,True,0.8,0.20000000000000007,2
C1_C1,gpt_oss_120b,retail,23,retail:23,compound,1,3,False,True,True,5.0,0.5,get_order_details,get_product_details,"{""order_id"":""#W6876713""}","{""product_id"":""6819683148""}",entity_lookup,entity_lookup,entity_lookup -> entity_lookup,True,,False,middle,True,0.6,0.09999999999999998,3
C1_C1,gpt_oss_120b,retail,23,retail:23,compound,1,4,False,False,False,3.0,0.2,get_user_details,get_order_details,"{""user_id"":""sofia_hernandez_5364""}","{""order_id"":""#W0000678""}",entity_lookup,recovery_retry,entity_lookup -> recovery_retry,True,,False,early,True,0.26666666666666666,0.06666666666666665,7
C1_C1,gpt_oss_120b,retail,23,retail:23,compound,2,3,False,True,True,5.0,0.5,get_order_details,get_product_details,"{""order_id"":""#W6876713""}","{""product_id"":""6819683148""}",entity_lookup,entity_lookup,entity_lookup -> entity_lookup,True,,False,middle,True,0.6,0.09999999999999998,2
C1_C1,gpt_oss_120b,retail,23,retail:23,compound,2,4,False,False,False,3.0,0.2,get_user_details,get_order_details,"{""user_id"":""sofia_hernandez_5364""}","{""order_id"":""#W0000678""}",entity_lookup,recovery_retry,entity_lookup -> recovery_retry,True,,False,early,True,0.26666666666666666,0.06666666666666665,6
C1_C1,gpt_oss_120b,retail,23,retail:23,compound,3,4,False,False,False,3.0,0.2,get_user_details,get_order_details,"{""user_id"":""sofia_hernandez_5364""}","{""order_id"":""#W0000678""}",entity_lookup,recovery_retry,entity_lookup -> recovery_retry,True,,False,early,True,0.26666666666666666,0.06666666666666665,7
C2_C1,gpt_oss_120b,retail,25,retail:25,read,0,0,True,True,True,3.0,0.5,get_order_details,get_user_details,"{""order_id"":""#W7181492""}","{""user_id"":""isabella_johansson_2152""}",entity_lookup,recovery_retry,entity_lookup -> recovery_retry,True,,False,middle,False,,1.0,3
C2_C1,gpt_oss_120b,retail,25,retail:25,read,1,1,True,True,True,3.0,0.5,transfer_to_human_agents,get_order_details,"{""summary"":""User Isabella Johansson wants to speak to a human agent regarding a returned order #W3792453 and refund to a different payment method.""}","{""order_id"":""#W7181492""}",communication_only,entity_lookup,communication_only -> entity_lookup,True,,False,middle,False,,1.0,3
C2_C1,gpt_oss_120b,retail,25,retail:25,read,2,2,True,True,True,3.0,0.5,get_user_details,get_order_details,"{""user_id"":""isabella_johansson_2152""}","{""order_id"":""#W7181492""}",recovery_retry,entity_lookup,recovery_retry -> entity_lookup,True,,False,middle,True,0.6666666666666666,0.16666666666666663,2
C2_C1,gpt_oss_120b,retail,25,retail:25,read,3,3,True,True,True,3.0,0.5,get_user_details,get_order_details,"{""user_id"":""isabella_johansson_2152""}","{""order_id"":""#W7181492""}",recovery_retry,entity_lookup,recovery_retry -> entity_lookup,True,,False,middle,True,0.6666666666666666,0.16666666666666663,2
C2_C1,gpt_oss_120b,retail,25,retail:25,read,4,4,True,True,True,6.0,0.8571428571428571,<END>,transfer_to_human_agents,<END>,"{""summary"":""User Isabella Johansson wants to return the skateboard (item ID 4293355847) from order #W3792453 and receive a refund to her Amex credit card, but she does not know the payment method ID and requests a human agent.""}",<END>,communication_only,<END> -> communication_only,True,,False,late,False,,1.0,1
C1_C1,gpt_oss_120b,retail,25,retail:25,read,0,1,True,True,True,3.0,0.5,get_user_details,get_order_details,"{""user_id"":""isabella_johansson_2152""}","{""order_id"":""#W7181492""}",recovery_retry,entity_lookup,recovery_retry -> entity_lookup,True,,False,middle,False,,1.0,3
C1_C1,gpt_oss_120b,retail,25,retail:25,read,0,2,True,True,True,3.0,0.5,get_user_details,get_order_details,"{""user_id"":""isabella_johansson_2152""}","{""order_id"":""#W7181492""}",recovery_retry,entity_lookup,recovery_retry -> entity_lookup,True,,False,middle,False,,1.0,3
C1_C1,gpt_oss_120b,retail,25,retail:25,read,0,3,True,True,True,3.0,0.5,get_user_details,get_order_details,"{""user_id"":""isabella_johansson_2152""}","{""order_id"":""#W7181492""}",recovery_retry,entity_lookup,recovery_retry -> entity_lookup,True,,False,middle,False,,1.0,3
C1_C1,gpt_oss_120b,retail,25,retail:25,read,0,4,True,True,True,4.0,0.5714285714285714,calculate,get_order_details,"{""expression"":""96.35 + 193.38 + 473.48 + 238.64""}","{""order_id"":""#W7181492""}",communication_only,entity_lookup,communication_only -> entity_lookup,True,,False,middle,False,,1.0,3
C1_C1,gpt_oss_120b,retail,25,retail:25,read,1,2,True,True,True,5.0,0.8333333333333334,get_user_details,transfer_to_human_agents,"{""user_id"":""isabella_johansson_2152""}","{""summary"":""User wants to add a new Amex credit card payment method to their account, which is not supported by the retail agent tools.""}",recovery_retry,communication_only,recovery_retry -> communication_only,True,,False,late,False,,1.0,1
C1_C1,gpt_oss_120b,retail,25,retail:25,read,1,3,True,True,True,5.0,0.8333333333333334,get_user_details,transfer_to_human_agents,"{""user_id"":""isabella_johansson_2152""}","{""summary"":""User Isabella Johansson wants a refund to an Amex credit card that is not on file. No payment method ID for Amex is available in the system, and there is no tool to add a new payment method. Need human assistance to add the credit card and process the refund.""}",recovery_retry,communication_only,recovery_retry -> communication_only,True,,False,late,False,,1.0,1
C1_C1,gpt_oss_120b,retail,25,retail:25,read,1,4,True,True,True,3.0,0.42857142857142855,get_order_details,get_user_details,"{""order_id"":""#W7181492""}","{""user_id"":""isabella_johansson_2152""}",entity_lookup,recovery_retry,entity_lookup -> recovery_retry,True,,False,middle,True,0.5714285714285714,0.14285714285714285,2
C1_C1,gpt_oss_120b,retail,25,retail:25,read,2,3,True,True,True,,1.0,<END>,<END>,<END>,<END>,<END>,<END>,<END> -> <END>,True,,False,late,False,,0.0,0
C1_C1,gpt_oss_120b,retail,25,retail:25,read,2,4,True,True,True,3.0,0.42857142857142855,get_order_details,get_user_details,"{""order_id"":""#W7181492""}","{""user_id"":""isabella_johansson_2152""}",entity_lookup,recovery_retry,entity_lookup -> recovery_retry,True,,False,middle,True,0.5714285714285714,0.14285714285714285,1
C1_C1,gpt_oss_120b,retail,25,retail:25,read,3,4,True,True,True,3.0,0.42857142857142855,get_order_details,get_user_details,"{""order_id"":""#W7181492""}","{""user_id"":""isabella_johansson_2152""}",entity_lookup,recovery_retry,entity_lookup -> recovery_retry,True,,False,middle,True,0.5714285714285714,0.14285714285714285,1
C2_C1,gpt_oss_120b,retail,26,retail:26,single,0,0,False,True,True,3.0,0.6,get_order_details,<END>,"{""order_id"":""#W7181492""}",<END>,entity_lookup,<END>,entity_lookup -> <END>,True,,False,middle,False,,1.0,2
C2_C1,gpt_oss_120b,retail,26,retail:26,single,1,1,False,True,True,4.0,0.8,<END>,get_order_details,<END>,"{""order_id"":""#W5565470""}",<END>,entity_lookup,<END> -> entity_lookup,True,,False,late,False,,1.0,1
C2_C1,gpt_oss_120b,retail,26,retail:26,single,2,2,False,True,True,4.0,0.8,<END>,get_order_details,<END>,"{""order_id"":""#W5565470""}",<END>,entity_lookup,<END> -> entity_lookup,True,,False,late,False,,1.0,1
C2_C1,gpt_oss_120b,retail,26,retail:26,single,3,3,False,True,False,3.0,0.5,get_order_details,<END>,"{""order_id"":""#W7181492""}",<END>,entity_lookup,<END>,entity_lookup -> <END>,True,,False,middle,False,,1.0,3
C2_C1,gpt_oss_120b,retail,26,retail:26,single,4,4,False,True,True,,1.0,<END>,<END>,<END>,<END>,<END>,<END>,<END> -> <END>,True,,False,late,False,,0.0,0
C1_C1,gpt_oss_120b,retail,26,retail:26,single,0,1,False,True,True,3.0,0.6,<END>,get_order_details,<END>,"{""order_id"":""#W7181492""}",<END>,entity_lookup,<END> -> entity_lookup,True,,False,middle,False,,1.0,2
C1_C1,gpt_oss_120b,retail,26,retail:26,single,0,2,False,True,True,3.0,0.6,<END>,get_order_details,<END>,"{""order_id"":""#W7181492""}",<END>,entity_lookup,<END> -> entity_lookup,True,,False,middle,False,,1.0,2
C1_C1,gpt_oss_120b,retail,26,retail:26,single,0,3,False,True,True,,1.0,<END>,<END>,<END>,<END>,<END>,<END>,<END> -> <END>,True,,False,late,False,,0.0,0
C1_C1,gpt_oss_120b,retail,26,retail:26,single,0,4,False,True,True,,1.0,<END>,<END>,<END>,<END>,<END>,<END>,<END> -> <END>,True,,False,late,False,,0.0,0
C1_C1,gpt_oss_120b,retail,26,retail:26,single,1,2,False,True,True,,1.0,<END>,<END>,<END>,<END>,<END>,<END>,<END> -> <END>,True,,False,late,False,,0.0,0
C1_C1,gpt_oss_120b,retail,26,retail:26,single,1,3,False,True,True,3.0,0.6,get_order_details,<END>,"{""order_id"":""#W7181492""}",<END>,entity_lookup,<END>,entity_lookup -> <END>,True,,False,middle,False,,1.0,2
C1_C1,gpt_oss_120b,retail,26,retail:26,single,1,4,False,True,True,3.0,0.6,get_order_details,<END>,"{""order_id"":""#W7181492""}",<END>,entity_lookup,<END>,entity_lookup -> <END>,True,,False,middle,False,,1.0,2
C1_C1,gpt_oss_120b,retail,26,retail:26,single,2,3,False,True,True,3.0,0.6,get_order_details,<END>,"{""order_id"":""#W7181492""}",<END>,entity_lookup,<END>,entity_lookup -> <END>,True,,False,middle,False,,1.0,2
C1_C1,gpt_oss_120b,retail,26,retail:26,single,2,4,False,True,True,3.0,0.6,get_order_details,<END>,"{""order_id"":""#W7181492""}",<END>,entity_lookup,<END>,entity_lookup -> <END>,True,,False,middle,False,,1.0,2
C1_C1,gpt_oss_120b,retail,26,retail:26,single,3,4,False,True,True,,1.0,<END>,<END>,<END>,<END>,<END>,<END>,<END> -> <END>,True,,False,late,False,,0.0,0
C2_C1,gpt_oss_120b,retail,3,retail:3,single,0,0,False,False,False,0.0,0.0,find_user_id_by_name_zip,list_all_product_types,"{""first_name"":""Yusuf"",""last_name"":""Rossi"",""zip"":""19122""}",{},entity_lookup,retrieval_search,entity_lookup -> retrieval_search,True,,False,early,True,0.125,0.125,5
C2_C1,gpt_oss_120b,retail,3,retail:3,single,1,1,False,True,True,0.0,0.0,find_user_id_by_name_zip,list_all_product_types,"{""first_name"":""Yusuf"",""last_name"":""Rossi"",""zip"":""19122""}",{},entity_lookup,retrieval_search,entity_lookup -> retrieval_search,True,,False,early,True,0.1111111111111111,0.1111111111111111,6
C2_C1,gpt_oss_120b,retail,3,retail:3,single,2,2,False,True,True,0.0,0.0,find_user_id_by_name_zip,list_all_product_types,"{""first_name"":""Yusuf"",""last_name"":""Rossi"",""zip"":""19122""}",{},entity_lookup,retrieval_search,entity_lookup -> retrieval_search,True,,False,early,True,0.1111111111111111,0.1111111111111111,6
C2_C1,gpt_oss_120b,retail,3,retail:3,single,3,3,False,True,False,0.0,0.0,find_user_id_by_name_zip,list_all_product_types,"{""first_name"":""Yusuf"",""last_name"":""Rossi"",""zip"":""19122""}",{},entity_lookup,retrieval_search,entity_lookup -> retrieval_search,True,,False,early,True,0.125,0.125,5
C2_C1,gpt_oss_120b,retail,3,retail:3,single,4,4,False,True,False,0.0,0.0,find_user_id_by_name_zip,list_all_product_types,"{""first_name"":""Yusuf"",""last_name"":""Rossi"",""zip"":""19122""}",{},entity_lookup,retrieval_search,entity_lookup -> retrieval_search,True,,False,early,True,0.1111111111111111,0.1111111111111111,6
C1_C1,gpt_oss_120b,retail,3,retail:3,single,0,1,False,True,True,3.0,0.6,get_user_details,get_order_details,"{""user_id"":""yusuf_rossi_9620""}","{""order_id"":""#W123456789""}",entity_lookup,recovery_retry,entity_lookup -> recovery_retry,True,,False,middle,False,,1.0,2
C1_C1,gpt_oss_120b,retail,3,retail:3,single,0,2,False,True,True,3.0,0.6,get_user_details,get_order_details,"{""user_id"":""yusuf_rossi_9620""}","{""order_id"":""#W123456789""}",entity_lookup,recovery_retry,entity_lookup -> recovery_retry,True,,False,middle,False,,1.0,1
C1_C1,gpt_oss_120b,retail,3,retail:3,single,0,3,False,True,True,3.0,0.6,get_user_details,get_order_details,"{""user_id"":""yusuf_rossi_9620""}","{""order_id"":""#W123456789""}",entity_lookup,recovery_retry,entity_lookup -> recovery_retry,True,,False,middle,False,,1.0,1
C1_C1,gpt_oss_120b,retail,3,retail:3,single,0,4,False,True,True,,1.0,<END>,<END>,<END>,<END>,<END>,<END>,<END> -> <END>,True,,False,late,False,,0.0,0
C1_C1,gpt_oss_120b,retail,3,retail:3,single,1,2,False,True,True,4.0,0.8,get_user_details,<END>,"{""user_id"":""yusuf_rossi_9620""}",<END>,entity_lookup,<END>,entity_lookup -> <END>,True,,False,late,False,,1.0,1
C1_C1,gpt_oss_120b,retail,3,retail:3,single,1,3,False,True,True,4.0,0.8,get_user_details,<END>,"{""user_id"":""yusuf_rossi_9620""}",<END>,entity_lookup,<END>,entity_lookup -> <END>,True,,False,late,False,,1.0,1
C1_C1,gpt_oss_120b,retail,3,retail:3,single,1,4,False,True,True,3.0,0.6,get_order_details,get_user_details,"{""order_id"":""#W123456789""}","{""user_id"":""yusuf_rossi_9620""}",recovery_retry,entity_lookup,recovery_retry -> entity_lookup,True,,False,middle,False,,1.0,2
C1_C1,gpt_oss_120b,retail,3,retail:3,single,2,3,False,True,True,,1.0,<END>,<END>,<END>,<END>,<END>,<END>,<END> -> <END>,True,,False,late,False,,0.0,0
C1_C1,gpt_oss_120b,retail,3,retail:3,single,2,4,False,True,True,3.0,0.6,get_order_details,get_user_details,"{""order_id"":""#W123456789""}","{""user_id"":""yusuf_rossi_9620""}",recovery_retry,entity_lookup,recovery_retry -> entity_lookup,True,,False,middle,False,,1.0,1
C1_C1,gpt_oss_120b,retail,3,retail:3,single,3,4,False,True,True,3.0,0.6,get_order_details,get_user_details,"{""order_id"":""#W123456789""}","{""user_id"":""yusuf_rossi_9620""}",recovery_retry,entity_lookup,recovery_retry -> entity_lookup,True,,False,middle,False,,1.0,1
C2_C1,gpt_oss_120b,retail,30,retail:30,compound,0,0,False,True,False,6.0,0.6,return_delivered_order_items,exchange_delivered_order_items,"{""item_ids"":[""3788616824""],""order_id"":""#W2692684"",""payment_method_id"":""gift_card_7711863""}","{""item_ids"":[""3788616824""],""new_item_ids"":[""6948061616""],""order_id"":""#W2692684"",""payment_method_id"":""gift_card_7711863""}",write_mutation,write_mutation,write_mutation -> write_mutation,False,,False,middle,True,0.7,0.09999999999999998,2
C2_C1,gpt_oss_120b,retail,30,retail:30,compound,1,1,False,True,False,6.0,0.6666666666666666,return_delivered_order_items,exchange_delivered_order_items,"{""item_ids"":[""3788616824""],""order_id"":""#W2692684"",""payment_method_id"":""gift_card_7711863""}","{""item_ids"":[""3788616824""],""new_item_ids"":[""6948061616""],""order_id"":""#W2692684"",""payment_method_id"":""gift_card_7711863""}",write_mutation,write_mutation,write_mutation -> write_mutation,False,,False,late,True,0.7777777777777778,0.11111111111111116,1
C2_C1,gpt_oss_120b,retail,30,retail:30,compound,2,2,False,True,False,6.0,0.5454545454545454,return_delivered_order_items,<END>,"{""item_ids"":[""3788616824""],""order_id"":""#W2692684"",""payment_method_id"":""gift_card_7711863""}",<END>,write_mutation,<END>,write_mutation -> <END>,False,,False,middle,False,,1.0,5
C2_C1,gpt_oss_120b,retail,30,retail:30,compound,3,3,False,False,False,6.0,0.5,return_delivered_order_items,exchange_delivered_order_items,"{""item_ids"":[""3788616824""],""order_id"":""#W2692684"",""payment_method_id"":""gift_card_7711863""}","{""item_ids"":[""3788616824""],""new_item_ids"":[""2235648106""],""order_id"":""#W2692684"",""payment_method_id"":""credit_card_0000000""}",write_mutation,recovery_retry,write_mutation -> recovery_retry,False,,False,middle,False,,1.0,6
C2_C1,gpt_oss_120b,retail,30,retail:30,compound,4,4,False,True,False,6.0,0.6666666666666666,return_delivered_order_items,exchange_delivered_order_items,"{""item_ids"":[""3788616824""],""order_id"":""#W2692684"",""payment_method_id"":""gift_card_7711863""}","{""item_ids"":[""3788616824""],""new_item_ids"":[""6948061616""],""order_id"":""#W2692684"",""payment_method_id"":""gift_card_7711863""}",write_mutation,write_mutation,write_mutation -> write_mutation,False,,False,late,True,0.7777777777777778,0.11111111111111116,3
C1_C1,gpt_oss_120b,retail,30,retail:30,compound,0,1,False,True,False,7.0,0.7777777777777778,get_order_details,cancel_pending_order,"{""order_id"":""#W5481803""}","{""order_id"":""#W9373487"",""reason"":""ordered by mistake""}",post_write_verification,write_mutation,post_write_verification -> write_mutation,False,,True,late,False,,1.0,2
C1_C1,gpt_oss_120b,retail,30,retail:30,compound,0,2,False,True,False,6.0,0.6666666666666666,exchange_delivered_order_items,<END>,"{""item_ids"":[""3788616824""],""new_item_ids"":[""6948061616""],""order_id"":""#W2692684"",""payment_method_id"":""gift_card_7711863""}",<END>,write_mutation,<END>,write_mutation -> <END>,False,,False,late,False,,1.0,3
C1_C1,gpt_oss_120b,retail,30,retail:30,compound,0,3,False,True,False,7.0,0.7777777777777778,get_order_details,get_user_details,"{""order_id"":""#W5481803""}","{""user_id"":""olivia_lopez_3865""}",post_write_verification,recovery_retry,post_write_verification -> recovery_retry,False,,True,late,False,,1.0,2
C1_C1,gpt_oss_120b,retail,30,retail:30,compound,0,4,False,True,False,7.0,0.7777777777777778,get_order_details,cancel_pending_order,"{""order_id"":""#W5481803""}","{""order_id"":""#W9373487"",""reason"":""ordered by mistake""}",post_write_verification,write_mutation,post_write_verification -> write_mutation,False,,True,late,False,,1.0,2
C1_C1,gpt_oss_120b,retail,30,retail:30,compound,1,2,False,True,False,6.0,0.6666666666666666,exchange_delivered_order_items,<END>,"{""item_ids"":[""3788616824""],""new_item_ids"":[""6948061616""],""order_id"":""#W2692684"",""payment_method_id"":""gift_card_7711863""}",<END>,write_mutation,<END>,write_mutation -> <END>,False,,False,late,False,,1.0,3
C1_C1,gpt_oss_120b,retail,30,retail:30,compound,1,3,False,True,False,7.0,0.7777777777777778,cancel_pending_order,get_user_details,"{""order_id"":""#W9373487"",""reason"":""ordered by mistake""}","{""user_id"":""olivia_lopez_3865""}",write_mutation,recovery_retry,write_mutation -> recovery_retry,False,,True,late,False,,1.0,2
C1_C1,gpt_oss_120b,retail,30,retail:30,compound,1,4,False,True,True,,1.0,<END>,<END>,<END>,<END>,<END>,<END>,<END> -> <END>,False,,True,late,False,,0.0,0
C1_C1,gpt_oss_120b,retail,30,retail:30,compound,2,3,False,True,True,6.0,0.6666666666666666,<END>,exchange_delivered_order_items,<END>,"{""item_ids"":[""3788616824""],""new_item_ids"":[""2235648106""],""order_id"":""#W2692684"",""payment_method_id"":""credit_card_0000000""}",<END>,recovery_retry,<END> -> recovery_retry,True,,False,late,False,,1.0,3
C1_C1,gpt_oss_120b,retail,30,retail:30,compound,2,4,False,True,False,6.0,0.6666666666666666,<END>,exchange_delivered_order_items,<END>,"{""item_ids"":[""3788616824""],""new_item_ids"":[""6948061616""],""order_id"":""#W2692684"",""payment_method_id"":""gift_card_7711863""}",<END>,write_mutation,<END> -> write_mutation,False,,False,late,False,,1.0,3
C1_C1,gpt_oss_120b,retail,30,retail:30,compound,3,4,False,True,False,7.0,0.7777777777777778,get_user_details,cancel_pending_order,"{""user_id"":""olivia_lopez_3865""}","{""order_id"":""#W9373487"",""reason"":""ordered by mistake""}",recovery_retry,write_mutation,recovery_retry -> write_mutation,False,,True,late,False,,1.0,2
C2_C1,gpt_oss_120b,retail,31,retail:31,compound,0,0,False,True,False,4.0,0.5,cancel_pending_order,get_order_details,"{""order_id"":""#W9373487"",""reason"":""ordered by mistake""}","{""order_id"":""#W2692684""}",write_mutation,entity_lookup,write_mutation -> entity_lookup,False,,False,middle,False,,1.0,3
C2_C1,gpt_oss_120b,retail,31,retail:31,compound,1,1,False,True,False,,1.0,<END>,<END>,<END>,<END>,<END>,<END>,<END> -> <END>,False,,True,late,False,,0.0,0
C2_C1,gpt_oss_120b,retail,31,retail:31,compound,2,2,False,True,False,5.0,0.45454545454545453,transfer_to_human_agents,return_delivered_order_items,"{""summary"":""User Olivia Lopez wants a refund or reorder for a delivered tablet order #W2692684, but the item is lost and cannot be returned. According to policy, refunds require a return of the delivered item, which is not possible. Transfer to human agent for further assistance.""}","{""item_ids"":[""3788616824""],""order_id"":""#W2692684"",""payment_method_id"":""gift_card_7711863""}",communication_only,write_mutation,communication_only -> write_mutation,False,,False,middle,False,,1.0,6
C2_C1,gpt_oss_120b,retail,31,retail:31,compound,3,3,False,True,False,3.0,0.3,get_order_details,transfer_to_human_agents,"{""order_id"":""#W9373487""}","{""summary"":""User Olivia Lopez lost her tablet from order #W9319364 (status processed) and is requesting a refund or reorder, which cannot be processed under current policies for a processed order.""}",entity_lookup,communication_only,entity_lookup -> communication_only,True,,False,early,False,,1.0,7
C2_C1,gpt_oss_120b,retail,31,retail:31,compound,4,4,False,True,False,4.0,0.5,get_order_details,cancel_pending_order,"{""order_id"":""#W2692684""}","{""order_id"":""#W9373487"",""reason"":""no longer needed""}",entity_lookup,write_mutation,entity_lookup -> write_mutation,False,,False,middle,False,,1.0,3
C1_C1,gpt_oss_120b,retail,31,retail:31,compound,0,1,False,True,False,5.0,0.5,<END>,return_delivered_order_items,<END>,"{""item_ids"":[""3788616824""],""order_id"":""#W2692684"",""payment_method_id"":""gift_card_7711863""}",<END>,write_mutation,<END> -> write_mutation,False,,False,middle,False,,1.0,5
C1_C1,gpt_oss_120b,retail,31,retail:31,compound,0,2,False,True,False,5.0,0.45454545454545453,<END>,return_delivered_order_items,<END>,"{""item_ids"":[""3788616824""],""order_id"":""#W2692684"",""payment_method_id"":""gift_card_7711863""}",<END>,write_mutation,<END> -> write_mutation,False,,False,middle,False,,1.0,6
C1_C1,gpt_oss_120b,retail,31,retail:31,compound,0,3,False,True,True,3.0,0.6,get_order_details,transfer_to_human_agents,"{""order_id"":""#W9373487""}","{""summary"":""User Olivia Lopez lost her tablet from order #W9319364 (status processed) and is requesting a refund or reorder, which cannot be processed under current policies for a processed order.""}",entity_lookup,communication_only,entity_lookup -> communication_only,True,,False,middle,False,,1.0,2
C1_C1,gpt_oss_120b,retail,31,retail:31,compound,0,4,False,True,False,4.0,0.5,get_order_details,cancel_pending_order,"{""order_id"":""#W2692684""}","{""order_id"":""#W9373487"",""reason"":""no longer needed""}",entity_lookup,write_mutation,entity_lookup -> write_mutation,False,,False,middle,False,,1.0,3
C1_C1,gpt_oss_120b,retail,31,retail:31,compound,1,2,False,True,False,10.0,0.9090909090909091,<END>,return_delivered_order_items,<END>,"{""item_ids"":[""6477915553""],""order_id"":""#W7449508"",""payment_method_id"":""gift_card_7711863""}",<END>,write_mutation,<END> -> write_mutation,False,,True,late,False,,1.0,1
C1_C1,gpt_oss_120b,retail,31,retail:31,compound,1,3,False,True,False,3.0,0.3,get_order_details,transfer_to_human_agents,"{""order_id"":""#W9373487""}","{""summary"":""User Olivia Lopez lost her tablet from order #W9319364 (status processed) and is requesting a refund or reorder, which cannot be processed under current policies for a processed order.""}",entity_lookup,communication_only,entity_lookup -> communication_only,True,,False,early,False,,1.0,7
C1_C1,gpt_oss_120b,retail,31,retail:31,compound,1,4,False,True,False,4.0,0.4,get_order_details,cancel_pending_order,"{""order_id"":""#W2692684""}","{""order_id"":""#W9373487"",""reason"":""no longer needed""}",entity_lookup,write_mutation,entity_lookup -> write_mutation,False,,False,middle,True,0.5,0.09999999999999998,3
C1_C1,gpt_oss_120b,retail,31,retail:31,compound,2,3,False,True,False,3.0,0.2727272727272727,get_order_details,transfer_to_human_agents,"{""order_id"":""#W9373487""}","{""summary"":""User Olivia Lopez lost her tablet from order #W9319364 (status processed) and is requesting a refund or reorder, which cannot be processed under current policies for a processed order.""}",entity_lookup,communication_only,entity_lookup -> communication_only,True,,False,early,False,,1.0,8
C1_C1,gpt_oss_120b,retail,31,retail:31,compound,2,4,False,True,False,4.0,0.36363636363636365,get_order_details,cancel_pending_order,"{""order_id"":""#W2692684""}","{""order_id"":""#W9373487"",""reason"":""no longer needed""}",entity_lookup,write_mutation,entity_lookup -> write_mutation,False,,False,middle,True,0.45454545454545453,0.09090909090909088,4
C1_C1,gpt_oss_120b,retail,31,retail:31,compound,3,4,False,True,False,3.0,0.375,transfer_to_human_agents,get_order_details,"{""summary"":""User Olivia Lopez lost her tablet from order #W9319364 (status processed) and is requesting a refund or reorder, which cannot be processed under current policies for a processed order.""}","{""order_id"":""#W9373487""}",communication_only,entity_lookup,communication_only -> entity_lookup,True,,False,middle,False,,1.0,5
C2_C1,gpt_oss_120b,retail,32,retail:32,compound,0,0,False,True,False,3.0,0.2727272727272727,transfer_to_human_agents,get_order_details,"{""summary"":""User Olivia Lopez lost her tablet from order #W9319364 (status processed) and is requesting a refund or reorder, which cannot be processed under current policies as the order is already processed and not eligible for cancellation, return, or exchange.""}","{""order_id"":""#W9373487""}",communication_only,entity_lookup,communication_only -> entity_lookup,True,,False,early,False,,1.0,8
C2_C1,gpt_oss_120b,retail,32,retail:32,compound,1,1,False,True,False,4.0,0.36363636363636365,get_order_details,transfer_to_human_agents,"{""order_id"":""#W2692684""}","{""summary"":""User Olivia Lopez wants a refund or reorder for a tablet that was ordered (order #W9319364) but the order is processed and shipped. The user reports the tablet is lost. Agent cannot process refund for processed order per policy; needs human assistance.""}",entity_lookup,communication_only,entity_lookup -> communication_only,True,,False,middle,False,,1.0,7
C2_C1,gpt_oss_120b,retail,32,retail:32,compound,2,2,False,True,False,4.0,0.4,get_order_details,cancel_pending_order,"{""order_id"":""#W2692684""}","{""order_id"":""#W9373487"",""reason"":""no longer needed""}",entity_lookup,write_mutation,entity_lookup -> write_mutation,False,,False,middle,True,0.5,0.09999999999999998,4
C2_C1,gpt_oss_120b,retail,32,retail:32,compound,3,3,False,True,False,5.0,0.4166666666666667,return_delivered_order_items,get_order_details,"{""item_ids"":[""3788616824""],""order_id"":""#W2692684"",""payment_method_id"":""gift_card_7711863""}","{""order_id"":""#W5481803""}",write_mutation,entity_lookup,write_mutation -> entity_lookup,False,,False,middle,True,0.5,0.08333333333333331,3
C2_C1,gpt_oss_120b,retail,32,retail:32,compound,4,4,False,False,False,4.0,0.36363636363636365,get_order_details,cancel_pending_order,"{""order_id"":""#W2692684""}","{""order_id"":""#W9373487"",""reason"":""no longer needed""}",entity_lookup,write_mutation,entity_lookup -> write_mutation,False,,False,middle,True,0.5454545454545454,0.18181818181818177,3
C1_C1,gpt_oss_120b,retail,32,retail:32,compound,0,1,False,True,False,4.0,0.36363636363636365,get_order_details,transfer_to_human_agents,"{""order_id"":""#W2692684""}","{""summary"":""User Olivia Lopez wants a refund or reorder for a tablet that was ordered (order #W9319364) but the order is processed and shipped. The user reports the tablet is lost. Agent cannot process refund for processed order per policy; needs human assistance.""}",entity_lookup,communication_only,entity_lookup -> communication_only,True,,False,middle,False,,1.0,7
C1_C1,gpt_oss_120b,retail,32,retail:32,compound,0,2,False,True,False,4.0,0.36363636363636365,get_order_details,cancel_pending_order,"{""order_id"":""#W2692684""}","{""order_id"":""#W9373487"",""reason"":""no longer needed""}",entity_lookup,write_mutation,entity_lookup -> write_mutation,False,,False,middle,True,0.45454545454545453,0.09090909090909088,4
C1_C1,gpt_oss_120b,retail,32,retail:32,compound,0,3,False,True,False,5.0,0.45454545454545453,return_delivered_order_items,get_order_details,"{""item_ids"":[""3788616824""],""order_id"":""#W2692684"",""payment_method_id"":""gift_card_7711863""}","{""order_id"":""#W5481803""}",write_mutation,entity_lookup,write_mutation -> entity_lookup,False,,False,middle,True,0.5454545454545454,0.09090909090909088,2
C1_C1,gpt_oss_120b,retail,32,retail:32,compound,0,4,False,False,False,4.0,0.36363636363636365,get_order_details,cancel_pending_order,"{""order_id"":""#W2692684""}","{""order_id"":""#W9373487"",""reason"":""no longer needed""}",entity_lookup,write_mutation,entity_lookup -> write_mutation,False,,False,middle,True,0.5454545454545454,0.18181818181818177,3
C1_C1,gpt_oss_120b,retail,32,retail:32,compound,1,2,False,True,False,4.0,0.5714285714285714,transfer_to_human_agents,cancel_pending_order,"{""summary"":""User Olivia Lopez wants a refund or reorder for a tablet that was ordered (order #W9319364) but the order is processed and shipped. The user reports the tablet is lost. Agent cannot process refund for processed order per policy; needs human assistance.""}","{""order_id"":""#W9373487"",""reason"":""no longer needed""}",communication_only,write_mutation,communication_only -> write_mutation,False,,False,middle,False,,1.0,3
C1_C1,gpt_oss_120b,retail,32,retail:32,compound,1,3,False,True,False,4.0,0.4,transfer_to_human_agents,get_order_details,"{""summary"":""User Olivia Lopez wants a refund or reorder for a tablet that was ordered (order #W9319364) but the order is processed and shipped. The user reports the tablet is lost. Agent cannot process refund for processed order per policy; needs human assistance.""}","{""order_id"":""#W2692684""}",communication_only,entity_lookup,communication_only -> entity_lookup,True,,False,middle,False,,1.0,6
C1_C1,gpt_oss_120b,retail,32,retail:32,compound,1,4,False,False,False,4.0,0.4,transfer_to_human_agents,cancel_pending_order,"{""summary"":""User Olivia Lopez wants a refund or reorder for a tablet that was ordered (order #W9319364) but the order is processed and shipped. The user reports the tablet is lost. Agent cannot process refund for processed order per policy; needs human assistance.""}","{""order_id"":""#W9373487"",""reason"":""no longer needed""}",communication_only,write_mutation,communication_only -> write_mutation,False,,False,middle,False,,1.0,6
C1_C1,gpt_oss_120b,retail,32,retail:32,compound,2,3,False,True,False,4.0,0.4,cancel_pending_order,get_order_details,"{""order_id"":""#W9373487"",""reason"":""no longer needed""}","{""order_id"":""#W2692684""}",write_mutation,entity_lookup,write_mutation -> entity_lookup,False,,False,middle,True,0.5,0.09999999999999998,4
C1_C1,gpt_oss_120b,retail,32,retail:32,compound,2,4,False,False,False,7.0,0.7,<END>,cancel_pending_order,<END>,"{""order_id"":""#W5481803"",""reason"":""no longer needed""}",<END>,write_mutation,<END> -> write_mutation,False,,True,late,False,,1.0,3
C1_C1,gpt_oss_120b,retail,32,retail:32,compound,3,4,False,False,False,4.0,0.4,get_order_details,cancel_pending_order,"{""order_id"":""#W2692684""}","{""order_id"":""#W9373487"",""reason"":""no longer needed""}",entity_lookup,write_mutation,entity_lookup -> write_mutation,False,,False,middle,True,0.5,0.09999999999999998,2
C2_C1,gpt_oss_120b,retail,49,retail:49,single,0,0,False,True,False,8.0,0.8888888888888888,<END>,exchange_delivered_order_items,<END>,"{""item_ids"":[""2757705742""],""new_item_ids"":[""8555936349""],""order_id"":""#W3470184"",""payment_method_id"":""gift_card_7245904""}",<END>,write_mutation,<END> -> write_mutation,False,,False,late,False,,1.0,1
C2_C1,gpt_oss_120b,retail,49,retail:49,single,1,1,False,True,False,7.0,0.7777777777777778,<END>,get_product_details,<END>,"{""product_id"":""9924732112""}",<END>,entity_lookup,<END> -> entity_lookup,True,,False,late,False,,1.0,2
C2_C1,gpt_oss_120b,retail,49,retail:49,single,2,2,False,True,True,5.0,0.625,get_order_details,<END>,"{""order_id"":""#W3220203""}",<END>,entity_lookup,<END>,entity_lookup -> <END>,True,,False,middle,False,,1.0,3
C2_C1,gpt_oss_120b,retail,49,retail:49,single,3,3,False,True,False,8.0,0.8888888888888888,exchange_delivered_order_items,<END>,"{""item_ids"":[""2757705742""],""new_item_ids"":[""8555936349""],""order_id"":""#W3470184"",""payment_method_id"":""gift_card_7245904""}",<END>,write_mutation,<END>,write_mutation -> <END>,False,,False,late,False,,1.0,1
C2_C1,gpt_oss_120b,retail,49,retail:49,single,4,4,False,True,False,8.0,0.8888888888888888,<END>,exchange_delivered_order_items,<END>,"{""item_ids"":[""2757705742""],""new_item_ids"":[""8555936349""],""order_id"":""#W3470184"",""payment_method_id"":""gift_card_7245904""}",<END>,write_mutation,<END> -> write_mutation,False,,False,late,False,,1.0,1
C1_C1,gpt_oss_120b,retail,49,retail:49,single,0,1,False,True,True,,1.0,<END>,<END>,<END>,<END>,<END>,<END>,<END> -> <END>,False,,True,late,False,,0.0,0
C1_C1,gpt_oss_120b,retail,49,retail:49,single,0,2,False,True,False,5.0,0.5555555555555556,get_order_details,<END>,"{""order_id"":""#W3220203""}",<END>,entity_lookup,<END>,entity_lookup -> <END>,True,,False,middle,False,,1.0,4
C1_C1,gpt_oss_120b,retail,49,retail:49,single,0,3,False,True,False,8.0,0.8888888888888888,exchange_delivered_order_items,<END>,"{""item_ids"":[""2757705742""],""new_item_ids"":[""8555936349""],""order_id"":""#W3470184"",""payment_method_id"":""gift_card_7245904""}",<END>,write_mutation,<END>,write_mutation -> <END>,False,,False,late,False,,1.0,1
C1_C1,gpt_oss_120b,retail,49,retail:49,single,0,4,False,True,True,,1.0,<END>,<END>,<END>,<END>,<END>,<END>,<END> -> <END>,False,,True,late,False,,0.0,0
C1_C1,gpt_oss_120b,retail,49,retail:49,single,1,2,False,True,False,5.0,0.5555555555555556,get_order_details,<END>,"{""order_id"":""#W3220203""}",<END>,entity_lookup,<END>,entity_lookup -> <END>,True,,False,middle,False,,1.0,4
C1_C1,gpt_oss_120b,retail,49,retail:49,single,1,3,False,True,False,8.0,0.8888888888888888,exchange_delivered_order_items,<END>,"{""item_ids"":[""2757705742""],""new_item_ids"":[""8555936349""],""order_id"":""#W3470184"",""payment_method_id"":""gift_card_7245904""}",<END>,write_mutation,<END>,write_mutation -> <END>,False,,False,late,False,,1.0,1
C1_C1,gpt_oss_120b,retail,49,retail:49,single,1,4,False,True,True,,1.0,<END>,<END>,<END>,<END>,<END>,<END>,<END> -> <END>,False,,True,late,False,,0.0,0
C1_C1,gpt_oss_120b,retail,49,retail:49,single,2,3,False,True,True,5.0,0.625,<END>,get_order_details,<END>,"{""order_id"":""#W3220203""}",<END>,entity_lookup,<END> -> entity_lookup,True,,False,middle,False,,1.0,3
C1_C1,gpt_oss_120b,retail,49,retail:49,single,2,4,False,True,False,5.0,0.5555555555555556,<END>,get_order_details,<END>,"{""order_id"":""#W3220203""}",<END>,entity_lookup,<END> -> entity_lookup,True,,False,middle,False,,1.0,4
C1_C1,gpt_oss_120b,retail,49,retail:49,single,3,4,False,True,False,8.0,0.8888888888888888,<END>,exchange_delivered_order_items,<END>,"{""item_ids"":[""2757705742""],""new_item_ids"":[""8555936349""],""order_id"":""#W3470184"",""payment_method_id"":""gift_card_7245904""}",<END>,write_mutation,<END> -> write_mutation,False,,False,late,False,,1.0,1
C2_C1,gpt_oss_120b,retail,54,retail:54,compound,0,0,False,True,False,1.0,0.07692307692307693,find_user_id_by_email,find_user_id_by_name_zip,"{""email"":""amelia.silva7872@example.com""}","{""first_name"":""Amelia"",""last_name"":""Silva"",""zip"":""19102""}",entity_lookup,recovery_retry,entity_lookup -> recovery_retry,True,,False,early,True,0.15384615384615385,0.07692307692307693,3
C2_C1,gpt_oss_120b,retail,54,retail:54,compound,1,1,False,True,False,1.0,0.08333333333333333,find_user_id_by_email,find_user_id_by_name_zip,"{""email"":""amelia.silva7872@example.com""}","{""first_name"":""Amelia"",""last_name"":""Silva"",""zip"":""19102""}",entity_lookup,recovery_retry,entity_lookup -> recovery_retry,True,,False,early,True,0.16666666666666666,0.08333333333333333,3
C2_C1,gpt_oss_120b,retail,54,retail:54,compound,2,2,False,True,True,10.0,0.7692307692307693,get_product_details,get_order_details,"{""product_id"":""7363354090""}","{""order_id"":""#W7342738""}",post_write_verification,post_write_verification,post_write_verification -> post_write_verification,False,,True,late,True,0.8461538461538461,0.07692307692307687,1
C2_C1,gpt_oss_120b,retail,54,retail:54,compound,3,3,False,True,False,9.0,0.6,get_order_details,cancel_pending_order,"{""order_id"":""#W7342738""}","{""order_id"":""#W4836353"",""reason"":""no longer needed""}",entity_lookup,write_mutation,entity_lookup -> write_mutation,False,,False,middle,True,0.7333333333333333,0.1333333333333333,4
C2_C1,gpt_oss_120b,retail,54,retail:54,compound,4,4,False,True,False,9.0,0.6923076923076923,get_order_details,cancel_pending_order,"{""order_id"":""#W7342738""}","{""order_id"":""#W4836353"",""reason"":""no longer needed""}",entity_lookup,write_mutation,entity_lookup -> write_mutation,False,,False,late,False,,1.0,3
C1_C1,gpt_oss_120b,retail,54,retail:54,compound,0,1,False,True,False,,1.0,<END>,<END>,<END>,<END>,<END>,<END>,<END> -> <END>,False,,True,late,False,,0.0,0
C1_C1,gpt_oss_120b,retail,54,retail:54,compound,0,2,False,True,False,9.0,0.6923076923076923,get_order_details,cancel_pending_order,"{""order_id"":""#W7342738""}","{""order_id"":""#W4836353"",""reason"":""ordered by mistake""}",entity_lookup,write_mutation,entity_lookup -> write_mutation,False,,False,late,False,,1.0,3
C1_C1,gpt_oss_120b,retail,54,retail:54,compound,0,3,False,True,False,9.0,0.6,get_order_details,cancel_pending_order,"{""order_id"":""#W7342738""}","{""order_id"":""#W4836353"",""reason"":""no longer needed""}",entity_lookup,write_mutation,entity_lookup -> write_mutation,False,,False,middle,True,0.6666666666666666,0.06666666666666665,4
C1_C1,gpt_oss_120b,retail,54,retail:54,compound,0,4,False,True,False,9.0,0.75,get_order_details,cancel_pending_order,"{""order_id"":""#W7342738""}","{""order_id"":""#W4836353"",""reason"":""no longer needed""}",entity_lookup,write_mutation,entity_lookup -> write_mutation,False,,False,late,False,,1.0,3
C1_C1,gpt_oss_120b,retail,54,retail:54,compound,1,2,False,True,False,9.0,0.6923076923076923,get_order_details,cancel_pending_order,"{""order_id"":""#W7342738""}","{""order_id"":""#W4836353"",""reason"":""ordered by mistake""}",entity_lookup,write_mutation,entity_lookup -> write_mutation,False,,False,late,False,,1.0,3
C1_C1,gpt_oss_120b,retail,54,retail:54,compound,1,3,False,True,False,9.0,0.6,get_order_details,cancel_pending_order,"{""order_id"":""#W7342738""}","{""order_id"":""#W4836353"",""reason"":""no longer needed""}",entity_lookup,write_mutation,entity_lookup -> write_mutation,False,,False,middle,True,0.6666666666666666,0.06666666666666665,4
C1_C1,gpt_oss_120b,retail,54,retail:54,compound,1,4,False,True,False,9.0,0.75,get_order_details,cancel_pending_order,"{""order_id"":""#W7342738""}","{""order_id"":""#W4836353"",""reason"":""no longer needed""}",entity_lookup,write_mutation,entity_lookup -> write_mutation,False,,False,late,False,,1.0,3
C1_C1,gpt_oss_120b,retail,54,retail:54,compound,2,3,False,True,False,11.0,0.7333333333333333,get_product_details,return_delivered_order_items,"{""product_id"":""7363354090""}","{""item_ids"":[""5669664287"",""4900990404"",""9862136885"",""6777246137""],""order_id"":""#W4597054"",""payment_method_id"":""gift_card_3491931""}",post_write_verification,write_mutation,post_write_verification -> write_mutation,False,,True,late,True,0.8,0.06666666666666676,3
C1_C1,gpt_oss_120b,retail,54,retail:54,compound,2,4,False,True,False,10.0,0.7692307692307693,get_order_details,return_delivered_order_items,"{""order_id"":""#W7342738""}","{""item_ids"":[""8277474082""],""order_id"":""#W7773202"",""payment_method_id"":""gift_card_3491931""}",post_write_verification,write_mutation,post_write_verification -> write_mutation,False,,True,late,False,,1.0,3
C1_C1,gpt_oss_120b,retail,54,retail:54,compound,3,4,False,True,False,10.0,0.6666666666666666,get_order_details,return_delivered_order_items,"{""order_id"":""#W7342738""}","{""item_ids"":[""8277474082""],""order_id"":""#W7773202"",""payment_method_id"":""gift_card_3491931""}",post_write_verification,write_mutation,post_write_verification -> write_mutation,False,,True,late,False,,1.0,4
C2_C1,gpt_oss_120b,retail,55,retail:55,compound,0,0,False,True,False,2.0,0.15384615384615385,find_user_id_by_email,transfer_to_human_agents,"{""email"":""amelia.silva7872@example.com""}","{""summary"":""User Amelia Silva could not be identified by either of two provided emails or name+ZIP. Unable to locate user account to process cancellation/return of recent orders.""}",entity_lookup,communication_only,entity_lookup -> communication_only,True,,False,early,False,,1.0,11
C2_C1,gpt_oss_120b,retail,55,retail:55,compound,1,1,False,True,True,8.0,0.8888888888888888,<END>,get_order_details,<END>,"{""order_id"":""#W7342738""}",<END>,entity_lookup,<END> -> entity_lookup,True,,False,late,False,,1.0,1
C2_C1,gpt_oss_120b,retail,55,retail:55,compound,2,2,False,True,True,1.0,0.1,find_user_id_by_name_zip,find_user_id_by_email,"{""first_name"":""Amelia"",""last_name"":""Silva"",""zip"":""19102""}","{""email"":""amelia.silva7872@example.com""}",recovery_retry,entity_lookup,recovery_retry -> entity_lookup,True,,False,early,True,0.2,0.1,1
C2_C1,gpt_oss_120b,retail,55,retail:55,compound,3,3,False,True,False,1.0,0.07142857142857142,find_user_id_by_name_zip,find_user_id_by_email,"{""first_name"":""Amelia"",""last_name"":""Silva"",""zip"":""19102""}","{""email"":""amelia.silva7872@example.com""}",recovery_retry,entity_lookup,recovery_retry -> entity_lookup,True,,False,early,True,0.14285714285714285,0.07142857142857142,5
C2_C1,gpt_oss_120b,retail,55,retail:55,compound,4,4,False,True,False,8.0,0.7272727272727273,<END>,cancel_pending_order,<END>,"{""order_id"":""#W4836353"",""reason"":""ordered by mistake""}",<END>,write_mutation,<END> -> write_mutation,False,,False,late,False,,1.0,3
C1_C1,gpt_oss_120b,retail,55,retail:55,compound,0,1,False,True,True,1.0,0.1111111111111111,find_user_id_by_name_zip,find_user_id_by_email,"{""first_name"":""Amelia"",""last_name"":""Silva"",""zip"":""19102""}","{""email"":""amelia.silva7872@example.com""}",recovery_retry,entity_lookup,recovery_retry -> entity_lookup,True,,False,early,False,,1.0,8
C1_C1,gpt_oss_120b,retail,55,retail:55,compound,0,2,False,True,True,1.0,0.1111111111111111,find_user_id_by_name_zip,find_user_id_by_email,"{""first_name"":""Amelia"",""last_name"":""Silva"",""zip"":""19102""}","{""email"":""amelia.silva7872@example.com""}",recovery_retry,entity_lookup,recovery_retry -> entity_lookup,True,,False,early,False,,1.0,8
C1_C1,gpt_oss_120b,retail,55,retail:55,compound,0,3,False,True,True,1.0,0.1111111111111111,find_user_id_by_name_zip,find_user_id_by_email,"{""first_name"":""Amelia"",""last_name"":""Silva"",""zip"":""19102""}","{""email"":""amelia.silva7872@example.com""}",recovery_retry,entity_lookup,recovery_retry -> entity_lookup,True,,False,early,False,,1.0,8
C1_C1,gpt_oss_120b,retail,55,retail:55,compound,0,4,False,True,False,1.0,0.09090909090909091,find_user_id_by_name_zip,find_user_id_by_email,"{""first_name"":""Amelia"",""last_name"":""Silva"",""zip"":""19102""}","{""email"":""amelia.silva7872@example.com""}",recovery_retry,entity_lookup,recovery_retry -> entity_lookup,True,,False,early,False,,1.0,10
C1_C1,gpt_oss_120b,retail,55,retail:55,compound,1,2,False,True,True,,1.0,<END>,<END>,<END>,<END>,<END>,<END>,<END> -> <END>,True,,False,late,False,,0.0,0
C1_C1,gpt_oss_120b,retail,55,retail:55,compound,1,3,False,True,True,,1.0,<END>,<END>,<END>,<END>,<END>,<END>,<END> -> <END>,True,,False,late,False,,0.0,0
C1_C1,gpt_oss_120b,retail,55,retail:55,compound,1,4,False,True,False,8.0,0.7272727272727273,get_order_details,cancel_pending_order,"{""order_id"":""#W7342738""}","{""order_id"":""#W4836353"",""reason"":""ordered by mistake""}",entity_lookup,write_mutation,entity_lookup -> write_mutation,False,,False,late,False,,1.0,3
C1_C1,gpt_oss_120b,retail,55,retail:55,compound,2,3,False,True,True,,1.0,<END>,<END>,<END>,<END>,<END>,<END>,<END> -> <END>,True,,False,late,False,,0.0,0
C1_C1,gpt_oss_120b,retail,55,retail:55,compound,2,4,False,True,False,8.0,0.7272727272727273,get_order_details,cancel_pending_order,"{""order_id"":""#W7342738""}","{""order_id"":""#W4836353"",""reason"":""ordered by mistake""}",entity_lookup,write_mutation,entity_lookup -> write_mutation,False,,False,late,False,,1.0,3
C1_C1,gpt_oss_120b,retail,55,retail:55,compound,3,4,False,True,False,8.0,0.7272727272727273,get_order_details,cancel_pending_order,"{""order_id"":""#W7342738""}","{""order_id"":""#W4836353"",""reason"":""ordered by mistake""}",entity_lookup,write_mutation,entity_lookup -> write_mutation,False,,False,late,False,,1.0,3
C2_C1,gpt_oss_120b,retail,62,retail:62,read,0,0,False,False,True,0.0,0.0,find_user_id_by_name_zip,transfer_to_human_agents,"{""first_name"":""Chen"",""last_name"":""Johnson"",""zip"":""77004""}","{""summary"":""User asked about a poem line: \""I wandered lonely as a cloud\"".""}",entity_lookup,communication_only,entity_lookup -> communication_only,True,,False,early,False,,1.0,6
C2_C1,gpt_oss_120b,retail,62,retail:62,read,1,1,False,False,True,0.0,0.0,find_user_id_by_name_zip,transfer_to_human_agents,"{""first_name"":""Chen"",""last_name"":""Johnson"",""zip"":""77004""}","{""summary"":""User asked for information about a poem line: \""I wandered lonely as a cloud\"".""}",entity_lookup,communication_only,entity_lookup -> communication_only,True,,False,early,False,,1.0,5
C2_C1,gpt_oss_120b,retail,62,retail:62,read,2,2,False,False,True,0.0,0.0,find_user_id_by_name_zip,transfer_to_human_agents,"{""first_name"":""Chen"",""last_name"":""Johnson"",""zip"":""77004""}","{""summary"":""User asked for information about a poem line: \""I wandered lonely as a cloud\"".""}",entity_lookup,communication_only,entity_lookup -> communication_only,True,,False,early,False,,1.0,7
C2_C1,gpt_oss_120b,retail,62,retail:62,read,3,3,False,False,True,0.0,0.0,find_user_id_by_name_zip,transfer_to_human_agents,"{""first_name"":""Chen"",""last_name"":""Johnson"",""zip"":""77004""}","{""summary"":""User asked for information about a poem line: \""I wandered lonely as a cloud\"".""}",entity_lookup,communication_only,entity_lookup -> communication_only,True,,False,early,False,,1.0,7
C2_C1,gpt_oss_120b,retail,62,retail:62,read,4,4,False,False,True,0.0,0.0,find_user_id_by_name_zip,transfer_to_human_agents,"{""first_name"":""Chen"",""last_name"":""Johnson"",""zip"":""77004""}","{""summary"":""User asked for information about a poem line: \""I wandered lonely as a cloud\"".""}",entity_lookup,communication_only,entity_lookup -> communication_only,True,,False,early,False,,1.0,5
C1_C1,gpt_oss_120b,retail,62,retail:62,read,0,1,False,True,True,,1.0,<END>,<END>,<END>,<END>,<END>,<END>,<END> -> <END>,True,,False,late,False,,0.0,0
C1_C1,gpt_oss_120b,retail,62,retail:62,read,0,2,False,True,True,,1.0,<END>,<END>,<END>,<END>,<END>,<END>,<END> -> <END>,True,,False,late,False,,0.0,0
C1_C1,gpt_oss_120b,retail,62,retail:62,read,0,3,False,True,True,,1.0,<END>,<END>,<END>,<END>,<END>,<END>,<END> -> <END>,True,,False,late,False,,0.0,0
C1_C1,gpt_oss_120b,retail,62,retail:62,read,0,4,False,True,True,,1.0,<END>,<END>,<END>,<END>,<END>,<END>,<END> -> <END>,True,,False,late,False,,0.0,0
C1_C1,gpt_oss_120b,retail,62,retail:62,read,1,2,False,True,True,,1.0,<END>,<END>,<END>,<END>,<END>,<END>,<END> -> <END>,True,,False,late,False,,0.0,0
C1_C1,gpt_oss_120b,retail,62,retail:62,read,1,3,False,True,True,,1.0,<END>,<END>,<END>,<END>,<END>,<END>,<END> -> <END>,True,,False,late,False,,0.0,0
C1_C1,gpt_oss_120b,retail,62,retail:62,read,1,4,False,True,True,,1.0,<END>,<END>,<END>,<END>,<END>,<END>,<END> -> <END>,True,,False,late,False,,0.0,0
C1_C1,gpt_oss_120b,retail,62,retail:62,read,2,3,False,True,True,,1.0,<END>,<END>,<END>,<END>,<END>,<END>,<END> -> <END>,True,,False,late,False,,0.0,0
C1_C1,gpt_oss_120b,retail,62,retail:62,read,2,4,False,True,True,,1.0,<END>,<END>,<END>,<END>,<END>,<END>,<END> -> <END>,True,,False,late,False,,0.0,0
C1_C1,gpt_oss_120b,retail,62,retail:62,read,3,4,False,True,True,,1.0,<END>,<END>,<END>,<END>,<END>,<END>,<END> -> <END>,True,,False,late,False,,0.0,0
C2_C1,gpt_oss_120b,retail,67,retail:67,read,0,0,False,True,True,2.0,0.6666666666666666,transfer_to_human_agents,<END>,"{""summary"":""User unable to provide email or correct name/ZIP to locate account. Needs assistance to verify identity and retrieve order payment details.""}",<END>,communication_only,<END>,communication_only -> <END>,True,,False,late,False,,1.0,1
C2_C1,gpt_oss_120b,retail,67,retail:67,read,1,1,False,True,True,2.0,0.6666666666666666,transfer_to_human_agents,<END>,"{""summary"":""User Noah Ito cannot provide email or correct ZIP to locate account; unable to authenticate user to retrieve order payment details.""}",<END>,communication_only,<END>,communication_only -> <END>,True,,False,late,False,,1.0,1
C2_C1,gpt_oss_120b,retail,67,retail:67,read,2,2,False,True,True,,1.0,<END>,<END>,<END>,<END>,<END>,<END>,<END> -> <END>,True,,False,late,False,,0.0,0
C2_C1,gpt_oss_120b,retail,67,retail:67,read,3,3,False,False,True,2.0,0.4,find_user_id_by_name_zip,transfer_to_human_agents,"{""first_name"":""Noah"",""last_name"":""Ito"",""zip"":""98187""}","{""summary"":""User unable to provide email or correct zip to locate account; wants payment amount for most recent order but cannot be authenticated.""}",entity_lookup,communication_only,entity_lookup -> communication_only,True,,False,middle,False,,1.0,3
C2_C1,gpt_oss_120b,retail,67,retail:67,read,4,4,True,True,True,5.0,0.7142857142857143,get_order_details,<END>,"{""order_id"":""#W4219264""}",<END>,entity_lookup,<END>,entity_lookup -> <END>,True,,False,late,False,,1.0,2
C1_C1,gpt_oss_120b,retail,67,retail:67,read,0,1,False,True,True,,1.0,<END>,<END>,<END>,<END>,<END>,<END>,<END> -> <END>,True,,False,late,False,,0.0,0
C1_C1,gpt_oss_120b,retail,67,retail:67,read,0,2,False,True,True,2.0,0.6666666666666666,<END>,transfer_to_human_agents,<END>,"{""summary"":""User Noah Ito could not be authenticated via name and zip; email unknown. Unable to locate user profile to check order payment.""}",<END>,communication_only,<END> -> communication_only,True,,False,late,False,,1.0,1
C1_C1,gpt_oss_120b,retail,67,retail:67,read,0,3,False,True,True,2.0,0.6666666666666666,<END>,transfer_to_human_agents,<END>,"{""summary"":""User unable to provide email or correct zip to locate account; wants payment amount for most recent order but cannot be authenticated.""}",<END>,communication_only,<END> -> communication_only,True,,False,late,False,,1.0,1
C1_C1,gpt_oss_120b,retail,67,retail:67,read,0,4,False,False,True,2.0,0.4,<END>,find_user_id_by_name_zip,<END>,"{""first_name"":""Noah"",""last_name"":""Ito"",""zip"":""98187""}",<END>,entity_lookup,<END> -> entity_lookup,True,,False,middle,False,,1.0,3
C1_C1,gpt_oss_120b,retail,67,retail:67,read,1,2,False,True,True,2.0,0.6666666666666666,<END>,transfer_to_human_agents,<END>,"{""summary"":""User Noah Ito could not be authenticated via name and zip; email unknown. Unable to locate user profile to check order payment.""}",<END>,communication_only,<END> -> communication_only,True,,False,late,False,,1.0,1
C1_C1,gpt_oss_120b,retail,67,retail:67,read,1,3,False,True,True,2.0,0.6666666666666666,<END>,transfer_to_human_agents,<END>,"{""summary"":""User unable to provide email or correct zip to locate account; wants payment amount for most recent order but cannot be authenticated.""}",<END>,communication_only,<END> -> communication_only,True,,False,late,False,,1.0,1
C1_C1,gpt_oss_120b,retail,67,retail:67,read,1,4,False,False,True,2.0,0.4,<END>,find_user_id_by_name_zip,<END>,"{""first_name"":""Noah"",""last_name"":""Ito"",""zip"":""98187""}",<END>,entity_lookup,<END> -> entity_lookup,True,,False,middle,False,,1.0,3
C1_C1,gpt_oss_120b,retail,67,retail:67,read,2,3,False,True,True,,1.0,<END>,<END>,<END>,<END>,<END>,<END>,<END> -> <END>,True,,False,late,False,,0.0,0
C1_C1,gpt_oss_120b,retail,67,retail:67,read,2,4,False,False,True,2.0,0.4,transfer_to_human_agents,find_user_id_by_name_zip,"{""summary"":""User Noah Ito could not be authenticated via name and zip; email unknown. Unable to locate user profile to check order payment.""}","{""first_name"":""Noah"",""last_name"":""Ito"",""zip"":""98187""}",communication_only,entity_lookup,communication_only -> entity_lookup,True,,False,middle,False,,1.0,3
C1_C1,gpt_oss_120b,retail,67,retail:67,read,3,4,False,False,True,2.0,0.4,transfer_to_human_agents,find_user_id_by_name_zip,"{""summary"":""User unable to provide email or correct zip to locate account; wants payment amount for most recent order but cannot be authenticated.""}","{""first_name"":""Noah"",""last_name"":""Ito"",""zip"":""98187""}",communication_only,entity_lookup,communication_only -> entity_lookup,True,,False,middle,False,,1.0,3
C2_C1,gpt_oss_120b,retail,68,retail:68,read,0,0,True,True,True,,1.0,<END>,<END>,<END>,<END>,<END>,<END>,<END> -> <END>,True,,False,late,False,,0.0,0
C2_C1,gpt_oss_120b,retail,68,retail:68,read,1,1,True,True,True,,1.0,<END>,<END>,<END>,<END>,<END>,<END>,<END> -> <END>,True,,False,late,False,,0.0,0
C2_C1,gpt_oss_120b,retail,68,retail:68,read,2,2,True,True,True,,1.0,<END>,<END>,<END>,<END>,<END>,<END>,<END> -> <END>,True,,False,late,False,,0.0,0
C2_C1,gpt_oss_120b,retail,68,retail:68,read,3,3,True,True,True,4.0,0.6666666666666666,<END>,get_order_details,<END>,"{""order_id"":""#W4219264""}",<END>,entity_lookup,<END> -> entity_lookup,True,,False,late,False,,1.0,2
C2_C1,gpt_oss_120b,retail,68,retail:68,read,4,4,True,True,True,,1.0,<END>,<END>,<END>,<END>,<END>,<END>,<END> -> <END>,True,,False,late,False,,0.0,0
C1_C1,gpt_oss_120b,retail,68,retail:68,read,0,1,True,True,True,,1.0,<END>,<END>,<END>,<END>,<END>,<END>,<END> -> <END>,True,,False,late,False,,0.0,0
C1_C1,gpt_oss_120b,retail,68,retail:68,read,0,2,True,True,True,,1.0,<END>,<END>,<END>,<END>,<END>,<END>,<END> -> <END>,True,,False,late,False,,0.0,0
C1_C1,gpt_oss_120b,retail,68,retail:68,read,0,3,True,True,True,,1.0,<END>,<END>,<END>,<END>,<END>,<END>,<END> -> <END>,True,,False,late,False,,0.0,0
C1_C1,gpt_oss_120b,retail,68,retail:68,read,0,4,True,True,True,,1.0,<END>,<END>,<END>,<END>,<END>,<END>,<END> -> <END>,True,,False,late,False,,0.0,0
C1_C1,gpt_oss_120b,retail,68,retail:68,read,1,2,True,True,True,,1.0,<END>,<END>,<END>,<END>,<END>,<END>,<END> -> <END>,True,,False,late,False,,0.0,0
C1_C1,gpt_oss_120b,retail,68,retail:68,read,1,3,True,True,True,,1.0,<END>,<END>,<END>,<END>,<END>,<END>,<END> -> <END>,True,,False,late,False,,0.0,0
C1_C1,gpt_oss_120b,retail,68,retail:68,read,1,4,True,True,True,,1.0,<END>,<END>,<END>,<END>,<END>,<END>,<END> -> <END>,True,,False,late,False,,0.0,0
C1_C1,gpt_oss_120b,retail,68,retail:68,read,2,3,True,True,True,,1.0,<END>,<END>,<END>,<END>,<END>,<END>,<END> -> <END>,True,,False,late,False,,0.0,0
C1_C1,gpt_oss_120b,retail,68,retail:68,read,2,4,True,True,True,,1.0,<END>,<END>,<END>,<END>,<END>,<END>,<END> -> <END>,True,,False,late,False,,0.0,0
C1_C1,gpt_oss_120b,retail,68,retail:68,read,3,4,True,True,True,,1.0,<END>,<END>,<END>,<END>,<END>,<END>,<END> -> <END>,True,,False,late,False,,0.0,0
C2_C1,mistral_small_3p2,airline,12,airline:12,single,0,0,False,True,False,1.0,0.125,get_user_details,search_direct_flight,"{""user_id"":""chen_lee_6825""}","{""date"":""2024-05-18"",""destination"":""MSP"",""origin"":""BOS""}",entity_lookup,retrieval_search,entity_lookup -> retrieval_search,True,,False,early,True,0.25,0.125,5
C2_C1,mistral_small_3p2,airline,12,airline:12,single,1,1,False,True,True,1.0,0.02,get_user_details,search_direct_flight,"{""user_id"":""chen_lee_6825""}","{""date"":""2024-05-18"",""destination"":""MSP"",""origin"":""BOS""}",entity_lookup,retrieval_search,entity_lookup -> retrieval_search,True,,False,early,True,0.04,0.02,47
C2_C1,mistral_small_3p2,airline,12,airline:12,single,2,2,False,True,True,1.0,0.14285714285714285,get_user_details,search_direct_flight,"{""user_id"":""chen_lee_6825""}","{""date"":""2024-05-18"",""destination"":""MSP"",""origin"":""BOS""}",entity_lookup,retrieval_search,entity_lookup -> retrieval_search,True,,False,early,True,0.2857142857142857,0.14285714285714285,4
C2_C1,mistral_small_3p2,airline,12,airline:12,single,3,3,False,False,False,1.0,0.2,get_user_details,calculate,"{""user_id"":""chen_lee_6825""}","{""expression"":""122 + 127""}",entity_lookup,communication_only,entity_lookup -> communication_only,True,,False,early,True,0.8,0.6000000000000001,3
C2_C1,mistral_small_3p2,airline,12,airline:12,single,4,4,False,True,False,1.0,0.1,get_user_details,search_direct_flight,"{""user_id"":""chen_lee_6825""}","{""date"":""2024-05-18"",""destination"":""MSP"",""origin"":""BOS""}",entity_lookup,retrieval_search,entity_lookup -> retrieval_search,True,,False,early,True,0.2,0.1,8
C1_C1,mistral_small_3p2,airline,12,airline:12,single,0,1,False,True,False,3.0,0.375,get_user_details,calculate,"{""user_id"":""chen_lee_6825""}","{""expression"":""2 * 50""}",entity_lookup,communication_only,entity_lookup -> communication_only,True,,False,middle,False,,1.0,4
C1_C1,mistral_small_3p2,airline,12,airline:12,single,0,2,False,True,False,3.0,0.375,get_user_details,<END>,"{""user_id"":""chen_lee_6825""}",<END>,entity_lookup,<END>,entity_lookup -> <END>,True,,False,middle,False,,1.0,5
C1_C1,mistral_small_3p2,airline,12,airline:12,single,0,3,False,True,False,1.0,0.125,search_direct_flight,calculate,"{""date"":""2024-05-18"",""destination"":""MSP"",""origin"":""BOS""}","{""expression"":""122 + 127""}",retrieval_search,communication_only,retrieval_search -> communication_only,True,,False,early,True,0.25,0.125,5
C1_C1,mistral_small_3p2,airline,12,airline:12,single,0,4,False,True,False,3.0,0.3,get_user_details,calculate,"{""user_id"":""chen_lee_6825""}","{""expression"":""350 + 499""}",entity_lookup,communication_only,entity_lookup -> communication_only,True,,False,early,True,0.4,0.10000000000000003,4
C1_C1,mistral_small_3p2,airline,12,airline:12,single,1,2,False,True,True,3.0,0.75,calculate,<END>,"{""expression"":""2 * 50""}",<END>,communication_only,<END>,communication_only -> <END>,True,,False,late,False,,1.0,1
C1_C1,mistral_small_3p2,airline,12,airline:12,single,1,3,False,True,False,1.0,0.2,search_direct_flight,calculate,"{""date"":""2024-05-18"",""destination"":""MSP"",""origin"":""BOS""}","{""expression"":""122 + 127""}",retrieval_search,communication_only,retrieval_search -> communication_only,True,,False,early,True,0.4,0.2,4
C1_C1,mistral_small_3p2,airline,12,airline:12,single,1,4,False,True,False,4.0,0.4,<END>,calculate,<END>,"{""expression"":""849 - 498""}",<END>,communication_only,<END> -> communication_only,True,,False,middle,False,,1.0,6
C1_C1,mistral_small_3p2,airline,12,airline:12,single,2,3,False,True,False,1.0,0.2,search_direct_flight,calculate,"{""date"":""2024-05-18"",""destination"":""MSP"",""origin"":""BOS""}","{""expression"":""122 + 127""}",retrieval_search,communication_only,retrieval_search -> communication_only,True,,False,early,False,,1.0,4
C1_C1,mistral_small_3p2,airline,12,airline:12,single,2,4,False,True,False,3.0,0.3,<END>,calculate,<END>,"{""expression"":""350 + 499""}",<END>,communication_only,<END> -> communication_only,True,,False,early,False,,1.0,7
C1_C1,mistral_small_3p2,airline,12,airline:12,single,3,4,False,True,False,1.0,0.1,calculate,search_direct_flight,"{""expression"":""122 + 127""}","{""date"":""2024-05-18"",""destination"":""MSP"",""origin"":""BOS""}",communication_only,retrieval_search,communication_only -> retrieval_search,True,,False,early,True,0.2,0.1,5
C2_C1,mistral_small_3p2,airline,17,airline:17,compound,0,0,False,True,True,0.0,0.0,get_user_details,get_reservation_details,"{""user_id"":""omar_rossi_1241""}","{""reservation_id"":""789012""}",entity_lookup,recovery_retry,entity_lookup -> recovery_retry,True,,False,early,True,0.2,0.2,1
C2_C1,mistral_small_3p2,airline,17,airline:17,compound,1,1,False,True,True,0.0,0.0,get_user_details,get_reservation_details,"{""user_id"":""omar_rossi_1241""}","{""reservation_id"":""789012""}",entity_lookup,recovery_retry,entity_lookup -> recovery_retry,True,,False,early,True,0.2,0.2,1
C2_C1,mistral_small_3p2,airline,17,airline:17,compound,2,2,False,True,True,0.0,0.0,get_user_details,get_reservation_details,"{""user_id"":""omar_rossi_1241""}","{""reservation_id"":""789012""}",entity_lookup,recovery_retry,entity_lookup -> recovery_retry,True,,False,early,True,0.2,0.2,1
C2_C1,mistral_small_3p2,airline,17,airline:17,compound,3,3,False,True,True,0.0,0.0,get_user_details,get_reservation_details,"{""user_id"":""omar_rossi_1241""}","{""reservation_id"":""789012""}",entity_lookup,recovery_retry,entity_lookup -> recovery_retry,True,,False,early,True,0.2,0.2,1
C2_C1,mistral_small_3p2,airline,17,airline:17,compound,4,4,False,True,True,0.0,0.0,get_user_details,get_reservation_details,"{""user_id"":""omar_rossi_1241""}","{""reservation_id"":""789012""}",entity_lookup,recovery_retry,entity_lookup -> recovery_retry,True,,False,early,True,0.2,0.2,1
C1_C1,mistral_small_3p2,airline,17,airline:17,compound,0,1,False,True,True,,1.0,<END>,<END>,<END>,<END>,<END>,<END>,<END> -> <END>,True,,False,late,False,,0.0,0
C1_C1,mistral_small_3p2,airline,17,airline:17,compound,0,2,False,True,True,,1.0,<END>,<END>,<END>,<END>,<END>,<END>,<END> -> <END>,True,,False,late,False,,0.0,0
C1_C1,mistral_small_3p2,airline,17,airline:17,compound,0,3,False,True,True,,1.0,<END>,<END>,<END>,<END>,<END>,<END>,<END> -> <END>,True,,False,late,False,,0.0,0
C1_C1,mistral_small_3p2,airline,17,airline:17,compound,0,4,False,True,True,,1.0,<END>,<END>,<END>,<END>,<END>,<END>,<END> -> <END>,True,,False,late,False,,0.0,0
C1_C1,mistral_small_3p2,airline,17,airline:17,compound,1,2,False,True,True,,1.0,<END>,<END>,<END>,<END>,<END>,<END>,<END> -> <END>,True,,False,late,False,,0.0,0
C1_C1,mistral_small_3p2,airline,17,airline:17,compound,1,3,False,True,True,,1.0,<END>,<END>,<END>,<END>,<END>,<END>,<END> -> <END>,True,,False,late,False,,0.0,0
C1_C1,mistral_small_3p2,airline,17,airline:17,compound,1,4,False,True,True,,1.0,<END>,<END>,<END>,<END>,<END>,<END>,<END> -> <END>,True,,False,late,False,,0.0,0
C1_C1,mistral_small_3p2,airline,17,airline:17,compound,2,3,False,True,True,,1.0,<END>,<END>,<END>,<END>,<END>,<END>,<END> -> <END>,True,,False,late,False,,0.0,0
C1_C1,mistral_small_3p2,airline,17,airline:17,compound,2,4,False,True,True,,1.0,<END>,<END>,<END>,<END>,<END>,<END>,<END> -> <END>,True,,False,late,False,,0.0,0
C1_C1,mistral_small_3p2,airline,17,airline:17,compound,3,4,False,True,True,,1.0,<END>,<END>,<END>,<END>,<END>,<END>,<END> -> <END>,True,,False,late,False,,0.0,0
C2_C1,mistral_small_3p2,airline,18,airline:18,compound,0,0,False,True,True,0.0,0.0,get_user_details,transfer_to_human_agents,"{""user_id"":""omar_davis_3817""}","{""summary"":""User wants to downgrade flights from business to economy and get a refund for the difference in class.""}",entity_lookup,communication_only,entity_lookup -> communication_only,True,,False,early,False,,1.0,17
C2_C1,mistral_small_3p2,airline,18,airline:18,compound,1,1,False,True,False,7.0,0.5833333333333334,update_reservation_flights,transfer_to_human_agents,"{""cabin"":""economy"",""flights"":[{""date"":""2024-05-21"",""flight_number"":""HAT028""},{""date"":""2024-05-21"",""flight_number"":""HAT277""}],""payment_id"":""credit_card_2929732"",""reservation_id"":""JG7FMM""}","{""summary"":""User omar_davis_3817 wants to downgrade all business flights to economy.""}",write_mutation,communication_only,write_mutation -> communication_only,False,,False,middle,False,,1.0,5
C2_C1,mistral_small_3p2,airline,18,airline:18,compound,2,2,False,True,False,12.0,0.6666666666666666,calculate,update_reservation_flights,"{""expression"":""3538 - 1769""}","{""cabin"":""economy"",""flights"":[{""date"":""2024-05-21"",""flight_number"":""HAT028""},{""date"":""2024-05-21"",""flight_number"":""HAT277""}],""payment_id"":""credit_card_2929732"",""reservation_id"":""JG7FMM""}",communication_only,write_mutation,communication_only -> write_mutation,False,,False,late,False,,1.0,6
C2_C1,mistral_small_3p2,airline,18,airline:18,compound,3,3,False,True,False,7.0,0.23333333333333334,calculate,get_flight_status,"{""expression"":""(1859 + 1679) * 2 - (1859 + 1679) * 2 * 0.1""}","{""date"":""2024-05-21"",""flight_number"":""HAT028""}",communication_only,retrieval_search,communication_only -> retrieval_search,True,,False,early,True,0.26666666666666666,0.033333333333333326,21
C2_C1,mistral_small_3p2,airline,18,airline:18,compound,4,4,False,True,False,12.0,0.5217391304347826,calculate,update_reservation_flights,"{""expression"":""3538 - 1415""}","{""cabin"":""economy"",""flights"":[{""date"":""2024-05-21"",""destination"":""BOS"",""flight_number"":""HAT028"",""origin"":""MCO""},{""date"":""2024-05-21"",""destination"":""CLT"",""flight_number"":""HAT277"",""origin"":""BOS""}],""payment_id"":""credit_card_2929732"",""reservation_id"":""JG7FMM""}",communication_only,write_mutation,communication_only -> write_mutation,False,,False,middle,True,0.5652173913043478,0.04347826086956519,6
C1_C1,mistral_small_3p2,airline,18,airline:18,compound,0,1,False,True,True,0.0,0.0,transfer_to_human_agents,get_user_details,"{""summary"":""User wants to downgrade flights from business to economy and get a refund for the difference in class.""}","{""user_id"":""omar_davis_3817""}",communication_only,entity_lookup,communication_only -> entity_lookup,True,,False,early,False,,1.0,7
C1_C1,mistral_small_3p2,airline,18,airline:18,compound,0,2,False,True,False,0.0,0.0,transfer_to_human_agents,get_user_details,"{""summary"":""User wants to downgrade flights from business to economy and get a refund for the difference in class.""}","{""user_id"":""omar_davis_3817""}",communication_only,entity_lookup,communication_only -> entity_lookup,True,,False,early,False,,1.0,17
C1_C1,mistral_small_3p2,airline,18,airline:18,compound,0,3,False,True,True,0.0,0.0,transfer_to_human_agents,get_user_details,"{""summary"":""User wants to downgrade flights from business to economy and get a refund for the difference in class.""}","{""user_id"":""omar_davis_3817""}",communication_only,entity_lookup,communication_only -> entity_lookup,True,,False,early,False,,1.0,30
C1_C1,mistral_small_3p2,airline,18,airline:18,compound,0,4,False,True,False,0.0,0.0,transfer_to_human_agents,get_user_details,"{""summary"":""User wants to downgrade flights from business to economy and get a refund for the difference in class.""}","{""user_id"":""omar_davis_3817""}",communication_only,entity_lookup,communication_only -> entity_lookup,True,,False,early,False,,1.0,17
C1_C1,mistral_small_3p2,airline,18,airline:18,compound,1,2,False,True,False,7.0,0.4117647058823529,transfer_to_human_agents,calculate,"{""summary"":""User omar_davis_3817 wants to downgrade all business flights to economy.""}","{""expression"":""(1859 + 1679) * 2 - (133 + 166 + 103 + 101)""}",communication_only,communication_only,communication_only -> communication_only,True,,False,middle,False,,1.0,10
C1_C1,mistral_small_3p2,airline,18,airline:18,compound,1,3,False,True,True,7.0,0.23333333333333334,transfer_to_human_agents,get_flight_status,"{""summary"":""User omar_davis_3817 wants to downgrade all business flights to economy.""}","{""date"":""2024-05-21"",""flight_number"":""HAT028""}",communication_only,retrieval_search,communication_only -> retrieval_search,True,,False,early,False,,1.0,23
C1_C1,mistral_small_3p2,airline,18,airline:18,compound,1,4,False,True,False,7.0,0.4117647058823529,transfer_to_human_agents,calculate,"{""summary"":""User omar_davis_3817 wants to downgrade all business flights to economy.""}","{""expression"":""(1859 + 1679) * 2 - (133 + 166 + 103 + 101) * 1""}",communication_only,communication_only,communication_only -> communication_only,True,,False,middle,False,,1.0,10
C1_C1,mistral_small_3p2,airline,18,airline:18,compound,2,3,False,True,False,7.0,0.23333333333333334,calculate,get_flight_status,"{""expression"":""(1859 + 1679) * 2 - (133 + 166 + 103 + 101)""}","{""date"":""2024-05-21"",""flight_number"":""HAT028""}",communication_only,retrieval_search,communication_only -> retrieval_search,True,,False,early,True,0.26666666666666666,0.033333333333333326,21
C1_C1,mistral_small_3p2,airline,18,airline:18,compound,2,4,False,True,True,,1.0,<END>,<END>,<END>,<END>,<END>,<END>,<END> -> <END>,False,,True,late,False,,0.0,0
C1_C1,mistral_small_3p2,airline,18,airline:18,compound,3,4,False,True,False,7.0,0.23333333333333334,get_flight_status,calculate,"{""date"":""2024-05-21"",""flight_number"":""HAT028""}","{""expression"":""(1859 + 1679) * 2 - (133 + 166 + 103 + 101) * 1""}",retrieval_search,communication_only,retrieval_search -> communication_only,True,,False,early,True,0.26666666666666666,0.033333333333333326,21
C2_C1,mistral_small_3p2,airline,2,airline:2,read,0,0,False,False,False,0.0,0.0,search_direct_flight,get_user_details,"{""date"":""2024-10-13"",""destination"":""JFK"",""origin"":""SFO""}","{""user_id"":""noah_muller_9847""}",retrieval_search,entity_lookup,retrieval_search -> entity_lookup,True,,False,early,False,,1.0,5
C2_C1,mistral_small_3p2,airline,2,airline:2,read,1,1,False,True,False,0.0,0.0,search_direct_flight,get_user_details,"{""date"":""2024-10-13"",""destination"":""JFK"",""origin"":""SFO""}","{""user_id"":""noah_muller_9847""}",retrieval_search,entity_lookup,retrieval_search -> entity_lookup,True,,False,early,True,0.1,0.1,3
C2_C1,mistral_small_3p2,airline,2,airline:2,read,2,2,False,True,False,0.0,0.0,search_direct_flight,get_user_details,"{""date"":""2024-10-13"",""destination"":""JFK"",""origin"":""SFO""}","{""user_id"":""noah_muller_9847""}",retrieval_search,entity_lookup,retrieval_search -> entity_lookup,True,,False,early,True,0.1,0.1,2
C2_C1,mistral_small_3p2,airline,2,airline:2,read,3,3,False,True,False,0.0,0.0,search_direct_flight,get_user_details,"{""date"":""2024-10-13"",""destination"":""JFK"",""origin"":""SFO""}","{""user_id"":""noah_muller_9847""}",retrieval_search,entity_lookup,retrieval_search -> entity_lookup,True,,False,early,True,0.1,0.1,6
C2_C1,mistral_small_3p2,airline,2,airline:2,read,4,4,False,True,False,0.0,0.0,search_direct_flight,get_user_details,"{""date"":""2024-10-13"",""destination"":""JFK"",""origin"":""SFO""}","{""user_id"":""noah_muller_9847""}",retrieval_search,entity_lookup,retrieval_search -> entity_lookup,True,,False,early,True,0.1,0.1,2
C1_C1,mistral_small_3p2,airline,2,airline:2,read,0,1,False,True,True,4.0,0.4444444444444444,send_certificate,get_flight_status,"{""amount"":50,""user_id"":""noah_muller_9847""}","{""date"":""2024-05-11"",""flight_number"":""HAT018""}",write_mutation,retrieval_search,write_mutation -> retrieval_search,False,,False,middle,False,,1.0,4
C1_C1,mistral_small_3p2,airline,2,airline:2,read,0,2,False,True,True,4.0,0.5,send_certificate,get_flight_status,"{""amount"":50,""user_id"":""noah_muller_9847""}","{""date"":""2024-05-11"",""flight_number"":""HAT018""}",write_mutation,retrieval_search,write_mutation -> retrieval_search,False,,False,middle,False,,1.0,3
C1_C1,mistral_small_3p2,airline,2,airline:2,read,0,3,False,True,False,3.0,0.6,get_flight_status,send_certificate,"{""date"":""2024-05-11"",""flight_number"":""HAT006""}","{""amount"":150,""user_id"":""noah_muller_9847""}",retrieval_search,write_mutation,retrieval_search -> write_mutation,False,,False,middle,False,,1.0,1
C1_C1,mistral_small_3p2,airline,2,airline:2,read,0,4,False,True,True,4.0,0.5,send_certificate,get_flight_status,"{""amount"":50,""user_id"":""noah_muller_9847""}","{""date"":""2024-05-11"",""flight_number"":""HAT018""}",write_mutation,retrieval_search,write_mutation -> retrieval_search,False,,False,middle,False,,1.0,3
C1_C1,mistral_small_3p2,airline,2,airline:2,read,1,2,False,True,True,7.0,0.7777777777777778,calculate,send_certificate,"{""expression"":""1""}","{""amount"":50,""user_id"":""noah_muller_9847""}",communication_only,write_mutation,communication_only -> write_mutation,False,,False,late,False,,1.0,1
C1_C1,mistral_small_3p2,airline,2,airline:2,read,1,3,False,True,False,3.0,0.3333333333333333,get_flight_status,send_certificate,"{""date"":""2024-05-11"",""flight_number"":""HAT006""}","{""amount"":150,""user_id"":""noah_muller_9847""}",retrieval_search,write_mutation,retrieval_search -> write_mutation,False,,False,middle,False,,1.0,5
C1_C1,mistral_small_3p2,airline,2,airline:2,read,1,4,False,True,True,7.0,0.7777777777777778,calculate,send_certificate,"{""expression"":""1""}","{""amount"":50,""user_id"":""noah_muller_9847""}",communication_only,write_mutation,communication_only -> write_mutation,False,,False,late,False,,1.0,1
C1_C1,mistral_small_3p2,airline,2,airline:2,read,2,3,False,True,False,3.0,0.375,get_flight_status,send_certificate,"{""date"":""2024-05-11"",""flight_number"":""HAT006""}","{""amount"":150,""user_id"":""noah_muller_9847""}",retrieval_search,write_mutation,retrieval_search -> write_mutation,False,,False,middle,False,,1.0,4
C1_C1,mistral_small_3p2,airline,2,airline:2,read,2,4,False,True,True,,1.0,<END>,<END>,<END>,<END>,<END>,<END>,<END> -> <END>,False,,True,late,False,,0.0,0
C1_C1,mistral_small_3p2,airline,2,airline:2,read,3,4,False,True,False,3.0,0.375,send_certificate,get_flight_status,"{""amount"":150,""user_id"":""noah_muller_9847""}","{""date"":""2024-05-11"",""flight_number"":""HAT006""}",write_mutation,retrieval_search,write_mutation -> retrieval_search,False,,False,middle,False,,1.0,4
C2_C1,mistral_small_3p2,airline,22,airline:22,compound,0,0,False,True,False,4.0,0.5,search_direct_flight,calculate,"{""date"":""2024-05-26"",""destination"":""SFO"",""origin"":""LAX""}","{""expression"":""(3 - 2) * 50""}",retrieval_search,communication_only,retrieval_search -> communication_only,True,,False,middle,False,,1.0,4
C2_C1,mistral_small_3p2,airline,22,airline:22,compound,1,1,False,True,True,0.0,0.0,transfer_to_human_agents,get_user_details,"{""summary"":""User wants to change flight from New York to Chicago.""}","{""user_id"":""omar_rossi_1241""}",communication_only,entity_lookup,communication_only -> entity_lookup,True,,False,early,True,0.2,0.2,3
C2_C1,mistral_small_3p2,airline,22,airline:22,compound,2,2,False,True,False,0.0,0.0,transfer_to_human_agents,get_user_details,"{""summary"":""User wants to change their flight from New York to Chicago.""}","{""user_id"":""omar_rossi_1241""}",communication_only,entity_lookup,communication_only -> entity_lookup,True,,False,early,True,0.125,0.125,5
C2_C1,mistral_small_3p2,airline,22,airline:22,compound,3,3,False,True,True,0.0,0.0,transfer_to_human_agents,get_user_details,"{""summary"":""User wants to change flight from New York to Chicago.""}","{""user_id"":""omar_rossi_1241""}",communication_only,entity_lookup,communication_only -> entity_lookup,True,,False,early,True,0.2,0.2,3
C2_C1,mistral_small_3p2,airline,22,airline:22,compound,4,4,False,True,True,0.0,0.0,transfer_to_human_agents,get_user_details,"{""summary"":""User wants to change flight from New York to Chicago.""}","{""user_id"":""omar_rossi_1241""}",communication_only,entity_lookup,communication_only -> entity_lookup,True,,False,early,True,0.3333333333333333,0.3333333333333333,1
C1_C1,mistral_small_3p2,airline,22,airline:22,compound,0,1,False,True,False,2.0,0.25,get_flight_status,<END>,"{""date"":""2024-05-24"",""flight_number"":""HAT214""}",<END>,retrieval_search,<END>,retrieval_search -> <END>,True,,False,early,False,,1.0,6
C1_C1,mistral_small_3p2,airline,22,airline:22,compound,0,2,False,True,False,,1.0,<END>,<END>,<END>,<END>,<END>,<END>,<END> -> <END>,False,,True,late,False,,0.0,0
C1_C1,mistral_small_3p2,airline,22,airline:22,compound,0,3,False,True,False,2.0,0.25,get_flight_status,<END>,"{""date"":""2024-05-24"",""flight_number"":""HAT214""}",<END>,retrieval_search,<END>,retrieval_search -> <END>,True,,False,early,False,,1.0,6
C1_C1,mistral_small_3p2,airline,22,airline:22,compound,0,4,False,True,False,2.0,0.25,get_flight_status,<END>,"{""date"":""2024-05-24"",""flight_number"":""HAT214""}",<END>,retrieval_search,<END>,retrieval_search -> <END>,True,,False,early,False,,1.0,6
C1_C1,mistral_small_3p2,airline,22,airline:22,compound,1,2,False,True,False,2.0,0.25,<END>,get_flight_status,<END>,"{""date"":""2024-05-24"",""flight_number"":""HAT214""}",<END>,retrieval_search,<END> -> retrieval_search,True,,False,early,False,,1.0,6
C1_C1,mistral_small_3p2,airline,22,airline:22,compound,1,3,False,True,True,,1.0,<END>,<END>,<END>,<END>,<END>,<END>,<END> -> <END>,True,,False,late,False,,0.0,0
C1_C1,mistral_small_3p2,airline,22,airline:22,compound,1,4,False,True,True,,1.0,<END>,<END>,<END>,<END>,<END>,<END>,<END> -> <END>,True,,False,late,False,,0.0,0
C1_C1,mistral_small_3p2,airline,22,airline:22,compound,2,3,False,True,False,2.0,0.25,get_flight_status,<END>,"{""date"":""2024-05-24"",""flight_number"":""HAT214""}",<END>,retrieval_search,<END>,retrieval_search -> <END>,True,,False,early,False,,1.0,6
C1_C1,mistral_small_3p2,airline,22,airline:22,compound,2,4,False,True,False,2.0,0.25,get_flight_status,<END>,"{""date"":""2024-05-24"",""flight_number"":""HAT214""}",<END>,retrieval_search,<END>,retrieval_search -> <END>,True,,False,early,False,,1.0,6
C1_C1,mistral_small_3p2,airline,22,airline:22,compound,3,4,False,True,True,,1.0,<END>,<END>,<END>,<END>,<END>,<END>,<END> -> <END>,True,,False,late,False,,0.0,0
C2_C1,mistral_small_3p2,airline,23,airline:23,compound,0,0,False,True,False,5.0,0.3333333333333333,get_reservation_details,search_direct_flight,"{""reservation_id"":""7890123""}","{""date"":""2024-05-26"",""destination"":""SFO"",""origin"":""JFK""}",recovery_retry,retrieval_search,recovery_retry -> retrieval_search,True,,False,middle,False,,1.0,10
C2_C1,mistral_small_3p2,airline,23,airline:23,compound,1,1,False,True,False,3.0,0.15,get_reservation_details,calculate,"{""reservation_id"":""RES654321""}","{""expression"":""500 + 250 + 250""}",recovery_retry,communication_only,recovery_retry -> communication_only,True,,False,early,False,,1.0,16
C2_C1,mistral_small_3p2,airline,23,airline:23,compound,2,2,False,True,False,3.0,0.25,get_reservation_details,calculate,"{""reservation_id"":""K1NW8N""}","{""expression"":""500 + 250 + 250""}",entity_lookup,communication_only,entity_lookup -> communication_only,True,,False,early,True,0.4166666666666667,0.16666666666666669,8
C2_C1,mistral_small_3p2,airline,23,airline:23,compound,3,3,False,True,True,3.0,0.3333333333333333,get_reservation_details,calculate,"{""reservation_id"":""RES654321""}","{""expression"":""500 + 250 + 250""}",recovery_retry,communication_only,recovery_retry -> communication_only,True,,False,middle,True,0.4444444444444444,0.1111111111111111,3
C2_C1,mistral_small_3p2,airline,23,airline:23,compound,4,4,False,True,True,5.0,0.20833333333333334,get_reservation_details,search_direct_flight,"{""reservation_id"":""K1NW8N""}","{""date"":""2024-05-26"",""destination"":""SFO"",""origin"":""JFK""}",entity_lookup,retrieval_search,entity_lookup -> retrieval_search,True,,False,early,True,0.25,0.04166666666666666,11
C1_C1,mistral_small_3p2,airline,23,airline:23,compound,0,1,False,True,False,7.0,0.35,search_onestop_flight,search_direct_flight,"{""date"":""2024-05-28"",""destination"":""JFK"",""origin"":""SFO""}","{""date"":""2024-05-28"",""destination"":""JFK"",""origin"":""SEA""}",retrieval_search,retrieval_search,retrieval_search -> retrieval_search,True,,False,middle,True,0.4,0.050000000000000044,9
C1_C1,mistral_small_3p2,airline,23,airline:23,compound,0,2,False,True,False,5.0,0.3333333333333333,search_direct_flight,transfer_to_human_agents,"{""date"":""2024-05-26"",""destination"":""SFO"",""origin"":""JFK""}","{""summary"":""User mohamed_silva_9265 is having trouble finding their reservation RES_2563789.""}",retrieval_search,communication_only,retrieval_search -> communication_only,True,,False,middle,False,,1.0,10
C1_C1,mistral_small_3p2,airline,23,airline:23,compound,0,3,False,True,False,7.0,0.4666666666666667,search_onestop_flight,search_direct_flight,"{""date"":""2024-05-28"",""destination"":""JFK"",""origin"":""SFO""}","{""date"":""2024-05-28"",""destination"":""JFK"",""origin"":""SEA""}",retrieval_search,retrieval_search,retrieval_search -> retrieval_search,True,,False,middle,False,,1.0,8
C1_C1,mistral_small_3p2,airline,23,airline:23,compound,0,4,False,True,False,8.0,0.5333333333333333,calculate,search_onestop_flight,"{""expression"":""198 + 129""}","{""date"":""2024-05-28"",""destination"":""JFK"",""origin"":""SEA""}",recovery_retry,retrieval_search,recovery_retry -> retrieval_search,True,,False,middle,True,0.6,0.06666666666666665,4
C1_C1,mistral_small_3p2,airline,23,airline:23,compound,1,2,False,True,False,5.0,0.25,search_direct_flight,transfer_to_human_agents,"{""date"":""2024-05-26"",""destination"":""SFO"",""origin"":""JFK""}","{""summary"":""User mohamed_silva_9265 is having trouble finding their reservation RES_2563789.""}",retrieval_search,communication_only,retrieval_search -> communication_only,True,,False,early,False,,1.0,15
C1_C1,mistral_small_3p2,airline,23,airline:23,compound,1,3,False,True,False,8.0,0.4,calculate,transfer_to_human_agents,"{""expression"":""364 + 248 + 259""}","{""summary"":""User mohamed_silva_9265 wants to cancel their current reservation and book a new one with different flights.""}",communication_only,communication_only,communication_only -> communication_only,True,,False,middle,False,,1.0,12
C1_C1,mistral_small_3p2,airline,23,airline:23,compound,1,4,False,True,False,7.0,0.35,search_direct_flight,search_onestop_flight,"{""date"":""2024-05-28"",""destination"":""JFK"",""origin"":""SEA""}","{""date"":""2024-05-26"",""destination"":""SFO"",""origin"":""JFK""}",retrieval_search,retrieval_search,retrieval_search -> retrieval_search,True,,False,middle,True,0.4,0.050000000000000044,9
C1_C1,mistral_small_3p2,airline,23,airline:23,compound,2,3,False,True,True,5.0,0.5555555555555556,transfer_to_human_agents,search_direct_flight,"{""summary"":""User mohamed_silva_9265 is having trouble finding their reservation RES_2563789.""}","{""date"":""2024-05-26"",""destination"":""SFO"",""origin"":""JFK""}",communication_only,retrieval_search,communication_only -> retrieval_search,True,,False,middle,True,0.6666666666666666,0.11111111111111105,3
C1_C1,mistral_small_3p2,airline,23,airline:23,compound,2,4,False,True,True,5.0,0.38461538461538464,transfer_to_human_agents,search_direct_flight,"{""summary"":""User mohamed_silva_9265 is having trouble finding their reservation RES_2563789.""}","{""date"":""2024-05-26"",""destination"":""SFO"",""origin"":""JFK""}",communication_only,retrieval_search,communication_only -> retrieval_search,True,,False,middle,False,,1.0,8
C1_C1,mistral_small_3p2,airline,23,airline:23,compound,3,4,False,True,True,7.0,0.5384615384615384,search_direct_flight,search_onestop_flight,"{""date"":""2024-05-28"",""destination"":""JFK"",""origin"":""SEA""}","{""date"":""2024-05-26"",""destination"":""SFO"",""origin"":""JFK""}",retrieval_search,retrieval_search,retrieval_search -> retrieval_search,True,,False,middle,False,,1.0,6
C2_C1,mistral_small_3p2,airline,30,airline:30,single,0,0,False,True,False,1.0,0.16666666666666666,search_direct_flight,transfer_to_human_agents,"{""date"":""2024-05-19"",""destination"":""IAH"",""origin"":""LAS""}","{""summary"":""User james_taylor_7043 wants to change the flight of reservation 1N99U6 to a nonstop one and remove the checked bag to get a refund.""}",retrieval_search,communication_only,retrieval_search -> communication_only,True,,False,early,False,,1.0,5
C2_C1,mistral_small_3p2,airline,30,airline:30,single,1,1,False,True,True,1.0,0.2,get_user_details,transfer_to_human_agents,"{""user_id"":""james_taylor_7043""}","{""summary"":""User james_taylor_7043 wants to change the flight of reservation 1N99U6 to a nonstop one and remove the checked bag to get a refund.""}",entity_lookup,communication_only,entity_lookup -> communication_only,True,,False,early,True,0.4,0.2,2
C2_C1,mistral_small_3p2,airline,30,airline:30,single,2,2,False,True,True,1.0,0.25,search_direct_flight,transfer_to_human_agents,"{""date"":""2024-05-19"",""destination"":""IAH"",""origin"":""LAS""}","{""summary"":""User james_taylor_7043 with reservation 1N99U6 wants to change flight to a nonstop one and remove checked bag.""}",retrieval_search,communication_only,retrieval_search -> communication_only,True,,False,early,False,,1.0,3
C2_C1,mistral_small_3p2,airline,30,airline:30,single,3,3,False,True,True,1.0,0.14285714285714285,search_direct_flight,transfer_to_human_agents,"{""date"":""2024-05-19"",""destination"":""IAH"",""origin"":""LAS""}","{""summary"":""User james_taylor_7043 with reservation 1N99U6 wants to change flight to a nonstop one and remove checked bag to get a refund.""}",retrieval_search,communication_only,retrieval_search -> communication_only,True,,False,early,False,,1.0,5
C2_C1,mistral_small_3p2,airline,30,airline:30,single,4,4,False,True,True,1.0,0.25,search_direct_flight,transfer_to_human_agents,"{""date"":""2024-05-19"",""destination"":""IAH"",""origin"":""LAS""}","{""summary"":""User james_taylor_7043 wants to change the flight of reservation 1N99U6 to a nonstop one and remove the checked bag to get a refund.""}",retrieval_search,communication_only,retrieval_search -> communication_only,True,,False,early,True,0.5,0.25,2
C1_C1,mistral_small_3p2,airline,30,airline:30,single,0,1,False,True,True,2.0,0.4,transfer_to_human_agents,search_direct_flight,"{""summary"":""User james_taylor_7043 wants to change the flight of reservation 1N99U6 to a nonstop one and remove the checked bag to get a refund.""}","{""date"":""2024-05-19"",""destination"":""IAH"",""origin"":""LAS""}",recovery_retry,retrieval_search,recovery_retry -> retrieval_search,True,,False,middle,True,0.6,0.19999999999999996,2
C1_C1,mistral_small_3p2,airline,30,airline:30,single,0,2,False,True,True,2.0,0.5,transfer_to_human_agents,<END>,"{""summary"":""User james_taylor_7043 wants to change the flight of reservation 1N99U6 to a nonstop one and remove the checked bag to get a refund.""}",<END>,recovery_retry,<END>,recovery_retry -> <END>,True,,False,middle,False,,1.0,2
C1_C1,mistral_small_3p2,airline,30,airline:30,single,0,3,False,True,True,2.0,0.5,transfer_to_human_agents,<END>,"{""summary"":""User james_taylor_7043 wants to change the flight of reservation 1N99U6 to a nonstop one and remove the checked bag to get a refund.""}",<END>,recovery_retry,<END>,recovery_retry -> <END>,True,,False,middle,False,,1.0,2
C1_C1,mistral_small_3p2,airline,30,airline:30,single,0,4,False,True,True,3.0,0.75,transfer_to_human_agents,<END>,"{""summary"":""User james_taylor_7043 wants to change the flight of reservation 1N99U6 to a nonstop one and remove the checked bag to get a refund.""}",<END>,recovery_retry,<END>,recovery_retry -> <END>,True,,False,late,False,,1.0,1
C1_C1,mistral_small_3p2,airline,30,airline:30,single,1,2,False,True,True,2.0,0.4,search_direct_flight,<END>,"{""date"":""2024-05-19"",""destination"":""IAH"",""origin"":""LAS""}",<END>,retrieval_search,<END>,retrieval_search -> <END>,True,,False,middle,False,,1.0,3
C1_C1,mistral_small_3p2,airline,30,airline:30,single,1,3,False,True,True,2.0,0.4,search_direct_flight,<END>,"{""date"":""2024-05-19"",""destination"":""IAH"",""origin"":""LAS""}",<END>,retrieval_search,<END>,retrieval_search -> <END>,True,,False,middle,False,,1.0,3
C1_C1,mistral_small_3p2,airline,30,airline:30,single,1,4,False,True,True,2.0,0.4,search_direct_flight,transfer_to_human_agents,"{""date"":""2024-05-19"",""destination"":""IAH"",""origin"":""LAS""}","{""summary"":""User james_taylor_7043 wants to change the flight of reservation 1N99U6 to a nonstop one and remove the checked bag to get a refund.""}",retrieval_search,recovery_retry,retrieval_search -> recovery_retry,True,,False,middle,False,,1.0,2
C1_C1,mistral_small_3p2,airline,30,airline:30,single,2,3,False,True,True,,1.0,<END>,<END>,<END>,<END>,<END>,<END>,<END> -> <END>,True,,False,late,False,,0.0,0
C1_C1,mistral_small_3p2,airline,30,airline:30,single,2,4,False,True,True,2.0,0.6666666666666666,<END>,transfer_to_human_agents,<END>,"{""summary"":""User james_taylor_7043 wants to change the flight of reservation 1N99U6 to a nonstop one and remove the checked bag to get a refund.""}",<END>,recovery_retry,<END> -> recovery_retry,True,,False,late,False,,1.0,1
C1_C1,mistral_small_3p2,airline,30,airline:30,single,3,4,False,True,True,2.0,0.6666666666666666,<END>,transfer_to_human_agents,<END>,"{""summary"":""User james_taylor_7043 wants to change the flight of reservation 1N99U6 to a nonstop one and remove the checked bag to get a refund.""}",<END>,recovery_retry,<END> -> recovery_retry,True,,False,late,False,,1.0,1
C2_C1,mistral_small_3p2,airline,32,airline:32,compound,0,0,False,True,True,5.0,0.625,search_direct_flight,get_flight_status,"{""date"":""2024-05-21"",""destination"":""LAX"",""origin"":""EWR""}","{""date"":""2024-05-21"",""flight_number"":""HAT202""}",retrieval_search,retrieval_search,retrieval_search -> retrieval_search,True,,False,middle,False,,1.0,3
C2_C1,mistral_small_3p2,airline,32,airline:32,compound,1,1,False,False,False,8.0,0.6153846153846154,update_reservation_flights,calculate,"{""cabin"":""economy"",""flights"":[{""date"":""2024-05-21"",""flight_number"":""HAT202""},{""date"":""2024-05-21"",""flight_number"":""HAT232""}],""payment_id"":""gift_card_9823297"",""reservation_id"":""OWZ4XL""}","{""expression"":""136 - 522""}",recovery_retry,communication_only,recovery_retry -> communication_only,True,,False,middle,True,0.6923076923076923,0.07692307692307687,2
C2_C1,mistral_small_3p2,airline,32,airline:32,compound,2,2,False,True,True,,1.0,<END>,<END>,<END>,<END>,<END>,<END>,<END> -> <END>,True,,False,late,False,,0.0,0
C2_C1,mistral_small_3p2,airline,32,airline:32,compound,3,3,False,False,False,8.0,0.6666666666666666,transfer_to_human_agents,search_onestop_flight,"{""summary"":""User ivan_rossi_8555 wants to upgrade their ticket to economy and then change their flight to a nonstop option.""}","{""date"":""2024-05-21"",""destination"":""LAX"",""origin"":""EWR""}",communication_only,retrieval_search,communication_only -> retrieval_search,True,,False,late,False,,1.0,4
C2_C1,mistral_small_3p2,airline,32,airline:32,compound,4,4,False,True,True,5.0,0.45454545454545453,search_direct_flight,get_flight_status,"{""date"":""2024-05-21"",""destination"":""LAX"",""origin"":""EWR""}","{""date"":""2024-05-21"",""flight_number"":""HAT202""}",retrieval_search,retrieval_search,retrieval_search -> retrieval_search,True,,False,middle,False,,1.0,5
C1_C1,mistral_small_3p2,airline,32,airline:32,compound,0,1,False,True,False,8.0,0.7272727272727273,<END>,calculate,<END>,"{""expression"":""136 - 522""}",<END>,communication_only,<END> -> communication_only,True,,False,late,False,,1.0,3
C1_C1,mistral_small_3p2,airline,32,airline:32,compound,0,2,False,True,True,5.0,0.625,get_flight_status,search_direct_flight,"{""date"":""2024-05-21"",""flight_number"":""HAT202""}","{""date"":""2024-05-21"",""destination"":""LAX"",""origin"":""EWR""}",retrieval_search,retrieval_search,retrieval_search -> retrieval_search,True,,False,middle,False,,1.0,2
C1_C1,mistral_small_3p2,airline,32,airline:32,compound,0,3,False,False,False,8.0,0.6666666666666666,<END>,search_onestop_flight,<END>,"{""date"":""2024-05-21"",""destination"":""LAX"",""origin"":""EWR""}",<END>,retrieval_search,<END> -> retrieval_search,True,,False,late,False,,1.0,4
C1_C1,mistral_small_3p2,airline,32,airline:32,compound,0,4,False,True,True,8.0,0.7272727272727273,<END>,calculate,<END>,"{""expression"":""136 * 3 - 522""}",<END>,communication_only,<END> -> communication_only,True,,False,late,False,,1.0,3
C1_C1,mistral_small_3p2,airline,32,airline:32,compound,1,2,False,True,False,5.0,0.45454545454545453,get_flight_status,search_direct_flight,"{""date"":""2024-05-21"",""flight_number"":""HAT202""}","{""date"":""2024-05-21"",""destination"":""LAX"",""origin"":""EWR""}",retrieval_search,retrieval_search,retrieval_search -> retrieval_search,True,,False,middle,False,,1.0,5
C1_C1,mistral_small_3p2,airline,32,airline:32,compound,1,3,False,False,False,8.0,0.6666666666666666,calculate,search_onestop_flight,"{""expression"":""136 - 522""}","{""date"":""2024-05-21"",""destination"":""LAX"",""origin"":""EWR""}",communication_only,retrieval_search,communication_only -> retrieval_search,True,,False,late,True,0.75,0.08333333333333337,2
C1_C1,mistral_small_3p2,airline,32,airline:32,compound,1,4,False,True,False,10.0,0.9090909090909091,update_reservation_flights,update_reservation_cabin,"{""cabin"":""economy"",""flights"":[{""date"":""2024-05-21"",""flight_number"":""HAT041""}],""payment_id"":""credit_card_9659780"",""reservation_id"":""OWZ4XL""}","{""cabin"":""economy"",""flights"":[{""date"":""2024-05-21"",""flight_number"":""HAT202""},{""date"":""2024-05-21"",""flight_number"":""HAT232""}],""payment_id"":""credit_card_9659780"",""reservation_id"":""OWZ4XL""}",write_mutation,recovery_retry,write_mutation -> recovery_retry,False,,False,late,False,,1.0,1
C1_C1,mistral_small_3p2,airline,32,airline:32,compound,2,3,False,False,False,5.0,0.4166666666666667,search_direct_flight,get_flight_status,"{""date"":""2024-05-21"",""destination"":""LAX"",""origin"":""EWR""}","{""date"":""2024-05-21"",""flight_number"":""HAT202""}",retrieval_search,retrieval_search,retrieval_search -> retrieval_search,True,,False,middle,False,,1.0,6
C1_C1,mistral_small_3p2,airline,32,airline:32,compound,2,4,False,True,True,5.0,0.45454545454545453,search_direct_flight,get_flight_status,"{""date"":""2024-05-21"",""destination"":""LAX"",""origin"":""EWR""}","{""date"":""2024-05-21"",""flight_number"":""HAT202""}",retrieval_search,retrieval_search,retrieval_search -> retrieval_search,True,,False,middle,False,,1.0,5
C1_C1,mistral_small_3p2,airline,32,airline:32,compound,3,4,False,False,False,8.0,0.6666666666666666,search_onestop_flight,calculate,"{""date"":""2024-05-21"",""destination"":""LAX"",""origin"":""EWR""}","{""expression"":""136 * 3 - 522""}",retrieval_search,communication_only,retrieval_search -> communication_only,True,,False,late,True,0.75,0.08333333333333337,3
C2_C1,mistral_small_3p2,airline,33,airline:33,compound,0,0,False,True,True,2.0,0.2857142857142857,search_onestop_flight,search_direct_flight,"{""date"":""2024-05-19"",""destination"":""SFO"",""origin"":""IAH""}","{""date"":""2024-05-23"",""destination"":""IAH"",""origin"":""SFO""}",retrieval_search,retrieval_search,retrieval_search -> retrieval_search,True,,False,early,True,0.42857142857142855,0.14285714285714285,4
C2_C1,mistral_small_3p2,airline,33,airline:33,compound,1,1,False,True,False,3.0,0.23076923076923078,transfer_to_human_agents,update_reservation_flights,"{""summary"":""User yara_garcia_1905 with reservation HXDUBJ wants to change flights to HAT180 on 2024-05-19 and HAT278 on 2024-05-23.""}","{""cabin"":""economy"",""flights"":[{""date"":""2024-05-19"",""flight_number"":""HAT180""},{""date"":""2024-05-23"",""flight_number"":""HAT082""}],""payment_id"":""gift_card_6941833"",""reservation_id"":""HXDUBJ""}",communication_only,write_mutation,communication_only -> write_mutation,False,,False,early,False,,1.0,10
C2_C1,mistral_small_3p2,airline,33,airline:33,compound,2,2,False,True,False,2.0,0.18181818181818182,search_onestop_flight,search_direct_flight,"{""date"":""2024-05-19"",""destination"":""SFO"",""origin"":""IAH""}","{""date"":""2024-05-23"",""destination"":""IAH"",""origin"":""SFO""}",retrieval_search,retrieval_search,retrieval_search -> retrieval_search,True,,False,early,True,0.2727272727272727,0.09090909090909088,8
C2_C1,mistral_small_3p2,airline,33,airline:33,compound,3,3,False,True,True,,1.0,<END>,<END>,<END>,<END>,<END>,<END>,<END> -> <END>,True,,False,late,False,,0.0,0
C2_C1,mistral_small_3p2,airline,33,airline:33,compound,4,4,False,True,True,2.0,0.2857142857142857,search_onestop_flight,search_direct_flight,"{""date"":""2024-05-19"",""destination"":""SFO"",""origin"":""IAH""}","{""date"":""2024-05-23"",""destination"":""IAH"",""origin"":""SFO""}",retrieval_search,retrieval_search,retrieval_search -> retrieval_search,True,,False,early,False,,1.0,5
C1_C1,mistral_small_3p2,airline,33,airline:33,compound,0,1,False,True,False,3.0,0.23076923076923078,transfer_to_human_agents,update_reservation_flights,"{""summary"":""User wants to change flights and has insurance, but the agent is unable to waive the fees as per the policy.""}","{""cabin"":""economy"",""flights"":[{""date"":""2024-05-19"",""flight_number"":""HAT180""},{""date"":""2024-05-23"",""flight_number"":""HAT082""}],""payment_id"":""gift_card_6941833"",""reservation_id"":""HXDUBJ""}",communication_only,write_mutation,communication_only -> write_mutation,False,,False,early,False,,1.0,10
C1_C1,mistral_small_3p2,airline,33,airline:33,compound,0,2,False,True,False,3.0,0.2727272727272727,transfer_to_human_agents,get_user_details,"{""summary"":""User wants to change flights and has insurance, but the agent is unable to waive the fees as per the policy.""}","{""user_id"":""yara_garcia_1905""}",communication_only,entity_lookup,communication_only -> entity_lookup,True,,False,early,False,,1.0,8
C1_C1,mistral_small_3p2,airline,33,airline:33,compound,0,3,False,True,True,,1.0,<END>,<END>,<END>,<END>,<END>,<END>,<END> -> <END>,True,,False,late,False,,0.0,0
C1_C1,mistral_small_3p2,airline,33,airline:33,compound,0,4,False,True,True,3.0,0.6,transfer_to_human_agents,calculate,"{""summary"":""User wants to change flights and has insurance, but the agent is unable to waive the fees as per the policy.""}","{""expression"":""282 + 443 + 200""}",communication_only,communication_only,communication_only -> communication_only,True,,False,middle,False,,1.0,2
C1_C1,mistral_small_3p2,airline,33,airline:33,compound,1,2,False,True,False,3.0,0.23076923076923078,update_reservation_flights,get_user_details,"{""cabin"":""economy"",""flights"":[{""date"":""2024-05-19"",""flight_number"":""HAT180""},{""date"":""2024-05-23"",""flight_number"":""HAT082""}],""payment_id"":""gift_card_6941833"",""reservation_id"":""HXDUBJ""}","{""user_id"":""yara_garcia_1905""}",write_mutation,entity_lookup,write_mutation -> entity_lookup,False,,False,early,True,0.6153846153846154,0.38461538461538464,9
C1_C1,mistral_small_3p2,airline,33,airline:33,compound,1,3,False,True,False,3.0,0.23076923076923078,update_reservation_flights,transfer_to_human_agents,"{""cabin"":""economy"",""flights"":[{""date"":""2024-05-19"",""flight_number"":""HAT180""},{""date"":""2024-05-23"",""flight_number"":""HAT082""}],""payment_id"":""gift_card_6941833"",""reservation_id"":""HXDUBJ""}","{""summary"":""User yara_garcia_1905 wants to change their reservation HXDUBJ to outgoing flight HAT180 and return flight HAT278.""}",write_mutation,communication_only,write_mutation -> communication_only,False,,False,early,False,,1.0,10
C1_C1,mistral_small_3p2,airline,33,airline:33,compound,1,4,False,True,False,3.0,0.23076923076923078,update_reservation_flights,calculate,"{""cabin"":""economy"",""flights"":[{""date"":""2024-05-19"",""flight_number"":""HAT180""},{""date"":""2024-05-23"",""flight_number"":""HAT082""}],""payment_id"":""gift_card_6941833"",""reservation_id"":""HXDUBJ""}","{""expression"":""282 + 443 + 200""}",write_mutation,communication_only,write_mutation -> communication_only,False,,False,early,True,0.3076923076923077,0.07692307692307693,8
C1_C1,mistral_small_3p2,airline,33,airline:33,compound,2,3,False,True,False,3.0,0.2727272727272727,get_user_details,transfer_to_human_agents,"{""user_id"":""yara_garcia_1905""}","{""summary"":""User yara_garcia_1905 wants to change their reservation HXDUBJ to outgoing flight HAT180 and return flight HAT278.""}",entity_lookup,communication_only,entity_lookup -> communication_only,True,,False,early,False,,1.0,8
C1_C1,mistral_small_3p2,airline,33,airline:33,compound,2,4,False,True,False,3.0,0.2727272727272727,get_user_details,calculate,"{""user_id"":""yara_garcia_1905""}","{""expression"":""282 + 443 + 200""}",entity_lookup,communication_only,entity_lookup -> communication_only,True,,False,early,False,,1.0,8
C1_C1,mistral_small_3p2,airline,33,airline:33,compound,3,4,False,True,True,3.0,0.6,transfer_to_human_agents,calculate,"{""summary"":""User yara_garcia_1905 wants to change their reservation HXDUBJ to outgoing flight HAT180 and return flight HAT278.""}","{""expression"":""282 + 443 + 200""}",communication_only,communication_only,communication_only -> communication_only,True,,False,middle,False,,1.0,2
C2_C1,mistral_small_3p2,airline,37,airline:37,single,0,0,False,True,False,0.0,0.0,get_reservation_details,get_user_details,"{""reservation_id"":""IFOYYZ""}","{""user_id"":""aarav_ahmed_6699""}",entity_lookup,entity_lookup,entity_lookup -> entity_lookup,True,,False,early,True,0.08333333333333333,0.08333333333333333,7
C2_C1,mistral_small_3p2,airline,37,airline:37,single,1,1,False,True,False,0.0,0.0,get_reservation_details,get_user_details,"{""reservation_id"":""IFOYYZ""}","{""user_id"":""aarav_ahmed_6699""}",entity_lookup,entity_lookup,entity_lookup -> entity_lookup,True,,False,early,True,0.125,0.125,3
C2_C1,mistral_small_3p2,airline,37,airline:37,single,2,2,False,True,True,0.0,0.0,get_reservation_details,get_user_details,"{""reservation_id"":""IFOYYZ""}","{""user_id"":""aarav_ahmed_6699""}",entity_lookup,entity_lookup,entity_lookup -> entity_lookup,True,,False,early,True,0.16666666666666666,0.16666666666666666,1
C2_C1,mistral_small_3p2,airline,37,airline:37,single,3,3,False,True,False,0.0,0.0,get_reservation_details,get_user_details,"{""reservation_id"":""IFOYYZ""}","{""user_id"":""aarav_ahmed_6699""}",entity_lookup,entity_lookup,entity_lookup -> entity_lookup,True,,False,early,True,0.07142857142857142,0.07142857142857142,11
C2_C1,mistral_small_3p2,airline,37,airline:37,single,4,4,False,True,False,0.0,0.0,get_reservation_details,get_user_details,"{""reservation_id"":""IFOYYZ""}","{""user_id"":""aarav_ahmed_6699""}",entity_lookup,entity_lookup,entity_lookup -> entity_lookup,True,,False,early,True,0.14285714285714285,0.14285714285714285,3
C1_C1,mistral_small_3p2,airline,37,airline:37,single,0,1,False,True,False,5.0,0.4166666666666667,send_certificate,get_reservation_details,"{""amount"":100,""user_id"":""aarav_ahmed_6699""}","{""reservation_id"":""M20IZO""}",write_mutation,post_write_verification,write_mutation -> post_write_verification,False,,True,middle,True,0.5,0.08333333333333331,4
C1_C1,mistral_small_3p2,airline,37,airline:37,single,0,2,False,True,False,5.0,0.4166666666666667,send_certificate,get_reservation_details,"{""amount"":100,""user_id"":""aarav_ahmed_6699""}","{""reservation_id"":""M20IZO""}",write_mutation,post_write_verification,write_mutation -> post_write_verification,False,,True,middle,False,,1.0,6
C1_C1,mistral_small_3p2,airline,37,airline:37,single,0,3,False,True,False,12.0,0.8571428571428571,<END>,calculate,<END>,"{""expression"":""412 + 430 - 245""}",<END>,post_write_verification,<END> -> post_write_verification,False,,True,late,False,,1.0,2
C1_C1,mistral_small_3p2,airline,37,airline:37,single,0,4,False,True,False,5.0,0.4166666666666667,send_certificate,get_reservation_details,"{""amount"":100,""user_id"":""aarav_ahmed_6699""}","{""reservation_id"":""M20IZO""}",write_mutation,post_write_verification,write_mutation -> post_write_verification,False,,True,middle,False,,1.0,6
C1_C1,mistral_small_3p2,airline,37,airline:37,single,1,2,False,True,False,6.0,0.75,calculate,<END>,"{""expression"":""235 * 2 - 136 - 109""}",<END>,post_write_verification,<END>,post_write_verification -> <END>,False,,True,late,False,,1.0,2
C1_C1,mistral_small_3p2,airline,37,airline:37,single,1,3,False,True,False,5.0,0.35714285714285715,get_reservation_details,send_certificate,"{""reservation_id"":""M20IZO""}","{""amount"":100,""user_id"":""aarav_ahmed_6699""}",post_write_verification,write_mutation,post_write_verification -> write_mutation,False,,True,middle,True,0.42857142857142855,0.0714285714285714,6
C1_C1,mistral_small_3p2,airline,37,airline:37,single,1,4,False,True,False,6.0,0.75,calculate,<END>,"{""expression"":""235 * 2 - 136 - 109""}",<END>,post_write_verification,<END>,post_write_verification -> <END>,False,,True,late,False,,1.0,2
C1_C1,mistral_small_3p2,airline,37,airline:37,single,2,3,False,True,False,5.0,0.35714285714285715,get_reservation_details,send_certificate,"{""reservation_id"":""M20IZO""}","{""amount"":100,""user_id"":""aarav_ahmed_6699""}",post_write_verification,write_mutation,post_write_verification -> write_mutation,False,,True,middle,False,,1.0,8
C1_C1,mistral_small_3p2,airline,37,airline:37,single,2,4,False,True,True,,1.0,<END>,<END>,<END>,<END>,<END>,<END>,<END> -> <END>,False,,True,late,False,,0.0,0
C1_C1,mistral_small_3p2,airline,37,airline:37,single,3,4,False,True,False,5.0,0.35714285714285715,send_certificate,get_reservation_details,"{""amount"":100,""user_id"":""aarav_ahmed_6699""}","{""reservation_id"":""M20IZO""}",write_mutation,post_write_verification,write_mutation -> post_write_verification,False,,True,middle,False,,1.0,8
C2_C1,mistral_small_3p2,airline,39,airline:39,compound,0,0,False,True,True,,1.0,<END>,<END>,<END>,<END>,<END>,<END>,<END> -> <END>,True,,False,late,False,,0.0,0
C2_C1,mistral_small_3p2,airline,39,airline:39,compound,1,1,False,True,False,14.0,0.9333333333333333,cancel_reservation,<END>,"{""reservation_id"":""4XGCCM""}",<END>,write_mutation,<END>,write_mutation -> <END>,False,,True,late,False,,1.0,1
C2_C1,mistral_small_3p2,airline,39,airline:39,compound,2,2,False,True,False,8.0,0.5333333333333333,cancel_reservation,transfer_to_human_agents,"{""reservation_id"":""8C8K4E""}","{""summary"":""User wants to cancel all reservations.""}",write_mutation,communication_only,write_mutation -> communication_only,False,,False,middle,False,,1.0,7
C2_C1,mistral_small_3p2,airline,39,airline:39,compound,3,3,False,True,False,8.0,0.3076923076923077,get_flight_status,cancel_reservation,"{""date"":""2024-05-24"",""flight_number"":""HAT247""}","{""reservation_id"":""8C8K4E""}",retrieval_search,write_mutation,retrieval_search -> write_mutation,False,,False,early,False,,1.0,18
C2_C1,mistral_small_3p2,airline,39,airline:39,compound,4,4,False,True,False,8.0,0.5333333333333333,cancel_reservation,<END>,"{""reservation_id"":""8C8K4E""}",<END>,write_mutation,<END>,write_mutation -> <END>,False,,False,middle,False,,1.0,7
C1_C1,mistral_small_3p2,airline,39,airline:39,compound,0,1,False,True,False,8.0,0.5714285714285714,<END>,cancel_reservation,<END>,"{""reservation_id"":""8C8K4E""}",<END>,write_mutation,<END> -> write_mutation,False,,False,middle,False,,1.0,6
C1_C1,mistral_small_3p2,airline,39,airline:39,compound,0,2,False,True,True,8.0,0.8888888888888888,<END>,transfer_to_human_agents,<END>,"{""summary"":""User wants to cancel all reservations.""}",<END>,communication_only,<END> -> communication_only,True,,False,late,False,,1.0,1
C1_C1,mistral_small_3p2,airline,39,airline:39,compound,0,3,False,True,False,8.0,0.5333333333333333,<END>,cancel_reservation,<END>,"{""reservation_id"":""8C8K4E""}",<END>,write_mutation,<END> -> write_mutation,False,,False,middle,False,,1.0,7
C1_C1,mistral_small_3p2,airline,39,airline:39,compound,0,4,False,True,True,,1.0,<END>,<END>,<END>,<END>,<END>,<END>,<END> -> <END>,True,,False,late,False,,0.0,0
C1_C1,mistral_small_3p2,airline,39,airline:39,compound,1,2,False,True,False,8.0,0.5714285714285714,cancel_reservation,transfer_to_human_agents,"{""reservation_id"":""8C8K4E""}","{""summary"":""User wants to cancel all reservations.""}",write_mutation,communication_only,write_mutation -> communication_only,False,,False,middle,False,,1.0,6
C1_C1,mistral_small_3p2,airline,39,airline:39,compound,1,3,False,True,False,14.0,0.9333333333333333,<END>,cancel_reservation,<END>,"{""reservation_id"":""4XGCCM""}",<END>,write_mutation,<END> -> write_mutation,False,,True,late,False,,1.0,1
C1_C1,mistral_small_3p2,airline,39,airline:39,compound,1,4,False,True,False,8.0,0.5714285714285714,cancel_reservation,<END>,"{""reservation_id"":""8C8K4E""}",<END>,write_mutation,<END>,write_mutation -> <END>,False,,False,middle,False,,1.0,6
C1_C1,mistral_small_3p2,airline,39,airline:39,compound,2,3,False,True,False,8.0,0.5333333333333333,transfer_to_human_agents,cancel_reservation,"{""summary"":""User wants to cancel all reservations.""}","{""reservation_id"":""8C8K4E""}",communication_only,write_mutation,communication_only -> write_mutation,False,,False,middle,False,,1.0,7
C1_C1,mistral_small_3p2,airline,39,airline:39,compound,2,4,False,True,True,8.0,0.8888888888888888,transfer_to_human_agents,<END>,"{""summary"":""User wants to cancel all reservations.""}",<END>,communication_only,<END>,communication_only -> <END>,True,,False,late,False,,1.0,1
C1_C1,mistral_small_3p2,airline,39,airline:39,compound,3,4,False,True,False,8.0,0.5333333333333333,cancel_reservation,<END>,"{""reservation_id"":""8C8K4E""}",<END>,write_mutation,<END>,write_mutation -> <END>,False,,False,middle,False,,1.0,7
C2_C1,mistral_small_3p2,airline,4,airline:4,read,0,0,False,False,False,1.0,0.2,get_user_details,get_reservation_details,"{""user_id"":""sophia_silva_7557""}","{""reservation_id"":""NM1VX1""}",entity_lookup,entity_lookup,entity_lookup -> entity_lookup,True,,False,early,True,0.4,0.2,2
C2_C1,mistral_small_3p2,airline,4,airline:4,read,1,1,False,False,False,1.0,0.07692307692307693,get_user_details,get_reservation_details,"{""user_id"":""sophia_silva_7557""}","{""reservation_id"":""NM1VX1""}",entity_lookup,entity_lookup,entity_lookup -> entity_lookup,True,,False,early,True,0.15384615384615385,0.07692307692307693,9
C2_C1,mistral_small_3p2,airline,4,airline:4,read,2,2,True,True,True,1.0,0.07692307692307693,get_user_details,get_reservation_details,"{""user_id"":""sophia_silva_7557""}","{""reservation_id"":""NM1VX1""}",entity_lookup,entity_lookup,entity_lookup -> entity_lookup,True,,False,early,True,0.15384615384615385,0.07692307692307693,9
C2_C1,mistral_small_3p2,airline,4,airline:4,read,3,3,True,True,True,1.0,0.2,get_user_details,get_reservation_details,"{""user_id"":""sophia_silva_7557""}","{""reservation_id"":""NM1VX1""}",entity_lookup,entity_lookup,entity_lookup -> entity_lookup,True,,False,early,True,0.4,0.2,1
C2_C1,mistral_small_3p2,airline,4,airline:4,read,4,4,False,False,True,1.0,0.2,get_user_details,get_reservation_details,"{""user_id"":""sophia_silva_7557""}","{""reservation_id"":""NM1VX1""}",entity_lookup,entity_lookup,entity_lookup -> entity_lookup,True,,False,early,True,0.4,0.2,2
C1_C1,mistral_small_3p2,airline,4,airline:4,read,0,1,False,False,False,3.0,0.6,transfer_to_human_agents,send_certificate,"{""summary"":""User sophia_silva_7557 wants further compensation for a canceled flight that caused financial losses due to a missed meeting. The user has a basic economy round trip reservation NM1VX1 from MSP to EWR. The flight HAT300 on May 25th was canceled, and the user has travel insurance. The user has already been offered a refund and a $100 certificate but is seeking additional compensation for the financial impact of the missed meeting.""}","{""amount"":100,""user_id"":""sophia_silva_7557""}",communication_only,write_mutation,communication_only -> write_mutation,False,,False,middle,False,,1.0,1
C1_C1,mistral_small_3p2,airline,4,airline:4,read,0,2,True,True,True,3.0,0.75,transfer_to_human_agents,get_flight_status,"{""summary"":""User sophia_silva_7557 wants further compensation for a canceled flight that caused financial losses due to a missed meeting. The user has a basic economy round trip reservation NM1VX1 from MSP to EWR. The flight HAT300 on May 25th was canceled, and the user has travel insurance. The user has already been offered a refund and a $100 certificate but is seeking additional compensation for the financial impact of the missed meeting.""}","{""date"":""2024-05-27"",""flight_number"":""HAT208""}",communication_only,retrieval_search,communication_only -> retrieval_search,True,,False,late,False,,1.0,1
C1_C1,mistral_small_3p2,airline,4,airline:4,read,0,3,True,True,True,,1.0,<END>,<END>,<END>,<END>,<END>,<END>,<END> -> <END>,True,,False,late,False,,0.0,0
C1_C1,mistral_small_3p2,airline,4,airline:4,read,0,4,True,True,True,3.0,0.6,transfer_to_human_agents,get_flight_status,"{""summary"":""User sophia_silva_7557 wants further compensation for a canceled flight that caused financial losses due to a missed meeting. The user has a basic economy round trip reservation NM1VX1 from MSP to EWR. The flight HAT300 on May 25th was canceled, and the user has travel insurance. The user has already been offered a refund and a $100 certificate but is seeking additional compensation for the financial impact of the missed meeting.""}","{""date"":""2024-05-27"",""flight_number"":""HAT208""}",communication_only,retrieval_search,communication_only -> retrieval_search,True,,False,middle,False,,1.0,1
C1_C1,mistral_small_3p2,airline,4,airline:4,read,1,2,False,False,False,3.0,0.6,send_certificate,get_flight_status,"{""amount"":100,""user_id"":""sophia_silva_7557""}","{""date"":""2024-05-27"",""flight_number"":""HAT208""}",write_mutation,retrieval_search,write_mutation -> retrieval_search,False,,False,middle,False,,1.0,2
C1_C1,mistral_small_3p2,airline,4,airline:4,read,1,3,False,False,False,3.0,0.6,send_certificate,transfer_to_human_agents,"{""amount"":100,""user_id"":""sophia_silva_7557""}","{""summary"":""User is not satisfied with the compensation policy and insists on being compensated for a missed business meeting due to a canceled basic economy flight.""}",write_mutation,communication_only,write_mutation -> communication_only,False,,False,middle,False,,1.0,1
C1_C1,mistral_small_3p2,airline,4,airline:4,read,1,4,False,False,False,3.0,0.6,send_certificate,get_flight_status,"{""amount"":100,""user_id"":""sophia_silva_7557""}","{""date"":""2024-05-27"",""flight_number"":""HAT208""}",write_mutation,retrieval_search,write_mutation -> retrieval_search,False,,False,middle,True,0.8,0.20000000000000007,1
C1_C1,mistral_small_3p2,airline,4,airline:4,read,2,3,True,True,True,3.0,0.75,get_flight_status,transfer_to_human_agents,"{""date"":""2024-05-27"",""flight_number"":""HAT208""}","{""summary"":""User is not satisfied with the compensation policy and insists on being compensated for a missed business meeting due to a canceled basic economy flight.""}",retrieval_search,communication_only,retrieval_search -> communication_only,True,,False,late,False,,1.0,1
C1_C1,mistral_small_3p2,airline,4,airline:4,read,2,4,True,True,True,4.0,0.8,<END>,transfer_to_human_agents,<END>,"{""summary"":""User sophia_silva_7557 wants to be compensated for a canceled flight that is still showing as available in the system. The user insists the flight was canceled and had to book another flight to attend a meeting. The user expects compensation for additional expenses and inconvenience.""}",<END>,communication_only,<END> -> communication_only,True,,False,late,False,,1.0,1
C1_C1,mistral_small_3p2,airline,4,airline:4,read,3,4,True,True,True,3.0,0.6,transfer_to_human_agents,get_flight_status,"{""summary"":""User is not satisfied with the compensation policy and insists on being compensated for a missed business meeting due to a canceled basic economy flight.""}","{""date"":""2024-05-27"",""flight_number"":""HAT208""}",communication_only,retrieval_search,communication_only -> retrieval_search,True,,False,middle,False,,1.0,1
C2_C1,mistral_small_3p2,airline,41,airline:41,read,0,0,True,True,True,8.0,0.36363636363636365,get_flight_status,<END>,"{""date"":""2024-05-24"",""flight_number"":""HAT247""}",<END>,retrieval_search,<END>,retrieval_search -> <END>,True,,False,middle,False,,1.0,14
C2_C1,mistral_small_3p2,airline,41,airline:41,read,1,1,True,True,True,8.0,0.8888888888888888,<END>,transfer_to_human_agents,<END>,"{""summary"":""User wants to cancel reservations UDMOP1 and I6M8JQ.""}",<END>,communication_only,<END> -> communication_only,True,,False,late,False,,1.0,1
C2_C1,mistral_small_3p2,airline,41,airline:41,read,2,2,True,True,True,8.0,0.7272727272727273,<END>,transfer_to_human_agents,<END>,"{""summary"":""User amelia_davis_8890 wants to cancel flights UDMOP1 and I6M8JQ.""}",<END>,communication_only,<END> -> communication_only,True,,False,late,False,,1.0,3
C2_C1,mistral_small_3p2,airline,41,airline:41,read,3,3,True,True,True,8.0,0.8888888888888888,transfer_to_human_agents,<END>,"{""summary"":""User wants to cancel reservation UDMOP1.""}",<END>,communication_only,<END>,communication_only -> <END>,True,,False,late,False,,1.0,1
C2_C1,mistral_small_3p2,airline,41,airline:41,read,4,4,True,True,True,8.0,0.8888888888888888,<END>,transfer_to_human_agents,<END>,"{""summary"":""User wants to cancel reservations UDMOP1 and I6M8JQ.""}",<END>,communication_only,<END> -> communication_only,True,,False,late,False,,1.0,1
C1_C1,mistral_small_3p2,airline,41,airline:41,read,0,1,True,True,True,8.0,0.8888888888888888,<END>,transfer_to_human_agents,<END>,"{""summary"":""User wants to cancel reservations UDMOP1 and I6M8JQ.""}",<END>,communication_only,<END> -> communication_only,True,,False,late,False,,1.0,1
C1_C1,mistral_small_3p2,airline,41,airline:41,read,0,2,True,True,True,8.0,0.7272727272727273,<END>,transfer_to_human_agents,<END>,"{""summary"":""User amelia_davis_8890 wants to cancel flights UDMOP1 and I6M8JQ.""}",<END>,communication_only,<END> -> communication_only,True,,False,late,False,,1.0,3
C1_C1,mistral_small_3p2,airline,41,airline:41,read,0,3,True,True,True,,1.0,<END>,<END>,<END>,<END>,<END>,<END>,<END> -> <END>,True,,False,late,False,,0.0,0
C1_C1,mistral_small_3p2,airline,41,airline:41,read,0,4,True,True,True,8.0,0.8888888888888888,<END>,transfer_to_human_agents,<END>,"{""summary"":""User wants to cancel reservations UDMOP1 and I6M8JQ.""}",<END>,communication_only,<END> -> communication_only,True,,False,late,False,,1.0,1
C1_C1,mistral_small_3p2,airline,41,airline:41,read,1,2,True,True,True,9.0,0.8181818181818182,<END>,transfer_to_human_agents,<END>,"{""summary"":""User amelia_davis_8890 wants to cancel flights UDMOP1 and I6M8JQ.""}",<END>,recovery_retry,<END> -> recovery_retry,True,,False,late,False,,1.0,2
C1_C1,mistral_small_3p2,airline,41,airline:41,read,1,3,True,True,True,8.0,0.8888888888888888,transfer_to_human_agents,<END>,"{""summary"":""User wants to cancel reservations UDMOP1 and I6M8JQ.""}",<END>,communication_only,<END>,communication_only -> <END>,True,,False,late,False,,1.0,1
C1_C1,mistral_small_3p2,airline,41,airline:41,read,1,4,True,True,True,,1.0,<END>,<END>,<END>,<END>,<END>,<END>,<END> -> <END>,True,,False,late,False,,0.0,0
C1_C1,mistral_small_3p2,airline,41,airline:41,read,2,3,True,True,True,8.0,0.7272727272727273,transfer_to_human_agents,<END>,"{""summary"":""User amelia_davis_8890 wants to cancel flights UDMOP1 and I6M8JQ.""}",<END>,communication_only,<END>,communication_only -> <END>,True,,False,late,False,,1.0,3
C1_C1,mistral_small_3p2,airline,41,airline:41,read,2,4,True,True,True,9.0,0.8181818181818182,transfer_to_human_agents,<END>,"{""summary"":""User amelia_davis_8890 wants to cancel flights UDMOP1 and I6M8JQ.""}",<END>,recovery_retry,<END>,recovery_retry -> <END>,True,,False,late,False,,1.0,2
C1_C1,mistral_small_3p2,airline,41,airline:41,read,3,4,True,True,True,8.0,0.8888888888888888,<END>,transfer_to_human_agents,<END>,"{""summary"":""User wants to cancel reservations UDMOP1 and I6M8JQ.""}",<END>,communication_only,<END> -> communication_only,True,,False,late,False,,1.0,1
C2_C1,mistral_small_3p2,airline,42,airline:42,compound,0,0,False,True,True,13.0,0.9285714285714286,transfer_to_human_agents,get_flight_status,"{""summary"":""user wants to cancel flights that don't fit their travel plans.""}","{""date"":""2024-05-29"",""flight_number"":""HAT250""}",communication_only,retrieval_search,communication_only -> retrieval_search,True,,False,late,False,,1.0,1
C2_C1,mistral_small_3p2,airline,42,airline:42,compound,1,1,False,True,False,8.0,0.5,get_flight_status,<END>,"{""date"":""2024-05-10"",""flight_number"":""HAT231""}",<END>,retrieval_search,<END>,retrieval_search -> <END>,True,,False,middle,False,,1.0,8
C2_C1,mistral_small_3p2,airline,42,airline:42,compound,2,2,False,True,False,14.0,0.5833333333333334,get_flight_status,cancel_reservation,"{""date"":""2024-05-16"",""flight_number"":""HAT300""}","{""reservation_id"":""5BGGWZ""}",retrieval_search,write_mutation,retrieval_search -> write_mutation,False,,False,middle,False,,1.0,10
C2_C1,mistral_small_3p2,airline,42,airline:42,compound,3,3,False,True,True,14.0,0.9333333333333333,<END>,transfer_to_human_agents,<END>,"{""summary"":""User sophia_martin_4574 wants to cancel the flight from Dallas to New York on May 17.""}",<END>,communication_only,<END> -> communication_only,True,,False,late,False,,1.0,1
C2_C1,mistral_small_3p2,airline,42,airline:42,compound,4,4,False,True,False,8.0,0.34782608695652173,get_flight_status,<END>,"{""date"":""2024-05-17"",""flight_number"":""HAT231""}",<END>,retrieval_search,<END>,retrieval_search -> <END>,True,,False,middle,False,,1.0,15
C1_C1,mistral_small_3p2,airline,42,airline:42,compound,0,1,False,True,True,8.0,0.5714285714285714,get_flight_status,<END>,"{""date"":""2024-05-17"",""flight_number"":""HAT231""}",<END>,retrieval_search,<END>,retrieval_search -> <END>,True,,False,middle,False,,1.0,6
C1_C1,mistral_small_3p2,airline,42,airline:42,compound,0,2,False,True,False,14.0,0.9333333333333333,<END>,cancel_reservation,<END>,"{""reservation_id"":""5BGGWZ""}",<END>,write_mutation,<END> -> write_mutation,False,,False,late,False,,1.0,1
C1_C1,mistral_small_3p2,airline,42,airline:42,compound,0,3,False,True,True,14.0,0.9333333333333333,<END>,transfer_to_human_agents,<END>,"{""summary"":""User sophia_martin_4574 wants to cancel the flight from Dallas to New York on May 17.""}",<END>,communication_only,<END> -> communication_only,True,,False,late,False,,1.0,1
C1_C1,mistral_small_3p2,airline,42,airline:42,compound,0,4,False,True,True,8.0,0.5714285714285714,get_flight_status,<END>,"{""date"":""2024-05-17"",""flight_number"":""HAT231""}",<END>,retrieval_search,<END>,retrieval_search -> <END>,True,,False,middle,False,,1.0,6
C1_C1,mistral_small_3p2,airline,42,airline:42,compound,1,2,False,True,False,8.0,0.5333333333333333,<END>,get_flight_status,<END>,"{""date"":""2024-05-10"",""flight_number"":""HAT231""}",<END>,retrieval_search,<END> -> retrieval_search,True,,False,middle,False,,1.0,7
C1_C1,mistral_small_3p2,airline,42,airline:42,compound,1,3,False,True,True,8.0,0.5333333333333333,<END>,get_flight_status,<END>,"{""date"":""2024-05-10"",""flight_number"":""HAT231""}",<END>,retrieval_search,<END> -> retrieval_search,True,,False,middle,False,,1.0,7
C1_C1,mistral_small_3p2,airline,42,airline:42,compound,1,4,False,True,True,,1.0,<END>,<END>,<END>,<END>,<END>,<END>,<END> -> <END>,True,,False,late,False,,0.0,0
C1_C1,mistral_small_3p2,airline,42,airline:42,compound,2,3,False,True,False,14.0,0.9333333333333333,cancel_reservation,transfer_to_human_agents,"{""reservation_id"":""5BGGWZ""}","{""summary"":""User sophia_martin_4574 wants to cancel the flight from Dallas to New York on May 17.""}",write_mutation,communication_only,write_mutation -> communication_only,False,,False,late,False,,1.0,1
C1_C1,mistral_small_3p2,airline,42,airline:42,compound,2,4,False,True,False,8.0,0.5333333333333333,get_flight_status,<END>,"{""date"":""2024-05-10"",""flight_number"":""HAT231""}",<END>,retrieval_search,<END>,retrieval_search -> <END>,True,,False,middle,False,,1.0,7
C1_C1,mistral_small_3p2,airline,42,airline:42,compound,3,4,False,True,True,8.0,0.5333333333333333,get_flight_status,<END>,"{""date"":""2024-05-10"",""flight_number"":""HAT231""}",<END>,retrieval_search,<END>,retrieval_search -> <END>,True,,False,middle,False,,1.0,7
C2_C1,mistral_small_3p2,airline,43,airline:43,read,0,0,False,False,False,7.0,0.875,transfer_to_human_agents,cancel_reservation,"{""summary"":""User mohamed_hernandez_5188 wants to cancel reservation D1EW9B but the assistant cannot do so as it is a basic economy flight.""}","{""reservation_id"":""D1EW9B""}",communication_only,write_mutation,communication_only -> write_mutation,False,,False,late,False,,1.0,1
C2_C1,mistral_small_3p2,airline,43,airline:43,read,1,1,False,True,False,7.0,0.4117647058823529,get_flight_status,cancel_reservation,"{""date"":""2024-05-17"",""flight_number"":""DL5678""}","{""reservation_id"":""D1EW9B""}",recovery_retry,write_mutation,recovery_retry -> write_mutation,False,,False,middle,False,,1.0,10
C2_C1,mistral_small_3p2,airline,43,airline:43,read,2,2,False,False,False,7.0,0.875,transfer_to_human_agents,cancel_reservation,"{""summary"":""User mohamed_hernandez_5188 wants to cancel a flight with flight number DL1234, but the flight is not found in their reservations.""}","{""reservation_id"":""D1EW9B""}",communication_only,write_mutation,communication_only -> write_mutation,False,,False,late,False,,1.0,1
C2_C1,mistral_small_3p2,airline,43,airline:43,read,3,3,False,True,False,8.0,0.7272727272727273,calculate,<END>,"{""expression"":""54 * 0.1""}",<END>,post_write_verification,<END>,post_write_verification -> <END>,False,,True,late,False,,1.0,3
C2_C1,mistral_small_3p2,airline,43,airline:43,read,4,4,False,True,False,7.0,0.4375,get_flight_status,cancel_reservation,"{""date"":""2024-05-17"",""flight_number"":""DL5678""}","{""reservation_id"":""D1EW9B""}",recovery_retry,write_mutation,recovery_retry -> write_mutation,False,,False,middle,False,,1.0,9
C1_C1,mistral_small_3p2,airline,43,airline:43,read,0,1,False,True,True,,1.0,<END>,<END>,<END>,<END>,<END>,<END>,<END> -> <END>,False,,True,late,False,,0.0,0
C1_C1,mistral_small_3p2,airline,43,airline:43,read,0,2,False,True,True,,1.0,<END>,<END>,<END>,<END>,<END>,<END>,<END> -> <END>,False,,True,late,False,,0.0,0
C1_C1,mistral_small_3p2,airline,43,airline:43,read,0,3,False,True,True,,1.0,<END>,<END>,<END>,<END>,<END>,<END>,<END> -> <END>,False,,True,late,False,,0.0,0
C1_C1,mistral_small_3p2,airline,43,airline:43,read,0,4,False,True,True,,1.0,<END>,<END>,<END>,<END>,<END>,<END>,<END> -> <END>,False,,True,late,False,,0.0,0
C1_C1,mistral_small_3p2,airline,43,airline:43,read,1,2,False,True,True,,1.0,<END>,<END>,<END>,<END>,<END>,<END>,<END> -> <END>,False,,True,late,False,,0.0,0
C1_C1,mistral_small_3p2,airline,43,airline:43,read,1,3,False,True,True,,1.0,<END>,<END>,<END>,<END>,<END>,<END>,<END> -> <END>,False,,True,late,False,,0.0,0
C1_C1,mistral_small_3p2,airline,43,airline:43,read,1,4,False,True,True,,1.0,<END>,<END>,<END>,<END>,<END>,<END>,<END> -> <END>,False,,True,late,False,,0.0,0
C1_C1,mistral_small_3p2,airline,43,airline:43,read,2,3,False,True,True,,1.0,<END>,<END>,<END>,<END>,<END>,<END>,<END> -> <END>,False,,True,late,False,,0.0,0
C1_C1,mistral_small_3p2,airline,43,airline:43,read,2,4,False,True,True,,1.0,<END>,<END>,<END>,<END>,<END>,<END>,<END> -> <END>,False,,True,late,False,,0.0,0
C1_C1,mistral_small_3p2,airline,43,airline:43,read,3,4,False,True,True,,1.0,<END>,<END>,<END>,<END>,<END>,<END>,<END> -> <END>,False,,True,late,False,,0.0,0
C2_C1,mistral_small_3p2,airline,44,airline:44,compound,0,0,False,True,True,17.0,0.6296296296296297,calculate,<END>,"{""expression"":""1860 - 1600""}",<END>,communication_only,<END>,communication_only -> <END>,True,,False,middle,False,,1.0,10
C2_C1,mistral_small_3p2,airline,44,airline:44,compound,1,1,False,True,True,6.0,0.2857142857142857,get_flight_status,calculate,"{""date"":""2024-05-25"",""flight_number"":""HAT300""}","{""expression"":""(2024 - 05 - 25  + 23 - 2024 - 05 - 15) * 24""}",retrieval_search,recovery_retry,retrieval_search -> recovery_retry,True,,False,early,True,0.3333333333333333,0.047619047619047616,13
C2_C1,mistral_small_3p2,airline,44,airline:44,compound,2,2,False,True,True,17.0,0.9444444444444444,transfer_to_human_agents,<END>,"{""summary"":""User needs to know the duration of each flight in their reservations, including layovers.""}",<END>,communication_only,<END>,communication_only -> <END>,True,,False,late,False,,1.0,1
C2_C1,mistral_small_3p2,airline,44,airline:44,compound,3,3,False,True,True,17.0,0.5151515151515151,transfer_to_human_agents,calculate,"{""summary"":""User wants to cancel reservations and upgrade flights.""}","{""expression"":""100 + 53""}",communication_only,communication_only,communication_only -> communication_only,True,,False,middle,False,,1.0,16
C2_C1,mistral_small_3p2,airline,44,airline:44,compound,4,4,False,True,True,6.0,0.23076923076923078,get_flight_status,calculate,"{""date"":""2024-05-25"",""flight_number"":""HAT300""}","{""expression"":""(2024 - 05 - 25 15 : 00 : 00 - 2024 - 05 - 24 16 : 36 : 00) / 3600""}",retrieval_search,recovery_retry,retrieval_search -> recovery_retry,True,,False,early,False,,1.0,20
C1_C1,mistral_small_3p2,airline,44,airline:44,compound,0,1,False,True,True,6.0,0.3,get_flight_status,calculate,"{""date"":""2024-05-25"",""flight_number"":""HAT300""}","{""expression"":""(2024 - 05 - 25  + 23 - 2024 - 05 - 15) * 24""}",retrieval_search,recovery_retry,retrieval_search -> recovery_retry,True,,False,early,False,,1.0,14
C1_C1,mistral_small_3p2,airline,44,airline:44,compound,0,2,False,True,True,,1.0,<END>,<END>,<END>,<END>,<END>,<END>,<END> -> <END>,True,,False,late,False,,0.0,0
C1_C1,mistral_small_3p2,airline,44,airline:44,compound,0,3,False,True,True,17.0,0.5151515151515151,<END>,calculate,<END>,"{""expression"":""100 + 53""}",<END>,communication_only,<END> -> communication_only,True,,False,middle,False,,1.0,16
C1_C1,mistral_small_3p2,airline,44,airline:44,compound,0,4,False,True,True,6.0,0.23076923076923078,get_flight_status,calculate,"{""date"":""2024-05-25"",""flight_number"":""HAT300""}","{""expression"":""(2024 - 05 - 25 15 : 00 : 00 - 2024 - 05 - 24 16 : 36 : 00) / 3600""}",retrieval_search,recovery_retry,retrieval_search -> recovery_retry,True,,False,early,False,,1.0,20
C1_C1,mistral_small_3p2,airline,44,airline:44,compound,1,2,False,True,True,6.0,0.3,calculate,get_flight_status,"{""expression"":""(2024 - 05 - 25  + 23 - 2024 - 05 - 15) * 24""}","{""date"":""2024-05-25"",""flight_number"":""HAT300""}",recovery_retry,retrieval_search,recovery_retry -> retrieval_search,True,,False,early,False,,1.0,14
C1_C1,mistral_small_3p2,airline,44,airline:44,compound,1,3,False,True,True,6.0,0.18181818181818182,calculate,get_flight_status,"{""expression"":""(2024 - 05 - 25  + 23 - 2024 - 05 - 15) * 24""}","{""date"":""2024-05-25"",""flight_number"":""HAT300""}",recovery_retry,retrieval_search,recovery_retry -> retrieval_search,True,,False,early,True,0.21212121212121213,0.030303030303030304,22
C1_C1,mistral_small_3p2,airline,44,airline:44,compound,1,4,False,True,True,14.0,0.5384615384615384,calculate,transfer_to_human_agents,"{""expression"":""(2024-05-27 + 23 - 2024-05-15) * 24""}","{""summary"":""user wants to cancel all future reservations that include flights longer than 4 hours.""}",recovery_retry,communication_only,recovery_retry -> communication_only,True,,False,middle,False,,1.0,12
C1_C1,mistral_small_3p2,airline,44,airline:44,compound,2,3,False,True,True,17.0,0.5151515151515151,<END>,calculate,<END>,"{""expression"":""100 + 53""}",<END>,communication_only,<END> -> communication_only,True,,False,middle,False,,1.0,16
C1_C1,mistral_small_3p2,airline,44,airline:44,compound,2,4,False,True,True,6.0,0.23076923076923078,get_flight_status,calculate,"{""date"":""2024-05-25"",""flight_number"":""HAT300""}","{""expression"":""(2024 - 05 - 25 15 : 00 : 00 - 2024 - 05 - 24 16 : 36 : 00) / 3600""}",retrieval_search,recovery_retry,retrieval_search -> recovery_retry,True,,False,early,False,,1.0,20
C1_C1,mistral_small_3p2,airline,44,airline:44,compound,3,4,False,True,True,6.0,0.18181818181818182,get_flight_status,calculate,"{""date"":""2024-05-25"",""flight_number"":""HAT300""}","{""expression"":""(2024 - 05 - 25 15 : 00 : 00 - 2024 - 05 - 24 16 : 36 : 00) / 3600""}",retrieval_search,recovery_retry,retrieval_search -> recovery_retry,True,,False,early,True,0.21212121212121213,0.030303030303030304,23
C2_C1,mistral_small_3p2,airline,7,airline:7,compound,0,0,False,True,False,4.0,0.21052631578947367,get_flight_status,calculate,"{""date"":""2024-05-19"",""flight_number"":""HAT007""}","{""expression"":""65 + 83""}",retrieval_search,communication_only,retrieval_search -> communication_only,True,,False,early,True,0.2631578947368421,0.05263157894736842,13
C2_C1,mistral_small_3p2,airline,7,airline:7,compound,1,1,False,True,True,2.0,0.3333333333333333,get_flight_status,get_user_details,"{""date"":""2024-05-20"",""flight_number"":""HAT005""}","{""user_id"":""daiki_muller_1116""}",retrieval_search,entity_lookup,retrieval_search -> entity_lookup,True,,False,middle,False,,1.0,4
C2_C1,mistral_small_3p2,airline,7,airline:7,compound,2,2,False,True,False,2.0,0.2857142857142857,transfer_to_human_agents,update_reservation_flights,"{""summary"":""User daiki_muller_1116 wants to upgrade and cancel flights.""}","{""cabin"":""business"",""flights"":[{""date"":""2024-05-20"",""flight_number"":""HAT005""},{""date"":""2024-05-30"",""flight_number"":""HAT178""}],""payment_id"":""credit_card_2408938"",""reservation_id"":""XEHM4B""}",communication_only,write_mutation,communication_only -> write_mutation,False,,False,early,False,,1.0,5
C2_C1,mistral_small_3p2,airline,7,airline:7,compound,3,3,False,True,False,2.0,0.14285714285714285,get_flight_status,get_user_details,"{""date"":""2024-05-20"",""flight_number"":""HAT005""}","{""user_id"":""daiki_muller_1116""}",retrieval_search,entity_lookup,retrieval_search -> entity_lookup,True,,False,early,False,,1.0,11
C2_C1,mistral_small_3p2,airline,7,airline:7,compound,4,4,False,True,False,2.0,0.16666666666666666,transfer_to_human_agents,calculate,"{""summary"":""User wants to upgrade and cancel flights due to sickness.""}","{""expression"":""2*(4-0)*150-296""}",communication_only,communication_only,communication_only -> communication_only,True,,False,early,False,,1.0,10
C1_C1,mistral_small_3p2,airline,7,airline:7,compound,0,1,False,True,False,2.0,0.10526315789473684,get_flight_status,get_user_details,"{""date"":""2024-05-20"",""flight_number"":""HAT005""}","{""user_id"":""daiki_muller_1116""}",retrieval_search,entity_lookup,retrieval_search -> entity_lookup,True,,False,early,False,,1.0,16
C1_C1,mistral_small_3p2,airline,7,airline:7,compound,0,2,False,True,False,2.0,0.10526315789473684,get_flight_status,update_reservation_flights,"{""date"":""2024-05-20"",""flight_number"":""HAT005""}","{""cabin"":""business"",""flights"":[{""date"":""2024-05-20"",""flight_number"":""HAT005""},{""date"":""2024-05-30"",""flight_number"":""HAT178""}],""payment_id"":""credit_card_2408938"",""reservation_id"":""XEHM4B""}",retrieval_search,write_mutation,retrieval_search -> write_mutation,False,,False,early,True,0.15789473684210525,0.05263157894736842,13
C1_C1,mistral_small_3p2,airline,7,airline:7,compound,0,3,False,True,False,2.0,0.10526315789473684,get_flight_status,get_user_details,"{""date"":""2024-05-20"",""flight_number"":""HAT005""}","{""user_id"":""daiki_muller_1116""}",retrieval_search,entity_lookup,retrieval_search -> entity_lookup,True,,False,early,False,,1.0,16
C1_C1,mistral_small_3p2,airline,7,airline:7,compound,0,4,False,True,False,2.0,0.10526315789473684,get_flight_status,calculate,"{""date"":""2024-05-20"",""flight_number"":""HAT005""}","{""expression"":""2*(4-0)*150-296""}",retrieval_search,communication_only,retrieval_search -> communication_only,True,,False,early,True,0.15789473684210525,0.05263157894736842,9
C1_C1,mistral_small_3p2,airline,7,airline:7,compound,1,2,False,True,False,2.0,0.2857142857142857,get_user_details,update_reservation_flights,"{""user_id"":""daiki_muller_1116""}","{""cabin"":""business"",""flights"":[{""date"":""2024-05-20"",""flight_number"":""HAT005""},{""date"":""2024-05-30"",""flight_number"":""HAT178""}],""payment_id"":""credit_card_2408938"",""reservation_id"":""XEHM4B""}",entity_lookup,write_mutation,entity_lookup -> write_mutation,False,,False,early,False,,1.0,5
C1_C1,mistral_small_3p2,airline,7,airline:7,compound,1,3,False,True,True,,1.0,<END>,<END>,<END>,<END>,<END>,<END>,<END> -> <END>,True,,False,late,False,,0.0,0
C1_C1,mistral_small_3p2,airline,7,airline:7,compound,1,4,False,True,False,2.0,0.16666666666666666,get_user_details,calculate,"{""user_id"":""daiki_muller_1116""}","{""expression"":""2*(4-0)*150-296""}",entity_lookup,communication_only,entity_lookup -> communication_only,True,,False,early,False,,1.0,9
C1_C1,mistral_small_3p2,airline,7,airline:7,compound,2,3,False,True,False,2.0,0.2857142857142857,update_reservation_flights,get_user_details,"{""cabin"":""business"",""flights"":[{""date"":""2024-05-20"",""flight_number"":""HAT005""},{""date"":""2024-05-30"",""flight_number"":""HAT178""}],""payment_id"":""credit_card_2408938"",""reservation_id"":""XEHM4B""}","{""user_id"":""daiki_muller_1116""}",write_mutation,entity_lookup,write_mutation -> entity_lookup,False,,False,early,False,,1.0,5
C1_C1,mistral_small_3p2,airline,7,airline:7,compound,2,4,False,True,False,2.0,0.16666666666666666,update_reservation_flights,calculate,"{""cabin"":""business"",""flights"":[{""date"":""2024-05-20"",""flight_number"":""HAT005""},{""date"":""2024-05-30"",""flight_number"":""HAT178""}],""payment_id"":""credit_card_2408938"",""reservation_id"":""XEHM4B""}","{""expression"":""2*(4-0)*150-296""}",write_mutation,communication_only,write_mutation -> communication_only,False,,False,early,True,0.3333333333333333,0.16666666666666666,9
C1_C1,mistral_small_3p2,airline,7,airline:7,compound,3,4,False,True,False,2.0,0.16666666666666666,get_user_details,calculate,"{""user_id"":""daiki_muller_1116""}","{""expression"":""2*(4-0)*150-296""}",entity_lookup,communication_only,entity_lookup -> communication_only,True,,False,early,False,,1.0,9
C2_C1,mistral_small_3p2,airline,8,airline:8,single,0,0,False,True,True,2.0,0.2222222222222222,get_reservation_details,search_direct_flight,"{""reservation_id"":""KC18K6""}","{""date"":""2024-05-15"",""destination"":""PHL"",""origin"":""ORD""}",entity_lookup,retrieval_search,entity_lookup -> retrieval_search,True,,False,early,True,0.3333333333333333,0.1111111111111111,6
C2_C1,mistral_small_3p2,airline,8,airline:8,single,1,1,False,True,True,2.0,0.14285714285714285,get_reservation_details,search_direct_flight,"{""reservation_id"":""KC18K6""}","{""date"":""2024-05-15"",""destination"":""PHL"",""origin"":""ORD""}",entity_lookup,retrieval_search,entity_lookup -> retrieval_search,True,,False,early,True,0.21428571428571427,0.07142857142857142,10
C2_C1,mistral_small_3p2,airline,8,airline:8,single,2,2,False,True,False,9.0,0.16981132075471697,calculate,book_reservation,"{""expression"":""326 - 150""}","{""cabin"":""economy"",""destination"":""PHL"",""flight_type"":""one_way"",""flights"":[{""date"":""2024-05-26"",""flight_number"":""HAT271""}],""insurance"":""no"",""nonfree_baggages"":0,""origin"":""ORD"",""passengers"":[{""dob"":""1957-10-05"",""first_name"":""Sophia"",""last_name"":""Silva""},{""dob"":""2001-04-12"",""first_name"":""Kevin"",""last_name"":""Smith""}],""payment_methods"":[{""amount"":174,""payment_id"":""gift_card_5094406""}],""total_baggages"":2,""user_id"":""sophia_silva_7557""}",communication_only,recovery_retry,communication_only -> recovery_retry,True,,False,early,False,,1.0,44
C2_C1,mistral_small_3p2,airline,8,airline:8,single,3,3,False,True,True,2.0,0.14285714285714285,get_reservation_details,search_direct_flight,"{""reservation_id"":""KC18K6""}","{""date"":""2024-05-15"",""destination"":""PHL"",""origin"":""ORD""}",entity_lookup,retrieval_search,entity_lookup -> retrieval_search,True,,False,early,False,,1.0,12
C1_C1,mistral_small_3p2,airline,8,airline:8,single,0,1,False,True,True,4.0,0.3333333333333333,get_reservation_details,get_flight_status,"{""reservation_id"":""NM1VX1""}","{""date"":""2024-05-10"",""flight_number"":""HAT300""}",entity_lookup,retrieval_search,entity_lookup -> retrieval_search,True,,False,middle,True,0.4166666666666667,0.08333333333333337,5
C1_C1,mistral_small_3p2,airline,8,airline:8,single,0,2,False,True,False,2.0,0.18181818181818182,search_direct_flight,get_reservation_details,"{""date"":""2024-05-15"",""destination"":""PHL"",""origin"":""ORD""}","{""reservation_id"":""KC18K6""}",retrieval_search,entity_lookup,retrieval_search -> entity_lookup,True,,False,early,True,0.2727272727272727,0.09090909090909088,8
C1_C1,mistral_small_3p2,airline,8,airline:8,single,0,3,False,True,True,4.0,0.2857142857142857,get_reservation_details,get_flight_status,"{""reservation_id"":""NM1VX1""}","{""date"":""2024-05-10"",""flight_number"":""HAT300""}",entity_lookup,retrieval_search,entity_lookup -> retrieval_search,True,,False,early,True,0.35714285714285715,0.07142857142857145,6
C1_C1,mistral_small_3p2,airline,8,airline:8,single,1,2,False,True,False,2.0,0.16666666666666666,search_direct_flight,get_reservation_details,"{""date"":""2024-05-15"",""destination"":""PHL"",""origin"":""ORD""}","{""reservation_id"":""KC18K6""}",retrieval_search,entity_lookup,retrieval_search -> entity_lookup,True,,False,early,True,0.25,0.08333333333333334,9
C1_C1,mistral_small_3p2,airline,8,airline:8,single,1,3,False,True,True,8.0,0.5714285714285714,get_reservation_details,get_flight_status,"{""reservation_id"":""NM1VX1""}","{""date"":""2024-05-10"",""flight_number"":""HAT300""}",entity_lookup,recovery_retry,entity_lookup -> recovery_retry,True,,False,middle,False,,1.0,6
C1_C1,mistral_small_3p2,airline,8,airline:8,single,2,3,False,True,False,2.0,0.14285714285714285,get_reservation_details,search_direct_flight,"{""reservation_id"":""KC18K6""}","{""date"":""2024-05-15"",""destination"":""PHL"",""origin"":""ORD""}",entity_lookup,retrieval_search,entity_lookup -> retrieval_search,True,,False,early,True,0.42857142857142855,0.2857142857142857,11
C2_C1,mistral_small_3p2,retail,10,retail:10,read,0,0,False,False,False,4.0,0.5714285714285714,transfer_to_human_agents,return_delivered_order_items,"{""summary"":""user mia_garcia_4516 wants to refund order #W5490111 to the payment method of order #W7387996 and order #W7387996 to the payment method of order #W5490111.""}","{""item_ids"":[""4579334072"",""1421289881"",""6117189161"",""4947717507""],""order_id"":""#W5490111"",""payment_method_id"":""credit_card_3124723""}",communication_only,write_mutation,communication_only -> write_mutation,False,,False,middle,False,,1.0,2
C2_C1,mistral_small_3p2,retail,10,retail:10,read,1,1,True,True,True,,1.0,<END>,<END>,<END>,<END>,<END>,<END>,<END> -> <END>,True,,False,late,False,,0.0,0
C2_C1,mistral_small_3p2,retail,10,retail:10,read,2,2,False,False,False,4.0,0.6666666666666666,return_delivered_order_items,transfer_to_human_agents,"{""item_ids"":[""4579334072"",""1421289881"",""6117189161"",""4947717507""],""order_id"":""#W5490111"",""payment_method_id"":""credit_card_3124723""}","{""summary"":""User mia.garcia2723@example.com wants to return both orders #W5490111 and #W7387996, and refund the first order to the second order's payment method and the second order to the first order's payment method. The user is frustrated and insists on speaking to a human representative.""}",write_mutation,communication_only,write_mutation -> communication_only,False,,False,late,False,,1.0,2
C2_C1,mistral_small_3p2,retail,10,retail:10,read,3,3,False,False,False,,1.0,<END>,<END>,<END>,<END>,<END>,<END>,<END> -> <END>,False,,True,late,False,,0.0,0
C2_C1,mistral_small_3p2,retail,10,retail:10,read,4,4,False,True,False,6.0,0.75,return_delivered_order_items,transfer_to_human_agents,"{""item_ids"":[""4579334072"",""1421289881"",""6117189161"",""4947717507""],""order_id"":""#W5490111"",""payment_method_id"":""credit_card_3124723""}","{""summary"":""User mia.garcia2723@example.com wants to return two orders, but the refund can only be made to the original payment method. The user is frustrated and requests to speak with a human representative.""}",write_mutation,post_write_verification,write_mutation -> post_write_verification,False,,True,late,False,,1.0,2
C1_C1,mistral_small_3p2,retail,10,retail:10,read,0,1,False,False,False,,1.0,<END>,<END>,<END>,<END>,<END>,<END>,<END> -> <END>,False,,True,late,False,,0.0,0
C1_C1,mistral_small_3p2,retail,10,retail:10,read,0,2,False,False,False,4.0,0.5714285714285714,return_delivered_order_items,transfer_to_human_agents,"{""item_ids"":[""4579334072"",""1421289881"",""6117189161"",""4947717507""],""order_id"":""#W5490111"",""payment_method_id"":""credit_card_3124723""}","{""summary"":""User mia.garcia2723@example.com wants to return both orders #W5490111 and #W7387996, and refund the first order to the second order's payment method and the second order to the first order's payment method. The user is frustrated and insists on speaking to a human representative.""}",write_mutation,communication_only,write_mutation -> communication_only,False,,False,middle,False,,1.0,2
C1_C1,mistral_small_3p2,retail,10,retail:10,read,0,3,False,True,False,,1.0,<END>,<END>,<END>,<END>,<END>,<END>,<END> -> <END>,False,,True,late,False,,0.0,0
C1_C1,mistral_small_3p2,retail,10,retail:10,read,0,4,False,True,False,,1.0,<END>,<END>,<END>,<END>,<END>,<END>,<END> -> <END>,False,,True,late,False,,0.0,0
C1_C1,mistral_small_3p2,retail,10,retail:10,read,1,2,True,True,True,4.0,0.5714285714285714,return_delivered_order_items,transfer_to_human_agents,"{""item_ids"":[""4579334072"",""1421289881"",""6117189161"",""4947717507""],""order_id"":""#W5490111"",""payment_method_id"":""paypal_9497703""}","{""summary"":""User mia.garcia2723@example.com wants to return both orders #W5490111 and #W7387996, and refund the first order to the second order's payment method and the second order to the first order's payment method. The user is frustrated and insists on speaking to a human representative.""}",recovery_retry,communication_only,recovery_retry -> communication_only,True,,False,middle,False,,1.0,2
C1_C1,mistral_small_3p2,retail,10,retail:10,read,1,3,False,False,False,,1.0,<END>,<END>,<END>,<END>,<END>,<END>,<END> -> <END>,False,,True,late,False,,0.0,0
C1_C1,mistral_small_3p2,retail,10,retail:10,read,1,4,False,False,False,,1.0,<END>,<END>,<END>,<END>,<END>,<END>,<END> -> <END>,False,,True,late,False,,0.0,0
C1_C1,mistral_small_3p2,retail,10,retail:10,read,2,3,False,False,False,4.0,0.5714285714285714,transfer_to_human_agents,return_delivered_order_items,"{""summary"":""User mia.garcia2723@example.com wants to return both orders #W5490111 and #W7387996, and refund the first order to the second order's payment method and the second order to the first order's payment method. The user is frustrated and insists on speaking to a human representative.""}","{""item_ids"":[""4579334072"",""1421289881"",""6117189161"",""4947717507""],""order_id"":""#W5490111"",""payment_method_id"":""paypal_9497703""}",communication_only,recovery_retry,communication_only -> recovery_retry,True,,False,middle,False,,1.0,2
C1_C1,mistral_small_3p2,retail,10,retail:10,read,2,4,False,False,False,4.0,0.5714285714285714,transfer_to_human_agents,return_delivered_order_items,"{""summary"":""User mia.garcia2723@example.com wants to return both orders #W5490111 and #W7387996, and refund the first order to the second order's payment method and the second order to the first order's payment method. The user is frustrated and insists on speaking to a human representative.""}","{""item_ids"":[""4579334072"",""1421289881"",""6117189161"",""4947717507""],""order_id"":""#W5490111"",""payment_method_id"":""paypal_9497703""}",communication_only,recovery_retry,communication_only -> recovery_retry,True,,False,middle,False,,1.0,2
C1_C1,mistral_small_3p2,retail,10,retail:10,read,3,4,False,True,True,,1.0,<END>,<END>,<END>,<END>,<END>,<END>,<END> -> <END>,False,,True,late,False,,0.0,0
C2_C1,mistral_small_3p2,retail,12,retail:12,read,0,0,True,True,True,4.0,0.5714285714285714,return_delivered_order_items,<END>,"{""item_ids"":[""4579334072"",""6117189161"",""4947717507""],""order_id"":""#W5490111"",""payment_method_id"":""paypal_9497703""}",<END>,recovery_retry,<END>,recovery_retry -> <END>,True,,False,middle,False,,1.0,3
C2_C1,mistral_small_3p2,retail,12,retail:12,read,1,1,True,True,True,4.0,0.6666666666666666,transfer_to_human_agents,modify_pending_order_payment,"{""summary"":""User mia_garcia_4516 wants to return items from order #W5490111 and keep items from order #W7387996. They have been trying to explain their request but are getting frustrated with the back and forth. They would like to speak to a human agent for further assistance.""}","{""order_id"":""#W5490111"",""payment_method_id"":""paypal_9497703""}",communication_only,recovery_retry,communication_only -> recovery_retry,True,,False,late,False,,1.0,1
C2_C1,mistral_small_3p2,retail,12,retail:12,read,2,2,True,True,True,4.0,0.6666666666666666,return_delivered_order_items,transfer_to_human_agents,"{""item_ids"":[""4579334072"",""6117189161"",""4947717507""],""order_id"":""#W5490111"",""payment_method_id"":""paypal_9497703""}","{""summary"":""User mia.garcia2723@example.com wants to cancel or return everything except the keyboard and the mouse. The user is frustrated and wants to speak to a human agent immediately.""}",recovery_retry,communication_only,recovery_retry -> communication_only,True,,False,late,False,,1.0,1
C2_C1,mistral_small_3p2,retail,12,retail:12,read,3,3,True,True,True,4.0,0.6666666666666666,return_delivered_order_items,transfer_to_human_agents,"{""item_ids"":[""4579334072"",""6117189161"",""4947717507""],""order_id"":""#W5490111"",""payment_method_id"":""paypal_9497703""}","{""summary"":""User mia.garcia2723@example.com wants to cancel or return everything except for a keyboard and a mouse from orders #W5490111 and #W7387996. They prefer a PayPal refund.""}",recovery_retry,communication_only,recovery_retry -> communication_only,True,,False,late,False,,1.0,1
C2_C1,mistral_small_3p2,retail,12,retail:12,read,4,4,True,True,True,4.0,0.8,transfer_to_human_agents,<END>,"{""summary"":""User mia_garcia_4516 wants to return items from orders #W5490111 and #W7387996, keeping only the mechanical keyboard and gaming mouse. They want the refund processed through PayPal. The user is requesting to speak to a human agent as they are not satisfied with the automated service and want to cancel everything except the keyboard and mouse.""}",<END>,communication_only,<END>,communication_only -> <END>,True,,False,late,False,,1.0,1
C1_C1,mistral_small_3p2,retail,12,retail:12,read,0,1,True,True,True,4.0,0.6666666666666666,<END>,modify_pending_order_payment,<END>,"{""order_id"":""#W5490111"",""payment_method_id"":""paypal_9497703""}",<END>,recovery_retry,<END> -> recovery_retry,True,,False,late,False,,1.0,2
C1_C1,mistral_small_3p2,retail,12,retail:12,read,0,2,True,True,True,4.0,0.8,<END>,transfer_to_human_agents,<END>,"{""summary"":""User mia.garcia2723@example.com wants to cancel or return everything except the keyboard and the mouse. The user is frustrated and wants to speak to a human agent immediately.""}",<END>,communication_only,<END> -> communication_only,True,,False,late,False,,1.0,1
C1_C1,mistral_small_3p2,retail,12,retail:12,read,0,3,True,True,True,4.0,0.8,<END>,transfer_to_human_agents,<END>,"{""summary"":""User mia.garcia2723@example.com wants to cancel or return everything except for a keyboard and a mouse from orders #W5490111 and #W7387996. They prefer a PayPal refund.""}",<END>,communication_only,<END> -> communication_only,True,,False,late,False,,1.0,1
C1_C1,mistral_small_3p2,retail,12,retail:12,read,0,4,True,True,True,,1.0,<END>,<END>,<END>,<END>,<END>,<END>,<END> -> <END>,True,,False,late,False,,0.0,0
C1_C1,mistral_small_3p2,retail,12,retail:12,read,1,2,True,True,True,4.0,0.6666666666666666,modify_pending_order_payment,transfer_to_human_agents,"{""order_id"":""#W5490111"",""payment_method_id"":""paypal_9497703""}","{""summary"":""User mia.garcia2723@example.com wants to cancel or return everything except the keyboard and the mouse. The user is frustrated and wants to speak to a human agent immediately.""}",recovery_retry,communication_only,recovery_retry -> communication_only,True,,False,late,False,,1.0,1
C1_C1,mistral_small_3p2,retail,12,retail:12,read,1,3,True,True,True,4.0,0.6666666666666666,modify_pending_order_payment,transfer_to_human_agents,"{""order_id"":""#W5490111"",""payment_method_id"":""paypal_9497703""}","{""summary"":""User mia.garcia2723@example.com wants to cancel or return everything except for a keyboard and a mouse from orders #W5490111 and #W7387996. They prefer a PayPal refund.""}",recovery_retry,communication_only,recovery_retry -> communication_only,True,,False,late,False,,1.0,1
C1_C1,mistral_small_3p2,retail,12,retail:12,read,1,4,True,True,True,4.0,0.6666666666666666,modify_pending_order_payment,<END>,"{""order_id"":""#W5490111"",""payment_method_id"":""paypal_9497703""}",<END>,recovery_retry,<END>,recovery_retry -> <END>,True,,False,late,False,,1.0,2
C1_C1,mistral_small_3p2,retail,12,retail:12,read,2,3,True,True,True,,1.0,<END>,<END>,<END>,<END>,<END>,<END>,<END> -> <END>,True,,False,late,False,,0.0,0
C1_C1,mistral_small_3p2,retail,12,retail:12,read,2,4,True,True,True,4.0,0.8,transfer_to_human_agents,<END>,"{""summary"":""User mia.garcia2723@example.com wants to cancel or return everything except the keyboard and the mouse. The user is frustrated and wants to speak to a human agent immediately.""}",<END>,communication_only,<END>,communication_only -> <END>,True,,False,late,False,,1.0,1
C1_C1,mistral_small_3p2,retail,12,retail:12,read,3,4,True,True,True,4.0,0.8,transfer_to_human_agents,<END>,"{""summary"":""User mia.garcia2723@example.com wants to cancel or return everything except for a keyboard and a mouse from orders #W5490111 and #W7387996. They prefer a PayPal refund.""}",<END>,communication_only,<END>,communication_only -> <END>,True,,False,late,False,,1.0,1
C2_C1,mistral_small_3p2,retail,2,retail:2,single,0,0,False,True,True,3.0,0.375,get_order_details,get_product_details,"{""order_id"":""#W6247578""}","{""product_id"":""9523456873""}",entity_lookup,entity_lookup,entity_lookup -> entity_lookup,True,,False,middle,False,,1.0,5
C2_C1,mistral_small_3p2,retail,2,retail:2,single,1,1,False,True,True,1.0,0.16666666666666666,find_user_id_by_name_zip,transfer_to_human_agents,"{""first_name"":""Yusuf"",""last_name"":""Rossi"",""zip"":""19122""}","{""summary"":""User wants to return a cleaner, headphones, and a smartwatch but cannot find the order number. The user does not remember the email address or payment method used for the purchase.""}",entity_lookup,communication_only,entity_lookup -> communication_only,True,,False,early,False,,1.0,5
C2_C1,mistral_small_3p2,retail,2,retail:2,single,2,2,False,True,True,2.0,0.25,transfer_to_human_agents,get_user_details,"{""summary"":""User yusuf_rossi_9620 wants to return a cleaner, headphones, and a smartwatch but does not have the order id.""}","{""user_id"":""yusuf_rossi_9620""}",communication_only,entity_lookup,communication_only -> entity_lookup,True,,False,early,False,,1.0,6
C2_C1,mistral_small_3p2,retail,2,retail:2,single,3,3,False,True,True,1.0,0.125,find_user_id_by_name_zip,get_product_details,"{""first_name"":""Yusuf"",""last_name"":""Rossi"",""zip"":""19122""}","{""product_id"":""9523456873""}",entity_lookup,entity_lookup,entity_lookup -> entity_lookup,True,,False,early,False,,1.0,7
C2_C1,mistral_small_3p2,retail,2,retail:2,single,4,4,False,True,False,1.0,0.09090909090909091,find_user_id_by_email,find_user_id_by_name_zip,"{""email"":""yusufrossi@email.com""}","{""first_name"":""Yusuf"",""last_name"":""Rossi"",""zip"":""19122""}",recovery_retry,entity_lookup,recovery_retry -> entity_lookup,True,,False,early,True,0.18181818181818182,0.09090909090909091,3
C1_C1,mistral_small_3p2,retail,2,retail:2,single,0,1,False,True,True,1.0,0.25,find_user_id_by_name_zip,transfer_to_human_agents,"{""first_name"":""Yusuf"",""last_name"":""Rossi"",""zip"":""19122""}","{""summary"":""User wants to return a cleaner, headphones, and a smartwatch but cannot find the order number. The user does not remember the email address or payment method used for the purchase.""}",entity_lookup,communication_only,entity_lookup -> communication_only,True,,False,early,False,,1.0,3
C1_C1,mistral_small_3p2,retail,2,retail:2,single,0,2,False,True,True,3.0,0.375,get_product_details,get_order_details,"{""product_id"":""9523456873""}","{""order_id"":""#W6247578""}",entity_lookup,entity_lookup,entity_lookup -> entity_lookup,True,,False,middle,False,,1.0,5
C1_C1,mistral_small_3p2,retail,2,retail:2,single,0,3,False,True,True,1.0,0.25,find_user_id_by_name_zip,get_product_details,"{""first_name"":""Yusuf"",""last_name"":""Rossi"",""zip"":""19122""}","{""product_id"":""9523456873""}",entity_lookup,entity_lookup,entity_lookup -> entity_lookup,True,,False,early,False,,1.0,3
C1_C1,mistral_small_3p2,retail,2,retail:2,single,0,4,False,True,False,3.0,0.3333333333333333,get_product_details,get_order_details,"{""product_id"":""9523456873""}","{""order_id"":""#W6247578""}",entity_lookup,entity_lookup,entity_lookup -> entity_lookup,True,,False,middle,False,,1.0,6
C1_C1,mistral_small_3p2,retail,2,retail:2,single,1,2,False,True,True,1.0,0.125,transfer_to_human_agents,find_user_id_by_name_zip,"{""summary"":""User wants to return a cleaner, headphones, and a smartwatch but cannot find the order number. The user does not remember the email address or payment method used for the purchase.""}","{""first_name"":""Yusuf"",""last_name"":""Rossi"",""zip"":""19122""}",communication_only,entity_lookup,communication_only -> entity_lookup,True,,False,early,False,,1.0,7
C1_C1,mistral_small_3p2,retail,2,retail:2,single,1,3,False,True,True,1.0,0.3333333333333333,transfer_to_human_agents,get_product_details,"{""summary"":""User wants to return a cleaner, headphones, and a smartwatch but cannot find the order number. The user does not remember the email address or payment method used for the purchase.""}","{""product_id"":""9523456873""}",communication_only,entity_lookup,communication_only -> entity_lookup,True,,False,middle,False,,1.0,2
C1_C1,mistral_small_3p2,retail,2,retail:2,single,1,4,False,True,False,1.0,0.1111111111111111,transfer_to_human_agents,find_user_id_by_name_zip,"{""summary"":""User wants to return a cleaner, headphones, and a smartwatch but cannot find the order number. The user does not remember the email address or payment method used for the purchase.""}","{""first_name"":""Yusuf"",""last_name"":""Rossi"",""zip"":""19122""}",communication_only,entity_lookup,communication_only -> entity_lookup,True,,False,early,False,,1.0,8
C1_C1,mistral_small_3p2,retail,2,retail:2,single,2,3,False,True,True,1.0,0.125,find_user_id_by_name_zip,get_product_details,"{""first_name"":""Yusuf"",""last_name"":""Rossi"",""zip"":""19122""}","{""product_id"":""9523456873""}",entity_lookup,entity_lookup,entity_lookup -> entity_lookup,True,,False,early,False,,1.0,7
C1_C1,mistral_small_3p2,retail,2,retail:2,single,2,4,False,True,False,8.0,0.8888888888888888,<END>,return_delivered_order_items,<END>,"{""item_ids"":[""4202497723"",""4602305039"",""9408160950""],""order_id"":""#W2378156"",""payment_method_id"":""credit_card_9513926""}",<END>,write_mutation,<END> -> write_mutation,False,,False,late,False,,1.0,1
C1_C1,mistral_small_3p2,retail,2,retail:2,single,3,4,False,True,False,1.0,0.1111111111111111,get_product_details,find_user_id_by_name_zip,"{""product_id"":""9523456873""}","{""first_name"":""Yusuf"",""last_name"":""Rossi"",""zip"":""19122""}",entity_lookup,entity_lookup,entity_lookup -> entity_lookup,True,,False,early,False,,1.0,8
C2_C1,mistral_small_3p2,retail,20,retail:20,single,1,1,False,True,True,2.0,0.18181818181818182,get_order_details,<END>,"{""order_id"":""#W4967593""}",<END>,entity_lookup,<END>,entity_lookup -> <END>,True,,False,early,False,,1.0,9
C2_C1,mistral_small_3p2,retail,20,retail:20,single,2,2,False,True,False,10.0,0.625,calculate,get_order_details,"{""expression"":""(269.16 - 54.04) + (272.33 - 235.13) + (155.33 - 147.05) + (258.71 - 235.44)""}","{""order_id"":""#W5733668""}",post_write_verification,post_write_verification,post_write_verification -> post_write_verification,False,,True,middle,False,,1.0,6
C1_C1,mistral_small_3p2,retail,20,retail:20,single,0,1,False,True,True,1.0,0.09090909090909091,get_order_details,get_user_details,"{""order_id"":""#W0098765""}","{""user_id"":""ethan_garcia_1261""}",recovery_retry,entity_lookup,recovery_retry -> entity_lookup,True,,False,early,False,,1.0,10
C1_C1,mistral_small_3p2,retail,20,retail:20,single,0,2,False,True,False,1.0,0.09090909090909091,get_order_details,get_user_details,"{""order_id"":""#W0098765""}","{""user_id"":""ethan_garcia_1261""}",recovery_retry,entity_lookup,recovery_retry -> entity_lookup,True,,False,early,True,0.18181818181818182,0.09090909090909091,7
C1_C1,mistral_small_3p2,retail,20,retail:20,single,0,3,False,True,False,1.0,0.08333333333333333,get_order_details,get_user_details,"{""order_id"":""#W0098765""}","{""user_id"":""ethan_garcia_1261""}",recovery_retry,entity_lookup,recovery_retry -> entity_lookup,True,,False,early,True,0.16666666666666666,0.08333333333333333,8
C1_C1,mistral_small_3p2,retail,20,retail:20,single,0,4,False,True,False,1.0,0.0625,get_order_details,get_user_details,"{""order_id"":""#W0098765""}","{""user_id"":""ethan_garcia_1261""}",recovery_retry,entity_lookup,recovery_retry -> entity_lookup,True,,False,early,True,0.125,0.0625,13
C1_C1,mistral_small_3p2,retail,20,retail:20,single,1,2,False,True,False,2.0,0.18181818181818182,<END>,get_order_details,<END>,"{""order_id"":""#W4967593""}",<END>,entity_lookup,<END> -> entity_lookup,True,,False,early,False,,1.0,9
C1_C1,mistral_small_3p2,retail,20,retail:20,single,1,3,False,True,False,2.0,0.16666666666666666,<END>,get_order_details,<END>,"{""order_id"":""#W4967593""}",<END>,entity_lookup,<END> -> entity_lookup,True,,False,early,False,,1.0,10
C1_C1,mistral_small_3p2,retail,20,retail:20,single,1,4,False,True,False,2.0,0.125,<END>,get_order_details,<END>,"{""order_id"":""#W4967593""}",<END>,entity_lookup,<END> -> entity_lookup,True,,False,early,False,,1.0,14
C1_C1,mistral_small_3p2,retail,20,retail:20,single,2,3,False,True,False,9.0,0.75,modify_pending_order_items,calculate,"{""item_ids"":[""2366567022"",""1340995114"",""9791469541"",""1763705424""],""new_item_ids"":[""4579334072"",""7706410293"",""4107812777"",""5012998807""],""order_id"":""#W9911714"",""payment_method_id"":""gift_card_4332117""}","{""expression"":""86.0 - (54.85 - 54.04 + 272.33 - 235.13 + 158.67 - 147.05 + 261.11 - 235.44)""}",write_mutation,communication_only,write_mutation -> communication_only,False,,False,late,True,0.8333333333333334,0.08333333333333337,1
C1_C1,mistral_small_3p2,retail,20,retail:20,single,2,4,False,True,False,3.0,0.1875,get_order_details,get_product_details,"{""order_id"":""#W9911714""}","{""product_id"":""4794339885""}",entity_lookup,entity_lookup,entity_lookup -> entity_lookup,True,,False,early,True,0.25,0.0625,7
C1_C1,mistral_small_3p2,retail,20,retail:20,single,3,4,False,True,False,3.0,0.1875,get_order_details,get_product_details,"{""order_id"":""#W9911714""}","{""product_id"":""4794339885""}",entity_lookup,entity_lookup,entity_lookup -> entity_lookup,True,,False,early,True,0.25,0.0625,8
C2_C1,mistral_small_3p2,retail,21,retail:21,single,0,0,False,True,True,1.0,0.09090909090909091,get_order_details,get_user_details,"{""order_id"":""#W1234567890""}","{""user_id"":""ethan_garcia_1261""}",recovery_retry,entity_lookup,recovery_retry -> entity_lookup,True,,False,early,True,0.18181818181818182,0.09090909090909091,7
C2_C1,mistral_small_3p2,retail,21,retail:21,single,1,1,False,True,True,8.0,0.6666666666666666,<END>,get_item_details,<END>,"{""item_id"":""1656367028""}",<END>,recovery_retry,<END> -> recovery_retry,True,,False,late,False,,1.0,4
C2_C1,mistral_small_3p2,retail,21,retail:21,single,2,2,False,True,True,3.0,0.1875,get_product_details,get_user_details,"{""product_id"":""4107812""}","{""user_id"":""ethan_garcia_1261""}",recovery_retry,entity_lookup,recovery_retry -> entity_lookup,True,,False,early,True,0.25,0.0625,12
C2_C1,mistral_small_3p2,retail,21,retail:21,single,3,3,False,True,True,4.0,0.3333333333333333,get_order_details,get_product_details,"{""order_id"":""4107812777""}","{""product_id"":""4107812777""}",recovery_retry,recovery_retry,recovery_retry -> recovery_retry,True,,False,middle,False,,1.0,8
C2_C1,mistral_small_3p2,retail,21,retail:21,single,4,4,False,True,True,1.0,0.09090909090909091,get_item_details,get_user_details,"{""item_id"":""4107812777""}","{""user_id"":""ethan_garcia_1261""}",entity_lookup,entity_lookup,entity_lookup -> entity_lookup,True,,False,early,True,0.18181818181818182,0.09090909090909091,9
C1_C1,mistral_small_3p2,retail,21,retail:21,single,0,1,False,True,True,1.0,0.08333333333333333,get_user_details,get_order_details,"{""user_id"":""ethan_garcia_1261""}","{""order_id"":""#W65243945""}",entity_lookup,recovery_retry,entity_lookup -> recovery_retry,True,,False,early,True,0.16666666666666666,0.08333333333333333,7
C1_C1,mistral_small_3p2,retail,21,retail:21,single,0,2,False,True,True,1.0,0.0625,get_user_details,get_order_details,"{""user_id"":""ethan_garcia_1261""}","{""order_id"":""#W6071007""}",entity_lookup,recovery_retry,entity_lookup -> recovery_retry,True,,False,early,True,0.125,0.0625,9
C1_C1,mistral_small_3p2,retail,21,retail:21,single,0,3,False,True,True,1.0,0.08333333333333333,get_user_details,get_order_details,"{""user_id"":""ethan_garcia_1261""}","{""order_id"":""#W6071007""}",entity_lookup,recovery_retry,entity_lookup -> recovery_retry,True,,False,early,True,0.16666666666666666,0.08333333333333333,9
C1_C1,mistral_small_3p2,retail,21,retail:21,single,0,4,False,True,True,6.0,0.5454545454545454,get_item_details,get_product_details,"{""item_id"":""4107812777""}","{""product_id"":""1656367028""}",entity_lookup,entity_lookup,entity_lookup -> entity_lookup,True,,False,middle,True,0.7272727272727273,0.18181818181818188,4
C1_C1,mistral_small_3p2,retail,21,retail:21,single,1,2,False,True,True,7.0,0.4375,get_product_details,get_item_details,"{""product_id"":""4107812777""}","{""item_id"":""1421289881""}",recovery_retry,entity_lookup,recovery_retry -> entity_lookup,True,,False,middle,True,0.5625,0.125,8
C1_C1,mistral_small_3p2,retail,21,retail:21,single,1,3,False,True,True,3.0,0.25,get_user_details,get_product_details,"{""user_id"":""ethan_garcia_1261""}","{""product_id"":""4107812777""}",entity_lookup,recovery_retry,entity_lookup -> recovery_retry,True,,False,early,True,0.3333333333333333,0.08333333333333331,8
C1_C1,mistral_small_3p2,retail,21,retail:21,single,1,4,False,True,True,1.0,0.08333333333333333,get_order_details,get_user_details,"{""order_id"":""#W65243945""}","{""user_id"":""ethan_garcia_1261""}",recovery_retry,entity_lookup,recovery_retry -> entity_lookup,True,,False,early,True,0.16666666666666666,0.08333333333333333,6
C1_C1,mistral_small_3p2,retail,21,retail:21,single,2,3,False,True,True,3.0,0.1875,get_user_details,get_product_details,"{""user_id"":""ethan_garcia_1261""}","{""product_id"":""4107812777""}",entity_lookup,recovery_retry,entity_lookup -> recovery_retry,True,,False,early,True,0.25,0.0625,12
C1_C1,mistral_small_3p2,retail,21,retail:21,single,2,4,False,True,True,1.0,0.0625,get_order_details,get_user_details,"{""order_id"":""#W6071007""}","{""user_id"":""ethan_garcia_1261""}",recovery_retry,entity_lookup,recovery_retry -> entity_lookup,True,,False,early,True,0.125,0.0625,6
C1_C1,mistral_small_3p2,retail,21,retail:21,single,3,4,False,True,True,1.0,0.08333333333333333,get_order_details,get_user_details,"{""order_id"":""#W6071007""}","{""user_id"":""ethan_garcia_1261""}",recovery_retry,entity_lookup,recovery_retry -> entity_lookup,True,,False,early,True,0.16666666666666666,0.08333333333333333,10
C2_C1,mistral_small_3p2,retail,23,retail:23,compound,0,0,False,False,False,1.0,0.08333333333333333,get_order_details,get_user_details,"{""order_id"":""#12345""}","{""user_id"":""sofia_hernandez_5364""}",recovery_retry,entity_lookup,recovery_retry -> entity_lookup,True,,False,early,True,0.16666666666666666,0.08333333333333333,7
C2_C1,mistral_small_3p2,retail,23,retail:23,compound,1,1,False,True,True,1.0,0.16666666666666666,get_order_details,get_user_details,"{""order_id"":""#12345""}","{""user_id"":""sofia_hernandez_5364""}",recovery_retry,entity_lookup,recovery_retry -> entity_lookup,True,,False,early,True,0.3333333333333333,0.16666666666666666,2
C2_C1,mistral_small_3p2,retail,23,retail:23,compound,2,2,False,True,True,1.0,0.07692307692307693,get_order_details,get_user_details,"{""order_id"":""#12345""}","{""user_id"":""sofia_hernandez_5364""}",recovery_retry,entity_lookup,recovery_retry -> entity_lookup,True,,False,early,True,0.15384615384615385,0.07692307692307693,8
C2_C1,mistral_small_3p2,retail,23,retail:23,compound,3,3,False,True,True,1.0,0.125,get_order_details,get_user_details,"{""order_id"":""#12345""}","{""user_id"":""sofia_hernandez_5364""}",recovery_retry,entity_lookup,recovery_retry -> entity_lookup,True,,False,early,True,0.25,0.125,5
C2_C1,mistral_small_3p2,retail,23,retail:23,compound,4,4,False,True,True,1.0,0.125,get_order_details,get_user_details,"{""order_id"":""#12345""}","{""user_id"":""sofia_hernandez_5364""}",recovery_retry,entity_lookup,recovery_retry -> entity_lookup,True,,False,early,True,0.25,0.125,3
C1_C1,mistral_small_3p2,retail,23,retail:23,compound,0,1,False,False,False,5.0,0.4166666666666667,get_order_details,<END>,"{""order_id"":""#W3947049""}",<END>,entity_lookup,<END>,entity_lookup -> <END>,True,,False,middle,False,,1.0,7
C1_C1,mistral_small_3p2,retail,23,retail:23,compound,0,2,False,False,False,6.0,0.46153846153846156,get_product_details,get_item_details,"{""product_id"":""7765186836""}","{""item_id"":""3358616356""}",entity_lookup,entity_lookup,entity_lookup -> entity_lookup,True,,False,middle,True,0.5384615384615384,0.07692307692307687,6
C1_C1,mistral_small_3p2,retail,23,retail:23,compound,0,3,False,False,False,5.0,0.4166666666666667,get_order_details,get_product_details,"{""order_id"":""#W3947049""}","{""product_id"":""6819683148""}",entity_lookup,entity_lookup,entity_lookup -> entity_lookup,True,,False,middle,True,0.5,0.08333333333333331,5
C1_C1,mistral_small_3p2,retail,23,retail:23,compound,0,4,False,False,False,8.0,0.6666666666666666,get_item_details,<END>,"{""item_id"":""7082455361""}",<END>,entity_lookup,<END>,entity_lookup -> <END>,True,,False,late,False,,1.0,4
C1_C1,mistral_small_3p2,retail,23,retail:23,compound,1,2,False,True,True,5.0,0.38461538461538464,<END>,get_order_details,<END>,"{""order_id"":""#W3947049""}",<END>,entity_lookup,<END> -> entity_lookup,True,,False,middle,False,,1.0,8
C1_C1,mistral_small_3p2,retail,23,retail:23,compound,1,3,False,True,True,5.0,0.625,<END>,get_product_details,<END>,"{""product_id"":""6819683148""}",<END>,entity_lookup,<END> -> entity_lookup,True,,False,middle,False,,1.0,3
C1_C1,mistral_small_3p2,retail,23,retail:23,compound,1,4,False,True,True,5.0,0.625,<END>,get_order_details,<END>,"{""order_id"":""#W3947049""}",<END>,entity_lookup,<END> -> entity_lookup,True,,False,middle,False,,1.0,3
C1_C1,mistral_small_3p2,retail,23,retail:23,compound,2,3,False,True,True,5.0,0.38461538461538464,get_order_details,get_product_details,"{""order_id"":""#W3947049""}","{""product_id"":""6819683148""}",entity_lookup,entity_lookup,entity_lookup -> entity_lookup,True,,False,middle,True,0.46153846153846156,0.07692307692307693,5
C1_C1,mistral_small_3p2,retail,23,retail:23,compound,2,4,False,True,True,6.0,0.46153846153846156,get_item_details,get_product_details,"{""item_id"":""3358616356""}","{""product_id"":""7765186836""}",entity_lookup,entity_lookup,entity_lookup -> entity_lookup,True,,False,middle,True,0.5384615384615384,0.07692307692307687,5
C1_C1,mistral_small_3p2,retail,23,retail:23,compound,3,4,False,True,True,5.0,0.625,get_product_details,get_order_details,"{""product_id"":""6819683148""}","{""order_id"":""#W3947049""}",entity_lookup,entity_lookup,entity_lookup -> entity_lookup,True,,False,middle,True,0.75,0.125,1
C2_C1,mistral_small_3p2,retail,25,retail:25,read,0,0,False,False,False,4.0,0.6666666666666666,get_order_details,return_delivered_order_items,"{""order_id"":""#W5565470""}","{""item_ids"":[""5753502325"",""9851293632"",""3778705663"",""8118291112""],""order_id"":""#W7181492"",""payment_method_id"":""paypal_3024827""}",entity_lookup,write_mutation,entity_lookup -> write_mutation,False,,False,late,False,,1.0,2
C2_C1,mistral_small_3p2,retail,25,retail:25,read,1,1,True,True,True,,1.0,<END>,<END>,<END>,<END>,<END>,<END>,<END> -> <END>,True,,False,late,False,,0.0,0
C2_C1,mistral_small_3p2,retail,25,retail:25,read,2,2,True,True,True,6.0,0.6666666666666666,get_item_details,transfer_to_human_agents,"{""item_id"":""7602931732""}","{""summary"":""User wants to return items from order #W5565470 except the pet bed.""}",entity_lookup,communication_only,entity_lookup -> communication_only,True,,False,late,False,,1.0,2
C2_C1,mistral_small_3p2,retail,25,retail:25,read,3,3,True,True,True,6.0,0.6,transfer_to_human_agents,get_item_details,"{""summary"":""User Isabella Johansson needs to return items from order #W5565470 sent to Texas by mistake. She wants the refund to be credited to her Amex credit card.""}","{""item_id"":""7602931732""}",communication_only,entity_lookup,communication_only -> entity_lookup,True,,False,middle,False,,1.0,3
C2_C1,mistral_small_3p2,retail,25,retail:25,read,4,4,True,True,True,,1.0,<END>,<END>,<END>,<END>,<END>,<END>,<END> -> <END>,True,,False,late,False,,0.0,0
C1_C1,mistral_small_3p2,retail,25,retail:25,,0,1,False,False,False,3.0,0.5,get_order_details,<END>,"{""order_id"":""#W7181492""}",<END>,recovery_retry,<END>,recovery_retry -> <END>,True,,False,middle,False,,1.0,3
C1_C1,mistral_small_3p2,retail,25,retail:25,,0,2,False,False,False,4.0,0.5714285714285714,return_delivered_order_items,get_order_details,"{""item_ids"":[""5753502325"",""9851293632"",""3778705663"",""8118291112""],""order_id"":""#W7181492"",""payment_method_id"":""paypal_3024827""}","{""order_id"":""#W5565470""}",write_mutation,entity_lookup,write_mutation -> entity_lookup,False,,False,middle,False,,1.0,3
C1_C1,mistral_small_3p2,retail,25,retail:25,,0,3,False,False,False,4.0,0.4,return_delivered_order_items,get_order_details,"{""item_ids"":[""5753502325"",""9851293632"",""3778705663"",""8118291112""],""order_id"":""#W7181492"",""payment_method_id"":""paypal_3024827""}","{""order_id"":""#W5565470""}",write_mutation,entity_lookup,write_mutation -> entity_lookup,False,,False,middle,False,,1.0,6
C1_C1,mistral_small_3p2,retail,25,retail:25,,0,4,False,False,False,4.0,0.6666666666666666,return_delivered_order_items,get_order_details,"{""item_ids"":[""5753502325"",""9851293632"",""3778705663"",""8118291112""],""order_id"":""#W7181492"",""payment_method_id"":""paypal_3024827""}","{""order_id"":""#W5565470""}",write_mutation,entity_lookup,write_mutation -> entity_lookup,False,,False,late,False,,1.0,2
C1_C1,mistral_small_3p2,retail,25,retail:25,read,1,2,True,True,True,3.0,0.42857142857142855,<END>,get_order_details,<END>,"{""order_id"":""#W7181492""}",<END>,entity_lookup,<END> -> entity_lookup,True,,False,middle,False,,1.0,4
C1_C1,mistral_small_3p2,retail,25,retail:25,read,1,3,True,True,True,3.0,0.3,<END>,get_order_details,<END>,"{""order_id"":""#W7181492""}",<END>,entity_lookup,<END> -> entity_lookup,True,,False,early,False,,1.0,7
C1_C1,mistral_small_3p2,retail,25,retail:25,read,1,4,True,True,True,3.0,0.5,<END>,get_order_details,<END>,"{""order_id"":""#W7181492""}",<END>,entity_lookup,<END> -> entity_lookup,True,,False,middle,False,,1.0,3
C1_C1,mistral_small_3p2,retail,25,retail:25,read,2,3,True,True,True,6.0,0.6,transfer_to_human_agents,get_item_details,"{""summary"":""User wants to return items from order #W5565470 except the pet bed.""}","{""item_id"":""7602931732""}",communication_only,entity_lookup,communication_only -> entity_lookup,True,,False,middle,False,,1.0,3
C1_C1,mistral_small_3p2,retail,25,retail:25,read,2,4,True,True,True,6.0,0.8571428571428571,transfer_to_human_agents,<END>,"{""summary"":""User wants to return items from order #W5565470 except the pet bed.""}",<END>,communication_only,<END>,communication_only -> <END>,True,,False,late,False,,1.0,1
C1_C1,mistral_small_3p2,retail,25,retail:25,read,3,4,True,True,True,6.0,0.6,get_item_details,<END>,"{""item_id"":""7602931732""}",<END>,entity_lookup,<END>,entity_lookup -> <END>,True,,False,middle,False,,1.0,4
C2_C1,mistral_small_3p2,retail,26,retail:26,single,0,0,False,True,True,3.0,0.5,get_order_details,<END>,"{""order_id"":""#W7181492""}",<END>,entity_lookup,<END>,entity_lookup -> <END>,True,,False,middle,False,,1.0,3
C2_C1,mistral_small_3p2,retail,26,retail:26,single,1,1,False,True,True,3.0,0.5,get_item_details,get_order_details,"{""item_id"":""4293355847""}","{""order_id"":""#W7181492""}",entity_lookup,entity_lookup,entity_lookup -> entity_lookup,True,,False,middle,False,,1.0,3
C2_C1,mistral_small_3p2,retail,26,retail:26,single,2,2,False,True,True,6.0,0.6,<END>,get_item_details,<END>,"{""item_id"":""7602931732""}",<END>,entity_lookup,<END> -> entity_lookup,True,,False,middle,False,,1.0,4
C2_C1,mistral_small_3p2,retail,26,retail:26,single,3,3,False,True,False,3.0,0.5,get_item_details,<END>,"{""item_id"":""4293355847""}",<END>,entity_lookup,<END>,entity_lookup -> <END>,True,,False,middle,False,,1.0,3
C2_C1,mistral_small_3p2,retail,26,retail:26,single,4,4,False,False,False,6.0,0.75,get_order_details,<END>,"{""order_id"":""#W5565470""}",<END>,recovery_retry,<END>,recovery_retry -> <END>,True,,False,late,False,,1.0,2
C1_C1,mistral_small_3p2,retail,26,retail:26,single,0,1,False,True,True,3.0,0.5,<END>,get_order_details,<END>,"{""order_id"":""#W7181492""}",<END>,entity_lookup,<END> -> entity_lookup,True,,False,middle,False,,1.0,3
C1_C1,mistral_small_3p2,retail,26,retail:26,single,0,2,False,True,True,3.0,0.3,<END>,get_order_details,<END>,"{""order_id"":""#W7181492""}",<END>,entity_lookup,<END> -> entity_lookup,True,,False,early,False,,1.0,7
C1_C1,mistral_small_3p2,retail,26,retail:26,single,0,3,False,True,True,,1.0,<END>,<END>,<END>,<END>,<END>,<END>,<END> -> <END>,True,,False,late,False,,0.0,0
C1_C1,mistral_small_3p2,retail,26,retail:26,single,0,4,False,True,True,3.0,0.5,<END>,get_order_details,<END>,"{""order_id"":""#W7181492""}",<END>,entity_lookup,<END> -> entity_lookup,True,,False,middle,False,,1.0,3
C1_C1,mistral_small_3p2,retail,26,retail:26,single,1,2,False,True,True,6.0,0.6,<END>,get_item_details,<END>,"{""item_id"":""7602931732""}",<END>,entity_lookup,<END> -> entity_lookup,True,,False,middle,False,,1.0,4
C1_C1,mistral_small_3p2,retail,26,retail:26,single,1,3,False,True,True,3.0,0.5,get_order_details,<END>,"{""order_id"":""#W7181492""}",<END>,entity_lookup,<END>,entity_lookup -> <END>,True,,False,middle,False,,1.0,3
C1_C1,mistral_small_3p2,retail,26,retail:26,single,1,4,False,True,True,,1.0,<END>,<END>,<END>,<END>,<END>,<END>,<END> -> <END>,True,,False,late,False,,0.0,0
C1_C1,mistral_small_3p2,retail,26,retail:26,single,2,3,False,True,True,3.0,0.3,get_order_details,<END>,"{""order_id"":""#W7181492""}",<END>,entity_lookup,<END>,entity_lookup -> <END>,True,,False,early,False,,1.0,7
C1_C1,mistral_small_3p2,retail,26,retail:26,single,2,4,False,True,True,6.0,0.6,get_item_details,<END>,"{""item_id"":""7602931732""}",<END>,entity_lookup,<END>,entity_lookup -> <END>,True,,False,middle,False,,1.0,4
C1_C1,mistral_small_3p2,retail,26,retail:26,single,3,4,False,True,True,3.0,0.5,<END>,get_order_details,<END>,"{""order_id"":""#W7181492""}",<END>,entity_lookup,<END> -> entity_lookup,True,,False,middle,False,,1.0,3
C2_C1,mistral_small_3p2,retail,3,retail:3,single,0,0,False,True,True,11.0,0.9166666666666666,get_item_details,calculate,"{""item_id"":""5047954489""}","{""expression"":""53.48 - 53.43""}",entity_lookup,communication_only,entity_lookup -> communication_only,True,,False,late,False,,1.0,1
C2_C1,mistral_small_3p2,retail,3,retail:3,single,1,1,False,True,True,3.0,0.2727272727272727,transfer_to_human_agents,get_user_details,"{""summary"":""User yusuf_rossi_9620 wants to modify a pending order but does not have the order ID. The user has been authenticated using their first name, last name, and zip code.""}","{""user_id"":""yusuf_rossi_9620""}",communication_only,entity_lookup,communication_only -> entity_lookup,True,,False,early,False,,1.0,8
C2_C1,mistral_small_3p2,retail,3,retail:3,single,2,2,False,True,True,9.0,0.8181818181818182,<END>,get_item_details,<END>,"{""item_id"":""8349118980""}",<END>,entity_lookup,<END> -> entity_lookup,True,,False,late,False,,1.0,2
C2_C1,mistral_small_3p2,retail,3,retail:3,single,3,3,False,True,True,3.0,0.25,<END>,get_user_details,<END>,"{""user_id"":""yusuf_rossi_9620""}",<END>,entity_lookup,<END> -> entity_lookup,True,,False,early,False,,1.0,9
C2_C1,mistral_small_3p2,retail,3,retail:3,single,4,4,False,True,True,9.0,0.75,<END>,get_item_details,<END>,"{""item_id"":""8349118980""}",<END>,entity_lookup,<END> -> entity_lookup,True,,False,late,False,,1.0,3
C1_C1,mistral_small_3p2,retail,3,retail:3,single,0,1,False,True,True,10.0,0.8333333333333334,get_item_details,get_product_details,"{""item_id"":""9647292434""}","{""product_id"":""9523456873""}",entity_lookup,recovery_retry,entity_lookup -> recovery_retry,True,,False,late,False,,1.0,2
C1_C1,mistral_small_3p2,retail,3,retail:3,single,0,2,False,True,True,10.0,0.8333333333333334,get_item_details,get_product_details,"{""item_id"":""9647292434""}","{""product_id"":""9523456873""}",entity_lookup,recovery_retry,entity_lookup -> recovery_retry,True,,False,late,False,,1.0,2
C1_C1,mistral_small_3p2,retail,3,retail:3,single,0,3,False,True,True,11.0,0.9166666666666666,calculate,get_item_details,"{""expression"":""53.48 - 53.43""}","{""item_id"":""5047954489""}",communication_only,entity_lookup,communication_only -> entity_lookup,True,,False,late,False,,1.0,1
C1_C1,mistral_small_3p2,retail,3,retail:3,single,0,4,False,True,True,11.0,0.9166666666666666,calculate,get_item_details,"{""expression"":""53.48 - 53.43""}","{""item_id"":""5047954489""}",communication_only,entity_lookup,communication_only -> entity_lookup,True,,False,late,False,,1.0,1
C1_C1,mistral_small_3p2,retail,3,retail:3,single,1,2,False,True,True,,1.0,<END>,<END>,<END>,<END>,<END>,<END>,<END> -> <END>,True,,False,late,False,,0.0,0
C1_C1,mistral_small_3p2,retail,3,retail:3,single,1,3,False,True,True,10.0,0.8333333333333334,get_product_details,get_item_details,"{""product_id"":""9523456873""}","{""item_id"":""9647292434""}",recovery_retry,entity_lookup,recovery_retry -> entity_lookup,True,,False,late,False,,1.0,2
C1_C1,mistral_small_3p2,retail,3,retail:3,single,1,4,False,True,True,10.0,0.8333333333333334,get_product_details,get_item_details,"{""product_id"":""9523456873""}","{""item_id"":""9647292434""}",recovery_retry,entity_lookup,recovery_retry -> entity_lookup,True,,False,late,False,,1.0,2
C1_C1,mistral_small_3p2,retail,3,retail:3,single,2,3,False,True,True,10.0,0.8333333333333334,get_product_details,get_item_details,"{""product_id"":""9523456873""}","{""item_id"":""9647292434""}",recovery_retry,entity_lookup,recovery_retry -> entity_lookup,True,,False,late,False,,1.0,2
C1_C1,mistral_small_3p2,retail,3,retail:3,single,2,4,False,True,True,10.0,0.8333333333333334,get_product_details,get_item_details,"{""product_id"":""9523456873""}","{""item_id"":""9647292434""}",recovery_retry,entity_lookup,recovery_retry -> entity_lookup,True,,False,late,False,,1.0,2
C1_C1,mistral_small_3p2,retail,3,retail:3,single,3,4,False,True,True,,1.0,<END>,<END>,<END>,<END>,<END>,<END>,<END> -> <END>,True,,False,late,False,,0.0,0
C2_C1,mistral_small_3p2,retail,30,retail:30,compound,0,0,False,True,True,1.0,0.14285714285714285,get_order_details,get_user_details,"{""order_id"":""#123456789""}","{""user_id"":""olivia_lopez_3865""}",recovery_retry,entity_lookup,recovery_retry -> entity_lookup,True,,False,early,True,0.2857142857142857,0.14285714285714285,4
C2_C1,mistral_small_3p2,retail,30,retail:30,compound,1,1,False,True,True,3.0,0.42857142857142855,<END>,get_order_details,<END>,"{""order_id"":""#W9373487""}",<END>,entity_lookup,<END> -> entity_lookup,True,,False,middle,False,,1.0,4
C2_C1,mistral_small_3p2,retail,30,retail:30,compound,2,2,False,True,False,4.0,0.36363636363636365,get_order_details,<END>,"{""order_id"":""#W2692684""}",<END>,entity_lookup,<END>,entity_lookup -> <END>,True,,False,middle,False,,1.0,7
C2_C1,mistral_small_3p2,retail,30,retail:30,compound,3,3,False,True,True,,1.0,<END>,<END>,<END>,<END>,<END>,<END>,<END> -> <END>,True,,False,late,False,,0.0,0
C2_C1,mistral_small_3p2,retail,30,retail:30,compound,4,4,False,True,False,1.0,0.06666666666666667,get_order_details,get_user_details,"{""order_id"":""#1234567890""}","{""user_id"":""olivia_lopez_3865""}",recovery_retry,entity_lookup,recovery_retry -> entity_lookup,True,,False,early,True,0.13333333333333333,0.06666666666666667,10
C1_C1,mistral_small_3p2,retail,30,retail:30,compound,0,1,False,True,True,3.0,0.42857142857142855,<END>,get_order_details,<END>,"{""order_id"":""#W9373487""}",<END>,entity_lookup,<END> -> entity_lookup,True,,False,middle,False,,1.0,4
C1_C1,mistral_small_3p2,retail,30,retail:30,compound,0,2,False,True,True,3.0,0.75,<END>,get_order_details,<END>,"{""order_id"":""#W7449508""}",<END>,entity_lookup,<END> -> entity_lookup,True,,False,late,False,,1.0,1
C1_C1,mistral_small_3p2,retail,30,retail:30,compound,0,3,False,True,True,,1.0,<END>,<END>,<END>,<END>,<END>,<END>,<END> -> <END>,True,,False,late,False,,0.0,0
C1_C1,mistral_small_3p2,retail,30,retail:30,compound,0,4,False,True,False,3.0,0.3,<END>,get_order_details,<END>,"{""order_id"":""#W9373487""}",<END>,entity_lookup,<END> -> entity_lookup,True,,False,early,False,,1.0,7
C1_C1,mistral_small_3p2,retail,30,retail:30,compound,1,2,False,True,True,4.0,0.5714285714285714,get_order_details,<END>,"{""order_id"":""#W2692684""}",<END>,entity_lookup,<END>,entity_lookup -> <END>,True,,False,middle,False,,1.0,3
C1_C1,mistral_small_3p2,retail,30,retail:30,compound,1,3,False,True,True,3.0,0.42857142857142855,get_order_details,<END>,"{""order_id"":""#W9373487""}",<END>,entity_lookup,<END>,entity_lookup -> <END>,True,,False,middle,False,,1.0,4
C1_C1,mistral_small_3p2,retail,30,retail:30,compound,1,4,False,True,False,5.0,0.5,get_order_details,get_product_details,"{""order_id"":""#W5481803""}","{""product_id"":""8024098596""}",entity_lookup,entity_lookup,entity_lookup -> entity_lookup,True,,False,middle,True,0.6,0.09999999999999998,4
C1_C1,mistral_small_3p2,retail,30,retail:30,compound,2,3,False,True,True,3.0,0.75,get_order_details,<END>,"{""order_id"":""#W7449508""}",<END>,entity_lookup,<END>,entity_lookup -> <END>,True,,False,late,False,,1.0,1
C1_C1,mistral_small_3p2,retail,30,retail:30,compound,2,4,False,True,False,4.0,0.4,<END>,get_order_details,<END>,"{""order_id"":""#W2692684""}",<END>,entity_lookup,<END> -> entity_lookup,True,,False,middle,False,,1.0,6
C1_C1,mistral_small_3p2,retail,30,retail:30,compound,3,4,False,True,False,3.0,0.3,<END>,get_order_details,<END>,"{""order_id"":""#W9373487""}",<END>,entity_lookup,<END> -> entity_lookup,True,,False,early,False,,1.0,7
C2_C1,mistral_small_3p2,retail,31,retail:31,compound,0,0,False,True,True,3.0,0.75,<END>,cancel_pending_order,<END>,"{""order_id"":""#W9319364"",""reason"":""ordered by mistake""}",<END>,recovery_retry,<END> -> recovery_retry,True,,False,late,False,,1.0,1
C2_C1,mistral_small_3p2,retail,31,retail:31,compound,1,1,False,True,False,7.0,0.5384615384615384,get_item_details,transfer_to_human_agents,"{""item_id"":""3788616824""}","{""summary"":""User Olivia Lopez wants to return a tablet from order #W2692684 and needs assistance with a refund or reorder. The order was delivered yesterday, and the tracking number is 746342064230. The user's gift card balance is $44.00.""}",entity_lookup,communication_only,entity_lookup -> communication_only,True,,False,middle,False,,1.0,6
C2_C1,mistral_small_3p2,retail,31,retail:31,compound,2,2,False,True,True,,1.0,<END>,<END>,<END>,<END>,<END>,<END>,<END> -> <END>,True,,False,late,False,,0.0,0
C2_C1,mistral_small_3p2,retail,31,retail:31,compound,3,3,False,True,True,,1.0,<END>,<END>,<END>,<END>,<END>,<END>,<END> -> <END>,True,,False,late,False,,0.0,0
C2_C1,mistral_small_3p2,retail,31,retail:31,compound,4,4,False,True,False,5.0,0.5,cancel_pending_order,get_order_details,"{""order_id"":""#W9373487"",""reason"":""ordered by mistake""}","{""order_id"":""#W5481803""}",write_mutation,entity_lookup,write_mutation -> entity_lookup,False,,False,middle,False,,1.0,4
C1_C1,mistral_small_3p2,retail,31,retail:31,compound,0,1,False,True,True,3.0,0.375,cancel_pending_order,get_order_details,"{""order_id"":""#W9319364"",""reason"":""ordered by mistake""}","{""order_id"":""#W9373487""}",recovery_retry,entity_lookup,recovery_retry -> entity_lookup,True,,False,middle,False,,1.0,5
C1_C1,mistral_small_3p2,retail,31,retail:31,compound,0,2,False,True,True,3.0,0.42857142857142855,cancel_pending_order,get_order_details,"{""order_id"":""#W9319364"",""reason"":""ordered by mistake""}","{""order_id"":""#W9373487""}",recovery_retry,entity_lookup,recovery_retry -> entity_lookup,True,,False,middle,False,,1.0,4
C1_C1,mistral_small_3p2,retail,31,retail:31,compound,0,3,False,True,True,3.0,0.42857142857142855,cancel_pending_order,get_order_details,"{""order_id"":""#W9319364"",""reason"":""ordered by mistake""}","{""order_id"":""#W9373487""}",recovery_retry,entity_lookup,recovery_retry -> entity_lookup,True,,False,middle,False,,1.0,4
C1_C1,mistral_small_3p2,retail,31,retail:31,compound,0,4,False,True,False,3.0,0.3,cancel_pending_order,get_order_details,"{""order_id"":""#W9319364"",""reason"":""ordered by mistake""}","{""order_id"":""#W9373487""}",recovery_retry,entity_lookup,recovery_retry -> entity_lookup,True,,False,early,False,,1.0,6
C1_C1,mistral_small_3p2,retail,31,retail:31,compound,1,2,False,True,True,7.0,0.875,transfer_to_human_agents,<END>,"{""summary"":""User Olivia Lopez wants to return a tablet from order #W2692684 and needs assistance with a refund or reorder. The order was delivered yesterday, and the tracking number is 746342064230. The user's gift card balance is $44.00.""}",<END>,communication_only,<END>,communication_only -> <END>,True,,False,late,False,,1.0,1
C1_C1,mistral_small_3p2,retail,31,retail:31,compound,1,3,False,True,True,7.0,0.875,transfer_to_human_agents,<END>,"{""summary"":""User Olivia Lopez wants to return a tablet from order #W2692684 and needs assistance with a refund or reorder. The order was delivered yesterday, and the tracking number is 746342064230. The user's gift card balance is $44.00.""}",<END>,communication_only,<END>,communication_only -> <END>,True,,False,late,False,,1.0,1
C1_C1,mistral_small_3p2,retail,31,retail:31,compound,1,4,False,True,False,7.0,0.7,transfer_to_human_agents,cancel_pending_order,"{""summary"":""User Olivia Lopez wants to return a tablet from order #W2692684 and needs assistance with a refund or reorder. The order was delivered yesterday, and the tracking number is 746342064230. The user's gift card balance is $44.00.""}","{""order_id"":""#W9373487"",""reason"":""no longer needed""}",communication_only,write_mutation,communication_only -> write_mutation,False,,False,late,False,,1.0,3
C1_C1,mistral_small_3p2,retail,31,retail:31,compound,2,3,False,True,True,,1.0,<END>,<END>,<END>,<END>,<END>,<END>,<END> -> <END>,True,,False,late,False,,0.0,0
C1_C1,mistral_small_3p2,retail,31,retail:31,compound,2,4,False,True,False,7.0,0.7,<END>,cancel_pending_order,<END>,"{""order_id"":""#W9373487"",""reason"":""no longer needed""}",<END>,write_mutation,<END> -> write_mutation,False,,False,late,False,,1.0,3
C1_C1,mistral_small_3p2,retail,31,retail:31,compound,3,4,False,True,False,7.0,0.7,<END>,cancel_pending_order,<END>,"{""order_id"":""#W9373487"",""reason"":""no longer needed""}",<END>,write_mutation,<END> -> write_mutation,False,,False,late,False,,1.0,3
C2_C1,mistral_small_3p2,retail,32,retail:32,compound,0,0,False,True,False,4.0,0.5714285714285714,cancel_pending_order,get_order_details,"{""order_id"":""#W9373487"",""reason"":""no longer needed""}","{""order_id"":""#W2692684""}",write_mutation,entity_lookup,write_mutation -> entity_lookup,False,,False,middle,False,,1.0,2
C2_C1,mistral_small_3p2,retail,32,retail:32,compound,1,1,False,True,True,3.0,0.42857142857142855,get_order_details,<END>,"{""order_id"":""#W9373487""}",<END>,entity_lookup,<END>,entity_lookup -> <END>,True,,False,middle,False,,1.0,4
C2_C1,mistral_small_3p2,retail,32,retail:32,compound,2,2,False,True,True,1.0,0.2,transfer_to_human_agents,get_user_details,"{""summary"":""User olivia_lopez_3865 needs to speak to a customer support agent to find the tracking number for an order.""}","{""user_id"":""olivia_lopez_3865""}",communication_only,entity_lookup,communication_only -> entity_lookup,True,,False,early,False,,1.0,4
C2_C1,mistral_small_3p2,retail,32,retail:32,compound,3,3,False,True,True,7.0,0.875,<END>,get_item_details,<END>,"{""item_id"":""3788616824""}",<END>,entity_lookup,<END> -> entity_lookup,True,,False,late,False,,1.0,1
C2_C1,mistral_small_3p2,retail,32,retail:32,compound,4,4,False,True,True,3.0,0.42857142857142855,get_order_details,<END>,"{""order_id"":""#W9373487""}",<END>,entity_lookup,<END>,entity_lookup -> <END>,True,,False,middle,False,,1.0,4
C1_C1,mistral_small_3p2,retail,32,retail:32,compound,0,1,False,True,True,3.0,0.6,get_order_details,<END>,"{""order_id"":""#W9373487""}",<END>,entity_lookup,<END>,entity_lookup -> <END>,True,,False,middle,False,,1.0,2
C1_C1,mistral_small_3p2,retail,32,retail:32,compound,0,2,False,True,True,,1.0,<END>,<END>,<END>,<END>,<END>,<END>,<END> -> <END>,True,,False,late,False,,0.0,0
C1_C1,mistral_small_3p2,retail,32,retail:32,compound,0,3,False,True,True,5.0,0.625,<END>,get_order_details,<END>,"{""order_id"":""#W5481803""}",<END>,entity_lookup,<END> -> entity_lookup,True,,False,middle,False,,1.0,3
C1_C1,mistral_small_3p2,retail,32,retail:32,compound,0,4,False,True,True,3.0,0.6,get_order_details,<END>,"{""order_id"":""#W9373487""}",<END>,entity_lookup,<END>,entity_lookup -> <END>,True,,False,middle,False,,1.0,2
C1_C1,mistral_small_3p2,retail,32,retail:32,compound,1,2,False,True,True,3.0,0.6,<END>,get_order_details,<END>,"{""order_id"":""#W9373487""}",<END>,entity_lookup,<END> -> entity_lookup,True,,False,middle,False,,1.0,2
C1_C1,mistral_small_3p2,retail,32,retail:32,compound,1,3,False,True,True,3.0,0.375,<END>,get_order_details,<END>,"{""order_id"":""#W9373487""}",<END>,entity_lookup,<END> -> entity_lookup,True,,False,middle,False,,1.0,5
C1_C1,mistral_small_3p2,retail,32,retail:32,compound,1,4,False,True,True,,1.0,<END>,<END>,<END>,<END>,<END>,<END>,<END> -> <END>,True,,False,late,False,,0.0,0
C1_C1,mistral_small_3p2,retail,32,retail:32,compound,2,3,False,True,True,5.0,0.625,<END>,get_order_details,<END>,"{""order_id"":""#W5481803""}",<END>,entity_lookup,<END> -> entity_lookup,True,,False,middle,False,,1.0,3
C1_C1,mistral_small_3p2,retail,32,retail:32,compound,2,4,False,True,True,3.0,0.6,get_order_details,<END>,"{""order_id"":""#W9373487""}",<END>,entity_lookup,<END>,entity_lookup -> <END>,True,,False,middle,False,,1.0,2
C1_C1,mistral_small_3p2,retail,32,retail:32,compound,3,4,False,True,True,3.0,0.375,get_order_details,<END>,"{""order_id"":""#W9373487""}",<END>,entity_lookup,<END>,entity_lookup -> <END>,True,,False,middle,False,,1.0,5
C2_C1,mistral_small_3p2,retail,49,retail:49,single,0,0,False,False,False,1.0,0.09090909090909091,get_order_details,get_user_details,"{""order_id"":""#123456789""}","{""user_id"":""aarav_anderson_8794""}",recovery_retry,entity_lookup,recovery_retry -> entity_lookup,True,,False,early,True,0.18181818181818182,0.09090909090909091,8
C2_C1,mistral_small_3p2,retail,49,retail:49,single,1,1,False,True,True,1.0,0.1111111111111111,get_order_details,get_user_details,"{""order_id"":""#123456789""}","{""user_id"":""aarav_anderson_8794""}",recovery_retry,entity_lookup,recovery_retry -> entity_lookup,True,,False,early,True,0.2222222222222222,0.1111111111111111,5
C2_C1,mistral_small_3p2,retail,49,retail:49,single,2,2,False,True,True,1.0,0.1,get_order_details,get_user_details,"{""order_id"":""#123456789""}","{""user_id"":""aarav_anderson_8794""}",recovery_retry,entity_lookup,recovery_retry -> entity_lookup,True,,False,early,True,0.2,0.1,6
C2_C1,mistral_small_3p2,retail,49,retail:49,single,3,3,False,True,True,2.0,0.16666666666666666,get_user_details,get_order_details,"{""user_id"":""aarav_anderson_8794""}","{""order_id"":""#987654321""}",entity_lookup,recovery_retry,entity_lookup -> recovery_retry,True,,False,early,True,0.25,0.08333333333333334,4
C2_C1,mistral_small_3p2,retail,49,retail:49,single,4,4,False,True,True,1.0,0.16666666666666666,get_order_details,get_user_details,"{""order_id"":""#123456789""}","{""user_id"":""aarav_anderson_8794""}",recovery_retry,entity_lookup,recovery_retry -> entity_lookup,True,,False,early,True,0.3333333333333333,0.16666666666666666,4
C1_C1,mistral_small_3p2,retail,49,retail:49,single,0,1,False,False,False,3.0,0.42857142857142855,get_item_details,get_product_details,"{""item_id"":""2757705742""}","{""product_id"":""4768869376""}",entity_lookup,entity_lookup,entity_lookup -> entity_lookup,True,,False,middle,False,,1.0,4
C1_C1,mistral_small_3p2,retail,49,retail:49,single,0,2,False,False,False,3.0,0.42857142857142855,get_item_details,get_product_details,"{""item_id"":""2757705742""}","{""product_id"":""9924732112""}",entity_lookup,entity_lookup,entity_lookup -> entity_lookup,True,,False,middle,True,0.5714285714285714,0.14285714285714285,3
C1_C1,mistral_small_3p2,retail,49,retail:49,single,0,3,False,False,False,1.0,0.08333333333333333,get_user_details,get_order_details,"{""user_id"":""aarav_anderson_8794""}","{""order_id"":""#123456789""}",entity_lookup,recovery_retry,entity_lookup -> recovery_retry,True,,False,early,True,0.16666666666666666,0.08333333333333333,8
C1_C1,mistral_small_3p2,retail,49,retail:49,single,0,4,False,False,False,3.0,0.42857142857142855,get_item_details,get_order_details,"{""item_id"":""2757705742""}","{""order_id"":""#W3470184""}",entity_lookup,entity_lookup,entity_lookup -> entity_lookup,True,,False,middle,True,0.7142857142857143,0.28571428571428575,3
C1_C1,mistral_small_3p2,retail,49,retail:49,single,1,2,False,True,True,4.0,0.8,<END>,calculate,<END>,"{""expression"":""258.84 - 258.97""}",<END>,communication_only,<END> -> communication_only,True,,False,late,False,,1.0,1
C1_C1,mistral_small_3p2,retail,49,retail:49,single,1,3,False,True,True,1.0,0.08333333333333333,get_user_details,get_order_details,"{""user_id"":""aarav_anderson_8794""}","{""order_id"":""#123456789""}",entity_lookup,recovery_retry,entity_lookup -> recovery_retry,True,,False,early,True,0.16666666666666666,0.08333333333333333,8
C1_C1,mistral_small_3p2,retail,49,retail:49,single,1,4,False,True,True,3.0,0.5,get_product_details,get_order_details,"{""product_id"":""4768869376""}","{""order_id"":""#W3470184""}",entity_lookup,entity_lookup,entity_lookup -> entity_lookup,True,,False,middle,False,,1.0,2
C1_C1,mistral_small_3p2,retail,49,retail:49,single,2,3,False,True,True,1.0,0.08333333333333333,get_user_details,get_order_details,"{""user_id"":""aarav_anderson_8794""}","{""order_id"":""#123456789""}",entity_lookup,recovery_retry,entity_lookup -> recovery_retry,True,,False,early,True,0.16666666666666666,0.08333333333333333,8
C1_C1,mistral_small_3p2,retail,49,retail:49,single,2,4,False,True,True,3.0,0.5,get_product_details,get_order_details,"{""product_id"":""9924732112""}","{""order_id"":""#W3470184""}",entity_lookup,entity_lookup,entity_lookup -> entity_lookup,True,,False,middle,True,0.6666666666666666,0.16666666666666663,1
C1_C1,mistral_small_3p2,retail,49,retail:49,single,3,4,False,True,True,1.0,0.08333333333333333,get_order_details,get_user_details,"{""order_id"":""#123456789""}","{""user_id"":""aarav_anderson_8794""}",recovery_retry,entity_lookup,recovery_retry -> entity_lookup,True,,False,early,True,0.16666666666666666,0.08333333333333333,7
C2_C1,mistral_small_3p2,retail,54,retail:54,compound,0,0,False,True,False,1.0,0.08333333333333333,find_user_id_by_name_zip,find_user_id_by_email,"{""first_name"":""Amelia"",""last_name"":""Silva"",""zip"":""19103""}","{""email"":""amelia.silva7872@example.com""}",recovery_retry,entity_lookup,recovery_retry -> entity_lookup,True,,False,early,True,0.16666666666666666,0.08333333333333333,2
C2_C1,mistral_small_3p2,retail,54,retail:54,compound,1,1,False,True,False,1.0,0.0625,find_user_id_by_name_zip,find_user_id_by_email,"{""first_name"":""Amelia"",""last_name"":""Silva"",""zip"":""19102""}","{""email"":""amelia.silva7872@example.com""}",recovery_retry,entity_lookup,recovery_retry -> entity_lookup,True,,False,early,True,0.125,0.0625,6
C2_C1,mistral_small_3p2,retail,54,retail:54,compound,2,2,False,True,False,1.0,0.07142857142857142,find_user_id_by_name_zip,find_user_id_by_email,"{""first_name"":""Amelia"",""last_name"":""Silva"",""zip"":""19103""}","{""email"":""amelia.silva7872@example.com""}",recovery_retry,entity_lookup,recovery_retry -> entity_lookup,True,,False,early,True,0.14285714285714285,0.07142857142857142,3
C2_C1,mistral_small_3p2,retail,54,retail:54,compound,3,3,False,True,False,1.0,0.08333333333333333,find_user_id_by_name_zip,find_user_id_by_email,"{""first_name"":""Amelia"",""last_name"":""Silva"",""zip"":""19102""}","{""email"":""amelia.silva7872@example.com""}",recovery_retry,entity_lookup,recovery_retry -> entity_lookup,True,,False,early,True,0.16666666666666666,0.08333333333333333,1
C2_C1,mistral_small_3p2,retail,54,retail:54,compound,4,4,False,True,True,1.0,0.09090909090909091,find_user_id_by_name_zip,find_user_id_by_email,"{""first_name"":""Amelia"",""last_name"":""Silva"",""zip"":""19102""}","{""email"":""amelia.silva7872@example.com""}",recovery_retry,entity_lookup,recovery_retry -> entity_lookup,True,,False,early,True,0.18181818181818182,0.09090909090909091,2
C1_C1,mistral_small_3p2,retail,54,retail:54,compound,0,1,False,True,True,11.0,0.6875,get_order_details,get_product_details,"{""order_id"":""#W4597054""}","{""product_id"":""7363354090""}",recovery_retry,post_write_verification,recovery_retry -> post_write_verification,False,,True,late,False,,1.0,5
C1_C1,mistral_small_3p2,retail,54,retail:54,compound,0,2,False,True,False,11.0,0.9166666666666666,get_order_details,get_product_details,"{""order_id"":""#W4597054""}","{""product_id"":""7363354090""}",recovery_retry,post_write_verification,recovery_retry -> post_write_verification,False,,True,late,False,,1.0,1
C1_C1,mistral_small_3p2,retail,54,retail:54,compound,0,3,False,True,False,11.0,0.9166666666666666,get_order_details,<END>,"{""order_id"":""#W4597054""}",<END>,recovery_retry,<END>,recovery_retry -> <END>,False,,True,late,False,,1.0,1
C1_C1,mistral_small_3p2,retail,54,retail:54,compound,0,4,False,True,False,10.0,0.8333333333333334,cancel_pending_order,get_product_details,"{""order_id"":""#W7342738"",""reason"":""ordered by mistake""}","{""product_id"":""7363354090""}",write_mutation,post_write_verification,write_mutation -> post_write_verification,False,,True,late,False,,1.0,2
C1_C1,mistral_small_3p2,retail,54,retail:54,compound,1,2,False,True,False,12.0,0.75,exchange_delivered_order_items,<END>,"{""item_ids"":[""8277474082""],""new_item_ids"":[""8106223139""],""order_id"":""#W4597054"",""payment_method_id"":""gift_card_3491931""}",<END>,recovery_retry,<END>,recovery_retry -> <END>,False,,True,late,False,,1.0,4
C1_C1,mistral_small_3p2,retail,54,retail:54,compound,1,3,False,True,False,11.0,0.6875,get_product_details,<END>,"{""product_id"":""7363354090""}",<END>,post_write_verification,<END>,post_write_verification -> <END>,False,,True,late,False,,1.0,5
C1_C1,mistral_small_3p2,retail,54,retail:54,compound,1,4,False,True,False,10.0,0.625,cancel_pending_order,get_product_details,"{""order_id"":""#W7342738"",""reason"":""ordered by mistake""}","{""product_id"":""7363354090""}",write_mutation,post_write_verification,write_mutation -> post_write_verification,False,,True,middle,False,,1.0,5
C1_C1,mistral_small_3p2,retail,54,retail:54,compound,2,3,False,True,True,11.0,0.9166666666666666,get_product_details,<END>,"{""product_id"":""7363354090""}",<END>,post_write_verification,<END>,post_write_verification -> <END>,False,,True,late,False,,1.0,1
C1_C1,mistral_small_3p2,retail,54,retail:54,compound,2,4,False,True,False,10.0,0.8333333333333334,cancel_pending_order,get_product_details,"{""order_id"":""#W7342738"",""reason"":""no longer needed""}","{""product_id"":""7363354090""}",write_mutation,post_write_verification,write_mutation -> post_write_verification,False,,True,late,False,,1.0,1
C1_C1,mistral_small_3p2,retail,54,retail:54,compound,3,4,False,True,False,10.0,0.9090909090909091,cancel_pending_order,get_product_details,"{""order_id"":""#W7342738"",""reason"":""no longer needed""}","{""product_id"":""7363354090""}",write_mutation,post_write_verification,write_mutation -> post_write_verification,False,,True,late,False,,1.0,1
C2_C1,mistral_small_3p2,retail,55,retail:55,compound,0,0,False,True,True,,1.0,<END>,<END>,<END>,<END>,<END>,<END>,<END> -> <END>,True,,False,late,False,,0.0,0
C2_C1,mistral_small_3p2,retail,55,retail:55,compound,1,1,False,True,True,,1.0,<END>,<END>,<END>,<END>,<END>,<END>,<END> -> <END>,True,,False,late,False,,0.0,0
C2_C1,mistral_small_3p2,retail,55,retail:55,compound,2,2,False,True,True,8.0,0.6666666666666666,cancel_pending_order,get_order_details,"{""order_id"":""#W4836353"",""reason"":""ordered by mistake""}","{""order_id"":""#W7342738""}",write_mutation,entity_lookup,write_mutation -> entity_lookup,False,,False,late,True,0.75,0.08333333333333337,1
C2_C1,mistral_small_3p2,retail,55,retail:55,compound,3,3,False,False,False,4.0,0.3076923076923077,get_order_details,return_delivered_order_items,"{""order_id"":""#W5400801""}","{""item_ids"":[""1008292230"",""1008292231""],""order_id"":""#W2586676"",""payment_method_id"":""gift_card_3491931""}",entity_lookup,recovery_retry,entity_lookup -> recovery_retry,True,,False,early,True,0.38461538461538464,0.07692307692307693,7
C2_C1,mistral_small_3p2,retail,55,retail:55,compound,4,4,False,True,False,3.0,0.3333333333333333,cancel_pending_order,get_order_details,"{""order_id"":""#W4597054"",""reason"":""no longer needed""}","{""order_id"":""#W2586676""}",recovery_retry,entity_lookup,recovery_retry -> entity_lookup,True,,False,middle,True,0.4444444444444444,0.1111111111111111,2
C1_C1,mistral_small_3p2,retail,55,retail:55,compound,0,1,False,True,True,,1.0,<END>,<END>,<END>,<END>,<END>,<END>,<END> -> <END>,True,,False,late,False,,0.0,0
C1_C1,mistral_small_3p2,retail,55,retail:55,compound,0,2,False,True,False,9.0,0.75,<END>,cancel_pending_order,<END>,"{""order_id"":""#W4836353"",""reason"":""ordered by mistake""}",<END>,write_mutation,<END> -> write_mutation,False,,False,late,False,,1.0,3
C1_C1,mistral_small_3p2,retail,55,retail:55,compound,0,3,False,True,True,4.0,0.3076923076923077,get_order_details,return_delivered_order_items,"{""order_id"":""#W5400801""}","{""item_ids"":[""1008292230"",""1008292231""],""order_id"":""#W2586676"",""payment_method_id"":""gift_card_3491931""}",entity_lookup,recovery_retry,entity_lookup -> recovery_retry,True,,False,early,False,,1.0,9
C1_C1,mistral_small_3p2,retail,55,retail:55,compound,0,4,False,True,True,,1.0,<END>,<END>,<END>,<END>,<END>,<END>,<END> -> <END>,True,,False,late,False,,0.0,0
C1_C1,mistral_small_3p2,retail,55,retail:55,compound,1,2,False,True,False,9.0,0.75,<END>,cancel_pending_order,<END>,"{""order_id"":""#W4836353"",""reason"":""ordered by mistake""}",<END>,write_mutation,<END> -> write_mutation,False,,False,late,False,,1.0,3
C1_C1,mistral_small_3p2,retail,55,retail:55,compound,1,3,False,True,True,4.0,0.3076923076923077,get_order_details,return_delivered_order_items,"{""order_id"":""#W5400801""}","{""item_ids"":[""1008292230"",""1008292231""],""order_id"":""#W2586676"",""payment_method_id"":""gift_card_3491931""}",entity_lookup,recovery_retry,entity_lookup -> recovery_retry,True,,False,early,False,,1.0,9
C1_C1,mistral_small_3p2,retail,55,retail:55,compound,1,4,False,True,True,,1.0,<END>,<END>,<END>,<END>,<END>,<END>,<END> -> <END>,True,,False,late,False,,0.0,0
C1_C1,mistral_small_3p2,retail,55,retail:55,compound,2,3,False,True,False,4.0,0.3076923076923077,get_order_details,return_delivered_order_items,"{""order_id"":""#W2586676""}","{""item_ids"":[""1008292230"",""1008292231""],""order_id"":""#W2586676"",""payment_method_id"":""gift_card_3491931""}",entity_lookup,recovery_retry,entity_lookup -> recovery_retry,True,,False,early,True,0.38461538461538464,0.07692307692307693,7
C1_C1,mistral_small_3p2,retail,55,retail:55,compound,2,4,False,True,False,9.0,0.75,cancel_pending_order,<END>,"{""order_id"":""#W4836353"",""reason"":""ordered by mistake""}",<END>,write_mutation,<END>,write_mutation -> <END>,False,,False,late,False,,1.0,3
C1_C1,mistral_small_3p2,retail,55,retail:55,compound,3,4,False,True,True,4.0,0.3076923076923077,return_delivered_order_items,get_order_details,"{""item_ids"":[""1008292230"",""1008292231""],""order_id"":""#W2586676"",""payment_method_id"":""gift_card_3491931""}","{""order_id"":""#W5400801""}",recovery_retry,entity_lookup,recovery_retry -> entity_lookup,True,,False,early,False,,1.0,9
C2_C1,mistral_small_3p2,retail,62,retail:62,read,0,0,True,True,True,1.0,0.14285714285714285,get_order_details,get_user_details,"{""order_id"":""#W123456789""}","{""user_id"":""chen_johnson_4204""}",recovery_retry,entity_lookup,recovery_retry -> entity_lookup,True,,False,early,True,0.2857142857142857,0.14285714285714285,2
C2_C1,mistral_small_3p2,retail,62,retail:62,read,1,1,False,False,True,1.0,0.08333333333333333,get_product_details,get_user_details,"{""product_id"":""6086499569""}","{""user_id"":""chen_johnson_4204""}",recovery_retry,entity_lookup,recovery_retry -> entity_lookup,True,,False,early,True,0.16666666666666666,0.08333333333333333,7
C2_C1,mistral_small_3p2,retail,62,retail:62,read,2,2,False,False,False,4.0,0.36363636363636365,get_order_details,get_product_details,"{""order_id"":""#W5061109""}","{""product_id"":""1808611083""}",entity_lookup,entity_lookup,entity_lookup -> entity_lookup,True,,False,middle,True,0.45454545454545453,0.09090909090909088,4
C2_C1,mistral_small_3p2,retail,62,retail:62,read,3,3,False,False,True,4.0,0.5714285714285714,get_order_details,get_product_details,"{""order_id"":""#W5061109""}","{""product_id"":""1808611083""}",entity_lookup,entity_lookup,entity_lookup -> entity_lookup,True,,False,middle,False,,1.0,3
C2_C1,mistral_small_3p2,retail,62,retail:62,read,4,4,False,False,False,1.0,0.1,get_order_details,get_user_details,"{""order_id"":""#W123456789""}","{""user_id"":""chen_johnson_4204""}",recovery_retry,entity_lookup,recovery_retry -> entity_lookup,True,,False,early,True,0.4,0.30000000000000004,5
C1_C1,mistral_small_3p2,retail,62,retail:62,read,0,1,True,True,True,3.0,0.25,get_order_details,get_product_details,"{""order_id"":""#W5061109""}","{""product_id"":""1808611083""}",entity_lookup,entity_lookup,entity_lookup -> entity_lookup,True,,False,early,True,0.3333333333333333,0.08333333333333331,7
C1_C1,mistral_small_3p2,retail,62,retail:62,read,0,2,False,False,False,1.0,0.09090909090909091,get_user_details,get_order_details,"{""user_id"":""chen_johnson_4204""}","{""order_id"":""#1234567890""}",entity_lookup,recovery_retry,entity_lookup -> recovery_retry,True,,False,early,True,0.2727272727272727,0.1818181818181818,6
C1_C1,mistral_small_3p2,retail,62,retail:62,read,0,3,False,False,True,1.0,0.16666666666666666,get_user_details,get_order_details,"{""user_id"":""chen_johnson_4204""}","{""order_id"":""#1234567890""}",entity_lookup,recovery_retry,entity_lookup -> recovery_retry,True,,False,early,True,0.5,0.33333333333333337,3
C1_C1,mistral_small_3p2,retail,62,retail:62,read,0,4,False,False,False,3.0,0.3,get_order_details,get_product_details,"{""order_id"":""#W5061109""}","{""product_id"":""1808611083""}",entity_lookup,entity_lookup,entity_lookup -> entity_lookup,True,,False,early,True,0.4,0.10000000000000003,5
C1_C1,mistral_small_3p2,retail,62,retail:62,read,1,2,False,False,False,1.0,0.08333333333333333,get_user_details,get_order_details,"{""user_id"":""chen_johnson_4204""}","{""order_id"":""#1234567890""}",entity_lookup,recovery_retry,entity_lookup -> recovery_retry,True,,False,early,True,0.16666666666666666,0.08333333333333333,7
C1_C1,mistral_small_3p2,retail,62,retail:62,read,1,3,False,False,True,1.0,0.08333333333333333,get_user_details,get_order_details,"{""user_id"":""chen_johnson_4204""}","{""order_id"":""#1234567890""}",entity_lookup,recovery_retry,entity_lookup -> recovery_retry,True,,False,early,True,0.16666666666666666,0.08333333333333333,8
C1_C1,mistral_small_3p2,retail,62,retail:62,read,1,4,False,False,False,4.0,0.3333333333333333,list_all_product_types,get_order_details,{},"{""order_id"":""#W5061109""}",retrieval_search,entity_lookup,retrieval_search -> entity_lookup,True,,False,middle,True,0.4166666666666667,0.08333333333333337,5
C1_C1,mistral_small_3p2,retail,62,retail:62,read,2,3,False,True,False,5.0,0.45454545454545453,get_order_details,get_item_details,"{""order_id"":""#W5061109""}","{""item_id"":""9237024510""}",entity_lookup,entity_lookup,entity_lookup -> entity_lookup,True,,False,middle,False,,1.0,6
C1_C1,mistral_small_3p2,retail,62,retail:62,read,2,4,False,True,True,1.0,0.09090909090909091,get_order_details,get_user_details,"{""order_id"":""#1234567890""}","{""user_id"":""chen_johnson_4204""}",recovery_retry,entity_lookup,recovery_retry -> entity_lookup,True,,False,early,True,0.18181818181818182,0.09090909090909091,3
C1_C1,mistral_small_3p2,retail,62,retail:62,read,3,4,False,True,False,1.0,0.1,get_order_details,get_user_details,"{""order_id"":""#1234567890""}","{""user_id"":""chen_johnson_4204""}",recovery_retry,entity_lookup,recovery_retry -> entity_lookup,True,,False,early,True,0.2,0.1,7
C2_C1,mistral_small_3p2,retail,67,retail:67,read,0,0,True,True,True,,1.0,<END>,<END>,<END>,<END>,<END>,<END>,<END> -> <END>,True,,False,late,False,,0.0,0
C2_C1,mistral_small_3p2,retail,67,retail:67,read,1,1,False,False,True,,1.0,<END>,<END>,<END>,<END>,<END>,<END>,<END> -> <END>,True,,False,late,False,,0.0,0
C2_C1,mistral_small_3p2,retail,67,retail:67,read,2,2,True,True,True,,1.0,<END>,<END>,<END>,<END>,<END>,<END>,<END> -> <END>,True,,False,late,False,,0.0,0
C2_C1,mistral_small_3p2,retail,67,retail:67,read,3,3,True,True,True,,1.0,<END>,<END>,<END>,<END>,<END>,<END>,<END> -> <END>,True,,False,late,False,,0.0,0
C2_C1,mistral_small_3p2,retail,67,retail:67,read,4,4,False,False,True,4.0,0.8,get_order_details,<END>,"{""order_id"":""#W6729841""}",<END>,entity_lookup,<END>,entity_lookup -> <END>,True,,False,late,False,,1.0,1
C1_C1,mistral_small_3p2,retail,67,retail:67,read,0,1,False,False,True,,1.0,<END>,<END>,<END>,<END>,<END>,<END>,<END> -> <END>,True,,False,late,False,,0.0,0
C1_C1,mistral_small_3p2,retail,67,retail:67,read,0,2,True,True,True,,1.0,<END>,<END>,<END>,<END>,<END>,<END>,<END> -> <END>,True,,False,late,False,,0.0,0
C1_C1,mistral_small_3p2,retail,67,retail:67,read,0,3,True,True,True,,1.0,<END>,<END>,<END>,<END>,<END>,<END>,<END> -> <END>,True,,False,late,False,,0.0,0
C1_C1,mistral_small_3p2,retail,67,retail:67,read,0,4,False,False,True,4.0,0.8,get_order_details,<END>,"{""order_id"":""#W6729841""}",<END>,entity_lookup,<END>,entity_lookup -> <END>,True,,False,late,False,,1.0,1
C1_C1,mistral_small_3p2,retail,67,retail:67,read,1,2,False,False,True,,1.0,<END>,<END>,<END>,<END>,<END>,<END>,<END> -> <END>,True,,False,late,False,,0.0,0
C1_C1,mistral_small_3p2,retail,67,retail:67,read,1,3,False,False,True,,1.0,<END>,<END>,<END>,<END>,<END>,<END>,<END> -> <END>,True,,False,late,False,,0.0,0
C1_C1,mistral_small_3p2,retail,67,retail:67,read,1,4,False,True,True,4.0,0.8,get_order_details,<END>,"{""order_id"":""#W3445693""}",<END>,entity_lookup,<END>,entity_lookup -> <END>,True,,False,late,False,,1.0,1
C1_C1,mistral_small_3p2,retail,67,retail:67,read,2,3,True,True,True,,1.0,<END>,<END>,<END>,<END>,<END>,<END>,<END> -> <END>,True,,False,late,False,,0.0,0
C1_C1,mistral_small_3p2,retail,67,retail:67,read,2,4,False,False,True,4.0,0.8,get_order_details,<END>,"{""order_id"":""#W6729841""}",<END>,entity_lookup,<END>,entity_lookup -> <END>,True,,False,late,False,,1.0,1
C1_C1,mistral_small_3p2,retail,67,retail:67,read,3,4,False,False,True,4.0,0.8,get_order_details,<END>,"{""order_id"":""#W6729841""}",<END>,entity_lookup,<END>,entity_lookup -> <END>,True,,False,late,False,,1.0,1
C2_C1,mistral_small_3p2,retail,68,retail:68,read,0,0,True,True,True,,1.0,<END>,<END>,<END>,<END>,<END>,<END>,<END> -> <END>,True,,False,late,False,,0.0,0
C2_C1,mistral_small_3p2,retail,68,retail:68,read,1,1,True,True,True,2.0,0.2857142857142857,find_user_id_by_name_zip,find_user_id_by_email,"{""first_name"":""Noah"",""last_name"":""Ito"",""zip"":""98187""}","{""email"":""noah_ito_3850@yahoo.com""}",entity_lookup,recovery_retry,entity_lookup -> recovery_retry,True,,False,early,True,0.42857142857142855,0.14285714285714285,2
C2_C1,mistral_small_3p2,retail,68,retail:68,read,2,2,False,False,True,4.0,0.8,get_order_details,<END>,"{""order_id"":""#W6729841""}",<END>,entity_lookup,<END>,entity_lookup -> <END>,True,,False,late,False,,1.0,1
C2_C1,mistral_small_3p2,retail,68,retail:68,read,3,3,True,True,True,2.0,0.3333333333333333,find_user_id_by_name_zip,find_user_id_by_email,"{""first_name"":""Noah"",""last_name"":""Ito"",""zip"":""98187""}","{""email"":""noah_ito_3850@yahoo.com""}",entity_lookup,recovery_retry,entity_lookup -> recovery_retry,True,,False,middle,True,0.5,0.16666666666666669,1
C2_C1,mistral_small_3p2,retail,68,retail:68,read,4,4,False,False,True,,1.0,<END>,<END>,<END>,<END>,<END>,<END>,<END> -> <END>,True,,False,late,False,,0.0,0
C1_C1,mistral_small_3p2,retail,68,retail:68,read,0,1,True,True,True,2.0,0.2857142857142857,find_user_id_by_name_zip,find_user_id_by_email,"{""first_name"":""Noah"",""last_name"":""Ito"",""zip"":""98187""}","{""email"":""noah_ito_3850@yahoo.com""}",entity_lookup,recovery_retry,entity_lookup -> recovery_retry,True,,False,early,True,0.42857142857142855,0.14285714285714285,2
C1_C1,mistral_small_3p2,retail,68,retail:68,read,0,2,False,False,True,4.0,0.8,get_order_details,<END>,"{""order_id"":""#W6729841""}",<END>,entity_lookup,<END>,entity_lookup -> <END>,True,,False,late,False,,1.0,1
C1_C1,mistral_small_3p2,retail,68,retail:68,read,0,3,True,True,True,2.0,0.3333333333333333,find_user_id_by_name_zip,find_user_id_by_email,"{""first_name"":""Noah"",""last_name"":""Ito"",""zip"":""98187""}","{""email"":""noah_ito_3850@yahoo.com""}",entity_lookup,recovery_retry,entity_lookup -> recovery_retry,True,,False,middle,True,0.5,0.16666666666666669,1
C1_C1,mistral_small_3p2,retail,68,retail:68,read,0,4,True,True,True,,1.0,<END>,<END>,<END>,<END>,<END>,<END>,<END> -> <END>,True,,False,late,False,,0.0,0
C1_C1,mistral_small_3p2,retail,68,retail:68,read,1,2,False,False,True,2.0,0.2857142857142857,find_user_id_by_email,find_user_id_by_name_zip,"{""email"":""noah_ito_3850@yahoo.com""}","{""first_name"":""Noah"",""last_name"":""Ito"",""zip"":""98187""}",recovery_retry,entity_lookup,recovery_retry -> entity_lookup,True,,False,early,True,0.42857142857142855,0.14285714285714285,3
C1_C1,mistral_small_3p2,retail,68,retail:68,read,1,3,True,True,True,3.0,0.42857142857142855,find_user_id_by_email,find_user_id_by_name_zip,"{""email"":""noah_ito_3850@gmail.com""}","{""first_name"":""Noah"",""last_name"":""Ito"",""zip"":""98187""}",recovery_retry,entity_lookup,recovery_retry -> entity_lookup,True,,False,middle,True,0.5714285714285714,0.14285714285714285,1
C1_C1,mistral_small_3p2,retail,68,retail:68,read,1,4,True,True,True,2.0,0.2857142857142857,find_user_id_by_email,find_user_id_by_name_zip,"{""email"":""noah_ito_3850@yahoo.com""}","{""first_name"":""Noah"",""last_name"":""Ito"",""zip"":""98187""}",recovery_retry,entity_lookup,recovery_retry -> entity_lookup,True,,False,early,True,0.42857142857142855,0.14285714285714285,2
C1_C1,mistral_small_3p2,retail,68,retail:68,read,2,3,False,False,True,2.0,0.3333333333333333,find_user_id_by_name_zip,find_user_id_by_email,"{""first_name"":""Noah"",""last_name"":""Ito"",""zip"":""98187""}","{""email"":""noah_ito_3850@yahoo.com""}",entity_lookup,recovery_retry,entity_lookup -> recovery_retry,True,,False,middle,True,0.5,0.16666666666666669,2
C1_C1,mistral_small_3p2,retail,68,retail:68,read,2,4,False,False,True,4.0,0.8,<END>,get_order_details,<END>,"{""order_id"":""#W6729841""}",<END>,entity_lookup,<END> -> entity_lookup,True,,False,late,False,,1.0,1
C1_C1,mistral_small_3p2,retail,68,retail:68,read,3,4,True,True,True,2.0,0.3333333333333333,find_user_id_by_email,find_user_id_by_name_zip,"{""email"":""noah_ito_3850@yahoo.com""}","{""first_name"":""Noah"",""last_name"":""Ito"",""zip"":""98187""}",recovery_retry,entity_lookup,recovery_retry -> entity_lookup,True,,False,middle,True,0.5,0.16666666666666669,1
