construction,iteration,metric,effect,ci_low,ci_high,p,loto_min,loto_max,positive,significant,n_tasks,method
ALL_VALID_PAIRS,-1,tool_argument_distance,0.11184566472826932,0.07478367161611936,0.15037264356702967,9.999000099990002e-05,0.10380315991098177,0.11721439406017108,True,True,36,ALL_VALID_PAIRS
ALL_VALID_PAIRS,-1,tool_name_distance,0.08545333273087245,0.051262908562935944,0.12094840332786835,9.999000099990002e-05,0.07761524407214206,0.08998959670363754,True,True,36,ALL_VALID_PAIRS
ALL_VALID_PAIRS,-1,stage_distance,0.09185618553644778,0.05752029813028778,0.13043802568248747,9.999000099990002e-05,0.08342214457898574,0.09634237642204672,True,True,36,ALL_VALID_PAIRS
DISJOINT_MATCHING,-1,tool_argument_distance,0.1124527345398969,0.07130503213875346,0.15302147654107276,9.999000099990002e-05,0.10633233647913204,0.12087011510262496,True,True,36,DISJOINT_MATCHING
DISJOINT_MATCHING,-1,tool_name_distance,0.08415702637157157,0.0427475718891974,0.1268084869473874,0.00029997000299970003,0.07418666229305165,0.09157814594167815,True,True,36,DISJOINT_MATCHING
DISJOINT_MATCHING,-1,stage_distance,0.08974963875922697,0.04738661068806593,0.13549524470964885,0.00029997000299970003,0.0791306941976992,0.0966077145318624,True,True,36,DISJOINT_MATCHING
CELL_LEVEL_U_STATISTIC,-1,tool_argument_distance,0.11184566472826932,0.07478367161611936,0.15037264356702967,9.999000099990002e-05,0.10380315991098177,0.11721439406017108,True,True,36,CELL_LEVEL_U_STATISTIC
CELL_LEVEL_U_STATISTIC,-1,tool_name_distance,0.08545333273087245,0.051262908562935944,0.12094840332786835,9.999000099990002e-05,0.07761524407214206,0.08998959670363754,True,True,36,CELL_LEVEL_U_STATISTIC
CELL_LEVEL_U_STATISTIC,-1,stage_distance,0.09185618553644778,0.05752029813028778,0.13043802568248747,9.999000099990002e-05,0.08342214457898574,0.09634237642204672,True,True,36,CELL_LEVEL_U_STATISTIC
RANDOM_ONE_TO_ONE_MATCHING,0,tool_argument_distance,0.10400427281236085,0.06895338991680526,0.1430916624167134,0.0008326394671107411,0.09383296632128546,0.10953991068560633,True,True,36,RANDOM_ONE_TO_ONE_MATCHING
RANDOM_ONE_TO_ONE_MATCHING,0,tool_name_distance,0.07729529710868076,0.04136460660260285,0.1130302114825585,0.0008326394671107411,0.07075081724458329,0.08400814221233939,True,True,36,RANDOM_ONE_TO_ONE_MATCHING
RANDOM_ONE_TO_ONE_MATCHING,0,stage_distance,0.08730369270891886,0.04872832327073229,0.12706332170891513,0.0008326394671107411,0.07778719957543219,0.09303689686090626,True,True,36,RANDOM_ONE_TO_ONE_MATCHING
RANDOM_ONE_TO_ONE_MATCHING,1,tool_argument_distance,0.12304039817857307,0.08320946331574998,0.1672344234131288,0.0008326394671107411,0.11341298098367517,0.12977615643256488,True,True,36,RANDOM_ONE_TO_ONE_MATCHING
RANDOM_ONE_TO_ONE_MATCHING,1,tool_name_distance,0.0894385532556349,0.05253007116486045,0.12737617590620584,0.0008326394671107411,0.08100797883411996,0.09582009740338138,True,True,36,RANDOM_ONE_TO_ONE_MATCHING
RANDOM_ONE_TO_ONE_MATCHING,1,stage_distance,0.10110666151704764,0.061332548937493084,0.14446608096626087,0.0008326394671107411,0.09198453892093607,0.10709874746371605,True,True,36,RANDOM_ONE_TO_ONE_MATCHING
RANDOM_ONE_TO_ONE_MATCHING,2,tool_argument_distance,0.09792781589054005,0.057409797614036834,0.14231086570073023,0.0008326394671107411,0.08811930808096721,0.10249425393106834,True,True,36,RANDOM_ONE_TO_ONE_MATCHING
RANDOM_ONE_TO_ONE_MATCHING,2,tool_name_distance,0.0764612031014365,0.03741158550861652,0.11650856479084351,0.0016652789342214821,0.06942147027999607,0.08124556470409049,True,True,36,RANDOM_ONE_TO_ONE_MATCHING
RANDOM_ONE_TO_ONE_MATCHING,2,stage_distance,0.0808171321960949,0.04303168703843121,0.11976435910820404,0.0016652789342214821,0.07397245161938469,0.08574742125636228,True,True,36,RANDOM_ONE_TO_ONE_MATCHING
RANDOM_ONE_TO_ONE_MATCHING,3,tool_argument_distance,0.11322707245895017,0.07325177922062551,0.15399453370138283,0.0008326394671107411,0.10609113600106734,0.1198417235087977,True,True,36,RANDOM_ONE_TO_ONE_MATCHING
RANDOM_ONE_TO_ONE_MATCHING,3,tool_name_distance,0.08882857078178558,0.04937729622804807,0.12864748412346375,0.0008326394671107411,0.08108403149305243,0.09461581188197568,True,True,36,RANDOM_ONE_TO_ONE_MATCHING
RANDOM_ONE_TO_ONE_MATCHING,3,stage_distance,0.09310719582872934,0.055524947761802945,0.13232525704894357,0.0008326394671107411,0.08661365992723724,0.09886023699370225,True,True,36,RANDOM_ONE_TO_ONE_MATCHING
RANDOM_ONE_TO_ONE_MATCHING,4,tool_argument_distance,0.10521423032338044,0.060269963677197336,0.15052127368574966,0.0008326394671107411,0.09602987499928657,0.11210133617634997,True,True,36,RANDOM_ONE_TO_ONE_MATCHING
RANDOM_ONE_TO_ONE_MATCHING,4,tool_name_distance,0.0801311897321551,0.04119402090940042,0.12106119980252404,0.0016652789342214821,0.07366773537158547,0.08552764434942162,True,True,36,RANDOM_ONE_TO_ONE_MATCHING
RANDOM_ONE_TO_ONE_MATCHING,4,stage_distance,0.08111987561823902,0.0385499811905921,0.12757911489061632,0.0008326394671107411,0.07047432104406628,0.08688490403924311,True,True,36,RANDOM_ONE_TO_ONE_MATCHING
RANDOM_ONE_TO_ONE_MATCHING,5,tool_argument_distance,0.10484192555041144,0.06504457566087755,0.14727324414069845,0.0008326394671107411,0.0946945519947089,0.11105772744359865,True,True,36,RANDOM_ONE_TO_ONE_MATCHING
RANDOM_ONE_TO_ONE_MATCHING,5,tool_name_distance,0.07846267608980301,0.03906640156563596,0.1187163678636231,0.0008326394671107411,0.06892485438418493,0.08453062374709715,True,True,36,RANDOM_ONE_TO_ONE_MATCHING
RANDOM_ONE_TO_ONE_MATCHING,5,stage_distance,0.08497498991799313,0.04213732928227291,0.13136724051303572,0.0008326394671107411,0.0748148649133825,0.0905061709618314,True,True,36,RANDOM_ONE_TO_ONE_MATCHING
RANDOM_ONE_TO_ONE_MATCHING,6,tool_argument_distance,0.11623152762444183,0.07741816806740837,0.15775162194703424,0.0008326394671107411,0.10640957127085444,0.1228906963134641,True,True,36,RANDOM_ONE_TO_ONE_MATCHING
RANDOM_ONE_TO_ONE_MATCHING,6,tool_name_distance,0.09294154767023136,0.060181378827400586,0.12741907596529622,0.0008326394671107411,0.08531452200688237,0.09764775667863244,True,True,36,RANDOM_ONE_TO_ONE_MATCHING
RANDOM_ONE_TO_ONE_MATCHING,6,stage_distance,0.10384645119580865,0.06827824335979664,0.14140849827223034,0.0008326394671107411,0.09480260830480454,0.10920455451193282,True,True,36,RANDOM_ONE_TO_ONE_MATCHING
RANDOM_ONE_TO_ONE_MATCHING,7,tool_argument_distance,0.13128033675189454,0.08776055445238329,0.1778654207675636,0.0008326394671107411,0.12188834637337724,0.13784390192893278,True,True,36,RANDOM_ONE_TO_ONE_MATCHING
RANDOM_ONE_TO_ONE_MATCHING,7,tool_name_distance,0.10792421022862472,0.0704326086661909,0.1465117515914984,0.0008326394671107411,0.1007252606383727,0.1143704197121032,True,True,36,RANDOM_ONE_TO_ONE_MATCHING
RANDOM_ONE_TO_ONE_MATCHING,7,stage_distance,0.11499842811136597,0.0758107854674921,0.15443785285916728,0.0008326394671107411,0.10627321313223494,0.12124524638998252,True,True,36,RANDOM_ONE_TO_ONE_MATCHING
RANDOM_ONE_TO_ONE_MATCHING,8,tool_argument_distance,0.10326522746636041,0.06072644381584674,0.14809865455911744,0.0008326394671107411,0.09418449370565901,0.11142010782698741,True,True,36,RANDOM_ONE_TO_ONE_MATCHING
RANDOM_ONE_TO_ONE_MATCHING,8,tool_name_distance,0.07505224906826487,0.03584878196622402,0.11484618647725288,0.0008326394671107411,0.06601222468584095,0.08221323214399125,True,True,36,RANDOM_ONE_TO_ONE_MATCHING
RANDOM_ONE_TO_ONE_MATCHING,8,stage_distance,0.08069819032869356,0.04332274527989748,0.11861736503170955,0.0016652789342214821,0.07101110914534105,0.08729765328902805,True,True,36,RANDOM_ONE_TO_ONE_MATCHING
RANDOM_ONE_TO_ONE_MATCHING,9,tool_argument_distance,0.12160629696592011,0.07743656592706906,0.16693489802716424,0.0008326394671107411,0.11243607394882917,0.1276026512868351,True,True,36,RANDOM_ONE_TO_ONE_MATCHING
RANDOM_ONE_TO_ONE_MATCHING,9,tool_name_distance,0.08983620845258919,0.048932396586047366,0.13105118055149076,0.0008326394671107411,0.08130877049990497,0.09484387324543885,True,True,36,RANDOM_ONE_TO_ONE_MATCHING
RANDOM_ONE_TO_ONE_MATCHING,9,stage_distance,0.0985088232671196,0.0544254988582314,0.13965617381131046,0.0008326394671107411,0.08942080490076684,0.10402734042873096,True,True,36,RANDOM_ONE_TO_ONE_MATCHING
RANDOM_ONE_TO_ONE_MATCHING,10,tool_argument_distance,0.09036536588605076,0.04898834284151987,0.1339004220160097,0.0008326394671107411,0.08254064007620165,0.09632682531952977,True,True,36,RANDOM_ONE_TO_ONE_MATCHING
RANDOM_ONE_TO_ONE_MATCHING,10,tool_name_distance,0.06840271096884848,0.02703441704222557,0.11143850255760321,0.004163197335553705,0.05695519030893176,0.07334268430678989,True,True,36,RANDOM_ONE_TO_ONE_MATCHING
RANDOM_ONE_TO_ONE_MATCHING,10,stage_distance,0.07300498579596375,0.03159249672716481,0.11867668059912298,0.0033305578684429643,0.06250654112011843,0.07785528585417938,True,True,36,RANDOM_ONE_TO_ONE_MATCHING
RANDOM_ONE_TO_ONE_MATCHING,11,tool_argument_distance,0.10930190232989716,0.06949466991684662,0.1496422926256076,0.0008326394671107411,0.10001678111700435,0.11437583423320033,True,True,36,RANDOM_ONE_TO_ONE_MATCHING
RANDOM_ONE_TO_ONE_MATCHING,11,tool_name_distance,0.08174629307855547,0.0445137411005425,0.11824397143878335,0.002497918401332223,0.07358295278185123,0.08724745511330644,True,True,36,RANDOM_ONE_TO_ONE_MATCHING
RANDOM_ONE_TO_ONE_MATCHING,11,stage_distance,0.0884068510199179,0.04760330482685455,0.12929037508756736,0.0008326394671107411,0.0789218766953169,0.0930322319485293,True,True,36,RANDOM_ONE_TO_ONE_MATCHING
RANDOM_ONE_TO_ONE_MATCHING,12,tool_argument_distance,0.12954533002656737,0.08622170698244118,0.17156497758446243,0.0008326394671107411,0.12190088202444045,0.13605932358288203,True,True,36,RANDOM_ONE_TO_ONE_MATCHING
RANDOM_ONE_TO_ONE_MATCHING,12,tool_name_distance,0.103393549520783,0.062372497858475165,0.14765606198402373,0.0008326394671107411,0.09532671948615964,0.10903003944662246,True,True,36,RANDOM_ONE_TO_ONE_MATCHING
RANDOM_ONE_TO_ONE_MATCHING,12,stage_distance,0.11146843624306776,0.0706630940367502,0.15761090206985573,0.0008326394671107411,0.10334593062840879,0.11704750418712519,True,True,36,RANDOM_ONE_TO_ONE_MATCHING
RANDOM_ONE_TO_ONE_MATCHING,13,tool_argument_distance,0.10874142139586136,0.06689221839066128,0.15190681292321073,0.0008326394671107411,0.09965784295955266,0.11517985358716554,True,True,36,RANDOM_ONE_TO_ONE_MATCHING
RANDOM_ONE_TO_ONE_MATCHING,13,tool_name_distance,0.08421814544954559,0.05015291972551871,0.12280086053420057,0.0008326394671107411,0.07515140353227225,0.08991452041331632,True,True,36,RANDOM_ONE_TO_ONE_MATCHING
RANDOM_ONE_TO_ONE_MATCHING,13,stage_distance,0.09135212636981345,0.05427906316188855,0.13160794705833415,0.0008326394671107411,0.0819513027694952,0.09759265499544126,True,True,36,RANDOM_ONE_TO_ONE_MATCHING
RANDOM_ONE_TO_ONE_MATCHING,14,tool_argument_distance,0.12570813891587226,0.08321027846367045,0.16832876757578602,0.0008326394671107411,0.1166551113830657,0.13318078501434158,True,True,36,RANDOM_ONE_TO_ONE_MATCHING
RANDOM_ONE_TO_ONE_MATCHING,14,tool_name_distance,0.10067781654217255,0.06600377568098086,0.13801890202124914,0.0008326394671107411,0.09276677662725709,0.10662929953716765,True,True,36,RANDOM_ONE_TO_ONE_MATCHING
RANDOM_ONE_TO_ONE_MATCHING,14,stage_distance,0.1068156889140499,0.06883156741488343,0.1462268534755999,0.0008326394671107411,0.09785668138642412,0.1125212326355692,True,True,36,RANDOM_ONE_TO_ONE_MATCHING
RANDOM_ONE_TO_ONE_MATCHING,15,tool_argument_distance,0.1288231368626154,0.09250079967881443,0.1710640264637432,0.0008326394671107411,0.12031332172535682,0.13529261526613492,True,True,36,RANDOM_ONE_TO_ONE_MATCHING
RANDOM_ONE_TO_ONE_MATCHING,15,tool_name_distance,0.10273146438040522,0.068529086325752,0.13772441618331668,0.0008326394671107411,0.09566612579075064,0.10893949651692249,True,True,36,RANDOM_ONE_TO_ONE_MATCHING
RANDOM_ONE_TO_ONE_MATCHING,15,stage_distance,0.10807372256596787,0.06989627229932191,0.1472424626516286,0.0008326394671107411,0.09915065885696832,0.11441951593100745,True,True,36,RANDOM_ONE_TO_ONE_MATCHING
RANDOM_ONE_TO_ONE_MATCHING,16,tool_argument_distance,0.10542438764797109,0.06660811427104307,0.14354655298325714,0.0008326394671107411,0.09910317967600836,0.11234225700079997,True,True,36,RANDOM_ONE_TO_ONE_MATCHING
RANDOM_ONE_TO_ONE_MATCHING,16,tool_name_distance,0.08245322282280237,0.04253124805838133,0.12240916423299808,0.0008326394671107411,0.07441830562701601,0.08852696099281424,True,True,36,RANDOM_ONE_TO_ONE_MATCHING
RANDOM_ONE_TO_ONE_MATCHING,16,stage_distance,0.0888818477401566,0.0515518347440296,0.12774466009643307,0.0008326394671107411,0.08217036102462158,0.09483273499259778,True,True,36,RANDOM_ONE_TO_ONE_MATCHING
RANDOM_ONE_TO_ONE_MATCHING,17,tool_argument_distance,0.11840559845683457,0.0752422187077216,0.16302258139548614,0.0008326394671107411,0.10864575841274417,0.12524225011483808,True,True,36,RANDOM_ONE_TO_ONE_MATCHING
RANDOM_ONE_TO_ONE_MATCHING,17,tool_name_distance,0.09037368898980798,0.052361780563024554,0.13107595513555387,0.0008326394671107411,0.08176479491280303,0.09636803674825774,True,True,36,RANDOM_ONE_TO_ONE_MATCHING
RANDOM_ONE_TO_ONE_MATCHING,17,stage_distance,0.09926072834696342,0.05882202901565999,0.1414695898103676,0.0008326394671107411,0.09008586480313517,0.10621561751748171,True,True,36,RANDOM_ONE_TO_ONE_MATCHING
RANDOM_ONE_TO_ONE_MATCHING,18,tool_argument_distance,0.10458083552753951,0.06520340207954785,0.14411487038777432,0.0008326394671107411,0.09736205667866649,0.11277330468991449,True,True,36,RANDOM_ONE_TO_ONE_MATCHING
RANDOM_ONE_TO_ONE_MATCHING,18,tool_name_distance,0.07758726292670065,0.039850827213248084,0.11636395029804278,0.0016652789342214821,0.07045588684787993,0.0848206749698109,True,True,36,RANDOM_ONE_TO_ONE_MATCHING
RANDOM_ONE_TO_ONE_MATCHING,18,stage_distance,0.08636648186353567,0.04356885138791521,0.1255856664646232,0.0008326394671107411,0.07968035413446661,0.09312789601057993,True,True,36,RANDOM_ONE_TO_ONE_MATCHING
RANDOM_ONE_TO_ONE_MATCHING,19,tool_argument_distance,0.12225723150953402,0.08600674242196524,0.15974439501654208,0.0008326394671107411,0.11355981907647311,0.1277681123704807,True,True,36,RANDOM_ONE_TO_ONE_MATCHING
RANDOM_ONE_TO_ONE_MATCHING,19,tool_name_distance,0.09042293649193346,0.05509084766755512,0.1251434011451871,0.0008326394671107411,0.08272395050920454,0.0949431080815834,True,True,36,RANDOM_ONE_TO_ONE_MATCHING
RANDOM_ONE_TO_ONE_MATCHING,19,stage_distance,0.09727804653757023,0.05924046525935052,0.13798230636952752,0.0008326394671107411,0.08804653494204502,0.10197920369460174,True,True,36,RANDOM_ONE_TO_ONE_MATCHING
RANDOM_ONE_TO_ONE_MATCHING,20,tool_argument_distance,0.1154080375994741,0.07380467566097573,0.1564883598885244,0.0008326394671107411,0.10651493391184005,0.1239098553924758,True,True,36,RANDOM_ONE_TO_ONE_MATCHING
RANDOM_ONE_TO_ONE_MATCHING,20,tool_name_distance,0.09804641660093857,0.05853368940422616,0.1386527736191995,0.0008326394671107411,0.0884728922432577,0.10586437589188422,True,True,36,RANDOM_ONE_TO_ONE_MATCHING
RANDOM_ONE_TO_ONE_MATCHING,20,stage_distance,0.10491705029585503,0.06198260933504816,0.1510552897354011,0.0008326394671107411,0.09473146034965951,0.1122084806838227,True,True,36,RANDOM_ONE_TO_ONE_MATCHING
RANDOM_ONE_TO_ONE_MATCHING,21,tool_argument_distance,0.09671118820194534,0.05923728856315931,0.13558775463486383,0.0008326394671107411,0.0872647449980952,0.10238528248011726,True,True,36,RANDOM_ONE_TO_ONE_MATCHING
RANDOM_ONE_TO_ONE_MATCHING,21,tool_name_distance,0.0777455298581285,0.04073687901656245,0.11800060550643028,0.0008326394671107411,0.06887264394560257,0.08311646802794205,True,True,36,RANDOM_ONE_TO_ONE_MATCHING
RANDOM_ONE_TO_ONE_MATCHING,21,stage_distance,0.07924215045353605,0.03711363944042425,0.12202827335512197,0.0008326394671107411,0.0696036557210809,0.0853624752136539,True,True,36,RANDOM_ONE_TO_ONE_MATCHING
RANDOM_ONE_TO_ONE_MATCHING,22,tool_argument_distance,0.11483720123107359,0.0726392454417361,0.15686524763203108,0.0008326394671107411,0.10736775907288493,0.12127109859051013,True,True,36,RANDOM_ONE_TO_ONE_MATCHING
RANDOM_ONE_TO_ONE_MATCHING,22,tool_name_distance,0.08218852668532538,0.04679284775310856,0.12027901267752344,0.0008326394671107411,0.07423623433294156,0.08755929487028782,True,True,36,RANDOM_ONE_TO_ONE_MATCHING
RANDOM_ONE_TO_ONE_MATCHING,22,stage_distance,0.0884022408867154,0.05119268400647335,0.1256358066377783,0.0008326394671107411,0.08021593921425586,0.09366241073215596,True,True,36,RANDOM_ONE_TO_ONE_MATCHING
RANDOM_ONE_TO_ONE_MATCHING,23,tool_argument_distance,0.11923529542999993,0.07757454592217809,0.1646493105736895,0.0008326394671107411,0.11003557275012595,0.12586233646260395,True,True,36,RANDOM_ONE_TO_ONE_MATCHING
RANDOM_ONE_TO_ONE_MATCHING,23,tool_name_distance,0.08989495518372342,0.05165960453593928,0.13069778296214446,0.0008326394671107411,0.08167583351570942,0.09628953938655814,True,True,36,RANDOM_ONE_TO_ONE_MATCHING
RANDOM_ONE_TO_ONE_MATCHING,23,stage_distance,0.08903375247832518,0.04988434572769969,0.1307143937904855,0.0008326394671107411,0.07956668962396443,0.09468089816674437,True,True,36,RANDOM_ONE_TO_ONE_MATCHING
RANDOM_ONE_TO_ONE_MATCHING,24,tool_argument_distance,0.11293198996551491,0.07079170979635603,0.15846824089892853,0.0008326394671107411,0.10301576110738676,0.11953821008697861,True,True,36,RANDOM_ONE_TO_ONE_MATCHING
RANDOM_ONE_TO_ONE_MATCHING,24,tool_name_distance,0.08350180704938366,0.0423692294959218,0.12708065817895522,0.0008326394671107411,0.0758274822621325,0.08979070426590985,True,True,36,RANDOM_ONE_TO_ONE_MATCHING
RANDOM_ONE_TO_ONE_MATCHING,24,stage_distance,0.08640559172556639,0.04493983949403003,0.1305105459722837,0.0016652789342214821,0.07686343856398394,0.09197764710676391,True,True,36,RANDOM_ONE_TO_ONE_MATCHING
RANDOM_ONE_TO_ONE_MATCHING,25,tool_argument_distance,0.11745828188451801,0.07291233166837921,0.16422555729429195,0.0008326394671107411,0.10862375660502807,0.1260186780856638,True,True,36,RANDOM_ONE_TO_ONE_MATCHING
RANDOM_ONE_TO_ONE_MATCHING,25,tool_name_distance,0.0864547619806032,0.04858877973355946,0.12730544956162426,0.0008326394671107411,0.07774052368138894,0.09394153113953925,True,True,36,RANDOM_ONE_TO_ONE_MATCHING
RANDOM_ONE_TO_ONE_MATCHING,25,stage_distance,0.09108458093470491,0.05090364300555681,0.13589806024087953,0.0008326394671107411,0.08167611317909781,0.09798079791235399,True,True,36,RANDOM_ONE_TO_ONE_MATCHING
RANDOM_ONE_TO_ONE_MATCHING,26,tool_argument_distance,0.09967466579688783,0.054095644503239136,0.14719045229776587,0.0008326394671107411,0.08937965624822748,0.1077269586812442,True,True,36,RANDOM_ONE_TO_ONE_MATCHING
RANDOM_ONE_TO_ONE_MATCHING,26,tool_name_distance,0.0699785813565075,0.030246235327338562,0.11160859519417216,0.0016652789342214821,0.06229070903657592,0.07699460249761225,True,True,36,RANDOM_ONE_TO_ONE_MATCHING
RANDOM_ONE_TO_ONE_MATCHING,26,stage_distance,0.07798564110124308,0.03448254022423012,0.12584686952080826,0.0008326394671107411,0.0682029179218228,0.08450760265507898,True,True,36,RANDOM_ONE_TO_ONE_MATCHING
RANDOM_ONE_TO_ONE_MATCHING,27,tool_argument_distance,0.10790635469174825,0.06841307161119946,0.15155216069195915,0.0008326394671107411,0.10155755116538455,0.11590822942166505,True,True,36,RANDOM_ONE_TO_ONE_MATCHING
RANDOM_ONE_TO_ONE_MATCHING,27,tool_name_distance,0.08252428828066374,0.04315470465169812,0.12321193935347945,0.0008326394671107411,0.07517682721195626,0.0894276785807348,True,True,36,RANDOM_ONE_TO_ONE_MATCHING
RANDOM_ONE_TO_ONE_MATCHING,27,stage_distance,0.08962113643568566,0.04423759490252613,0.12934524592841526,0.0008326394671107411,0.08206489844557764,0.09714531953916403,True,True,36,RANDOM_ONE_TO_ONE_MATCHING
RANDOM_ONE_TO_ONE_MATCHING,28,tool_argument_distance,0.12448061300976881,0.08655417187880429,0.1681585280134472,0.0008326394671107411,0.11584672576242888,0.12932159692301431,True,True,36,RANDOM_ONE_TO_ONE_MATCHING
RANDOM_ONE_TO_ONE_MATCHING,28,tool_name_distance,0.10245318875696388,0.06472233127928133,0.1414599749159102,0.0008326394671107411,0.09430427347387074,0.10680344603705498,True,True,36,RANDOM_ONE_TO_ONE_MATCHING
RANDOM_ONE_TO_ONE_MATCHING,28,stage_distance,0.10762379286704118,0.06734537016657073,0.14884092122613246,0.0008326394671107411,0.09868787402378659,0.11193576792882333,True,True,36,RANDOM_ONE_TO_ONE_MATCHING
RANDOM_ONE_TO_ONE_MATCHING,29,tool_argument_distance,0.09822576177050496,0.054009188397488264,0.1406149002004495,0.0008326394671107411,0.08884173591632893,0.10418504657392529,True,True,36,RANDOM_ONE_TO_ONE_MATCHING
RANDOM_ONE_TO_ONE_MATCHING,29,tool_name_distance,0.07712144299823151,0.03705420536407115,0.11629444881256644,0.0008326394671107411,0.06961961492145455,0.08190798432775112,True,True,36,RANDOM_ONE_TO_ONE_MATCHING
RANDOM_ONE_TO_ONE_MATCHING,29,stage_distance,0.07951650691715548,0.03677483556727482,0.12358643580399722,0.002497918401332223,0.069777522761047,0.08435660392472198,True,True,36,RANDOM_ONE_TO_ONE_MATCHING
RANDOM_ONE_TO_ONE_MATCHING,30,tool_argument_distance,0.11745872292133022,0.07520288183554594,0.15950994288666126,0.0008326394671107411,0.10767182929051108,0.12337877365483192,True,True,36,RANDOM_ONE_TO_ONE_MATCHING
RANDOM_ONE_TO_ONE_MATCHING,30,tool_name_distance,0.08188492565879264,0.04513324561964721,0.12063953883837131,0.0008326394671107411,0.07428110184850789,0.08872890300674019,True,True,36,RANDOM_ONE_TO_ONE_MATCHING
RANDOM_ONE_TO_ONE_MATCHING,30,stage_distance,0.09050978087695236,0.05042818230984735,0.1313683052269365,0.0008326394671107411,0.08108489026255235,0.09633458754802643,True,True,36,RANDOM_ONE_TO_ONE_MATCHING
RANDOM_ONE_TO_ONE_MATCHING,31,tool_argument_distance,0.11108353009586651,0.06598404892558998,0.1581411864252873,0.0008326394671107411,0.1020668690509865,0.11672990759973934,True,True,36,RANDOM_ONE_TO_ONE_MATCHING
RANDOM_ONE_TO_ONE_MATCHING,31,tool_name_distance,0.08227893267850915,0.04270311477099629,0.1233664816132244,0.0008326394671107411,0.07364379766907632,0.0886019544847231,True,True,36,RANDOM_ONE_TO_ONE_MATCHING
RANDOM_ONE_TO_ONE_MATCHING,31,stage_distance,0.0844589766799708,0.04441553584925754,0.127588276985833,0.002497918401332223,0.07486120594565704,0.08949310314898282,True,True,36,RANDOM_ONE_TO_ONE_MATCHING
RANDOM_ONE_TO_ONE_MATCHING,32,tool_argument_distance,0.11429562393384837,0.07469530322919825,0.15404905899661578,0.0008326394671107411,0.105370736998625,0.12280971954320977,True,True,36,RANDOM_ONE_TO_ONE_MATCHING
RANDOM_ONE_TO_ONE_MATCHING,32,tool_name_distance,0.09584962491279546,0.05763256038717863,0.13672405081919453,0.0008326394671107411,0.08828764965262507,0.10331910930201188,True,True,36,RANDOM_ONE_TO_ONE_MATCHING
RANDOM_ONE_TO_ONE_MATCHING,32,stage_distance,0.10381332334987232,0.0646574658921388,0.14682356887395634,0.0008326394671107411,0.09381615299660337,0.1122169679820122,True,True,36,RANDOM_ONE_TO_ONE_MATCHING
RANDOM_ONE_TO_ONE_MATCHING,33,tool_argument_distance,0.10862361634101812,0.06745604870175709,0.14946563424941706,0.0008326394671107411,0.10097664318597073,0.11693159352663535,True,True,36,RANDOM_ONE_TO_ONE_MATCHING
RANDOM_ONE_TO_ONE_MATCHING,33,tool_name_distance,0.0749347057060142,0.037078044025314484,0.11283354660336337,0.0008326394671107411,0.06677516132565006,0.08209233039996199,True,True,36,RANDOM_ONE_TO_ONE_MATCHING
RANDOM_ONE_TO_ONE_MATCHING,33,stage_distance,0.08117888712537145,0.04511091053222014,0.11766746090344816,0.0008326394671107411,0.07434454240378342,0.08779208427989674,True,True,36,RANDOM_ONE_TO_ONE_MATCHING
RANDOM_ONE_TO_ONE_MATCHING,34,tool_argument_distance,0.11592668918643348,0.08111699269338697,0.15635379457216092,0.0008326394671107411,0.10704840411556964,0.12082438299715079,True,True,36,RANDOM_ONE_TO_ONE_MATCHING
RANDOM_ONE_TO_ONE_MATCHING,34,tool_name_distance,0.09056041845086685,0.05654169936504303,0.1274340778185046,0.0008326394671107411,0.08266694782569474,0.0952419808373045,True,True,36,RANDOM_ONE_TO_ONE_MATCHING
RANDOM_ONE_TO_ONE_MATCHING,34,stage_distance,0.09829911635925813,0.06264871135079624,0.1372110885067726,0.0008326394671107411,0.08909677818720974,0.10387210586213935,True,True,36,RANDOM_ONE_TO_ONE_MATCHING
RANDOM_ONE_TO_ONE_MATCHING,35,tool_argument_distance,0.11108751612564205,0.0715652115696398,0.14967081763996,0.0008326394671107411,0.10362023028801698,0.11918028118224151,True,True,36,RANDOM_ONE_TO_ONE_MATCHING
RANDOM_ONE_TO_ONE_MATCHING,35,tool_name_distance,0.08719943922138804,0.04898034334996224,0.12673525800678984,0.0008326394671107411,0.07850647741476763,0.09456829559451298,True,True,36,RANDOM_ONE_TO_ONE_MATCHING
RANDOM_ONE_TO_ONE_MATCHING,35,stage_distance,0.09797606310479681,0.05867761323243045,0.13744987404458237,0.0008326394671107411,0.08878263542933294,0.10599314865301143,True,True,36,RANDOM_ONE_TO_ONE_MATCHING
RANDOM_ONE_TO_ONE_MATCHING,36,tool_argument_distance,0.11015984933364945,0.06894838237590137,0.15643806395455903,0.0008326394671107411,0.10111679740984895,0.1167616263955743,True,True,36,RANDOM_ONE_TO_ONE_MATCHING
RANDOM_ONE_TO_ONE_MATCHING,36,tool_name_distance,0.08821304327163247,0.052641549865133454,0.12348877519455818,0.0008326394671107411,0.07994586697755873,0.09429067667558971,True,True,36,RANDOM_ONE_TO_ONE_MATCHING
RANDOM_ONE_TO_ONE_MATCHING,36,stage_distance,0.08733753970430268,0.050777973224327574,0.12834337770879756,0.0008326394671107411,0.07686963267544603,0.09380818443388572,True,True,36,RANDOM_ONE_TO_ONE_MATCHING
RANDOM_ONE_TO_ONE_MATCHING,37,tool_argument_distance,0.11342523439763065,0.0743813216033444,0.15632224642331682,0.0008326394671107411,0.10452656144102618,0.11971737777273887,True,True,36,RANDOM_ONE_TO_ONE_MATCHING
RANDOM_ONE_TO_ONE_MATCHING,37,tool_name_distance,0.08453638223338358,0.048631398805931536,0.12258980456770922,0.0008326394671107411,0.07526228257919826,0.08955146323980749,True,True,36,RANDOM_ONE_TO_ONE_MATCHING
RANDOM_ONE_TO_ONE_MATCHING,37,stage_distance,0.09350480051178722,0.05810841435488953,0.13270137651196637,0.0008326394671107411,0.08367857197147259,0.09849040775473694,True,True,36,RANDOM_ONE_TO_ONE_MATCHING
RANDOM_ONE_TO_ONE_MATCHING,38,tool_argument_distance,0.1240516403314888,0.07943936738156739,0.16994370075952153,0.0008326394671107411,0.11445311576953135,0.12953008940798957,True,True,36,RANDOM_ONE_TO_ONE_MATCHING
RANDOM_ONE_TO_ONE_MATCHING,38,tool_name_distance,0.09745810726998128,0.05994224546548473,0.13834740221783834,0.0008326394671107411,0.08956330076979975,0.10294541099826116,True,True,36,RANDOM_ONE_TO_ONE_MATCHING
RANDOM_ONE_TO_ONE_MATCHING,38,stage_distance,0.10623721971691662,0.06797993912412237,0.15027324442072376,0.0008326394671107411,0.09726168449794416,0.11289630325772877,True,True,36,RANDOM_ONE_TO_ONE_MATCHING
RANDOM_ONE_TO_ONE_MATCHING,39,tool_argument_distance,0.110814298626739,0.0740959760373675,0.15115397917150356,0.0008326394671107411,0.10454857921280358,0.11698228555211215,True,True,36,RANDOM_ONE_TO_ONE_MATCHING
RANDOM_ONE_TO_ONE_MATCHING,39,tool_name_distance,0.0846189251523474,0.0472238394020769,0.1260335681370613,0.0016652789342214821,0.07635728487737634,0.09071858135659998,True,True,36,RANDOM_ONE_TO_ONE_MATCHING
RANDOM_ONE_TO_ONE_MATCHING,39,stage_distance,0.09155495804238739,0.05389354840847585,0.12751391650413033,0.0008326394671107411,0.08423434727856031,0.09747161152898982,True,True,36,RANDOM_ONE_TO_ONE_MATCHING
RANDOM_ONE_TO_ONE_MATCHING,40,tool_argument_distance,0.10343668694488511,0.06275756839516787,0.14582561723407775,0.0008326394671107411,0.09420154466711991,0.10944344324991487,True,True,36,RANDOM_ONE_TO_ONE_MATCHING
RANDOM_ONE_TO_ONE_MATCHING,40,tool_name_distance,0.08080558389768665,0.03888248790290631,0.12432792355646688,0.0008326394671107411,0.06971243103573674,0.08581710124390096,True,True,36,RANDOM_ONE_TO_ONE_MATCHING
RANDOM_ONE_TO_ONE_MATCHING,40,stage_distance,0.08369226890399192,0.04230671859987829,0.12883945475741274,0.0008326394671107411,0.07349917517409031,0.08891356019935547,True,True,36,RANDOM_ONE_TO_ONE_MATCHING
RANDOM_ONE_TO_ONE_MATCHING,41,tool_argument_distance,0.1268137802788666,0.08577125831692524,0.16648892301220658,0.0008326394671107411,0.11824655495350091,0.1323586481513084,True,True,36,RANDOM_ONE_TO_ONE_MATCHING
RANDOM_ONE_TO_ONE_MATCHING,41,tool_name_distance,0.09771272573207962,0.061642677929033926,0.13513618814459366,0.0008326394671107411,0.0914124956324025,0.10365023028709001,True,True,36,RANDOM_ONE_TO_ONE_MATCHING
RANDOM_ONE_TO_ONE_MATCHING,41,stage_distance,0.09950635918846201,0.06498364931419147,0.1373298648119202,0.0008326394671107411,0.08938613271629561,0.10497062616279702,True,True,36,RANDOM_ONE_TO_ONE_MATCHING
RANDOM_ONE_TO_ONE_MATCHING,42,tool_argument_distance,0.12143040521204848,0.07582894590336722,0.1696760719114468,0.0008326394671107411,0.11270936917048793,0.12880558935242245,True,True,36,RANDOM_ONE_TO_ONE_MATCHING
RANDOM_ONE_TO_ONE_MATCHING,42,tool_name_distance,0.09175330898510081,0.05579547465886601,0.13024024909837392,0.0008326394671107411,0.08398410853680871,0.09887924014237143,True,True,36,RANDOM_ONE_TO_ONE_MATCHING
RANDOM_ONE_TO_ONE_MATCHING,42,stage_distance,0.10249150225409856,0.061622849099436834,0.14376162846473278,0.0008326394671107411,0.09340894653618846,0.10865864382166253,True,True,36,RANDOM_ONE_TO_ONE_MATCHING
RANDOM_ONE_TO_ONE_MATCHING,43,tool_argument_distance,0.0950903605225783,0.05704938338887442,0.13540600973880726,0.0008326394671107411,0.08466437082322338,0.0999069876420307,True,True,36,RANDOM_ONE_TO_ONE_MATCHING
RANDOM_ONE_TO_ONE_MATCHING,43,tool_name_distance,0.06905804645570475,0.032749490649865855,0.10484975185068418,0.0016652789342214821,0.06064040993514419,0.07408459159551145,True,True,36,RANDOM_ONE_TO_ONE_MATCHING
RANDOM_ONE_TO_ONE_MATCHING,43,stage_distance,0.07472093734279112,0.0373323331611973,0.11529288248310915,0.0008326394671107411,0.06484493691312934,0.08047955567291395,True,True,36,RANDOM_ONE_TO_ONE_MATCHING
RANDOM_ONE_TO_ONE_MATCHING,44,tool_argument_distance,0.10166611821254118,0.06528787709741149,0.13563663917607036,0.0008326394671107411,0.09523753111385189,0.1076893521271575,True,True,36,RANDOM_ONE_TO_ONE_MATCHING
RANDOM_ONE_TO_ONE_MATCHING,44,tool_name_distance,0.08136863187582435,0.04841085798342526,0.11527277222837704,0.0008326394671107411,0.0740061895707304,0.08583076623382246,True,True,36,RANDOM_ONE_TO_ONE_MATCHING
RANDOM_ONE_TO_ONE_MATCHING,44,stage_distance,0.09055875712412335,0.05846547288074586,0.12350161923791557,0.0008326394671107411,0.08372511407806218,0.0943007934251701,True,True,36,RANDOM_ONE_TO_ONE_MATCHING
RANDOM_ONE_TO_ONE_MATCHING,45,tool_argument_distance,0.12042115878691592,0.0800991850687553,0.16080319621205957,0.0008326394671107411,0.11163218179410342,0.12634533036873657,True,True,36,RANDOM_ONE_TO_ONE_MATCHING
RANDOM_ONE_TO_ONE_MATCHING,45,tool_name_distance,0.08853958405496049,0.05274668634539684,0.12882257392859406,0.0008326394671107411,0.07968649940231515,0.09451307406740524,True,True,36,RANDOM_ONE_TO_ONE_MATCHING
RANDOM_ONE_TO_ONE_MATCHING,45,stage_distance,0.09668949674075161,0.06121094085574998,0.1357614614640649,0.0008326394671107411,0.08924502431202933,0.10288096668172518,True,True,36,RANDOM_ONE_TO_ONE_MATCHING
RANDOM_ONE_TO_ONE_MATCHING,46,tool_argument_distance,0.1139261748778051,0.07532214650168469,0.15517626218708472,0.0008326394671107411,0.10618075493100318,0.1197301921003283,True,True,36,RANDOM_ONE_TO_ONE_MATCHING
RANDOM_ONE_TO_ONE_MATCHING,46,tool_name_distance,0.0825821880644407,0.044140632943419036,0.12604437410745148,0.002497918401332223,0.07464114318003162,0.08769458085139648,True,True,36,RANDOM_ONE_TO_ONE_MATCHING
RANDOM_ONE_TO_ONE_MATCHING,46,stage_distance,0.08912466112195888,0.04694812660914733,0.13118957767026498,0.0008326394671107411,0.08095900002764916,0.0944091069909214,True,True,36,RANDOM_ONE_TO_ONE_MATCHING
RANDOM_ONE_TO_ONE_MATCHING,47,tool_argument_distance,0.12196379123047994,0.07959878423958229,0.16501948407872818,0.0008326394671107411,0.11325799478944605,0.1284747551118086,True,True,36,RANDOM_ONE_TO_ONE_MATCHING
RANDOM_ONE_TO_ONE_MATCHING,47,tool_name_distance,0.10137649923222541,0.06433293993952222,0.14162608962296686,0.0008326394671107411,0.0924933581878194,0.1065141618265502,True,True,36,RANDOM_ONE_TO_ONE_MATCHING
RANDOM_ONE_TO_ONE_MATCHING,47,stage_distance,0.11300990711171556,0.07314174460627228,0.15776455647715631,0.0008326394671107411,0.10327549629449925,0.1181254859873461,True,True,36,RANDOM_ONE_TO_ONE_MATCHING
RANDOM_ONE_TO_ONE_MATCHING,48,tool_argument_distance,0.12147901702160367,0.08209162208078023,0.16200059122247112,0.0008326394671107411,0.11234340067291841,0.12817016438539636,True,True,36,RANDOM_ONE_TO_ONE_MATCHING
RANDOM_ONE_TO_ONE_MATCHING,48,tool_name_distance,0.09934733282331969,0.06191532783695379,0.13536898094011365,0.0008326394671107411,0.09249856768815416,0.10527938422611356,True,True,36,RANDOM_ONE_TO_ONE_MATCHING
RANDOM_ONE_TO_ONE_MATCHING,48,stage_distance,0.10422020896270291,0.06667459222163374,0.1390378320488577,0.0008326394671107411,0.09804418772218151,0.11030125340781861,True,True,36,RANDOM_ONE_TO_ONE_MATCHING
RANDOM_ONE_TO_ONE_MATCHING,49,tool_argument_distance,0.1334637046401156,0.08735915993001862,0.18291027918717653,0.0008326394671107411,0.12508647715364268,0.14152423869700645,True,True,36,RANDOM_ONE_TO_ONE_MATCHING
RANDOM_ONE_TO_ONE_MATCHING,49,tool_name_distance,0.10210403135273137,0.06344611246715061,0.14681244067687071,0.0008326394671107411,0.09138131032283035,0.10884744630325204,True,True,36,RANDOM_ONE_TO_ONE_MATCHING
RANDOM_ONE_TO_ONE_MATCHING,49,stage_distance,0.1079329923023661,0.06454393761292863,0.15380125354402757,0.0008326394671107411,0.09819439543146562,0.11513566044303877,True,True,36,RANDOM_ONE_TO_ONE_MATCHING
RANDOM_ONE_TO_ONE_MATCHING,50,tool_argument_distance,0.10462504787589309,0.06343060845816194,0.14554268610261045,0.0008326394671107411,0.09542385876758527,0.11134879979812855,True,True,36,RANDOM_ONE_TO_ONE_MATCHING
RANDOM_ONE_TO_ONE_MATCHING,50,tool_name_distance,0.08257686847125881,0.045821309818911304,0.12423387350105324,0.0008326394671107411,0.0741486586114601,0.08797992956065823,True,True,36,RANDOM_ONE_TO_ONE_MATCHING
RANDOM_ONE_TO_ONE_MATCHING,50,stage_distance,0.0818629276751409,0.04023348798374491,0.12355063247972009,0.0008326394671107411,0.07219098411211772,0.08782560287190233,True,True,36,RANDOM_ONE_TO_ONE_MATCHING
RANDOM_ONE_TO_ONE_MATCHING,51,tool_argument_distance,0.11093291562026716,0.07156052284530395,0.15317467316409775,0.0008326394671107411,0.10116529425799872,0.11650743747633237,True,True,36,RANDOM_ONE_TO_ONE_MATCHING
RANDOM_ONE_TO_ONE_MATCHING,51,tool_name_distance,0.08218832735863153,0.04694063472510391,0.12040055720311632,0.0008326394671107411,0.07483126740643742,0.08742560535399667,True,True,36,RANDOM_ONE_TO_ONE_MATCHING
RANDOM_ONE_TO_ONE_MATCHING,51,stage_distance,0.09093343723135962,0.052751127488544214,0.13315248014503814,0.0008326394671107411,0.0815206510842284,0.09640570078916606,True,True,36,RANDOM_ONE_TO_ONE_MATCHING
RANDOM_ONE_TO_ONE_MATCHING,52,tool_argument_distance,0.11953713999963982,0.08479590293498604,0.15500775131634237,0.0008326394671107411,0.11361915352343901,0.12508491316062725,True,True,36,RANDOM_ONE_TO_ONE_MATCHING
RANDOM_ONE_TO_ONE_MATCHING,52,tool_name_distance,0.09886243541397269,0.06463751153917158,0.13477159760329174,0.0008326394671107411,0.09066614497629759,0.10344336458208861,True,True,36,RANDOM_ONE_TO_ONE_MATCHING
RANDOM_ONE_TO_ONE_MATCHING,52,stage_distance,0.10225159505469704,0.06371658969831172,0.14090465826927412,0.0008326394671107411,0.09401733921481555,0.1078770485530963,True,True,36,RANDOM_ONE_TO_ONE_MATCHING
RANDOM_ONE_TO_ONE_MATCHING,53,tool_argument_distance,0.10893808710290029,0.07082607564448849,0.14929720279461012,0.0008326394671107411,0.10189124841791343,0.11406842098080026,True,True,36,RANDOM_ONE_TO_ONE_MATCHING
RANDOM_ONE_TO_ONE_MATCHING,53,tool_name_distance,0.0818449726470259,0.04398046751184469,0.12165542397233746,0.0008326394671107411,0.07319743877955068,0.08607445541371019,True,True,36,RANDOM_ONE_TO_ONE_MATCHING
RANDOM_ONE_TO_ONE_MATCHING,53,stage_distance,0.08337576263182297,0.04724451150542431,0.11946951474674913,0.0016652789342214821,0.07594772319681384,0.08765875026498376,True,True,36,RANDOM_ONE_TO_ONE_MATCHING
RANDOM_ONE_TO_ONE_MATCHING,54,tool_argument_distance,0.12275507282641127,0.07865252527466293,0.16646384165635356,0.0008326394671107411,0.11407188443097542,0.12816532363001687,True,True,36,RANDOM_ONE_TO_ONE_MATCHING
RANDOM_ONE_TO_ONE_MATCHING,54,tool_name_distance,0.09652696655207677,0.0574518339364258,0.13638133960698354,0.0008326394671107411,0.08928435659589853,0.10186795141170624,True,True,36,RANDOM_ONE_TO_ONE_MATCHING
RANDOM_ONE_TO_ONE_MATCHING,54,stage_distance,0.10563506828307237,0.06378986621997079,0.14897440337072784,0.0008326394671107411,0.0956899477850377,0.11122140990109367,True,True,36,RANDOM_ONE_TO_ONE_MATCHING
RANDOM_ONE_TO_ONE_MATCHING,55,tool_argument_distance,0.10468222246100624,0.0661974869631498,0.14581130242640303,0.0008326394671107411,0.0973626160636508,0.11118124117233194,True,True,36,RANDOM_ONE_TO_ONE_MATCHING
RANDOM_ONE_TO_ONE_MATCHING,55,tool_name_distance,0.07673075853567125,0.03503213597553118,0.11630336435691874,0.0008326394671107411,0.06623546780623518,0.08339138455781019,True,True,36,RANDOM_ONE_TO_ONE_MATCHING
RANDOM_ONE_TO_ONE_MATCHING,55,stage_distance,0.08226338251617489,0.041319589132363214,0.12699150823642566,0.0008326394671107411,0.07179136822281182,0.08906720878954873,True,True,36,RANDOM_ONE_TO_ONE_MATCHING
RANDOM_ONE_TO_ONE_MATCHING,56,tool_argument_distance,0.10191717882060644,0.06032820377022005,0.1434996195495362,0.0008326394671107411,0.09347926656564925,0.10890505163233069,True,True,36,RANDOM_ONE_TO_ONE_MATCHING
RANDOM_ONE_TO_ONE_MATCHING,56,tool_name_distance,0.0722713270693477,0.03455350868930153,0.11155636936767825,0.002497918401332223,0.06335026047108169,0.07909228406632658,True,True,36,RANDOM_ONE_TO_ONE_MATCHING
RANDOM_ONE_TO_ONE_MATCHING,56,stage_distance,0.07940367639076175,0.043316823198226696,0.1216654041803142,0.0016652789342214821,0.07186214877743657,0.08604723971098689,True,True,36,RANDOM_ONE_TO_ONE_MATCHING
RANDOM_ONE_TO_ONE_MATCHING,57,tool_argument_distance,0.11006862768025029,0.07130787718624118,0.1492263069226397,0.0008326394671107411,0.10102296942349555,0.11643376392000432,True,True,36,RANDOM_ONE_TO_ONE_MATCHING
RANDOM_ONE_TO_ONE_MATCHING,57,tool_name_distance,0.08278033349488247,0.04518874820984341,0.1252666038311895,0.0008326394671107411,0.07367251123604732,0.08911768103870707,True,True,36,RANDOM_ONE_TO_ONE_MATCHING
RANDOM_ONE_TO_ONE_MATCHING,57,stage_distance,0.09306788429934884,0.055292019876968294,0.1338280409033626,0.0008326394671107411,0.08276370140177922,0.09883029089694015,True,True,36,RANDOM_ONE_TO_ONE_MATCHING
RANDOM_ONE_TO_ONE_MATCHING,58,tool_argument_distance,0.09488388269954802,0.05203890315797371,0.14115391472650948,0.0016652789342214821,0.08540437458620179,0.10159679486433634,True,True,36,RANDOM_ONE_TO_ONE_MATCHING
RANDOM_ONE_TO_ONE_MATCHING,58,tool_name_distance,0.056833521566075226,0.020340930817982692,0.0979001363484919,0.00749375520399667,0.04914886398806204,0.06227146836780928,True,True,36,RANDOM_ONE_TO_ONE_MATCHING
RANDOM_ONE_TO_ONE_MATCHING,58,stage_distance,0.06737363616477209,0.02702365157265011,0.10892512694314913,0.005828476269775187,0.05633533189192884,0.07238989637506475,True,True,36,RANDOM_ONE_TO_ONE_MATCHING
RANDOM_ONE_TO_ONE_MATCHING,59,tool_argument_distance,0.11945674131257017,0.08107080931056941,0.1604869259910524,0.0008326394671107411,0.1102633456579125,0.12425391804848486,True,True,36,RANDOM_ONE_TO_ONE_MATCHING
RANDOM_ONE_TO_ONE_MATCHING,59,tool_name_distance,0.09111183046823063,0.056274448753053,0.1269318813463015,0.0008326394671107411,0.08272906396707555,0.09557505448449463,True,True,36,RANDOM_ONE_TO_ONE_MATCHING
RANDOM_ONE_TO_ONE_MATCHING,59,stage_distance,0.09524619397915884,0.05878752739601372,0.13144990307135554,0.0008326394671107411,0.08595662945339333,0.09929685483647585,True,True,36,RANDOM_ONE_TO_ONE_MATCHING
RANDOM_ONE_TO_ONE_MATCHING,60,tool_argument_distance,0.11647880522242184,0.07574252651062159,0.15934394496719556,0.0008326394671107411,0.10761629489544339,0.12234351370837651,True,True,36,RANDOM_ONE_TO_ONE_MATCHING
RANDOM_ONE_TO_ONE_MATCHING,60,tool_name_distance,0.09355223053801759,0.05402325762404579,0.13845373770813446,0.0008326394671107411,0.08353755329436283,0.09857408184517709,True,True,36,RANDOM_ONE_TO_ONE_MATCHING
RANDOM_ONE_TO_ONE_MATCHING,60,stage_distance,0.1056633032840026,0.06460230943375349,0.15276904121755636,0.0008326394671107411,0.09571898950028021,0.11030835251821468,True,True,36,RANDOM_ONE_TO_ONE_MATCHING
RANDOM_ONE_TO_ONE_MATCHING,61,tool_argument_distance,0.10237598493087602,0.0589923248007295,0.14611086889639838,0.0008326394671107411,0.09268134015208529,0.1085213313777908,True,True,36,RANDOM_ONE_TO_ONE_MATCHING
RANDOM_ONE_TO_ONE_MATCHING,61,tool_name_distance,0.08140106168750232,0.040645596790892045,0.1279645968562113,0.0008326394671107411,0.07382309573200609,0.0868203624864157,True,True,36,RANDOM_ONE_TO_ONE_MATCHING
RANDOM_ONE_TO_ONE_MATCHING,61,stage_distance,0.08405148380657854,0.03705353121519785,0.1310856748363009,0.0016652789342214821,0.07348968946635834,0.09007668917852389,True,True,36,RANDOM_ONE_TO_ONE_MATCHING
RANDOM_ONE_TO_ONE_MATCHING,62,tool_argument_distance,0.09810114058388106,0.06115082671632589,0.1359115682720577,0.0008326394671107411,0.09157069698151576,0.10490597440250747,True,True,36,RANDOM_ONE_TO_ONE_MATCHING
RANDOM_ONE_TO_ONE_MATCHING,62,tool_name_distance,0.06617011022251683,0.029855434911955837,0.10556699034755564,0.0008326394671107411,0.055685834254023896,0.07187481670014921,True,True,36,RANDOM_ONE_TO_ONE_MATCHING
RANDOM_ONE_TO_ONE_MATCHING,62,stage_distance,0.06996767467588577,0.033975158299621847,0.11118643114369176,0.0033305578684429643,0.05878353114054826,0.07560903721451372,True,True,36,RANDOM_ONE_TO_ONE_MATCHING
RANDOM_ONE_TO_ONE_MATCHING,63,tool_argument_distance,0.11741531002758696,0.07311568465226566,0.16365919094702522,0.0008326394671107411,0.10856041316161232,0.1239903514772649,True,True,36,RANDOM_ONE_TO_ONE_MATCHING
RANDOM_ONE_TO_ONE_MATCHING,63,tool_name_distance,0.08715798581028061,0.049100465060453645,0.12629503476205672,0.0008326394671107411,0.0793657155223616,0.09347437088815982,True,True,36,RANDOM_ONE_TO_ONE_MATCHING
RANDOM_ONE_TO_ONE_MATCHING,63,stage_distance,0.09396613732243923,0.05625470690249274,0.13295953964682708,0.0008326394671107411,0.08749714260648171,0.09975420829211883,True,True,36,RANDOM_ONE_TO_ONE_MATCHING
RANDOM_ONE_TO_ONE_MATCHING,64,tool_argument_distance,0.11093976667684732,0.06886114624631418,0.15462311537140663,0.0008326394671107411,0.10031255269926424,0.11684415460705659,True,True,36,RANDOM_ONE_TO_ONE_MATCHING
RANDOM_ONE_TO_ONE_MATCHING,64,tool_name_distance,0.083995140284618,0.04419824153360387,0.12542665340059714,0.0008326394671107411,0.07501221438139145,0.08961371183611021,True,True,36,RANDOM_ONE_TO_ONE_MATCHING
RANDOM_ONE_TO_ONE_MATCHING,64,stage_distance,0.09014320700410237,0.05107699185232286,0.13241878066413673,0.0008326394671107411,0.0807078428504781,0.09592256288508608,True,True,36,RANDOM_ONE_TO_ONE_MATCHING
RANDOM_ONE_TO_ONE_MATCHING,65,tool_argument_distance,0.11496552940359044,0.07171086601536679,0.16067002388573273,0.0008326394671107411,0.10604063880550159,0.12147057712115417,True,True,36,RANDOM_ONE_TO_ONE_MATCHING
RANDOM_ONE_TO_ONE_MATCHING,65,tool_name_distance,0.08934714878205134,0.046590896821846514,0.13441032655810087,0.0008326394671107411,0.08140097579116128,0.09513614186484276,True,True,36,RANDOM_ONE_TO_ONE_MATCHING
RANDOM_ONE_TO_ONE_MATCHING,65,stage_distance,0.0944102903050909,0.04716698814567724,0.1431628736268946,0.0008326394671107411,0.0841444618648282,0.10032906985461827,True,True,36,RANDOM_ONE_TO_ONE_MATCHING
RANDOM_ONE_TO_ONE_MATCHING,66,tool_argument_distance,0.11704558790165143,0.07717023731299631,0.16093223902840834,0.0008326394671107411,0.10724689041312717,0.123911165638887,True,True,36,RANDOM_ONE_TO_ONE_MATCHING
RANDOM_ONE_TO_ONE_MATCHING,66,tool_name_distance,0.09035735405899097,0.05438862302490302,0.1265871143684776,0.0008326394671107411,0.08359083772680712,0.09590547987996469,True,True,36,RANDOM_ONE_TO_ONE_MATCHING
RANDOM_ONE_TO_ONE_MATCHING,66,stage_distance,0.09321780906830603,0.053907963970224355,0.132545297012507,0.0008326394671107411,0.0838702906879447,0.09955428817712425,True,True,36,RANDOM_ONE_TO_ONE_MATCHING
RANDOM_ONE_TO_ONE_MATCHING,67,tool_argument_distance,0.10178644895442263,0.05930136030768244,0.14250679558142818,0.0008326394671107411,0.0947336904493205,0.10989907850042285,True,True,36,RANDOM_ONE_TO_ONE_MATCHING
RANDOM_ONE_TO_ONE_MATCHING,67,tool_name_distance,0.07809403162882052,0.036356503926881244,0.11831478970229066,0.0008326394671107411,0.07049483441633157,0.08534192277770564,True,True,36,RANDOM_ONE_TO_ONE_MATCHING
RANDOM_ONE_TO_ONE_MATCHING,67,stage_distance,0.07934503047125337,0.038138413883583425,0.11985100452004858,0.0016652789342214821,0.07191005236845306,0.08609720006876602,True,True,36,RANDOM_ONE_TO_ONE_MATCHING
RANDOM_ONE_TO_ONE_MATCHING,68,tool_argument_distance,0.114296259888413,0.07242569004665236,0.15434533343108728,0.0008326394671107411,0.10729813105005997,0.12037456572649463,True,True,36,RANDOM_ONE_TO_ONE_MATCHING
RANDOM_ONE_TO_ONE_MATCHING,68,tool_name_distance,0.09006929253888181,0.05508388303292298,0.1319872597992594,0.0008326394671107411,0.08154851413152024,0.09532508940809552,True,True,36,RANDOM_ONE_TO_ONE_MATCHING
RANDOM_ONE_TO_ONE_MATCHING,68,stage_distance,0.09455447360855244,0.05654380395549682,0.13406641117847506,0.0008326394671107411,0.08535347382338347,0.099650285477338,True,True,36,RANDOM_ONE_TO_ONE_MATCHING
RANDOM_ONE_TO_ONE_MATCHING,69,tool_argument_distance,0.09373210019176204,0.05331598386184142,0.13396019917791105,0.0008326394671107411,0.08420054018762092,0.09978975203397565,True,True,36,RANDOM_ONE_TO_ONE_MATCHING
RANDOM_ONE_TO_ONE_MATCHING,69,tool_name_distance,0.0707504153375133,0.0346260873935822,0.11167885093563056,0.0016652789342214821,0.06119065602309965,0.07586541195499844,True,True,36,RANDOM_ONE_TO_ONE_MATCHING
RANDOM_ONE_TO_ONE_MATCHING,69,stage_distance,0.0782206105672712,0.04279126296866471,0.11960307938196178,0.0008326394671107411,0.07005004297803678,0.08355880934394601,True,True,36,RANDOM_ONE_TO_ONE_MATCHING
RANDOM_ONE_TO_ONE_MATCHING,70,tool_argument_distance,0.10922582830247723,0.06673553446630683,0.15211657098619322,0.0008326394671107411,0.1001560900635004,0.11755101154413618,True,True,36,RANDOM_ONE_TO_ONE_MATCHING
RANDOM_ONE_TO_ONE_MATCHING,70,tool_name_distance,0.07894619681648679,0.04054661665810644,0.12010442745007485,0.0016652789342214821,0.06851420432364544,0.08621843554216237,True,True,36,RANDOM_ONE_TO_ONE_MATCHING
RANDOM_ONE_TO_ONE_MATCHING,70,stage_distance,0.08682913482231865,0.04365812294870243,0.13526675968950355,0.0016652789342214821,0.07634670193969102,0.09360376762532814,True,True,36,RANDOM_ONE_TO_ONE_MATCHING
RANDOM_ONE_TO_ONE_MATCHING,71,tool_argument_distance,0.10642758032589288,0.0645832004616023,0.15172480494176524,0.0008326394671107411,0.0972778921447279,0.1124095088525351,True,True,36,RANDOM_ONE_TO_ONE_MATCHING
RANDOM_ONE_TO_ONE_MATCHING,71,tool_name_distance,0.08626928550109413,0.04328444147058198,0.12909000133888182,0.002497918401332223,0.07763993546408149,0.09263548331285062,True,True,36,RANDOM_ONE_TO_ONE_MATCHING
RANDOM_ONE_TO_ONE_MATCHING,71,stage_distance,0.09490746566861681,0.04850321452302289,0.14118508996711135,0.0008326394671107411,0.0856082231911215,0.10150559390838018,True,True,36,RANDOM_ONE_TO_ONE_MATCHING
RANDOM_ONE_TO_ONE_MATCHING,72,tool_argument_distance,0.11052984694103601,0.06941237590010135,0.1514446711174385,0.0008326394671107411,0.10054498542506562,0.11720926065082542,True,True,36,RANDOM_ONE_TO_ONE_MATCHING
RANDOM_ONE_TO_ONE_MATCHING,72,tool_name_distance,0.08847044619943087,0.051402937241965097,0.1277094798648033,0.0008326394671107411,0.08031884938294791,0.09475831116092509,True,True,36,RANDOM_ONE_TO_ONE_MATCHING
RANDOM_ONE_TO_ONE_MATCHING,72,stage_distance,0.08866460314556104,0.04973358212686129,0.12668136975849145,0.0008326394671107411,0.079186993167407,0.09566464145023736,True,True,36,RANDOM_ONE_TO_ONE_MATCHING
RANDOM_ONE_TO_ONE_MATCHING,73,tool_argument_distance,0.10866924119349503,0.06420157705226585,0.15308075264439291,0.0008326394671107411,0.09958360046569013,0.11406776005545197,True,True,36,RANDOM_ONE_TO_ONE_MATCHING
RANDOM_ONE_TO_ONE_MATCHING,73,tool_name_distance,0.08075821136123697,0.044944782240958374,0.11544213890961899,0.002497918401332223,0.07357674116842465,0.08614056277963392,True,True,36,RANDOM_ONE_TO_ONE_MATCHING
RANDOM_ONE_TO_ONE_MATCHING,73,stage_distance,0.0871007040126615,0.04788991465633345,0.12687882088798985,0.0008326394671107411,0.0775784112021389,0.09264613653788722,True,True,36,RANDOM_ONE_TO_ONE_MATCHING
RANDOM_ONE_TO_ONE_MATCHING,74,tool_argument_distance,0.1190514224804966,0.07600414517557327,0.16295253170661986,0.0008326394671107411,0.10865597009730348,0.12645483578188343,True,True,36,RANDOM_ONE_TO_ONE_MATCHING
RANDOM_ONE_TO_ONE_MATCHING,74,tool_name_distance,0.09012914411061529,0.05193698141561386,0.13180614270511704,0.0008326394671107411,0.08242176405984872,0.09651839441362192,True,True,36,RANDOM_ONE_TO_ONE_MATCHING
RANDOM_ONE_TO_ONE_MATCHING,74,stage_distance,0.09716008831632685,0.05963041654114564,0.13785006451243495,0.0008326394671107411,0.08792520648590897,0.10302739001666393,True,True,36,RANDOM_ONE_TO_ONE_MATCHING
RANDOM_ONE_TO_ONE_MATCHING,75,tool_argument_distance,0.11093803199834386,0.0737177921686963,0.14629338729516253,0.0008326394671107411,0.10477435672210607,0.1166444326778963,True,True,36,RANDOM_ONE_TO_ONE_MATCHING
RANDOM_ONE_TO_ONE_MATCHING,75,tool_name_distance,0.08359606017555656,0.05035299306770441,0.11739934215832529,0.0008326394671107411,0.07570202058378829,0.08833344947236003,True,True,36,RANDOM_ONE_TO_ONE_MATCHING
RANDOM_ONE_TO_ONE_MATCHING,75,stage_distance,0.09068048694356559,0.055328793051601446,0.1271256456714548,0.0008326394671107411,0.0841176165024974,0.09489745571090803,True,True,36,RANDOM_ONE_TO_ONE_MATCHING
RANDOM_ONE_TO_ONE_MATCHING,76,tool_argument_distance,0.10600132105750217,0.06266159524513437,0.14980821399117586,0.0008326394671107411,0.09683945404009746,0.11423437552073323,True,True,36,RANDOM_ONE_TO_ONE_MATCHING
RANDOM_ONE_TO_ONE_MATCHING,76,tool_name_distance,0.08503176370249226,0.04367755575128198,0.12818337892285872,0.0008326394671107411,0.07870832574107513,0.09247787576776799,True,True,36,RANDOM_ONE_TO_ONE_MATCHING
RANDOM_ONE_TO_ONE_MATCHING,76,stage_distance,0.08808811111784466,0.043662173737969975,0.1316777023587569,0.0008326394671107411,0.07859402993889872,0.09489871467215487,True,True,36,RANDOM_ONE_TO_ONE_MATCHING
RANDOM_ONE_TO_ONE_MATCHING,77,tool_argument_distance,0.11556536141432064,0.0714719378378253,0.15885072539972342,0.0008326394671107411,0.10572437174044408,0.12407167417346081,True,True,36,RANDOM_ONE_TO_ONE_MATCHING
RANDOM_ONE_TO_ONE_MATCHING,77,tool_name_distance,0.09261607766477693,0.05269042807648247,0.13301778799173675,0.0008326394671107411,0.08416806454672666,0.10027888441468938,True,True,36,RANDOM_ONE_TO_ONE_MATCHING
RANDOM_ONE_TO_ONE_MATCHING,77,stage_distance,0.10379747673850012,0.06104865916061166,0.14826205340426257,0.0008326394671107411,0.0947522345772872,0.11105691931054336,True,True,36,RANDOM_ONE_TO_ONE_MATCHING
RANDOM_ONE_TO_ONE_MATCHING,78,tool_argument_distance,0.10264189885273288,0.06339761693819339,0.14181059031814472,0.0008326394671107411,0.09338404834376335,0.10750864102984063,True,True,36,RANDOM_ONE_TO_ONE_MATCHING
RANDOM_ONE_TO_ONE_MATCHING,78,tool_name_distance,0.07071985337529463,0.0383272927526868,0.10395692855635705,0.0008326394671107411,0.06283671003944961,0.07425841003257817,True,True,36,RANDOM_ONE_TO_ONE_MATCHING
RANDOM_ONE_TO_ONE_MATCHING,78,stage_distance,0.0787819996974121,0.044895678834970816,0.11674565874090986,0.0008326394671107411,0.06806964866835857,0.0832679178594849,True,True,36,RANDOM_ONE_TO_ONE_MATCHING
RANDOM_ONE_TO_ONE_MATCHING,79,tool_argument_distance,0.1089474316428288,0.06804369278792728,0.1471846506663735,0.0008326394671107411,0.09891735826119533,0.11467096735570077,True,True,36,RANDOM_ONE_TO_ONE_MATCHING
RANDOM_ONE_TO_ONE_MATCHING,79,tool_name_distance,0.07994423489714776,0.046376970275281815,0.11480022306215734,0.0008326394671107411,0.07347543896986364,0.08581402687757833,True,True,36,RANDOM_ONE_TO_ONE_MATCHING
RANDOM_ONE_TO_ONE_MATCHING,79,stage_distance,0.09182052617924355,0.05429705316161302,0.1302136202176431,0.0008326394671107411,0.08243308543062329,0.09771995553738134,True,True,36,RANDOM_ONE_TO_ONE_MATCHING
RANDOM_ONE_TO_ONE_MATCHING,80,tool_argument_distance,0.11204162359094903,0.06862225711715067,0.156294811380636,0.0008326394671107411,0.10305233664592853,0.11846313114243734,True,True,36,RANDOM_ONE_TO_ONE_MATCHING
RANDOM_ONE_TO_ONE_MATCHING,80,tool_name_distance,0.08911929928690196,0.04574240248842006,0.13685263497929806,0.0016652789342214821,0.08078782843164833,0.09564633603319576,True,True,36,RANDOM_ONE_TO_ONE_MATCHING
RANDOM_ONE_TO_ONE_MATCHING,80,stage_distance,0.09357428245324516,0.05120550717291226,0.1395293622865647,0.0008326394671107411,0.08423694902673924,0.09935115756951922,True,True,36,RANDOM_ONE_TO_ONE_MATCHING
RANDOM_ONE_TO_ONE_MATCHING,81,tool_argument_distance,0.10863152614707725,0.06718028592366208,0.15250371005795288,0.0008326394671107411,0.1021522702254085,0.11573722812465212,True,True,36,RANDOM_ONE_TO_ONE_MATCHING
RANDOM_ONE_TO_ONE_MATCHING,81,tool_name_distance,0.08267169580260576,0.04629870281183588,0.12246154556519417,0.0008326394671107411,0.07494965849859446,0.08884787615395498,True,True,36,RANDOM_ONE_TO_ONE_MATCHING
RANDOM_ONE_TO_ONE_MATCHING,81,stage_distance,0.08799326399338571,0.048142804641542414,0.1272077409862066,0.0008326394671107411,0.08116612863768241,0.09360019282020597,True,True,36,RANDOM_ONE_TO_ONE_MATCHING
RANDOM_ONE_TO_ONE_MATCHING,82,tool_argument_distance,0.10209736473642766,0.0609332755542993,0.14537523635289173,0.0008326394671107411,0.09282395610984942,0.11021887759048518,True,True,36,RANDOM_ONE_TO_ONE_MATCHING
RANDOM_ONE_TO_ONE_MATCHING,82,tool_name_distance,0.07358308655786569,0.03629616411126587,0.11278671472450454,0.002497918401332223,0.06480772391035387,0.08070209356186638,True,True,36,RANDOM_ONE_TO_ONE_MATCHING
RANDOM_ONE_TO_ONE_MATCHING,82,stage_distance,0.07728963707440156,0.03220816749215279,0.12191102966616744,0.0016652789342214821,0.06653464711326203,0.08379171279889913,True,True,36,RANDOM_ONE_TO_ONE_MATCHING
RANDOM_ONE_TO_ONE_MATCHING,83,tool_argument_distance,0.12010762786192984,0.0833139009694302,0.15912769497275792,0.0008326394671107411,0.11134879818179454,0.12731599271047367,True,True,36,RANDOM_ONE_TO_ONE_MATCHING
RANDOM_ONE_TO_ONE_MATCHING,83,tool_name_distance,0.09095032623070953,0.05182745026907889,0.1315735958120037,0.0008326394671107411,0.08331028845582557,0.09780965540799363,True,True,36,RANDOM_ONE_TO_ONE_MATCHING
RANDOM_ONE_TO_ONE_MATCHING,83,stage_distance,0.09828324610873128,0.05709622554139224,0.1410301402103854,0.0008326394671107411,0.08812807354857259,0.10533721256289368,True,True,36,RANDOM_ONE_TO_ONE_MATCHING
RANDOM_ONE_TO_ONE_MATCHING,84,tool_argument_distance,0.09182983730698971,0.04887180035984429,0.1326588310610154,0.0008326394671107411,0.08226307075385608,0.09965799223449184,True,True,36,RANDOM_ONE_TO_ONE_MATCHING
RANDOM_ONE_TO_ONE_MATCHING,84,tool_name_distance,0.06330236725231315,0.02496941039973455,0.10345256030524783,0.0008326394671107411,0.05520729574152581,0.07012763941901234,True,True,36,RANDOM_ONE_TO_ONE_MATCHING
RANDOM_ONE_TO_ONE_MATCHING,84,stage_distance,0.07653256676879962,0.03701568293536028,0.11419526240485049,0.0008326394671107411,0.06575594622750001,0.08301301191313713,True,True,36,RANDOM_ONE_TO_ONE_MATCHING
RANDOM_ONE_TO_ONE_MATCHING,85,tool_argument_distance,0.1036999110199165,0.06047818466136052,0.150840657642596,0.0008326394671107411,0.09351990847762842,0.11018418370338823,True,True,36,RANDOM_ONE_TO_ONE_MATCHING
RANDOM_ONE_TO_ONE_MATCHING,85,tool_name_distance,0.07947263505745591,0.04228321612043379,0.11641311767032472,0.0008326394671107411,0.07064909500776789,0.08556943868525442,True,True,36,RANDOM_ONE_TO_ONE_MATCHING
RANDOM_ONE_TO_ONE_MATCHING,85,stage_distance,0.08333119223661377,0.04168582208180945,0.1261945931274539,0.0008326394671107411,0.07370119908963266,0.08938519657881223,True,True,36,RANDOM_ONE_TO_ONE_MATCHING
RANDOM_ONE_TO_ONE_MATCHING,86,tool_argument_distance,0.10415648118556595,0.06617945929127503,0.14462935438026628,0.0008326394671107411,0.09494190445753452,0.1096691232704676,True,True,36,RANDOM_ONE_TO_ONE_MATCHING
RANDOM_ONE_TO_ONE_MATCHING,86,tool_name_distance,0.08590192589504811,0.052072585999007374,0.11978932872168095,0.0008326394671107411,0.07845255605976748,0.09088898498540472,True,True,36,RANDOM_ONE_TO_ONE_MATCHING
RANDOM_ONE_TO_ONE_MATCHING,86,stage_distance,0.09694866715168743,0.06055307453304645,0.13450569019876918,0.0008326394671107411,0.08770774471656556,0.10277547005231388,True,True,36,RANDOM_ONE_TO_ONE_MATCHING
RANDOM_ONE_TO_ONE_MATCHING,87,tool_argument_distance,0.10353139820754183,0.06545917047038781,0.14162328154264733,0.0008326394671107411,0.0971561048229954,0.10905352537779245,True,True,36,RANDOM_ONE_TO_ONE_MATCHING
RANDOM_ONE_TO_ONE_MATCHING,87,tool_name_distance,0.07141680060518425,0.034341127173267545,0.11093676400539582,0.0008326394671107411,0.06147925547302151,0.07827914898334616,True,True,36,RANDOM_ONE_TO_ONE_MATCHING
RANDOM_ONE_TO_ONE_MATCHING,87,stage_distance,0.0780809067500218,0.03861260919921736,0.11821970176404839,0.0016652789342214821,0.06950952222632628,0.08370933289048514,True,True,36,RANDOM_ONE_TO_ONE_MATCHING
RANDOM_ONE_TO_ONE_MATCHING,88,tool_argument_distance,0.10971096065591661,0.06127111185503663,0.1591486324373072,0.0016652789342214821,0.1012112160974565,0.11805000482195953,True,True,36,RANDOM_ONE_TO_ONE_MATCHING
RANDOM_ONE_TO_ONE_MATCHING,88,tool_name_distance,0.07924557093234212,0.035323052393612775,0.1218827834628533,0.002497918401332223,0.07072218114286008,0.08652636320418498,True,True,36,RANDOM_ONE_TO_ONE_MATCHING
RANDOM_ONE_TO_ONE_MATCHING,88,stage_distance,0.08654382254652894,0.04804452584236815,0.12843716038494388,0.0016652789342214821,0.07940471180749552,0.09331030357023014,True,True,36,RANDOM_ONE_TO_ONE_MATCHING
RANDOM_ONE_TO_ONE_MATCHING,89,tool_argument_distance,0.10515320625511095,0.06798769492806894,0.14497892988905797,0.0008326394671107411,0.09596710738620935,0.11072167079814925,True,True,36,RANDOM_ONE_TO_ONE_MATCHING
RANDOM_ONE_TO_ONE_MATCHING,89,tool_name_distance,0.07832747034480138,0.046293080993014706,0.11376151142931802,0.0008326394671107411,0.07147337580548772,0.08417694896949203,True,True,36,RANDOM_ONE_TO_ONE_MATCHING
RANDOM_ONE_TO_ONE_MATCHING,89,stage_distance,0.08335984037325367,0.04680281037942012,0.12550765838683695,0.0008326394671107411,0.0737306657444623,0.08808750588707921,True,True,36,RANDOM_ONE_TO_ONE_MATCHING
RANDOM_ONE_TO_ONE_MATCHING,90,tool_argument_distance,0.11380086396551639,0.06894989095226567,0.16239022102857467,0.0008326394671107411,0.10305698292633969,0.12197115324611225,True,True,36,RANDOM_ONE_TO_ONE_MATCHING
RANDOM_ONE_TO_ONE_MATCHING,90,tool_name_distance,0.08993321454288265,0.044321356867795036,0.13577356742026028,0.0016652789342214821,0.08248474554040418,0.09704828845044569,True,True,36,RANDOM_ONE_TO_ONE_MATCHING
RANDOM_ONE_TO_ONE_MATCHING,90,stage_distance,0.09648157994697945,0.048191908314346554,0.14492574189760285,0.0008326394671107411,0.0862749312107707,0.10420177572220904,True,True,36,RANDOM_ONE_TO_ONE_MATCHING
RANDOM_ONE_TO_ONE_MATCHING,91,tool_argument_distance,0.1075252079532099,0.06848713107884791,0.15450248357910257,0.0008326394671107411,0.09840688056139683,0.1123635306050909,True,True,36,RANDOM_ONE_TO_ONE_MATCHING
RANDOM_ONE_TO_ONE_MATCHING,91,tool_name_distance,0.08350001086532594,0.046643034733928675,0.1253379088135156,0.0008326394671107411,0.07351087491519899,0.08901682331124605,True,True,36,RANDOM_ONE_TO_ONE_MATCHING
RANDOM_ONE_TO_ONE_MATCHING,91,stage_distance,0.09857860396083465,0.05805158412070071,0.14306653854382592,0.0008326394671107411,0.08821191554792425,0.1033217942820266,True,True,36,RANDOM_ONE_TO_ONE_MATCHING
RANDOM_ONE_TO_ONE_MATCHING,92,tool_argument_distance,0.11231013040961219,0.07232532064201587,0.15686900811986446,0.0008326394671107411,0.10330937126883821,0.1195209353661166,True,True,36,RANDOM_ONE_TO_ONE_MATCHING
RANDOM_ONE_TO_ONE_MATCHING,92,tool_name_distance,0.0899754145203261,0.05398284997202907,0.12648078478943767,0.0008326394671107411,0.08226364219555125,0.09636027254932446,True,True,36,RANDOM_ONE_TO_ONE_MATCHING
RANDOM_ONE_TO_ONE_MATCHING,92,stage_distance,0.09426880104036464,0.0551319761347872,0.13210389846749723,0.0008326394671107411,0.08495131100206214,0.10005349453281709,True,True,36,RANDOM_ONE_TO_ONE_MATCHING
RANDOM_ONE_TO_ONE_MATCHING,93,tool_argument_distance,0.11107684120687888,0.07044967203293481,0.1534354085642526,0.0008326394671107411,0.10164401983491572,0.11757122613831249,True,True,36,RANDOM_ONE_TO_ONE_MATCHING
RANDOM_ONE_TO_ONE_MATCHING,93,tool_name_distance,0.08509925636140125,0.047511155423623615,0.12253489850697487,0.0008326394671107411,0.07723012771404818,0.0900590963644454,True,True,36,RANDOM_ONE_TO_ONE_MATCHING
RANDOM_ONE_TO_ONE_MATCHING,93,stage_distance,0.08967964138925744,0.05169870182414736,0.1295315466088468,0.0008326394671107411,0.08023103250378044,0.09471695848256356,True,True,36,RANDOM_ONE_TO_ONE_MATCHING
RANDOM_ONE_TO_ONE_MATCHING,94,tool_argument_distance,0.1139628548510793,0.07499643240998868,0.1550419429308812,0.0008326394671107411,0.10502846022777679,0.12077025107516988,True,True,36,RANDOM_ONE_TO_ONE_MATCHING
RANDOM_ONE_TO_ONE_MATCHING,94,tool_name_distance,0.0872296504942099,0.0514141292055473,0.12411156138711388,0.0008326394671107411,0.07942139025065137,0.09264354809073638,True,True,36,RANDOM_ONE_TO_ONE_MATCHING
RANDOM_ONE_TO_ONE_MATCHING,94,stage_distance,0.09461215286397961,0.05874155724988213,0.13424750364414684,0.0008326394671107411,0.08530447287778038,0.1002887044466058,True,True,36,RANDOM_ONE_TO_ONE_MATCHING
RANDOM_ONE_TO_ONE_MATCHING,95,tool_argument_distance,0.12474041916429034,0.0814830372735502,0.17024012936801694,0.0008326394671107411,0.11611395494993673,0.1323063752280713,True,True,36,RANDOM_ONE_TO_ONE_MATCHING
RANDOM_ONE_TO_ONE_MATCHING,95,tool_name_distance,0.0869084162596845,0.04951662454800683,0.1269085256402127,0.0008326394671107411,0.07909097789513951,0.09320564576695024,True,True,36,RANDOM_ONE_TO_ONE_MATCHING
RANDOM_ONE_TO_ONE_MATCHING,95,stage_distance,0.10418455460829398,0.06476499637059825,0.1460873877371972,0.0008326394671107411,0.09419799086240851,0.11045474892434866,True,True,36,RANDOM_ONE_TO_ONE_MATCHING
RANDOM_ONE_TO_ONE_MATCHING,96,tool_argument_distance,0.09670106533643029,0.059106171591070775,0.13812159059343423,0.0008326394671107411,0.08844480909832735,0.10296531752443802,True,True,36,RANDOM_ONE_TO_ONE_MATCHING
RANDOM_ONE_TO_ONE_MATCHING,96,tool_name_distance,0.07623433151277982,0.03966494559105939,0.11407334810633367,0.0008326394671107411,0.06872519491159888,0.08180027760460876,True,True,36,RANDOM_ONE_TO_ONE_MATCHING
RANDOM_ONE_TO_ONE_MATCHING,96,stage_distance,0.07439605209232329,0.039631576478152956,0.11192081264949486,0.0016652789342214821,0.06736791208407675,0.0798946011953597,True,True,36,RANDOM_ONE_TO_ONE_MATCHING
RANDOM_ONE_TO_ONE_MATCHING,97,tool_argument_distance,0.1133491808749444,0.07731531894993046,0.15194760280902295,0.0008326394671107411,0.10677150544086218,0.11903535649407736,True,True,36,RANDOM_ONE_TO_ONE_MATCHING
RANDOM_ONE_TO_ONE_MATCHING,97,tool_name_distance,0.08827457225924037,0.05134447766787828,0.12634219398264396,0.0008326394671107411,0.08125609271175134,0.09438237387858786,True,True,36,RANDOM_ONE_TO_ONE_MATCHING
RANDOM_ONE_TO_ONE_MATCHING,97,stage_distance,0.09178776364164354,0.0532011105675078,0.12847036994434605,0.0008326394671107411,0.08489011038267257,0.09730807813839007,True,True,36,RANDOM_ONE_TO_ONE_MATCHING
RANDOM_ONE_TO_ONE_MATCHING,98,tool_argument_distance,0.10259332225764095,0.05821297872243384,0.15129693642029968,0.0008326394671107411,0.09172763843950911,0.11021029582776874,True,True,36,RANDOM_ONE_TO_ONE_MATCHING
RANDOM_ONE_TO_ONE_MATCHING,98,tool_name_distance,0.08015839872425487,0.03802956071932255,0.1242298014923103,0.002497918401332223,0.07007378814152589,0.08733829252395744,True,True,36,RANDOM_ONE_TO_ONE_MATCHING
RANDOM_ONE_TO_ONE_MATCHING,98,stage_distance,0.08747278268709038,0.04401322641497413,0.13458349487086085,0.0016652789342214821,0.07678878509493015,0.09484678416609449,True,True,36,RANDOM_ONE_TO_ONE_MATCHING
RANDOM_ONE_TO_ONE_MATCHING,99,tool_argument_distance,0.10951614594509575,0.06748346461263544,0.14877915680179638,0.0008326394671107411,0.10045470249590799,0.11509280628051873,True,True,36,RANDOM_ONE_TO_ONE_MATCHING
RANDOM_ONE_TO_ONE_MATCHING,99,tool_name_distance,0.07687890320425758,0.04021237149283896,0.11524728593306188,0.0016652789342214821,0.06819770674664268,0.08297857459663732,True,True,36,RANDOM_ONE_TO_ONE_MATCHING
RANDOM_ONE_TO_ONE_MATCHING,99,stage_distance,0.08437590844588311,0.04812162734853722,0.12674512791746323,0.0008326394671107411,0.07382338338107161,0.08956307376523442,True,True,36,RANDOM_ONE_TO_ONE_MATCHING
RANDOM_ONE_TO_ONE_MATCHING,100,tool_argument_distance,0.12128208329173878,0.08259460246383504,0.1645835062639007,0.0008326394671107411,0.11251770414192121,0.12854312704353457,True,True,36,RANDOM_ONE_TO_ONE_MATCHING
RANDOM_ONE_TO_ONE_MATCHING,100,tool_name_distance,0.0885634019935101,0.05513092224139091,0.12463107524177298,0.0008326394671107411,0.07971099785339475,0.09584984684546505,True,True,36,RANDOM_ONE_TO_ONE_MATCHING
RANDOM_ONE_TO_ONE_MATCHING,100,stage_distance,0.09766448683414125,0.06307030164273537,0.13636507097379705,0.0008326394671107411,0.0874916354375657,0.10482978759560581,True,True,36,RANDOM_ONE_TO_ONE_MATCHING
RANDOM_ONE_TO_ONE_MATCHING,101,tool_argument_distance,0.11095583743433965,0.07552519975046369,0.15025031073039918,0.0008326394671107411,0.10430978075909735,0.11635863755641351,True,True,36,RANDOM_ONE_TO_ONE_MATCHING
RANDOM_ONE_TO_ONE_MATCHING,101,tool_name_distance,0.08501645126303684,0.04799176795033855,0.12153651743063833,0.0008326394671107411,0.07694654405731778,0.09035823458693548,True,True,36,RANDOM_ONE_TO_ONE_MATCHING
RANDOM_ONE_TO_ONE_MATCHING,101,stage_distance,0.08978247478062507,0.049711481555983865,0.13063968521878566,0.0008326394671107411,0.08282752755419642,0.09524555548538961,True,True,36,RANDOM_ONE_TO_ONE_MATCHING
RANDOM_ONE_TO_ONE_MATCHING,102,tool_argument_distance,0.11674027819631311,0.08037816553330593,0.1590659480727194,0.0008326394671107411,0.10693285757335061,0.12345680743819687,True,True,36,RANDOM_ONE_TO_ONE_MATCHING
RANDOM_ONE_TO_ONE_MATCHING,102,tool_name_distance,0.09180988817289532,0.05654701366343129,0.1277706854123296,0.0008326394671107411,0.08355529128581292,0.09801803860178153,True,True,36,RANDOM_ONE_TO_ONE_MATCHING
RANDOM_ONE_TO_ONE_MATCHING,102,stage_distance,0.09341876148472224,0.06022066397180592,0.1306923179087986,0.0008326394671107411,0.08407698460197281,0.09965800500288116,True,True,36,RANDOM_ONE_TO_ONE_MATCHING
RANDOM_ONE_TO_ONE_MATCHING,103,tool_argument_distance,0.12007216650484603,0.07505633645832915,0.16364107782630702,0.0008326394671107411,0.11131232364307975,0.12606688705501967,True,True,36,RANDOM_ONE_TO_ONE_MATCHING
RANDOM_ONE_TO_ONE_MATCHING,103,tool_name_distance,0.09673772907153758,0.05313028889905732,0.14261744487628994,0.0008326394671107411,0.0884146195922512,0.103430675405881,True,True,36,RANDOM_ONE_TO_ONE_MATCHING
RANDOM_ONE_TO_ONE_MATCHING,103,stage_distance,0.10327156425277081,0.05894667241102531,0.14845429964050755,0.0008326394671107411,0.0932589150681561,0.10984591478032167,True,True,36,RANDOM_ONE_TO_ONE_MATCHING
RANDOM_ONE_TO_ONE_MATCHING,104,tool_argument_distance,0.11038389882885478,0.07395991860820128,0.14922615523726862,0.0008326394671107411,0.10179106746302216,0.11874216979983877,True,True,36,RANDOM_ONE_TO_ONE_MATCHING
RANDOM_ONE_TO_ONE_MATCHING,104,tool_name_distance,0.08564673754592703,0.047905091950305664,0.12280193489688655,0.0008326394671107411,0.07651258743746805,0.09311042029244375,True,True,36,RANDOM_ONE_TO_ONE_MATCHING
RANDOM_ONE_TO_ONE_MATCHING,104,stage_distance,0.092408895956537,0.05262505806342171,0.1322327002176521,0.0008326394671107411,0.08464370794985301,0.09934295050623843,True,True,36,RANDOM_ONE_TO_ONE_MATCHING
RANDOM_ONE_TO_ONE_MATCHING,105,tool_argument_distance,0.09474144415575254,0.05211232444825606,0.13902903341580652,0.0008326394671107411,0.08430548541734548,0.10265278785036219,True,True,36,RANDOM_ONE_TO_ONE_MATCHING
RANDOM_ONE_TO_ONE_MATCHING,105,tool_name_distance,0.06796695768885491,0.03130586254751827,0.10717489965418643,0.0033305578684429643,0.05962637231175231,0.07492550386802671,True,True,36,RANDOM_ONE_TO_ONE_MATCHING
RANDOM_ONE_TO_ONE_MATCHING,105,stage_distance,0.07039074802539418,0.03091746601636859,0.11093105651863634,0.0033305578684429643,0.06039102790094966,0.07669571263420581,True,True,36,RANDOM_ONE_TO_ONE_MATCHING
RANDOM_ONE_TO_ONE_MATCHING,106,tool_argument_distance,0.09550429392122063,0.05690644267851746,0.1331545909799863,0.0008326394671107411,0.08889965469992217,0.1028350819762458,True,True,36,RANDOM_ONE_TO_ONE_MATCHING
RANDOM_ONE_TO_ONE_MATCHING,106,tool_name_distance,0.07308722134167583,0.035754912847378126,0.1088106456100778,0.0008326394671107411,0.06487489169375917,0.07925993893202771,True,True,36,RANDOM_ONE_TO_ONE_MATCHING
RANDOM_ONE_TO_ONE_MATCHING,106,stage_distance,0.08135058105945116,0.04225621267706315,0.1216377922719949,0.0008326394671107411,0.07296280339192693,0.08846602064360357,True,True,36,RANDOM_ONE_TO_ONE_MATCHING
RANDOM_ONE_TO_ONE_MATCHING,107,tool_argument_distance,0.13507439839745963,0.09563340306620775,0.17707384535280132,0.0008326394671107411,0.12723425099511398,0.14034822944326614,True,True,36,RANDOM_ONE_TO_ONE_MATCHING
RANDOM_ONE_TO_ONE_MATCHING,107,tool_name_distance,0.11146507018680943,0.0732602522773007,0.15487389274706168,0.0008326394671107411,0.10124790264740587,0.11674445751903076,True,True,36,RANDOM_ONE_TO_ONE_MATCHING
RANDOM_ONE_TO_ONE_MATCHING,107,stage_distance,0.11822520515789596,0.08148429860278687,0.16439647910576283,0.0008326394671107411,0.1090187667495344,0.12331656411763992,True,True,36,RANDOM_ONE_TO_ONE_MATCHING
RANDOM_ONE_TO_ONE_MATCHING,108,tool_argument_distance,0.11730608446924874,0.07115611409138033,0.16741011446360418,0.0008326394671107411,0.10751482973979867,0.12586213217281542,True,True,36,RANDOM_ONE_TO_ONE_MATCHING
RANDOM_ONE_TO_ONE_MATCHING,108,tool_name_distance,0.08541371314765682,0.047359108647904366,0.12637093055734216,0.0008326394671107411,0.07737319379953586,0.09287073805422298,True,True,36,RANDOM_ONE_TO_ONE_MATCHING
RANDOM_ONE_TO_ONE_MATCHING,108,stage_distance,0.09067242387426354,0.05289363345260968,0.13183148331317665,0.0016652789342214821,0.08125218020264385,0.09755686493590002,True,True,36,RANDOM_ONE_TO_ONE_MATCHING
RANDOM_ONE_TO_ONE_MATCHING,109,tool_argument_distance,0.11458418114642518,0.06798694594895038,0.16327626373799556,0.0008326394671107411,0.10471515775060876,0.1217637588849242,True,True,36,RANDOM_ONE_TO_ONE_MATCHING
RANDOM_ONE_TO_ONE_MATCHING,109,tool_name_distance,0.09444543266692235,0.05567348675254282,0.1360513506978883,0.0008326394671107411,0.08664492492988574,0.10086180540390906,True,True,36,RANDOM_ONE_TO_ONE_MATCHING
RANDOM_ONE_TO_ONE_MATCHING,109,stage_distance,0.10648660360689441,0.06548215362037056,0.14968319670482166,0.0008326394671107411,0.09751819364192134,0.11315281240170594,True,True,36,RANDOM_ONE_TO_ONE_MATCHING
RANDOM_ONE_TO_ONE_MATCHING,110,tool_argument_distance,0.10337342550269947,0.06757183354288898,0.1414075645760006,0.0008326394671107411,0.09614801976670156,0.10930400426358243,True,True,36,RANDOM_ONE_TO_ONE_MATCHING
RANDOM_ONE_TO_ONE_MATCHING,110,tool_name_distance,0.07912518539905239,0.041398172476506456,0.11754514398745033,0.0008326394671107411,0.07090499382954274,0.08504306582083601,True,True,36,RANDOM_ONE_TO_ONE_MATCHING
RANDOM_ONE_TO_ONE_MATCHING,110,stage_distance,0.08611521068377104,0.047123674436000275,0.12541937884727816,0.0008326394671107411,0.07844076586842794,0.09221793139405285,True,True,36,RANDOM_ONE_TO_ONE_MATCHING
RANDOM_ONE_TO_ONE_MATCHING,111,tool_argument_distance,0.11838526937268748,0.08160284545863991,0.15725443585957571,0.0008326394671107411,0.1119081921381079,0.12498802394651116,True,True,36,RANDOM_ONE_TO_ONE_MATCHING
RANDOM_ONE_TO_ONE_MATCHING,111,tool_name_distance,0.09534828586224144,0.05611191290980836,0.1339541057767575,0.0008326394671107411,0.08801243189821475,0.1018986795130338,True,True,36,RANDOM_ONE_TO_ONE_MATCHING
RANDOM_ONE_TO_ONE_MATCHING,111,stage_distance,0.10272977518973991,0.06329682968705505,0.1404102207534728,0.0008326394671107411,0.09519236987976218,0.10876823581277097,True,True,36,RANDOM_ONE_TO_ONE_MATCHING
RANDOM_ONE_TO_ONE_MATCHING,112,tool_argument_distance,0.12066078921045865,0.08027741587658076,0.1610992928396009,0.0008326394671107411,0.11096538318790035,0.12680756005864863,True,True,36,RANDOM_ONE_TO_ONE_MATCHING
RANDOM_ONE_TO_ONE_MATCHING,112,tool_name_distance,0.08773106023741423,0.051977282974547484,0.12251434488641569,0.0008326394671107411,0.07876468731407998,0.09366637885587017,True,True,36,RANDOM_ONE_TO_ONE_MATCHING
RANDOM_ONE_TO_ONE_MATCHING,112,stage_distance,0.09598565597314984,0.059007754205447675,0.1360707028630869,0.0008326394671107411,0.0867172189329269,0.10061111302755942,True,True,36,RANDOM_ONE_TO_ONE_MATCHING
RANDOM_ONE_TO_ONE_MATCHING,113,tool_argument_distance,0.10781757671596402,0.06738763400298138,0.14991420202889028,0.0008326394671107411,0.09775522176499157,0.1131241256953801,True,True,36,RANDOM_ONE_TO_ONE_MATCHING
RANDOM_ONE_TO_ONE_MATCHING,113,tool_name_distance,0.08121150094157276,0.04116637447410138,0.1202484486392192,0.0008326394671107411,0.07400329933994464,0.0867180968932576,True,True,36,RANDOM_ONE_TO_ONE_MATCHING
RANDOM_ONE_TO_ONE_MATCHING,113,stage_distance,0.08890457378391414,0.04618559551921385,0.13404209868461409,0.0008326394671107411,0.07943382010971306,0.09424979673087175,True,True,36,RANDOM_ONE_TO_ONE_MATCHING
RANDOM_ONE_TO_ONE_MATCHING,114,tool_argument_distance,0.12674104744392467,0.08466355818927537,0.17093814332448154,0.0008326394671107411,0.11817174403756063,0.1335825385340694,True,True,36,RANDOM_ONE_TO_ONE_MATCHING
RANDOM_ONE_TO_ONE_MATCHING,114,tool_name_distance,0.09700806385512559,0.06055953576921576,0.1392384119517015,0.0008326394671107411,0.08890198627324977,0.10360587973428609,True,True,36,RANDOM_ONE_TO_ONE_MATCHING
RANDOM_ONE_TO_ONE_MATCHING,114,stage_distance,0.10531546389471902,0.0640624707153804,0.14827663622190104,0.0008326394671107411,0.09631359279511235,0.11142780133789233,True,True,36,RANDOM_ONE_TO_ONE_MATCHING
RANDOM_ONE_TO_ONE_MATCHING,115,tool_argument_distance,0.1097794735537274,0.07263543069477407,0.14911047507894307,0.0008326394671107411,0.1027566744816213,0.11514866327921235,True,True,36,RANDOM_ONE_TO_ONE_MATCHING
RANDOM_ONE_TO_ONE_MATCHING,115,tool_name_distance,0.08460201192907134,0.04561955302225797,0.12557893882341045,0.0008326394671107411,0.07599828082039908,0.08972199864761093,True,True,36,RANDOM_ONE_TO_ONE_MATCHING
RANDOM_ONE_TO_ONE_MATCHING,115,stage_distance,0.09478454348775912,0.05692876103691494,0.13340473761474805,0.0008326394671107411,0.08678059331818655,0.10032275691408743,True,True,36,RANDOM_ONE_TO_ONE_MATCHING
RANDOM_ONE_TO_ONE_MATCHING,116,tool_argument_distance,0.08695831589401476,0.04668170499292069,0.12928061688648348,0.0016652789342214821,0.0792360364841839,0.09372675459478995,True,True,36,RANDOM_ONE_TO_ONE_MATCHING
RANDOM_ONE_TO_ONE_MATCHING,116,tool_name_distance,0.062214525815651026,0.021752396662971987,0.10333627809181081,0.00749375520399667,0.05280770934029526,0.06837890702942014,True,True,36,RANDOM_ONE_TO_ONE_MATCHING
RANDOM_ONE_TO_ONE_MATCHING,116,stage_distance,0.0696909369394602,0.027726016709296017,0.11638185883081006,0.004163197335553705,0.05968936280212959,0.07648695561288767,True,True,36,RANDOM_ONE_TO_ONE_MATCHING
RANDOM_ONE_TO_ONE_MATCHING,117,tool_argument_distance,0.11521293996154733,0.0770729978820078,0.15540818736773301,0.0008326394671107411,0.10631426205568678,0.12241048223762123,True,True,36,RANDOM_ONE_TO_ONE_MATCHING
RANDOM_ONE_TO_ONE_MATCHING,117,tool_name_distance,0.08668284299230154,0.05164684715296702,0.1235218321582412,0.0008326394671107411,0.07969917818890698,0.09287742745287053,True,True,36,RANDOM_ONE_TO_ONE_MATCHING
RANDOM_ONE_TO_ONE_MATCHING,117,stage_distance,0.09789367555886548,0.05749955552914477,0.14301343282478315,0.0008326394671107411,0.08867975336394873,0.10368573679850358,True,True,36,RANDOM_ONE_TO_ONE_MATCHING
RANDOM_ONE_TO_ONE_MATCHING,118,tool_argument_distance,0.10387617983296069,0.06553245678884878,0.14697190096720703,0.0008326394671107411,0.09465359449485479,0.10963288803563292,True,True,36,RANDOM_ONE_TO_ONE_MATCHING
RANDOM_ONE_TO_ONE_MATCHING,118,tool_name_distance,0.07673677641127119,0.04242452932519656,0.11119517990979927,0.0008326394671107411,0.06983723347385667,0.0815529114466775,True,True,36,RANDOM_ONE_TO_ONE_MATCHING
RANDOM_ONE_TO_ONE_MATCHING,118,stage_distance,0.08474809312513304,0.04787965014988036,0.12540349635712258,0.0016652789342214821,0.07515858286068104,0.09022630819642936,True,True,36,RANDOM_ONE_TO_ONE_MATCHING
RANDOM_ONE_TO_ONE_MATCHING,119,tool_argument_distance,0.1047302509206601,0.05939715324026605,0.14913163073429672,0.0008326394671107411,0.09551292379448754,0.11292698909426711,True,True,36,RANDOM_ONE_TO_ONE_MATCHING
RANDOM_ONE_TO_ONE_MATCHING,119,tool_name_distance,0.08007361236140656,0.03847481789375989,0.12341719583900869,0.002497918401332223,0.07207893140351973,0.08737806295979413,True,True,36,RANDOM_ONE_TO_ONE_MATCHING
RANDOM_ONE_TO_ONE_MATCHING,119,stage_distance,0.08511728795671997,0.04153270554855007,0.12885306265451182,0.0008326394671107411,0.07553832611602762,0.09184301084928378,True,True,36,RANDOM_ONE_TO_ONE_MATCHING
RANDOM_ONE_TO_ONE_MATCHING,120,tool_argument_distance,0.10911715457170879,0.068039155835391,0.15439103356013437,0.0008326394671107411,0.10004431136899569,0.11605472248500906,True,True,36,RANDOM_ONE_TO_ONE_MATCHING
RANDOM_ONE_TO_ONE_MATCHING,120,tool_name_distance,0.08929133510027765,0.05323115792075336,0.1306176874865979,0.0008326394671107411,0.08249436108355913,0.09562105882818404,True,True,36,RANDOM_ONE_TO_ONE_MATCHING
RANDOM_ONE_TO_ONE_MATCHING,120,stage_distance,0.09395363409893669,0.04988913459932485,0.13784976362312415,0.0008326394671107411,0.0846271392908791,0.10112319237152602,True,True,36,RANDOM_ONE_TO_ONE_MATCHING
RANDOM_ONE_TO_ONE_MATCHING,121,tool_argument_distance,0.10925667297736423,0.06711255678241039,0.14946094098730786,0.0008326394671107411,0.10220570923270594,0.11628403619674718,True,True,36,RANDOM_ONE_TO_ONE_MATCHING
RANDOM_ONE_TO_ONE_MATCHING,121,tool_name_distance,0.08238911100398676,0.04296697160923275,0.12167134934493345,0.0008326394671107411,0.07424413693372342,0.08846101740774674,True,True,36,RANDOM_ONE_TO_ONE_MATCHING
RANDOM_ONE_TO_ONE_MATCHING,121,stage_distance,0.09200769154185216,0.05547966476895763,0.13124193294104308,0.0008326394671107411,0.08332916465001558,0.09782438900238279,True,True,36,RANDOM_ONE_TO_ONE_MATCHING
RANDOM_ONE_TO_ONE_MATCHING,122,tool_argument_distance,0.11585594159431224,0.07705393758316942,0.15396574552632214,0.0008326394671107411,0.1077501421381805,0.12290535517910785,True,True,36,RANDOM_ONE_TO_ONE_MATCHING
RANDOM_ONE_TO_ONE_MATCHING,122,tool_name_distance,0.0806395903072285,0.04471247476262794,0.12033911058584164,0.0008326394671107411,0.07204780453451812,0.08649501023886667,True,True,36,RANDOM_ONE_TO_ONE_MATCHING
RANDOM_ONE_TO_ONE_MATCHING,122,stage_distance,0.09208961864263648,0.055586808035762575,0.12879203679064904,0.0008326394671107411,0.08341343252510801,0.09754934951816786,True,True,36,RANDOM_ONE_TO_ONE_MATCHING
RANDOM_ONE_TO_ONE_MATCHING,123,tool_argument_distance,0.11760754499406441,0.07622057280918129,0.16349755399284088,0.0008326394671107411,0.10782490342246623,0.12496970465298177,True,True,36,RANDOM_ONE_TO_ONE_MATCHING
RANDOM_ONE_TO_ONE_MATCHING,123,tool_name_distance,0.08647742005714358,0.048212107331609175,0.12632274886318173,0.0008326394671107411,0.07887965299022577,0.09276233538719386,True,True,36,RANDOM_ONE_TO_ONE_MATCHING
RANDOM_ONE_TO_ONE_MATCHING,123,stage_distance,0.09642624302836461,0.05462161950229174,0.13849022185194712,0.0008326394671107411,0.08717039418971925,0.10227257772047421,True,True,36,RANDOM_ONE_TO_ONE_MATCHING
RANDOM_ONE_TO_ONE_MATCHING,124,tool_argument_distance,0.1097423636935331,0.06683858629302841,0.1528495401805381,0.0008326394671107411,0.09973500265620545,0.11669779472459978,True,True,36,RANDOM_ONE_TO_ONE_MATCHING
RANDOM_ONE_TO_ONE_MATCHING,124,tool_name_distance,0.0864618479951104,0.05022956405484153,0.12171792013656296,0.0008326394671107411,0.078252862658504,0.09271072923429774,True,True,36,RANDOM_ONE_TO_ONE_MATCHING
RANDOM_ONE_TO_ONE_MATCHING,124,stage_distance,0.09452958286448308,0.05480899578410648,0.13486700762037707,0.0008326394671107411,0.08521954373544112,0.10171559681608802,True,True,36,RANDOM_ONE_TO_ONE_MATCHING
RANDOM_ONE_TO_ONE_MATCHING,125,tool_argument_distance,0.11683785974814304,0.07945374716543074,0.15621906018673873,0.0008326394671107411,0.1104135542498456,0.12209770131970696,True,True,36,RANDOM_ONE_TO_ONE_MATCHING
RANDOM_ONE_TO_ONE_MATCHING,125,tool_name_distance,0.092519715669896,0.05457593945317834,0.13121498714535987,0.0008326394671107411,0.08347371125675389,0.09776289191736312,True,True,36,RANDOM_ONE_TO_ONE_MATCHING
RANDOM_ONE_TO_ONE_MATCHING,125,stage_distance,0.0992071395463846,0.06027896956853595,0.13884835195924064,0.0008326394671107411,0.08954383497848704,0.10435567076175141,True,True,36,RANDOM_ONE_TO_ONE_MATCHING
RANDOM_ONE_TO_ONE_MATCHING,126,tool_argument_distance,0.11273576329963479,0.07544148488483454,0.15091583450557458,0.0008326394671107411,0.10333711218852289,0.1191771034142284,True,True,36,RANDOM_ONE_TO_ONE_MATCHING
RANDOM_ONE_TO_ONE_MATCHING,126,tool_name_distance,0.08064580432754455,0.041241234457850606,0.1233292697931459,0.0016652789342214821,0.07117035771443336,0.08692216532373093,True,True,36,RANDOM_ONE_TO_ONE_MATCHING
RANDOM_ONE_TO_ONE_MATCHING,126,stage_distance,0.09009375809143351,0.047524197586101706,0.13111122152644317,0.0008326394671107411,0.08007988360606404,0.09577118965451295,True,True,36,RANDOM_ONE_TO_ONE_MATCHING
RANDOM_ONE_TO_ONE_MATCHING,127,tool_argument_distance,0.11340313389264872,0.073526298091348,0.15676181349039978,0.0008326394671107411,0.10415582564504089,0.12056083845565593,True,True,36,RANDOM_ONE_TO_ONE_MATCHING
RANDOM_ONE_TO_ONE_MATCHING,127,tool_name_distance,0.08398198409421069,0.04741711090515868,0.12104320743005942,0.0008326394671107411,0.07667617147731882,0.08960834152741606,True,True,36,RANDOM_ONE_TO_ONE_MATCHING
RANDOM_ONE_TO_ONE_MATCHING,127,stage_distance,0.08920229443519478,0.053491847043890636,0.12586597609690198,0.0008326394671107411,0.08259718992245886,0.09539582930569208,True,True,36,RANDOM_ONE_TO_ONE_MATCHING
RANDOM_ONE_TO_ONE_MATCHING,128,tool_argument_distance,0.10236180762911705,0.05878135126663164,0.14243629812303263,0.0008326394671107411,0.09214357356137752,0.11049087599439426,True,True,36,RANDOM_ONE_TO_ONE_MATCHING
RANDOM_ONE_TO_ONE_MATCHING,128,tool_name_distance,0.07713011140161527,0.04105826728611952,0.11403409407534318,0.002497918401332223,0.06964656851154392,0.08435046197258024,True,True,36,RANDOM_ONE_TO_ONE_MATCHING
RANDOM_ONE_TO_ONE_MATCHING,128,stage_distance,0.08024770618744144,0.03854645977587729,0.12258217336796037,0.0016652789342214821,0.0705296134390554,0.08683429817231159,True,True,36,RANDOM_ONE_TO_ONE_MATCHING
RANDOM_ONE_TO_ONE_MATCHING,129,tool_argument_distance,0.10317581468429045,0.0678838447320612,0.1373839993379354,0.0008326394671107411,0.09599625746211826,0.11043274875379164,True,True,36,RANDOM_ONE_TO_ONE_MATCHING
RANDOM_ONE_TO_ONE_MATCHING,129,tool_name_distance,0.08251981972990606,0.0470682095057909,0.11600307049201328,0.0008326394671107411,0.07459503041111921,0.08928949045880057,True,True,36,RANDOM_ONE_TO_ONE_MATCHING
RANDOM_ONE_TO_ONE_MATCHING,129,stage_distance,0.08455193452158352,0.04904824424289181,0.12167935816342744,0.0008326394671107411,0.07778992630156527,0.0914313910200608,True,True,36,RANDOM_ONE_TO_ONE_MATCHING
RANDOM_ONE_TO_ONE_MATCHING,130,tool_argument_distance,0.11085859672679826,0.07232728011356293,0.14974384893245923,0.0008326394671107411,0.10183550901423061,0.11631966860399245,True,True,36,RANDOM_ONE_TO_ONE_MATCHING
RANDOM_ONE_TO_ONE_MATCHING,130,tool_name_distance,0.08521796449610995,0.05121260668896903,0.12106953728599378,0.0008326394671107411,0.0778223082226864,0.0907321014971125,True,True,36,RANDOM_ONE_TO_ONE_MATCHING
RANDOM_ONE_TO_ONE_MATCHING,130,stage_distance,0.09656817623864578,0.05890665379591352,0.13943464864330893,0.0008326394671107411,0.08731638263457987,0.10118728309007416,True,True,36,RANDOM_ONE_TO_ONE_MATCHING
RANDOM_ONE_TO_ONE_MATCHING,131,tool_argument_distance,0.10220408516347683,0.06483587859237079,0.14066539079631343,0.0008326394671107411,0.09293372569195713,0.10886344570739143,True,True,36,RANDOM_ONE_TO_ONE_MATCHING
RANDOM_ONE_TO_ONE_MATCHING,131,tool_name_distance,0.078707335384441,0.043325065011551325,0.11503232719979052,0.0008326394671107411,0.07160796137584143,0.08450754803257095,True,True,36,RANDOM_ONE_TO_ONE_MATCHING
RANDOM_ONE_TO_ONE_MATCHING,131,stage_distance,0.08857976680663975,0.04949433515281125,0.125558257329762,0.0008326394671107411,0.07909973293308796,0.09413130278454578,True,True,36,RANDOM_ONE_TO_ONE_MATCHING
RANDOM_ONE_TO_ONE_MATCHING,132,tool_argument_distance,0.10218466215094592,0.05457732056111398,0.14770932594264025,0.0008326394671107411,0.09291374773621104,0.1090099679181455,True,True,36,RANDOM_ONE_TO_ONE_MATCHING
RANDOM_ONE_TO_ONE_MATCHING,132,tool_name_distance,0.08047955792376804,0.04089093445703381,0.12369879115326496,0.0008326394671107411,0.07099936141340611,0.08649690566809322,True,True,36,RANDOM_ONE_TO_ONE_MATCHING
RANDOM_ONE_TO_ONE_MATCHING,132,stage_distance,0.08890419729628707,0.0453095442518798,0.1350794857527551,0.002497918401332223,0.07848105191291568,0.09443941629985149,True,True,36,RANDOM_ONE_TO_ONE_MATCHING
RANDOM_ONE_TO_ONE_MATCHING,133,tool_argument_distance,0.11963815230538,0.08260001707146702,0.1595720458731306,0.0008326394671107411,0.11309387578016714,0.12455277682850918,True,True,36,RANDOM_ONE_TO_ONE_MATCHING
RANDOM_ONE_TO_ONE_MATCHING,133,tool_name_distance,0.09400407878620355,0.06068865064535797,0.13080722318202886,0.0008326394671107411,0.08719016660035207,0.09815759747635439,True,True,36,RANDOM_ONE_TO_ONE_MATCHING
RANDOM_ONE_TO_ONE_MATCHING,133,stage_distance,0.09710936592083319,0.06426157650682479,0.13020486948420437,0.0008326394671107411,0.09073017773625837,0.10103856247321454,True,True,36,RANDOM_ONE_TO_ONE_MATCHING
RANDOM_ONE_TO_ONE_MATCHING,134,tool_argument_distance,0.11803517541556736,0.0754074650966819,0.16057899020958058,0.0008326394671107411,0.1099916397829001,0.12412936106151773,True,True,36,RANDOM_ONE_TO_ONE_MATCHING
RANDOM_ONE_TO_ONE_MATCHING,134,tool_name_distance,0.09199276754553029,0.051898164787101124,0.13108981023868935,0.0008326394671107411,0.0841221836621682,0.09802299291619876,True,True,36,RANDOM_ONE_TO_ONE_MATCHING
RANDOM_ONE_TO_ONE_MATCHING,134,stage_distance,0.09522030896908087,0.05463439467125014,0.13963066750313952,0.0008326394671107411,0.08663357114659367,0.10096157472305665,True,True,36,RANDOM_ONE_TO_ONE_MATCHING
RANDOM_ONE_TO_ONE_MATCHING,135,tool_argument_distance,0.12578747364989176,0.0838567603840079,0.17374842068716292,0.0008326394671107411,0.11623854432560296,0.1326017197744927,True,True,36,RANDOM_ONE_TO_ONE_MATCHING
RANDOM_ONE_TO_ONE_MATCHING,135,tool_name_distance,0.10019109608699608,0.06016474291778965,0.14363755553453025,0.0008326394671107411,0.09305317554610126,0.1061472550116093,True,True,36,RANDOM_ONE_TO_ONE_MATCHING
RANDOM_ONE_TO_ONE_MATCHING,135,stage_distance,0.10496090953892982,0.06373754651240889,0.14876851523290952,0.0016652789342214821,0.09594890831487203,0.11106311685765201,True,True,36,RANDOM_ONE_TO_ONE_MATCHING
RANDOM_ONE_TO_ONE_MATCHING,136,tool_argument_distance,0.0928814301531732,0.052247712889582576,0.13595832362692462,0.0016652789342214821,0.08334470910993054,0.09875550360643931,True,True,36,RANDOM_ONE_TO_ONE_MATCHING
RANDOM_ONE_TO_ONE_MATCHING,136,tool_name_distance,0.07171832047820788,0.03273873256279282,0.11439799262019812,0.0033305578684429643,0.0628896787998487,0.07759357226088502,True,True,36,RANDOM_ONE_TO_ONE_MATCHING
RANDOM_ONE_TO_ONE_MATCHING,136,stage_distance,0.07821277462805802,0.03770672463262363,0.12272468245224313,0.0016652789342214821,0.06748416002559438,0.0835507495207553,True,True,36,RANDOM_ONE_TO_ONE_MATCHING
RANDOM_ONE_TO_ONE_MATCHING,137,tool_argument_distance,0.11552142436929641,0.07656474231309551,0.15785869985025552,0.0008326394671107411,0.10567917935127634,0.12282398058179184,True,True,36,RANDOM_ONE_TO_ONE_MATCHING
RANDOM_ONE_TO_ONE_MATCHING,137,tool_name_distance,0.09141978406502693,0.054434639201175646,0.12800143303649283,0.0008326394671107411,0.08527886097111079,0.09784590979530246,True,True,36,RANDOM_ONE_TO_ONE_MATCHING
RANDOM_ONE_TO_ONE_MATCHING,137,stage_distance,0.0901653831389881,0.050961562557801966,0.12832482254836344,0.0008326394671107411,0.08073065258921769,0.09583283611997266,True,True,36,RANDOM_ONE_TO_ONE_MATCHING
RANDOM_ONE_TO_ONE_MATCHING,138,tool_argument_distance,0.11891412976363583,0.079457178875542,0.1606908838024521,0.0008326394671107411,0.11012120013783493,0.12445188796852279,True,True,36,RANDOM_ONE_TO_ONE_MATCHING
RANDOM_ONE_TO_ONE_MATCHING,138,tool_name_distance,0.09443512573437186,0.0577206842021074,0.1334156207793681,0.0008326394671107411,0.08535365973288432,0.09960364255429571,True,True,36,RANDOM_ONE_TO_ONE_MATCHING
RANDOM_ONE_TO_ONE_MATCHING,138,stage_distance,0.10138155175915999,0.06094131553805327,0.14370322411712208,0.0008326394671107411,0.09169018566429699,0.10677478441607839,True,True,36,RANDOM_ONE_TO_ONE_MATCHING
RANDOM_ONE_TO_ONE_MATCHING,139,tool_argument_distance,0.12530740043697536,0.07858872450867789,0.17189992920540256,0.0008326394671107411,0.11574475473517469,0.13262685570298993,True,True,36,RANDOM_ONE_TO_ONE_MATCHING
RANDOM_ONE_TO_ONE_MATCHING,139,tool_name_distance,0.09322905319766563,0.05764886375427105,0.13211210177415303,0.0008326394671107411,0.08654458541230105,0.09944417206903057,True,True,36,RANDOM_ONE_TO_ONE_MATCHING
RANDOM_ONE_TO_ONE_MATCHING,139,stage_distance,0.09330973051642726,0.0540725054366835,0.13343574502879788,0.0008326394671107411,0.08396483846315511,0.09893687172090265,True,True,36,RANDOM_ONE_TO_ONE_MATCHING
RANDOM_ONE_TO_ONE_MATCHING,140,tool_argument_distance,0.11039222785442666,0.0711293542759462,0.15241941286557853,0.0008326394671107411,0.10135581531693409,0.1181354572021782,True,True,36,RANDOM_ONE_TO_ONE_MATCHING
RANDOM_ONE_TO_ONE_MATCHING,140,tool_name_distance,0.08948034403852474,0.0518476868485469,0.12555690594547037,0.0008326394671107411,0.08153797662639106,0.09672899893534055,True,True,36,RANDOM_ONE_TO_ONE_MATCHING
RANDOM_ONE_TO_ONE_MATCHING,140,stage_distance,0.09759399492603567,0.055938655116726826,0.1420239684348124,0.0008326394671107411,0.08741912947494282,0.10512619376660093,True,True,36,RANDOM_ONE_TO_ONE_MATCHING
RANDOM_ONE_TO_ONE_MATCHING,141,tool_argument_distance,0.10379193074791611,0.06217815232670784,0.14348845150870432,0.0008326394671107411,0.09456693829309466,0.10932150170503459,True,True,36,RANDOM_ONE_TO_ONE_MATCHING
RANDOM_ONE_TO_ONE_MATCHING,141,tool_name_distance,0.07802868687232078,0.03645420551663692,0.11886527126627727,0.0016652789342214821,0.0702575546395781,0.08476248596922627,True,True,36,RANDOM_ONE_TO_ONE_MATCHING
RANDOM_ONE_TO_ONE_MATCHING,141,stage_distance,0.08297447296002249,0.046058415403912256,0.1266146611010552,0.002497918401332223,0.0733342878337102,0.08858398511918426,True,True,36,RANDOM_ONE_TO_ONE_MATCHING
RANDOM_ONE_TO_ONE_MATCHING,142,tool_argument_distance,0.1180239840877593,0.07107171112953263,0.1668769864338589,0.0008326394671107411,0.10920562172836196,0.12660054320899772,True,True,36,RANDOM_ONE_TO_ONE_MATCHING
RANDOM_ONE_TO_ONE_MATCHING,142,tool_name_distance,0.0890243267553399,0.04944828899013997,0.13621173825647623,0.0008326394671107411,0.07792789987979912,0.096584512050697,True,True,36,RANDOM_ONE_TO_ONE_MATCHING
RANDOM_ONE_TO_ONE_MATCHING,142,stage_distance,0.09724721768264642,0.05053571405078546,0.14350018692223288,0.0016652789342214821,0.08706244431031389,0.10431950999595099,True,True,36,RANDOM_ONE_TO_ONE_MATCHING
RANDOM_ONE_TO_ONE_MATCHING,143,tool_argument_distance,0.11259023056178832,0.0717042730549001,0.15986544389275578,0.0008326394671107411,0.1048581765432074,0.11772219717538372,True,True,36,RANDOM_ONE_TO_ONE_MATCHING
RANDOM_ONE_TO_ONE_MATCHING,143,tool_name_distance,0.08940565354626084,0.04902077829438597,0.12836797930723004,0.0008326394671107411,0.08146115212006248,0.0946628871681487,True,True,36,RANDOM_ONE_TO_ONE_MATCHING
RANDOM_ONE_TO_ONE_MATCHING,143,stage_distance,0.09089658247153015,0.05018927942373571,0.12994031425393618,0.0008326394671107411,0.08391902451039925,0.09711736209104554,True,True,36,RANDOM_ONE_TO_ONE_MATCHING
RANDOM_ONE_TO_ONE_MATCHING,144,tool_argument_distance,0.09995891916755835,0.060613375739151466,0.1374630555128576,0.0008326394671107411,0.0933558076846937,0.10672063227808973,True,True,36,RANDOM_ONE_TO_ONE_MATCHING
RANDOM_ONE_TO_ONE_MATCHING,144,tool_name_distance,0.07559514151233569,0.04192612705707926,0.1136300367378144,0.0016652789342214821,0.06725605402802519,0.08173577375078472,True,True,36,RANDOM_ONE_TO_ONE_MATCHING
RANDOM_ONE_TO_ONE_MATCHING,144,stage_distance,0.08447503361747673,0.046425458833089406,0.12462311734123441,0.0008326394671107411,0.07756541491192784,0.09004510340478158,True,True,36,RANDOM_ONE_TO_ONE_MATCHING
RANDOM_ONE_TO_ONE_MATCHING,145,tool_argument_distance,0.11486663884059806,0.07420641486905694,0.1551192154707537,0.0008326394671107411,0.10500568566461514,0.12063210985252394,True,True,36,RANDOM_ONE_TO_ONE_MATCHING
RANDOM_ONE_TO_ONE_MATCHING,145,tool_name_distance,0.0888456261512699,0.05245203548358267,0.12501092910124198,0.0008326394671107411,0.08099334905058261,0.09482786022360919,True,True,36,RANDOM_ONE_TO_ONE_MATCHING
RANDOM_ONE_TO_ONE_MATCHING,145,stage_distance,0.09747401435907369,0.06038239944797143,0.1365314986784012,0.0008326394671107411,0.08824810184416286,0.10368789908914218,True,True,36,RANDOM_ONE_TO_ONE_MATCHING
RANDOM_ONE_TO_ONE_MATCHING,146,tool_argument_distance,0.11592666603581618,0.08063357563946495,0.15155774384035567,0.0008326394671107411,0.10990552316064901,0.12095327051283171,True,True,36,RANDOM_ONE_TO_ONE_MATCHING
RANDOM_ONE_TO_ONE_MATCHING,146,tool_name_distance,0.0874494822935032,0.055445787589763734,0.12312626541367466,0.0008326394671107411,0.0795573153683083,0.09392023408871698,True,True,36,RANDOM_ONE_TO_ONE_MATCHING
RANDOM_ONE_TO_ONE_MATCHING,146,stage_distance,0.09566993007842421,0.06383739986072431,0.12942273046622288,0.0008326394671107411,0.0891883906656989,0.10082984465385407,True,True,36,RANDOM_ONE_TO_ONE_MATCHING
RANDOM_ONE_TO_ONE_MATCHING,147,tool_argument_distance,0.12048011956225563,0.08606304002440597,0.16048756407559028,0.0008326394671107411,0.11339814565405702,0.1254638503197617,True,True,36,RANDOM_ONE_TO_ONE_MATCHING
RANDOM_ONE_TO_ONE_MATCHING,147,tool_name_distance,0.09842394766596871,0.06418523271542408,0.1329834952124966,0.0008326394671107411,0.09153076257969853,0.1036923430627076,True,True,36,RANDOM_ONE_TO_ONE_MATCHING
RANDOM_ONE_TO_ONE_MATCHING,147,stage_distance,0.10952360479455986,0.07341934033684618,0.14460774748924676,0.0008326394671107411,0.10307824747122982,0.11505574219872454,True,True,36,RANDOM_ONE_TO_ONE_MATCHING
RANDOM_ONE_TO_ONE_MATCHING,148,tool_argument_distance,0.11135358218062091,0.0749861797199431,0.14922895003179462,0.0008326394671107411,0.10298590675086088,0.1183058162116667,True,True,36,RANDOM_ONE_TO_ONE_MATCHING
RANDOM_ONE_TO_ONE_MATCHING,148,tool_name_distance,0.08666577392907233,0.04903666443629689,0.12830301920106002,0.0008326394671107411,0.07836733572387122,0.09359275053107877,True,True,36,RANDOM_ONE_TO_ONE_MATCHING
RANDOM_ONE_TO_ONE_MATCHING,148,stage_distance,0.0961687676145948,0.05730111533640156,0.13245274185551106,0.0008326394671107411,0.08856089113374195,0.10335238360226524,True,True,36,RANDOM_ONE_TO_ONE_MATCHING
RANDOM_ONE_TO_ONE_MATCHING,149,tool_argument_distance,0.10433862008258535,0.06145139771400368,0.14263210756658215,0.0008326394671107411,0.09694872784252068,0.11122546750497464,True,True,36,RANDOM_ONE_TO_ONE_MATCHING
RANDOM_ONE_TO_ONE_MATCHING,149,tool_name_distance,0.0770363691990344,0.03590223147263569,0.11620509573249625,0.0008326394671107411,0.06895490986507978,0.08295534012265289,True,True,36,RANDOM_ONE_TO_ONE_MATCHING
RANDOM_ONE_TO_ONE_MATCHING,149,stage_distance,0.08945587369795449,0.05136393604934467,0.13150836276069738,0.0008326394671107411,0.08204650200978512,0.09531255334614457,True,True,36,RANDOM_ONE_TO_ONE_MATCHING
RANDOM_ONE_TO_ONE_MATCHING,150,tool_argument_distance,0.11038705601223006,0.07173910939069499,0.14837162490297803,0.0008326394671107411,0.10367406103138292,0.11744671588975206,True,True,36,RANDOM_ONE_TO_ONE_MATCHING
RANDOM_ONE_TO_ONE_MATCHING,150,tool_name_distance,0.08013855526611216,0.04565386157282862,0.11391490934689658,0.0008326394671107411,0.07272293039698892,0.086159759187039,True,True,36,RANDOM_ONE_TO_ONE_MATCHING
RANDOM_ONE_TO_ONE_MATCHING,150,stage_distance,0.09182900074570968,0.05682904076943648,0.12796630679460616,0.0008326394671107411,0.08433584459303092,0.09780304230868803,True,True,36,RANDOM_ONE_TO_ONE_MATCHING
RANDOM_ONE_TO_ONE_MATCHING,151,tool_argument_distance,0.09928861957355885,0.06051312616168088,0.1390575447778565,0.0008326394671107411,0.09279210394232719,0.1073298825658201,True,True,36,RANDOM_ONE_TO_ONE_MATCHING
RANDOM_ONE_TO_ONE_MATCHING,151,tool_name_distance,0.07731758589249532,0.04039540536069204,0.11941141822792109,0.0008326394671107411,0.06864892322597292,0.08454329287748544,True,True,36,RANDOM_ONE_TO_ONE_MATCHING
RANDOM_ONE_TO_ONE_MATCHING,151,stage_distance,0.08553531865492146,0.048107619753593546,0.1294391829632627,0.0008326394671107411,0.077880380531972,0.09227298528171961,True,True,36,RANDOM_ONE_TO_ONE_MATCHING
RANDOM_ONE_TO_ONE_MATCHING,152,tool_argument_distance,0.1103091397986929,0.06998063196280203,0.15420735990454265,0.0008326394671107411,0.10127035331675083,0.11746277359488538,True,True,36,RANDOM_ONE_TO_ONE_MATCHING
RANDOM_ONE_TO_ONE_MATCHING,152,tool_name_distance,0.08568536188744282,0.048722960381758884,0.12860570841503582,0.0008326394671107411,0.07765260393188717,0.09194764698407308,True,True,36,RANDOM_ONE_TO_ONE_MATCHING
RANDOM_ONE_TO_ONE_MATCHING,152,stage_distance,0.09416232615910045,0.05485569423441922,0.13772793873588599,0.0008326394671107411,0.08388941302895231,0.10040877613290926,True,True,36,RANDOM_ONE_TO_ONE_MATCHING
RANDOM_ONE_TO_ONE_MATCHING,153,tool_argument_distance,0.1212094968874343,0.08140806006567043,0.16695786620998987,0.0008326394671107411,0.11248214917945625,0.1272884724257647,True,True,36,RANDOM_ONE_TO_ONE_MATCHING
RANDOM_ONE_TO_ONE_MATCHING,153,tool_name_distance,0.08655409064745442,0.048326852209172745,0.12527115651560874,0.0008326394671107411,0.07874456621202611,0.09209513730563702,True,True,36,RANDOM_ONE_TO_ONE_MATCHING
RANDOM_ONE_TO_ONE_MATCHING,153,stage_distance,0.09276644115262782,0.05226143120392883,0.13829579602554357,0.0008326394671107411,0.08340602654610427,0.09904064530588887,True,True,36,RANDOM_ONE_TO_ONE_MATCHING
RANDOM_ONE_TO_ONE_MATCHING,154,tool_argument_distance,0.11579973257515208,0.07620525356316853,0.15856560989041754,0.0008326394671107411,0.10860561650319087,0.12204943688034456,True,True,36,RANDOM_ONE_TO_ONE_MATCHING
RANDOM_ONE_TO_ONE_MATCHING,154,tool_name_distance,0.08985769328465584,0.054441164319867584,0.13052037902168806,0.0008326394671107411,0.08215469932243225,0.09553276623943474,True,True,36,RANDOM_ONE_TO_ONE_MATCHING
RANDOM_ONE_TO_ONE_MATCHING,154,stage_distance,0.0956884913889055,0.05818387903626874,0.13257205805096609,0.0008326394671107411,0.08864873152630033,0.10151528385559777,True,True,36,RANDOM_ONE_TO_ONE_MATCHING
RANDOM_ONE_TO_ONE_MATCHING,155,tool_argument_distance,0.11433143339410745,0.07192564011905321,0.1571176110178887,0.0008326394671107411,0.10540756958632001,0.12080819832784513,True,True,36,RANDOM_ONE_TO_ONE_MATCHING
RANDOM_ONE_TO_ONE_MATCHING,155,tool_name_distance,0.09249944317047835,0.054517409808853695,0.13108242984963211,0.0008326394671107411,0.08531182914489391,0.09845534489877379,True,True,36,RANDOM_ONE_TO_ONE_MATCHING
RANDOM_ONE_TO_ONE_MATCHING,155,stage_distance,0.09708353273635278,0.05463171439458,0.13883418080680554,0.0008326394671107411,0.08784646360364994,0.10358843416550846,True,True,36,RANDOM_ONE_TO_ONE_MATCHING
RANDOM_ONE_TO_ONE_MATCHING,156,tool_argument_distance,0.0972806538236275,0.0574109645967147,0.13515474599221672,0.0008326394671107411,0.09072676774239781,0.10328041938176373,True,True,36,RANDOM_ONE_TO_ONE_MATCHING
RANDOM_ONE_TO_ONE_MATCHING,156,tool_name_distance,0.06941524256808701,0.03321273499996708,0.10773336418439992,0.0016652789342214821,0.05992556056848628,0.0752246921247607,True,True,36,RANDOM_ONE_TO_ONE_MATCHING
RANDOM_ONE_TO_ONE_MATCHING,156,stage_distance,0.07748187305254038,0.042349684391843494,0.11698651282954838,0.0008326394671107411,0.06856869795567007,0.08279896504308001,True,True,36,RANDOM_ONE_TO_ONE_MATCHING
RANDOM_ONE_TO_ONE_MATCHING,157,tool_argument_distance,0.11706785944225949,0.07230155770996227,0.15711688109490082,0.0008326394671107411,0.11072630209711358,0.12533149145076233,True,True,36,RANDOM_ONE_TO_ONE_MATCHING
RANDOM_ONE_TO_ONE_MATCHING,157,tool_name_distance,0.08551174547332371,0.04554154410451923,0.12702881926410217,0.0008326394671107411,0.07805122762599383,0.09283238202507538,True,True,36,RANDOM_ONE_TO_ONE_MATCHING
RANDOM_ONE_TO_ONE_MATCHING,157,stage_distance,0.08990394196758072,0.04638056146920269,0.13459816144588757,0.0008326394671107411,0.08331888452719868,0.09769039548330347,True,True,36,RANDOM_ONE_TO_ONE_MATCHING
RANDOM_ONE_TO_ONE_MATCHING,158,tool_argument_distance,0.10461611568223252,0.06295389597691663,0.1499934660716622,0.0008326394671107411,0.09541467136839153,0.11173065926056991,True,True,36,RANDOM_ONE_TO_ONE_MATCHING
RANDOM_ONE_TO_ONE_MATCHING,158,tool_name_distance,0.07926739842622918,0.04083913068724919,0.12009773152241224,0.0008326394671107411,0.07063640717120452,0.08614172302974166,True,True,36,RANDOM_ONE_TO_ONE_MATCHING
RANDOM_ONE_TO_ONE_MATCHING,158,stage_distance,0.0880843950027884,0.04541048879608891,0.1321072728985561,0.0008326394671107411,0.07763782669674563,0.09519575907456596,True,True,36,RANDOM_ONE_TO_ONE_MATCHING
RANDOM_ONE_TO_ONE_MATCHING,159,tool_argument_distance,0.12274360441838139,0.07931344830166509,0.16704952670322634,0.0008326394671107411,0.11404094453500085,0.12886641160045312,True,True,36,RANDOM_ONE_TO_ONE_MATCHING
RANDOM_ONE_TO_ONE_MATCHING,159,tool_name_distance,0.09573844213379248,0.0563197520753451,0.13691622127903336,0.0008326394671107411,0.08876852831803154,0.10183951788206091,True,True,36,RANDOM_ONE_TO_ONE_MATCHING
RANDOM_ONE_TO_ONE_MATCHING,159,stage_distance,0.10101558864272388,0.06447407786833495,0.13916662015816264,0.0008326394671107411,0.0937849064299598,0.10628195693867311,True,True,36,RANDOM_ONE_TO_ONE_MATCHING
RANDOM_ONE_TO_ONE_MATCHING,160,tool_argument_distance,0.11391497225138209,0.07257107808256603,0.15315056557094292,0.0008326394671107411,0.1077565338168411,0.11990436605514951,True,True,36,RANDOM_ONE_TO_ONE_MATCHING
RANDOM_ONE_TO_ONE_MATCHING,160,tool_name_distance,0.0938784064237265,0.05895250215767667,0.1296031722860594,0.0008326394671107411,0.0868733862485726,0.09908810222043143,True,True,36,RANDOM_ONE_TO_ONE_MATCHING
RANDOM_ONE_TO_ONE_MATCHING,160,stage_distance,0.1003803932426431,0.0642345928705366,0.136567668610402,0.0008326394671107411,0.09409466298154855,0.10525820762645967,True,True,36,RANDOM_ONE_TO_ONE_MATCHING
RANDOM_ONE_TO_ONE_MATCHING,161,tool_argument_distance,0.1215560486652203,0.08121151097522852,0.16401518693446648,0.0008326394671107411,0.11242263322063832,0.12698159992050137,True,True,36,RANDOM_ONE_TO_ONE_MATCHING
RANDOM_ONE_TO_ONE_MATCHING,161,tool_name_distance,0.09086544691087822,0.05111209551816012,0.13202944537503072,0.0008326394671107411,0.0819886278925001,0.09574351452875318,True,True,36,RANDOM_ONE_TO_ONE_MATCHING
RANDOM_ONE_TO_ONE_MATCHING,161,stage_distance,0.09783473486889549,0.0594261450552624,0.13944989987458295,0.0008326394671107411,0.08993597054253576,0.10291192499985667,True,True,36,RANDOM_ONE_TO_ONE_MATCHING
RANDOM_ONE_TO_ONE_MATCHING,162,tool_argument_distance,0.11781918332954833,0.07396665167997066,0.15811040268658724,0.0008326394671107411,0.10857900030394713,0.12467571030625939,True,True,36,RANDOM_ONE_TO_ONE_MATCHING
RANDOM_ONE_TO_ONE_MATCHING,162,tool_name_distance,0.08372349872416926,0.04645976339368655,0.12177465342945482,0.0008326394671107411,0.07676744366813337,0.0897087712273881,True,True,36,RANDOM_ONE_TO_ONE_MATCHING
RANDOM_ONE_TO_ONE_MATCHING,162,stage_distance,0.08783516117072977,0.04609768746536938,0.12650480452939988,0.0008326394671107411,0.07833385285043769,0.09435593545711413,True,True,36,RANDOM_ONE_TO_ONE_MATCHING
RANDOM_ONE_TO_ONE_MATCHING,163,tool_argument_distance,0.11410740368682609,0.07559362714320456,0.15526186662247463,0.0008326394671107411,0.10422475807787827,0.1197267988942048,True,True,36,RANDOM_ONE_TO_ONE_MATCHING
RANDOM_ONE_TO_ONE_MATCHING,163,tool_name_distance,0.08950997507684359,0.051271370900998724,0.12477658548375899,0.0008326394671107411,0.08109822132414322,0.09466715873593778,True,True,36,RANDOM_ONE_TO_ONE_MATCHING
RANDOM_ONE_TO_ONE_MATCHING,163,stage_distance,0.09707964002412674,0.05655237452524883,0.1396552971510363,0.0008326394671107411,0.08784245967107457,0.1027252110466831,True,True,36,RANDOM_ONE_TO_ONE_MATCHING
RANDOM_ONE_TO_ONE_MATCHING,164,tool_argument_distance,0.11749128104280133,0.07229752854936942,0.15964610752787636,0.0008326394671107411,0.1086576985964052,0.12406849309291397,True,True,36,RANDOM_ONE_TO_ONE_MATCHING
RANDOM_ONE_TO_ONE_MATCHING,164,tool_name_distance,0.0876026959321568,0.04544993567696508,0.1268932564078602,0.0016652789342214821,0.07980509412968245,0.09400876140247649,True,True,36,RANDOM_ONE_TO_ONE_MATCHING
RANDOM_ONE_TO_ONE_MATCHING,164,stage_distance,0.09728078032854567,0.053965432973946785,0.13936731231350533,0.0016652789342214821,0.08804934684133406,0.10316355538411404,True,True,36,RANDOM_ONE_TO_ONE_MATCHING
RANDOM_ONE_TO_ONE_MATCHING,165,tool_argument_distance,0.09671400082641893,0.049680519197722525,0.1419004298801811,0.0008326394671107411,0.0863344008500309,0.10468170328304761,True,True,36,RANDOM_ONE_TO_ONE_MATCHING
RANDOM_ONE_TO_ONE_MATCHING,165,tool_name_distance,0.06978047661387664,0.026913454298659965,0.11454362133357537,0.004995836802664446,0.06112341086633659,0.07679083761947764,True,True,36,RANDOM_ONE_TO_ONE_MATCHING
RANDOM_ONE_TO_ONE_MATCHING,165,stage_distance,0.07409678720217677,0.02832584553217155,0.12077855221716537,0.0016652789342214821,0.06420295391135461,0.08050763864461079,True,True,36,RANDOM_ONE_TO_ONE_MATCHING
RANDOM_ONE_TO_ONE_MATCHING,166,tool_argument_distance,0.10597221123145821,0.06780463073178226,0.14355907432987716,0.0008326394671107411,0.09680951250473797,0.1120514110875329,True,True,36,RANDOM_ONE_TO_ONE_MATCHING
RANDOM_ONE_TO_ONE_MATCHING,166,tool_name_distance,0.07560702323852023,0.04060188165142137,0.11270144525458965,0.0008326394671107411,0.06539237335619882,0.08149875481580157,True,True,36,RANDOM_ONE_TO_ONE_MATCHING
RANDOM_ONE_TO_ONE_MATCHING,166,stage_distance,0.08391131424722681,0.04473176064189574,0.12577266416858818,0.0008326394671107411,0.07312556041392762,0.08965913619596282,True,True,36,RANDOM_ONE_TO_ONE_MATCHING
RANDOM_ONE_TO_ONE_MATCHING,167,tool_argument_distance,0.11727391560914296,0.07450214863774347,0.1597234950780862,0.0008326394671107411,0.10843412272178515,0.12517713457039925,True,True,36,RANDOM_ONE_TO_ONE_MATCHING
RANDOM_ONE_TO_ONE_MATCHING,167,tool_name_distance,0.09257061554711465,0.05339978771762972,0.1306198579000101,0.0008326394671107411,0.0849329918231052,0.09939474340278394,True,True,36,RANDOM_ONE_TO_ONE_MATCHING
RANDOM_ONE_TO_ONE_MATCHING,167,stage_distance,0.10255881258222517,0.06165874869606536,0.14855098649824464,0.0008326394671107411,0.09252579906416629,0.11008634320930429,True,True,36,RANDOM_ONE_TO_ONE_MATCHING
RANDOM_ONE_TO_ONE_MATCHING,168,tool_argument_distance,0.10032447988140694,0.06262235152154731,0.13782228846630928,0.0008326394671107411,0.09385756025897093,0.10600359200500269,True,True,36,RANDOM_ONE_TO_ONE_MATCHING
RANDOM_ONE_TO_ONE_MATCHING,168,tool_name_distance,0.08323687474949731,0.05122488802805136,0.11857005432276387,0.0008326394671107411,0.0742322841166959,0.08829745968187146,True,True,36,RANDOM_ONE_TO_ONE_MATCHING
RANDOM_ONE_TO_ONE_MATCHING,168,stage_distance,0.09147248255022333,0.05655480834869015,0.12857479519603096,0.0008326394671107411,0.08387895257320023,0.09648023753162804,True,True,36,RANDOM_ONE_TO_ONE_MATCHING
RANDOM_ONE_TO_ONE_MATCHING,169,tool_argument_distance,0.12581379704311624,0.08306860294799923,0.16924453477605672,0.0008326394671107411,0.11626561981577671,0.1332043183306657,True,True,36,RANDOM_ONE_TO_ONE_MATCHING
RANDOM_ONE_TO_ONE_MATCHING,169,tool_name_distance,0.0978626793359806,0.058408316276798565,0.13734987110457064,0.0008326394671107411,0.09035821991647265,0.10541481782629183,True,True,36,RANDOM_ONE_TO_ONE_MATCHING
RANDOM_ONE_TO_ONE_MATCHING,169,stage_distance,0.10649750448585085,0.06750660812990092,0.14574746641568448,0.0008326394671107411,0.09752940597456224,0.11391517718022139,True,True,36,RANDOM_ONE_TO_ONE_MATCHING
RANDOM_ONE_TO_ONE_MATCHING,170,tool_argument_distance,0.12013618730007598,0.07462767636408042,0.16679729242297867,0.0008326394671107411,0.11042579265150675,0.12604121215264052,True,True,36,RANDOM_ONE_TO_ONE_MATCHING
RANDOM_ONE_TO_ONE_MATCHING,170,tool_name_distance,0.08907430687584413,0.0451397624548721,0.13031304254843587,0.0008326394671107411,0.0808317381133193,0.0943243513202182,True,True,36,RANDOM_ONE_TO_ONE_MATCHING
RANDOM_ONE_TO_ONE_MATCHING,170,stage_distance,0.09237180791796545,0.049060216875670734,0.13676192792674355,0.0008326394671107411,0.08300011807616582,0.0976320152794916,True,True,36,RANDOM_ONE_TO_ONE_MATCHING
RANDOM_ONE_TO_ONE_MATCHING,171,tool_argument_distance,0.11306638150986051,0.07320433694947884,0.1498824761448942,0.0008326394671107411,0.1041063733625232,0.11844401280576485,True,True,36,RANDOM_ONE_TO_ONE_MATCHING
RANDOM_ONE_TO_ONE_MATCHING,171,tool_name_distance,0.08707242894190191,0.05044335754551325,0.12734755953356758,0.0008326394671107411,0.07853928117645338,0.09238748439972663,True,True,36,RANDOM_ONE_TO_ONE_MATCHING
RANDOM_ONE_TO_ONE_MATCHING,171,stage_distance,0.09443058951323413,0.05364345236256658,0.13380272383242553,0.0008326394671107411,0.0851177220027279,0.09994100341060312,True,True,36,RANDOM_ONE_TO_ONE_MATCHING
RANDOM_ONE_TO_ONE_MATCHING,172,tool_argument_distance,0.11859382343791343,0.07570516774403473,0.15900116182569354,0.0008326394671107411,0.10883936125042522,0.12356843932039967,True,True,36,RANDOM_ONE_TO_ONE_MATCHING
RANDOM_ONE_TO_ONE_MATCHING,172,tool_name_distance,0.08670824672651907,0.04931257085338322,0.12387944318308924,0.0008326394671107411,0.07841102202981644,0.09178538100417542,True,True,36,RANDOM_ONE_TO_ONE_MATCHING
RANDOM_ONE_TO_ONE_MATCHING,172,stage_distance,0.09505161902430698,0.05502529240860589,0.13779407660576912,0.0008326394671107411,0.08575649521411711,0.10043528388576291,True,True,36,RANDOM_ONE_TO_ONE_MATCHING
RANDOM_ONE_TO_ONE_MATCHING,173,tool_argument_distance,0.11195596867182897,0.06677623999700563,0.15637598537369374,0.0008326394671107411,0.10380896748813809,0.1190604546253395,True,True,36,RANDOM_ONE_TO_ONE_MATCHING
RANDOM_ONE_TO_ONE_MATCHING,173,tool_name_distance,0.07806206950907087,0.036607281096093694,0.11817471758206968,0.0008326394671107411,0.06939664028498455,0.08401034615583326,True,True,36,RANDOM_ONE_TO_ONE_MATCHING
RANDOM_ONE_TO_ONE_MATCHING,173,stage_distance,0.08977084988241175,0.04970125992675545,0.13165403052574298,0.0008326394671107411,0.08102841322887687,0.09533083038843689,True,True,36,RANDOM_ONE_TO_ONE_MATCHING
RANDOM_ONE_TO_ONE_MATCHING,174,tool_argument_distance,0.10271971527062891,0.06677697527065198,0.13981637117662343,0.0008326394671107411,0.09632123094502784,0.11029328825798151,True,True,36,RANDOM_ONE_TO_ONE_MATCHING
RANDOM_ONE_TO_ONE_MATCHING,174,tool_name_distance,0.07815019085521724,0.04378190569998125,0.11265834250799271,0.0008326394671107411,0.06948727938387796,0.08464849489831476,True,True,36,RANDOM_ONE_TO_ONE_MATCHING
RANDOM_ONE_TO_ONE_MATCHING,174,stage_distance,0.08515656878088006,0.051987875068564,0.11789756691130836,0.0008326394671107411,0.07786959711174585,0.0922730807636889,True,True,36,RANDOM_ONE_TO_ONE_MATCHING
RANDOM_ONE_TO_ONE_MATCHING,175,tool_argument_distance,0.12973381061297712,0.08484964791318308,0.17312687134211927,0.0008326394671107411,0.12029763377334786,0.13732147590279223,True,True,36,RANDOM_ONE_TO_ONE_MATCHING
RANDOM_ONE_TO_ONE_MATCHING,175,tool_name_distance,0.10154577316675487,0.06233972023896258,0.13864325557762458,0.0008326394671107411,0.09461662571249262,0.10755407302500995,True,True,36,RANDOM_ONE_TO_ONE_MATCHING
RANDOM_ONE_TO_ONE_MATCHING,175,stage_distance,0.10756388821421242,0.06519803862861133,0.14604923154459076,0.0008326394671107411,0.0986262578094484,0.11408445985224429,True,True,36,RANDOM_ONE_TO_ONE_MATCHING
RANDOM_ONE_TO_ONE_MATCHING,176,tool_argument_distance,0.10463131129987198,0.062328277862143205,0.14702686056043832,0.0008326394671107411,0.09668989710613096,0.11282522262717076,True,True,36,RANDOM_ONE_TO_ONE_MATCHING
RANDOM_ONE_TO_ONE_MATCHING,176,tool_name_distance,0.08185007741866591,0.03946674223425516,0.12100300883319831,0.0008326394671107411,0.07410456530368491,0.0892052841615466,True,True,36,RANDOM_ONE_TO_ONE_MATCHING
RANDOM_ONE_TO_ONE_MATCHING,176,stage_distance,0.08827390767232028,0.04300537702283563,0.13367288092427365,0.0008326394671107411,0.08059267028818039,0.09539329815911637,True,True,36,RANDOM_ONE_TO_ONE_MATCHING
RANDOM_ONE_TO_ONE_MATCHING,177,tool_argument_distance,0.09618854191172714,0.06019968161887732,0.1312732311086229,0.0008326394671107411,0.08960345263301457,0.1009546030698793,True,True,36,RANDOM_ONE_TO_ONE_MATCHING
RANDOM_ONE_TO_ONE_MATCHING,177,tool_name_distance,0.07105662807170161,0.03553855617882423,0.10826925269204993,0.0016652789342214821,0.06229926848620128,0.07705901260343534,True,True,36,RANDOM_ONE_TO_ONE_MATCHING
RANDOM_ONE_TO_ONE_MATCHING,177,stage_distance,0.07740777509295052,0.04244138471175333,0.11692313044428351,0.0008326394671107411,0.070007634426672,0.08208891742938358,True,True,36,RANDOM_ONE_TO_ONE_MATCHING
RANDOM_ONE_TO_ONE_MATCHING,178,tool_argument_distance,0.11770756694382406,0.07678744400827923,0.15956612614162016,0.0008326394671107411,0.1107790096934456,0.12336432368436182,True,True,36,RANDOM_ONE_TO_ONE_MATCHING
RANDOM_ONE_TO_ONE_MATCHING,178,tool_name_distance,0.09032362915038569,0.05182578627172597,0.1316014785159629,0.0016652789342214821,0.08266568574463536,0.09514549545665794,True,True,36,RANDOM_ONE_TO_ONE_MATCHING
RANDOM_ONE_TO_ONE_MATCHING,178,stage_distance,0.09770505829873044,0.05957286816872549,0.1360540476273642,0.0008326394671107411,0.0910755952862295,0.10311785953335885,True,True,36,RANDOM_ONE_TO_ONE_MATCHING
RANDOM_ONE_TO_ONE_MATCHING,179,tool_argument_distance,0.12731960215584465,0.0867380348658536,0.17002106395700153,0.0008326394671107411,0.11781444793172598,0.1325681894283246,True,True,36,RANDOM_ONE_TO_ONE_MATCHING
RANDOM_ONE_TO_ONE_MATCHING,179,tool_name_distance,0.10717338373201127,0.07181097881457457,0.14177050922986767,0.0008326394671107411,0.09999686188573591,0.11174024231483062,True,True,36,RANDOM_ONE_TO_ONE_MATCHING
RANDOM_ONE_TO_ONE_MATCHING,179,stage_distance,0.11283812489937065,0.07764820127660274,0.15099827236904936,0.0008326394671107411,0.10405118697132544,0.11769590627318761,True,True,36,RANDOM_ONE_TO_ONE_MATCHING
RANDOM_ONE_TO_ONE_MATCHING,180,tool_argument_distance,0.11503444898755337,0.07484557836448694,0.15404642861576934,0.0008326394671107411,0.10613067133957871,0.12177550032530404,True,True,36,RANDOM_ONE_TO_ONE_MATCHING
RANDOM_ONE_TO_ONE_MATCHING,180,tool_name_distance,0.08763306701548663,0.05115797750218252,0.12448365323088183,0.0008326394671107411,0.08019347581539314,0.0936941296692683,True,True,36,RANDOM_ONE_TO_ONE_MATCHING
RANDOM_ONE_TO_ONE_MATCHING,180,stage_distance,0.09564262365814394,0.05755867210224655,0.13537763140837772,0.0008326394671107411,0.08636438569463513,0.1023505565006939,True,True,36,RANDOM_ONE_TO_ONE_MATCHING
RANDOM_ONE_TO_ONE_MATCHING,181,tool_argument_distance,0.11811518477555683,0.07829932750682779,0.15794542441666223,0.0008326394671107411,0.10945873550940392,0.1266943496307323,True,True,36,RANDOM_ONE_TO_ONE_MATCHING
RANDOM_ONE_TO_ONE_MATCHING,181,tool_name_distance,0.09004351078311637,0.055741971082278026,0.1274447942641697,0.0008326394671107411,0.08143180816397391,0.09763281562212422,True,True,36,RANDOM_ONE_TO_ONE_MATCHING
RANDOM_ONE_TO_ONE_MATCHING,181,stage_distance,0.10338129115677523,0.0651948734821831,0.1418833452107521,0.0008326394671107411,0.09434229856851074,0.11062884271219775,True,True,36,RANDOM_ONE_TO_ONE_MATCHING
RANDOM_ONE_TO_ONE_MATCHING,182,tool_argument_distance,0.10070294129100946,0.06173356337492255,0.13975582893164717,0.0008326394671107411,0.09137054817541827,0.10641181035757682,True,True,36,RANDOM_ONE_TO_ONE_MATCHING
RANDOM_ONE_TO_ONE_MATCHING,182,tool_name_distance,0.07315080986263768,0.03598622211493742,0.11312204784899434,0.0008326394671107411,0.06494029702960565,0.0792216040539525,True,True,36,RANDOM_ONE_TO_ONE_MATCHING
RANDOM_ONE_TO_ONE_MATCHING,182,stage_distance,0.07636502227980371,0.038757863731129265,0.116846706239361,0.0008326394671107411,0.06783480007571813,0.08156756555694297,True,True,36,RANDOM_ONE_TO_ONE_MATCHING
RANDOM_ONE_TO_ONE_MATCHING,183,tool_argument_distance,0.11793757125180826,0.07708316476599615,0.15882620074309134,0.0008326394671107411,0.11093622047372138,0.12521296013617533,True,True,36,RANDOM_ONE_TO_ONE_MATCHING
RANDOM_ONE_TO_ONE_MATCHING,183,tool_name_distance,0.09241724932052377,0.05120167781486375,0.1345577159562789,0.0016652789342214821,0.08475720618628847,0.09877567396189908,True,True,36,RANDOM_ONE_TO_ONE_MATCHING
RANDOM_ONE_TO_ONE_MATCHING,183,stage_distance,0.10000142710911715,0.061963603683552276,0.14126803488450004,0.0008326394671107411,0.09333844994921683,0.10585370982161958,True,True,36,RANDOM_ONE_TO_ONE_MATCHING
RANDOM_ONE_TO_ONE_MATCHING,184,tool_argument_distance,0.09026848641426011,0.05062476633883265,0.13092253080055608,0.0008326394671107411,0.08351425269276277,0.09675333001755439,True,True,36,RANDOM_ONE_TO_ONE_MATCHING
RANDOM_ONE_TO_ONE_MATCHING,184,tool_name_distance,0.06978080545311659,0.03487269490496343,0.10882113236050714,0.002497918401332223,0.060896806202611946,0.07549247455542314,True,True,36,RANDOM_ONE_TO_ONE_MATCHING
RANDOM_ONE_TO_ONE_MATCHING,184,stage_distance,0.07618862427327584,0.039470806756485025,0.11666721307816716,0.002497918401332223,0.06826663773942221,0.08136054119046852,True,True,36,RANDOM_ONE_TO_ONE_MATCHING
RANDOM_ONE_TO_ONE_MATCHING,185,tool_argument_distance,0.11814863009035077,0.07709994251503356,0.1611070384049479,0.0008326394671107411,0.10933382904531319,0.12400113881822519,True,True,36,RANDOM_ONE_TO_ONE_MATCHING
RANDOM_ONE_TO_ONE_MATCHING,185,tool_name_distance,0.095753851932255,0.059149021555713374,0.13469111451476456,0.0008326394671107411,0.08759390220597393,0.10046377096155698,True,True,36,RANDOM_ONE_TO_ONE_MATCHING
RANDOM_ONE_TO_ONE_MATCHING,185,stage_distance,0.1001656812359999,0.060920891959223074,0.14336926712767722,0.0008326394671107411,0.09101667348900126,0.10523177707429503,True,True,36,RANDOM_ONE_TO_ONE_MATCHING
RANDOM_ONE_TO_ONE_MATCHING,186,tool_argument_distance,0.11628626514232583,0.07225729231523058,0.16582968059028744,0.0008326394671107411,0.10638708483903299,0.1248131751508376,True,True,36,RANDOM_ONE_TO_ONE_MATCHING
RANDOM_ONE_TO_ONE_MATCHING,186,tool_name_distance,0.08995827161532628,0.05267173368511352,0.13034623385130514,0.0008326394671107411,0.08015365740091362,0.09754514104954015,True,True,36,RANDOM_ONE_TO_ONE_MATCHING
RANDOM_ONE_TO_ONE_MATCHING,186,stage_distance,0.09171541215549141,0.050467191889410186,0.1335940748514642,0.0008326394671107411,0.08115263254814263,0.09862965288230582,True,True,36,RANDOM_ONE_TO_ONE_MATCHING
RANDOM_ONE_TO_ONE_MATCHING,187,tool_argument_distance,0.1030734756183506,0.05954903808991181,0.148787796662026,0.0008326394671107411,0.093827955874113,0.11065715604420955,True,True,36,RANDOM_ONE_TO_ONE_MATCHING
RANDOM_ONE_TO_ONE_MATCHING,187,tool_name_distance,0.07942773872137339,0.03708330479495444,0.12271141561897739,0.0016652789342214821,0.07051272832903828,0.0862944344639657,True,True,36,RANDOM_ONE_TO_ONE_MATCHING
RANDOM_ONE_TO_ONE_MATCHING,187,stage_distance,0.08656349850640171,0.04231957363929722,0.13600926910056715,0.0016652789342214821,0.07702585696712883,0.09397439873555857,True,True,36,RANDOM_ONE_TO_ONE_MATCHING
RANDOM_ONE_TO_ONE_MATCHING,188,tool_argument_distance,0.12484945028822551,0.0856769376786759,0.16821000760359747,0.0008326394671107411,0.11442124314398337,0.1307102608386033,True,True,36,RANDOM_ONE_TO_ONE_MATCHING
RANDOM_ONE_TO_ONE_MATCHING,188,tool_name_distance,0.10183145918052788,0.06667656346003603,0.1413909810446147,0.0008326394671107411,0.09386319289366356,0.10726838505599857,True,True,36,RANDOM_ONE_TO_ONE_MATCHING
RANDOM_ONE_TO_ONE_MATCHING,188,stage_distance,0.10691597613612709,0.06868915806518747,0.14617067385662014,0.0008326394671107411,0.09795983395770352,0.11177534120178219,True,True,36,RANDOM_ONE_TO_ONE_MATCHING
RANDOM_ONE_TO_ONE_MATCHING,189,tool_argument_distance,0.10580009151417202,0.06339672675639431,0.149989445629522,0.0008326394671107411,0.09663247508124363,0.11272869526317808,True,True,36,RANDOM_ONE_TO_ONE_MATCHING
RANDOM_ONE_TO_ONE_MATCHING,189,tool_name_distance,0.0816551326332648,0.0391194553029879,0.12630124306913865,0.0016652789342214821,0.07240693667015832,0.08770606822643272,True,True,36,RANDOM_ONE_TO_ONE_MATCHING
RANDOM_ONE_TO_ONE_MATCHING,189,stage_distance,0.08726808896265512,0.045277611599480606,0.13401285605691957,0.0016652789342214821,0.07775057857927521,0.09281830391502355,True,True,36,RANDOM_ONE_TO_ONE_MATCHING
RANDOM_ONE_TO_ONE_MATCHING,190,tool_argument_distance,0.1060052249429663,0.06768890142693967,0.1480462759860769,0.0008326394671107411,0.09801480183647865,0.11339001111729018,True,True,36,RANDOM_ONE_TO_ONE_MATCHING
RANDOM_ONE_TO_ONE_MATCHING,190,tool_name_distance,0.08574519018577617,0.04966224330223419,0.12202161301394629,0.0008326394671107411,0.07791255430858561,0.0932312267451852,True,True,36,RANDOM_ONE_TO_ONE_MATCHING
RANDOM_ONE_TO_ONE_MATCHING,190,stage_distance,0.09623478993347659,0.05783702368560121,0.13184179288431583,0.0008326394671107411,0.08904788865225206,0.10363935425688295,True,True,36,RANDOM_ONE_TO_ONE_MATCHING
RANDOM_ONE_TO_ONE_MATCHING,191,tool_argument_distance,0.12195846305287551,0.08029051282292218,0.16901437520954668,0.0008326394671107411,0.11230013342581481,0.12746080767220336,True,True,36,RANDOM_ONE_TO_ONE_MATCHING
RANDOM_ONE_TO_ONE_MATCHING,191,tool_name_distance,0.09227183194320455,0.0529395949232851,0.13375178339635194,0.0008326394671107411,0.08425737634793104,0.09796162809693981,True,True,36,RANDOM_ONE_TO_ONE_MATCHING
RANDOM_ONE_TO_ONE_MATCHING,191,stage_distance,0.09892761071312113,0.06061081269176824,0.14285401250903051,0.0008326394671107411,0.0897432295226117,0.10368086575177918,True,True,36,RANDOM_ONE_TO_ONE_MATCHING
RANDOM_ONE_TO_ONE_MATCHING,192,tool_argument_distance,0.11522304208800373,0.0760125546850206,0.15417261838524232,0.0008326394671107411,0.10895101164068646,0.12251707309246222,True,True,36,RANDOM_ONE_TO_ONE_MATCHING
RANDOM_ONE_TO_ONE_MATCHING,192,tool_name_distance,0.09000471151929244,0.05483808195968127,0.12599667809815035,0.0008326394671107411,0.0826725641304188,0.09639040660540413,True,True,36,RANDOM_ONE_TO_ONE_MATCHING
RANDOM_ONE_TO_ONE_MATCHING,192,stage_distance,0.09937186713253032,0.06430033287803594,0.13327864749590468,0.0008326394671107411,0.09305732183971825,0.10530236251333037,True,True,36,RANDOM_ONE_TO_ONE_MATCHING
RANDOM_ONE_TO_ONE_MATCHING,193,tool_argument_distance,0.11445421652859117,0.07376793820115943,0.15747525965624626,0.0008326394671107411,0.10553386081036042,0.11963943988409519,True,True,36,RANDOM_ONE_TO_ONE_MATCHING
RANDOM_ONE_TO_ONE_MATCHING,193,tool_name_distance,0.08898697713831193,0.04775339813270934,0.1324274483015967,0.0008326394671107411,0.0781275783689513,0.09423224857711554,True,True,36,RANDOM_ONE_TO_ONE_MATCHING
RANDOM_ONE_TO_ONE_MATCHING,193,stage_distance,0.09849919324931497,0.055890510813343904,0.14181756098373807,0.0008326394671107411,0.08813023595893259,0.10493719031962424,True,True,36,RANDOM_ONE_TO_ONE_MATCHING
RANDOM_ONE_TO_ONE_MATCHING,194,tool_argument_distance,0.10875951435899611,0.06388486927983358,0.1462608079154331,0.0008326394671107411,0.10096683285487124,0.11586887314262583,True,True,36,RANDOM_ONE_TO_ONE_MATCHING
RANDOM_ONE_TO_ONE_MATCHING,194,tool_name_distance,0.08159687214464321,0.04015963299406907,0.11787564800549023,0.0008326394671107411,0.07483618908532502,0.08793985430691742,True,True,36,RANDOM_ONE_TO_ONE_MATCHING
RANDOM_ONE_TO_ONE_MATCHING,194,stage_distance,0.09287891233429947,0.05286299883313245,0.13089468207671964,0.0008326394671107411,0.08637885404725225,0.09916306341605545,True,True,36,RANDOM_ONE_TO_ONE_MATCHING
RANDOM_ONE_TO_ONE_MATCHING,195,tool_argument_distance,0.10089922063591429,0.06226518486062399,0.1389015906380741,0.0008326394671107411,0.09159157932074995,0.10625888909366196,True,True,36,RANDOM_ONE_TO_ONE_MATCHING
RANDOM_ONE_TO_ONE_MATCHING,195,tool_name_distance,0.07317831061183157,0.040256613803033074,0.10695999101217013,0.0008326394671107411,0.06536540891131619,0.07774885534215026,True,True,36,RANDOM_ONE_TO_ONE_MATCHING
RANDOM_ONE_TO_ONE_MATCHING,195,stage_distance,0.07780991533160792,0.04263448227034519,0.11954414638112813,0.0016652789342214821,0.06802217141591238,0.08267043505703316,True,True,36,RANDOM_ONE_TO_ONE_MATCHING
RANDOM_ONE_TO_ONE_MATCHING,196,tool_argument_distance,0.12500463549497756,0.082340689419995,0.16638613043793135,0.0008326394671107411,0.11543333936626267,0.1319557883458545,True,True,36,RANDOM_ONE_TO_ONE_MATCHING
RANDOM_ONE_TO_ONE_MATCHING,196,tool_name_distance,0.09908203214898478,0.06180820814371126,0.13843640283356418,0.0008326394671107411,0.09220764947651504,0.10673481571411242,True,True,36,RANDOM_ONE_TO_ONE_MATCHING
RANDOM_ONE_TO_ONE_MATCHING,196,stage_distance,0.10549504314141138,0.061045315962076255,0.1454291716983646,0.0008326394671107411,0.0964983028774245,0.11215408511780058,True,True,36,RANDOM_ONE_TO_ONE_MATCHING
RANDOM_ONE_TO_ONE_MATCHING,197,tool_argument_distance,0.12509032455032007,0.08493762908922325,0.17078848371300567,0.0008326394671107411,0.11647385763271019,0.13110487634944318,True,True,36,RANDOM_ONE_TO_ONE_MATCHING
RANDOM_ONE_TO_ONE_MATCHING,197,tool_name_distance,0.0997065646042229,0.059914494593522424,0.14282594802280174,0.0008326394671107411,0.09178072041831181,0.10560878169113012,True,True,36,RANDOM_ONE_TO_ONE_MATCHING
RANDOM_ONE_TO_ONE_MATCHING,197,stage_distance,0.10709781971967347,0.06698348016554131,0.14987341006078858,0.0008326394671107411,0.09814687307220836,0.11196312741528806,True,True,36,RANDOM_ONE_TO_ONE_MATCHING
RANDOM_ONE_TO_ONE_MATCHING,198,tool_argument_distance,0.10548416139700315,0.06214788299335559,0.14903047822773077,0.0008326394671107411,0.09630751838929848,0.11131069299247306,True,True,36,RANDOM_ONE_TO_ONE_MATCHING
RANDOM_ONE_TO_ONE_MATCHING,198,tool_name_distance,0.08367928979730639,0.0491989204819562,0.12199881682536637,0.0008326394671107411,0.07703405161258298,0.08854843352696488,True,True,36,RANDOM_ONE_TO_ONE_MATCHING
RANDOM_ONE_TO_ONE_MATCHING,198,stage_distance,0.08376061164554385,0.04586606692590986,0.1242975262195595,0.0008326394671107411,0.07414288762453218,0.08843464877343617,True,True,36,RANDOM_ONE_TO_ONE_MATCHING
RANDOM_ONE_TO_ONE_MATCHING,199,tool_argument_distance,0.1048550813326955,0.0631193004400215,0.14794037977091176,0.0008326394671107411,0.09566046460886776,0.11107125910537655,True,True,36,RANDOM_ONE_TO_ONE_MATCHING
RANDOM_ONE_TO_ONE_MATCHING,199,tool_name_distance,0.07645011643302624,0.037005691277120036,0.11642333272765247,0.0008326394671107411,0.0683338695020053,0.08172796165324031,True,True,36,RANDOM_ONE_TO_ONE_MATCHING
RANDOM_ONE_TO_ONE_MATCHING,199,stage_distance,0.08336026640029648,0.03960550667827043,0.12717567809372898,0.0008326394671107411,0.0737311039437063,0.08936572270349094,True,True,36,RANDOM_ONE_TO_ONE_MATCHING
RANDOM_ONE_TO_ONE_MATCHING,200,tool_argument_distance,0.10896799576964039,0.06914328358616408,0.1475758927704101,0.0008326394671107411,0.10174572494170228,0.11728581236750397,True,True,36,RANDOM_ONE_TO_ONE_MATCHING
RANDOM_ONE_TO_ONE_MATCHING,200,tool_name_distance,0.08323692294781317,0.04337771783966691,0.12056849856219216,0.0008326394671107411,0.07612627308604589,0.0906317538486695,True,True,36,RANDOM_ONE_TO_ONE_MATCHING
RANDOM_ONE_TO_ONE_MATCHING,200,stage_distance,0.08705331732419291,0.046323777694856155,0.1269004026615319,0.0008326394671107411,0.0802895868824875,0.09422402212252498,True,True,36,RANDOM_ONE_TO_ONE_MATCHING
RANDOM_ONE_TO_ONE_MATCHING,201,tool_argument_distance,0.11384603900047902,0.07290553728610917,0.15297224427703368,0.0008326394671107411,0.10683504670818499,0.11870966732566277,True,True,36,RANDOM_ONE_TO_ONE_MATCHING
RANDOM_ONE_TO_ONE_MATCHING,201,tool_name_distance,0.08225206883069121,0.04694039919421448,0.11775657596389115,0.0008326394671107411,0.07477167268111283,0.08622701460978323,True,True,36,RANDOM_ONE_TO_ONE_MATCHING
RANDOM_ONE_TO_ONE_MATCHING,201,stage_distance,0.09180852439565594,0.055789767682712224,0.12797677489330006,0.0008326394671107411,0.08446637129884944,0.09598987425092383,True,True,36,RANDOM_ONE_TO_ONE_MATCHING
RANDOM_ONE_TO_ONE_MATCHING,202,tool_argument_distance,0.12360380735355142,0.08520575670967126,0.16200697956560658,0.0008326394671107411,0.11613489119177078,0.1290504475897686,True,True,36,RANDOM_ONE_TO_ONE_MATCHING
RANDOM_ONE_TO_ONE_MATCHING,202,tool_name_distance,0.1011416084829653,0.060641610292220254,0.13979143572744504,0.0008326394671107411,0.09264858167112011,0.10673415510304471,True,True,36,RANDOM_ONE_TO_ONE_MATCHING
RANDOM_ONE_TO_ONE_MATCHING,202,stage_distance,0.10232420222227082,0.06080599964474922,0.14582128198392807,0.0008326394671107411,0.09504072137873477,0.10887148526323594,True,True,36,RANDOM_ONE_TO_ONE_MATCHING
RANDOM_ONE_TO_ONE_MATCHING,203,tool_argument_distance,0.09980819063708024,0.061760808580831515,0.14398215180532925,0.0008326394671107411,0.0904693770362349,0.10656559721816938,True,True,36,RANDOM_ONE_TO_ONE_MATCHING
RANDOM_ONE_TO_ONE_MATCHING,203,tool_name_distance,0.0796762326441739,0.04139965236520269,0.12158384510210911,0.0016652789342214821,0.0720670233769058,0.08567062823765352,True,True,36,RANDOM_ONE_TO_ONE_MATCHING
RANDOM_ONE_TO_ONE_MATCHING,203,stage_distance,0.08568789412373136,0.04503318941798581,0.12862077080925,0.0008326394671107411,0.07612523531638218,0.0915650325613615,True,True,36,RANDOM_ONE_TO_ONE_MATCHING
RANDOM_ONE_TO_ONE_MATCHING,204,tool_argument_distance,0.12080878622057911,0.08010668738665257,0.16451039381162316,0.0008326394671107411,0.11233752210393767,0.12803718416508433,True,True,36,RANDOM_ONE_TO_ONE_MATCHING
RANDOM_ONE_TO_ONE_MATCHING,204,tool_name_distance,0.09204891421781436,0.0524303041803936,0.13375649172624124,0.0008326394671107411,0.08360273394788839,0.09893963162330145,True,True,36,RANDOM_ONE_TO_ONE_MATCHING
RANDOM_ONE_TO_ONE_MATCHING,204,stage_distance,0.09624896110733445,0.05383403006221988,0.13822065781937973,0.0016652789342214821,0.0882688139231408,0.1032448051328855,True,True,36,RANDOM_ONE_TO_ONE_MATCHING
RANDOM_ONE_TO_ONE_MATCHING,205,tool_argument_distance,0.10927021142273326,0.07027403291809015,0.15101388436799018,0.0008326394671107411,0.09924936032052563,0.11467601091860481,True,True,36,RANDOM_ONE_TO_ONE_MATCHING
RANDOM_ONE_TO_ONE_MATCHING,205,tool_name_distance,0.09057720764877901,0.05219140299379472,0.1296212311405899,0.0008326394671107411,0.08138551541627452,0.09586791424502453,True,True,36,RANDOM_ONE_TO_ONE_MATCHING
RANDOM_ONE_TO_ONE_MATCHING,205,stage_distance,0.09195815781823621,0.05006254042950031,0.13469878011689887,0.0008326394671107411,0.08199755189648968,0.09820926816194323,True,True,36,RANDOM_ONE_TO_ONE_MATCHING
RANDOM_ONE_TO_ONE_MATCHING,206,tool_argument_distance,0.11816823854992707,0.08506286332146706,0.15519662424460035,0.0008326394671107411,0.11190099149358539,0.12315535829080933,True,True,36,RANDOM_ONE_TO_ONE_MATCHING
RANDOM_ONE_TO_ONE_MATCHING,206,tool_name_distance,0.09855357375423007,0.06765470150259661,0.13053108661712964,0.0008326394671107411,0.09049165359804297,0.10243764411546205,True,True,36,RANDOM_ONE_TO_ONE_MATCHING
RANDOM_ONE_TO_ONE_MATCHING,206,stage_distance,0.11241292394293698,0.08130831333507052,0.1474391428977142,0.0008326394671107411,0.10509301696674465,0.1160680805275225,True,True,36,RANDOM_ONE_TO_ONE_MATCHING
RANDOM_ONE_TO_ONE_MATCHING,207,tool_argument_distance,0.11596565548679466,0.07344198770764089,0.16083816179744997,0.0008326394671107411,0.10708848373879834,0.12318470392073277,True,True,36,RANDOM_ONE_TO_ONE_MATCHING
RANDOM_ONE_TO_ONE_MATCHING,207,tool_name_distance,0.08943697740278271,0.04533882916026638,0.13741079331756556,0.0016652789342214821,0.07835234054574028,0.09582969239816215,True,True,36,RANDOM_ONE_TO_ONE_MATCHING
RANDOM_ONE_TO_ONE_MATCHING,207,stage_distance,0.09423910381863843,0.05109333401078857,0.14399185990538765,0.0008326394671107411,0.08396838433590564,0.10118704813916328,True,True,36,RANDOM_ONE_TO_ONE_MATCHING
RANDOM_ONE_TO_ONE_MATCHING,208,tool_argument_distance,0.10823393444441326,0.07334292370477147,0.14950397853257602,0.0008326394671107411,0.10189449033955426,0.1145466508774291,True,True,36,RANDOM_ONE_TO_ONE_MATCHING
RANDOM_ONE_TO_ONE_MATCHING,208,tool_name_distance,0.08081660716432605,0.04409527640345721,0.12195037463558256,0.0016652789342214821,0.07165267843890358,0.08621920926257726,True,True,36,RANDOM_ONE_TO_ONE_MATCHING
RANDOM_ONE_TO_ONE_MATCHING,208,stage_distance,0.08286520684789689,0.04348652460235683,0.1257119792898624,0.0008326394671107411,0.07410584128803675,0.08833610837544671,True,True,36,RANDOM_ONE_TO_ONE_MATCHING
RANDOM_ONE_TO_ONE_MATCHING,209,tool_argument_distance,0.10516228042550486,0.06435474669299876,0.14805656600149567,0.0008326394671107411,0.09597644081861453,0.1133713622992503,True,True,36,RANDOM_ONE_TO_ONE_MATCHING
RANDOM_ONE_TO_ONE_MATCHING,209,tool_name_distance,0.0842512442478298,0.04240259928140514,0.12728311590280517,0.0016652789342214821,0.07635788668294612,0.09167505575725805,True,True,36,RANDOM_ONE_TO_ONE_MATCHING
RANDOM_ONE_TO_ONE_MATCHING,209,stage_distance,0.08957387422480229,0.04627327202174417,0.1347268991661422,0.0008326394671107411,0.08012224342034086,0.09642692815359702,True,True,36,RANDOM_ONE_TO_ONE_MATCHING
RANDOM_ONE_TO_ONE_MATCHING,210,tool_argument_distance,0.11037558619565618,0.07026977663942727,0.1565783623078499,0.0008326394671107411,0.1003075293510299,0.11674949267870752,True,True,36,RANDOM_ONE_TO_ONE_MATCHING
RANDOM_ONE_TO_ONE_MATCHING,210,tool_name_distance,0.07968092017984924,0.039517098322079516,0.11973409405284437,0.0016652789342214821,0.06958266735299437,0.08512307156035145,True,True,36,RANDOM_ONE_TO_ONE_MATCHING
RANDOM_ONE_TO_ONE_MATCHING,210,stage_distance,0.08362787870622335,0.0435698841338981,0.12729010258897422,0.0008326394671107411,0.07283402671460977,0.08912057085829678,True,True,36,RANDOM_ONE_TO_ONE_MATCHING
RANDOM_ONE_TO_ONE_MATCHING,211,tool_argument_distance,0.10361528157007416,0.0639097902698904,0.1456043976672523,0.0008326394671107411,0.0944851457957896,0.11149455421080025,True,True,36,RANDOM_ONE_TO_ONE_MATCHING
RANDOM_ONE_TO_ONE_MATCHING,211,tool_name_distance,0.0747788290883596,0.03672120102364191,0.11351443287306079,0.0016652789342214821,0.06702969400521111,0.08146092055436482,True,True,36,RANDOM_ONE_TO_ONE_MATCHING
RANDOM_ONE_TO_ONE_MATCHING,211,stage_distance,0.07967372916725043,0.04307354197239632,0.1190775533884738,0.0008326394671107411,0.072410480118102,0.08691370063448778,True,True,36,RANDOM_ONE_TO_ONE_MATCHING
RANDOM_ONE_TO_ONE_MATCHING,212,tool_argument_distance,0.1065953061858898,0.06260289630798116,0.15423191907295303,0.0008326394671107411,0.09745041017215332,0.11484533165278908,True,True,36,RANDOM_ONE_TO_ONE_MATCHING
RANDOM_ONE_TO_ONE_MATCHING,212,tool_name_distance,0.07766635347938099,0.03927587303639844,0.11895566222467309,0.0008326394671107411,0.06879120538460512,0.08490202525256785,True,True,36,RANDOM_ONE_TO_ONE_MATCHING
RANDOM_ONE_TO_ONE_MATCHING,212,stage_distance,0.08616010908727444,0.04337499222498148,0.1306831344527308,0.0008326394671107411,0.0766109421360265,0.09291562686928266,True,True,36,RANDOM_ONE_TO_ONE_MATCHING
RANDOM_ONE_TO_ONE_MATCHING,213,tool_argument_distance,0.11256554730428342,0.07773583582711235,0.15211918148764345,0.0008326394671107411,0.10551796953495526,0.11779952290222293,True,True,36,RANDOM_ONE_TO_ONE_MATCHING
RANDOM_ONE_TO_ONE_MATCHING,213,tool_name_distance,0.08993605854010024,0.05478562999643427,0.12380846899237115,0.0008326394671107411,0.08375274328832905,0.09452302193997417,True,True,36,RANDOM_ONE_TO_ONE_MATCHING
RANDOM_ONE_TO_ONE_MATCHING,213,stage_distance,0.0928400528290657,0.05775176613725242,0.1269250781191289,0.0008326394671107411,0.08633888427044036,0.09819660512101834,True,True,36,RANDOM_ONE_TO_ONE_MATCHING
RANDOM_ONE_TO_ONE_MATCHING,214,tool_argument_distance,0.1130852986666177,0.06899280274352904,0.16326780203085692,0.0008326394671107411,0.10477215135579383,0.12086884285808756,True,True,36,RANDOM_ONE_TO_ONE_MATCHING
RANDOM_ONE_TO_ONE_MATCHING,214,tool_name_distance,0.08341468163546086,0.04311214342772855,0.1246626215126229,0.0016652789342214821,0.07470377148800154,0.08997721137936862,True,True,36,RANDOM_ONE_TO_ONE_MATCHING
RANDOM_ONE_TO_ONE_MATCHING,214,stage_distance,0.09012113869070486,0.048443245433252104,0.1377117145446403,0.0008326394671107411,0.08079347219359738,0.09729330720659767,True,True,36,RANDOM_ONE_TO_ONE_MATCHING
RANDOM_ONE_TO_ONE_MATCHING,215,tool_argument_distance,0.11605826639512773,0.076167336645182,0.15677012567044732,0.0008326394671107411,0.10623135972070281,0.12273160779714136,True,True,36,RANDOM_ONE_TO_ONE_MATCHING
RANDOM_ONE_TO_ONE_MATCHING,215,tool_name_distance,0.09109509019495532,0.056837408123856896,0.1316817910535472,0.0008326394671107411,0.08334087034358877,0.09664456718622118,True,True,36,RANDOM_ONE_TO_ONE_MATCHING
RANDOM_ONE_TO_ONE_MATCHING,215,stage_distance,0.09605252460126398,0.058709717374981873,0.13845934405848853,0.0008326394671107411,0.08678599809327288,0.10216166828883104,True,True,36,RANDOM_ONE_TO_ONE_MATCHING
RANDOM_ONE_TO_ONE_MATCHING,216,tool_argument_distance,0.09695328028646516,0.05685450658884227,0.14313665235278555,0.0016652789342214821,0.0875328978184594,0.10407943947060329,True,True,36,RANDOM_ONE_TO_ONE_MATCHING
RANDOM_ONE_TO_ONE_MATCHING,216,tool_name_distance,0.07168775086540799,0.03175215399772018,0.11628759706780571,0.004995836802664446,0.06325506116636564,0.07877214630137795,True,True,36,RANDOM_ONE_TO_ONE_MATCHING
RANDOM_ONE_TO_ONE_MATCHING,216,stage_distance,0.07925567690163851,0.0327047331879014,0.1288083632141972,0.0016652789342214821,0.06855685950699145,0.08617512370984949,True,True,36,RANDOM_ONE_TO_ONE_MATCHING
RANDOM_ONE_TO_ONE_MATCHING,217,tool_argument_distance,0.09639776345557854,0.055966849277452026,0.1396043492773464,0.0008326394671107411,0.08696150907811889,0.10435643055875464,True,True,36,RANDOM_ONE_TO_ONE_MATCHING
RANDOM_ONE_TO_ONE_MATCHING,217,tool_name_distance,0.06628515839542945,0.028249297709579027,0.10426714112575232,0.0033305578684429643,0.05849175970518136,0.07319565316621769,True,True,36,RANDOM_ONE_TO_ONE_MATCHING
RANDOM_ONE_TO_ONE_MATCHING,217,stage_distance,0.07403555336634898,0.035444139222421546,0.1164553713294067,0.0016652789342214821,0.06413997053736033,0.08044465527061648,True,True,36,RANDOM_ONE_TO_ONE_MATCHING
RANDOM_ONE_TO_ONE_MATCHING,218,tool_argument_distance,0.11254922823320432,0.06846806350727108,0.15880983355931866,0.0008326394671107411,0.10155794596146421,0.12035408616320666,True,True,36,RANDOM_ONE_TO_ONE_MATCHING
RANDOM_ONE_TO_ONE_MATCHING,218,tool_name_distance,0.08607920628821014,0.0475775680849213,0.12767175031528163,0.0008326394671107411,0.07735660160014843,0.09323068582073124,True,True,36,RANDOM_ONE_TO_ONE_MATCHING
RANDOM_ONE_TO_ONE_MATCHING,218,stage_distance,0.08811994583051441,0.04562583114754481,0.1319893818200669,0.0008326394671107411,0.0804072593381299,0.0953814575540648,True,True,36,RANDOM_ONE_TO_ONE_MATCHING
RANDOM_ONE_TO_ONE_MATCHING,219,tool_argument_distance,0.10557889121543212,0.07193879960496816,0.14104168343950038,0.0008326394671107411,0.09926209763111114,0.11379987625460405,True,True,36,RANDOM_ONE_TO_ONE_MATCHING
RANDOM_ONE_TO_ONE_MATCHING,219,tool_name_distance,0.08123548521800802,0.04746450509237952,0.11451761500617112,0.0008326394671107411,0.07327400062745267,0.08857313218372707,True,True,36,RANDOM_ONE_TO_ONE_MATCHING
RANDOM_ONE_TO_ONE_MATCHING,219,stage_distance,0.08787150494038778,0.051739682568825336,0.12145840238021027,0.0008326394671107411,0.08122837787065736,0.09467591974677067,True,True,36,RANDOM_ONE_TO_ONE_MATCHING
RANDOM_ONE_TO_ONE_MATCHING,220,tool_argument_distance,0.08962612390506752,0.05278720392229518,0.12936904115090372,0.0008326394671107411,0.08285353696902183,0.09540718860838776,True,True,36,RANDOM_ONE_TO_ONE_MATCHING
RANDOM_ONE_TO_ONE_MATCHING,220,tool_name_distance,0.06670803966589002,0.02618206539747877,0.10345385706418433,0.004163197335553705,0.0577362471071789,0.07170753983561448,True,True,36,RANDOM_ONE_TO_ONE_MATCHING
RANDOM_ONE_TO_ONE_MATCHING,220,stage_distance,0.07071248767990068,0.03422331348584139,0.11203257730383843,0.0033305578684429643,0.06263404010052204,0.07583616865979347,True,True,36,RANDOM_ONE_TO_ONE_MATCHING
RANDOM_ONE_TO_ONE_MATCHING,221,tool_argument_distance,0.12078219562509844,0.08288235605755329,0.15826127562300898,0.0008326394671107411,0.1145896330566188,0.12805305042563844,True,True,36,RANDOM_ONE_TO_ONE_MATCHING
RANDOM_ONE_TO_ONE_MATCHING,221,tool_name_distance,0.09672604253374649,0.06354446631300749,0.13017162145201108,0.0008326394671107411,0.0901414887294128,0.10326818647403772,True,True,36,RANDOM_ONE_TO_ONE_MATCHING
RANDOM_ONE_TO_ONE_MATCHING,221,stage_distance,0.10056433502230214,0.06379643775383367,0.13782166452103142,0.0008326394671107411,0.0942838602406264,0.10792277046413047,True,True,36,RANDOM_ONE_TO_ONE_MATCHING
RANDOM_ONE_TO_ONE_MATCHING,222,tool_argument_distance,0.11334462493912342,0.07027507677351064,0.1588148042435654,0.0008326394671107411,0.10344018565166978,0.1199038036914783,True,True,36,RANDOM_ONE_TO_ONE_MATCHING
RANDOM_ONE_TO_ONE_MATCHING,222,tool_name_distance,0.08552290262859329,0.046373830101325765,0.12989155283676904,0.0008326394671107411,0.07717886517328985,0.09179257104413859,True,True,36,RANDOM_ONE_TO_ONE_MATCHING
RANDOM_ONE_TO_ONE_MATCHING,222,stage_distance,0.09577964387406385,0.05532670384186472,0.13582477570451984,0.0008326394671107411,0.08650532077386702,0.10168341077184498,True,True,36,RANDOM_ONE_TO_ONE_MATCHING
RANDOM_ONE_TO_ONE_MATCHING,223,tool_argument_distance,0.10608880337000166,0.06509373557656667,0.15136339845708718,0.0008326394671107411,0.09702933964714362,0.11432435732787558,True,True,36,RANDOM_ONE_TO_ONE_MATCHING
RANDOM_ONE_TO_ONE_MATCHING,223,tool_name_distance,0.08094360757622257,0.041925529894398156,0.12066755643082136,0.0008326394671107411,0.07416425981494952,0.08827291518074774,True,True,36,RANDOM_ONE_TO_ONE_MATCHING
RANDOM_ONE_TO_ONE_MATCHING,223,stage_distance,0.08650353883216298,0.04641465223008244,0.12314955959850876,0.0008326394671107411,0.07982132701648328,0.0932688688925966,True,True,36,RANDOM_ONE_TO_ONE_MATCHING
RANDOM_ONE_TO_ONE_MATCHING,224,tool_argument_distance,0.09977250642741942,0.06051184440126373,0.1408982581718844,0.0008326394671107411,0.09198193459841653,0.10558179698833493,True,True,36,RANDOM_ONE_TO_ONE_MATCHING
RANDOM_ONE_TO_ONE_MATCHING,224,tool_name_distance,0.07413454872164199,0.032214565113090836,0.11694535675884711,0.0008326394671107411,0.06285079485466225,0.08017154677107242,True,True,36,RANDOM_ONE_TO_ONE_MATCHING
RANDOM_ONE_TO_ONE_MATCHING,224,stage_distance,0.07864351408044783,0.037755226181758354,0.12283447067354204,0.0016652789342214821,0.06735378926034967,0.08479446499192175,True,True,36,RANDOM_ONE_TO_ONE_MATCHING
RANDOM_ONE_TO_ONE_MATCHING,225,tool_argument_distance,0.1146781825357912,0.0775892167153796,0.1491828686638782,0.0008326394671107411,0.10576422584633763,0.12042726439509048,True,True,36,RANDOM_ONE_TO_ONE_MATCHING
RANDOM_ONE_TO_ONE_MATCHING,225,tool_name_distance,0.09361181720751137,0.058883994848378717,0.12863221074900638,0.0008326394671107411,0.08645598529727072,0.09888619635605321,True,True,36,RANDOM_ONE_TO_ONE_MATCHING
RANDOM_ONE_TO_ONE_MATCHING,225,stage_distance,0.10239462694654829,0.06541967285656197,0.1428949844592279,0.0008326394671107411,0.09235692241032724,0.1076342292304912,True,True,36,RANDOM_ONE_TO_ONE_MATCHING
RANDOM_ONE_TO_ONE_MATCHING,226,tool_argument_distance,0.10141285595258313,0.06131798995322244,0.1410666687399014,0.0008326394671107411,0.09211988993218075,0.1095148114128165,True,True,36,RANDOM_ONE_TO_ONE_MATCHING
RANDOM_ONE_TO_ONE_MATCHING,226,tool_name_distance,0.0691403227551985,0.030646032762279726,0.11178624717212185,0.002497918401332223,0.06083326209427716,0.07613239365055156,True,True,36,RANDOM_ONE_TO_ONE_MATCHING
RANDOM_ONE_TO_ONE_MATCHING,226,stage_distance,0.07393314966216323,0.03288904062208202,0.11403779869621199,0.002497918401332223,0.06403464101305498,0.08033932574631113,True,True,36,RANDOM_ONE_TO_ONE_MATCHING
RANDOM_ONE_TO_ONE_MATCHING,227,tool_argument_distance,0.11881218409303838,0.0766938428593277,0.16384316592734843,0.0008326394671107411,0.10906396078141092,0.12620876201192643,True,True,36,RANDOM_ONE_TO_ONE_MATCHING
RANDOM_ONE_TO_ONE_MATCHING,227,tool_name_distance,0.09639535777868227,0.05839634615912999,0.13286848136715523,0.0008326394671107411,0.08906542510255887,0.10296364275791937,True,True,36,RANDOM_ONE_TO_ONE_MATCHING
RANDOM_ONE_TO_ONE_MATCHING,227,stage_distance,0.10849760169686136,0.07171929265714945,0.1468523252676558,0.0008326394671107411,0.09958664882017304,0.11468883235092801,True,True,36,RANDOM_ONE_TO_ONE_MATCHING
RANDOM_ONE_TO_ONE_MATCHING,228,tool_argument_distance,0.10854470653504861,0.06371080921301163,0.15212479003917684,0.0008326394671107411,0.09850312672176428,0.11589326921750902,True,True,36,RANDOM_ONE_TO_ONE_MATCHING
RANDOM_ONE_TO_ONE_MATCHING,228,tool_name_distance,0.08395419445170266,0.04797826849569349,0.12179328421407397,0.0008326394671107411,0.07682435552179252,0.09026205566992379,True,True,36,RANDOM_ONE_TO_ONE_MATCHING
RANDOM_ONE_TO_ONE_MATCHING,228,stage_distance,0.09107549089506174,0.05370279675466965,0.13431653543788954,0.0008326394671107411,0.0816667634240363,0.09779651613838285,True,True,36,RANDOM_ONE_TO_ONE_MATCHING
RANDOM_ONE_TO_ONE_MATCHING,229,tool_argument_distance,0.11421399266187914,0.07695990246568939,0.1543491945296853,0.0008326394671107411,0.10528677340459947,0.12021192990594647,True,True,36,RANDOM_ONE_TO_ONE_MATCHING
RANDOM_ONE_TO_ONE_MATCHING,229,tool_name_distance,0.09234836872184066,0.06042336164791984,0.1254134537660407,0.0008326394671107411,0.08470439508853767,0.09721219429078333,True,True,36,RANDOM_ONE_TO_ONE_MATCHING
RANDOM_ONE_TO_ONE_MATCHING,229,stage_distance,0.09560616720669969,0.062340366936830795,0.13109606702262747,0.0008326394671107411,0.08632688763029246,0.10023859497057123,True,True,36,RANDOM_ONE_TO_ONE_MATCHING
RANDOM_ONE_TO_ONE_MATCHING,230,tool_argument_distance,0.09829300052056142,0.06152750309593375,0.13670823960022505,0.0008326394671107411,0.08891089577352984,0.10630581725416562,True,True,36,RANDOM_ONE_TO_ONE_MATCHING
RANDOM_ONE_TO_ONE_MATCHING,230,tool_name_distance,0.07185758064821282,0.03649057594108364,0.10640172290399454,0.0008326394671107411,0.06442180672074267,0.07892728748336628,True,True,36,RANDOM_ONE_TO_ONE_MATCHING
RANDOM_ONE_TO_ONE_MATCHING,230,stage_distance,0.08329977907114262,0.045886301711115136,0.12283021076477083,0.0016652789342214821,0.0727165074527671,0.08997357313840422,True,True,36,RANDOM_ONE_TO_ONE_MATCHING
RANDOM_ONE_TO_ONE_MATCHING,231,tool_argument_distance,0.12613447952270398,0.08649277510940989,0.16843585587539608,0.0008326394671107411,0.11754784560430505,0.13270355586561758,True,True,36,RANDOM_ONE_TO_ONE_MATCHING
RANDOM_ONE_TO_ONE_MATCHING,231,tool_name_distance,0.09876969485474661,0.058294019858778155,0.14448308670006532,0.0008326394671107411,0.08818980230585553,0.1047608382519615,True,True,36,RANDOM_ONE_TO_ONE_MATCHING
RANDOM_ONE_TO_ONE_MATCHING,231,stage_distance,0.1071590237339714,0.06493042990474582,0.1515454954392124,0.0016652789342214821,0.0966840277611168,0.11337498752238469,True,True,36,RANDOM_ONE_TO_ONE_MATCHING
RANDOM_ONE_TO_ONE_MATCHING,232,tool_argument_distance,0.11837578002423838,0.07444654321097847,0.16407452838353945,0.0008326394671107411,0.10956746897731187,0.12479740095010095,True,True,36,RANDOM_ONE_TO_ONE_MATCHING
RANDOM_ONE_TO_ONE_MATCHING,232,tool_name_distance,0.09665733552059504,0.05674575599823954,0.13809530525047592,0.0008326394671107411,0.08704412313204721,0.10232811955890077,True,True,36,RANDOM_ONE_TO_ONE_MATCHING
RANDOM_ONE_TO_ONE_MATCHING,232,stage_distance,0.10273323094119806,0.06104689796986301,0.14883391694817405,0.0008326394671107411,0.09248524615629804,0.10896975106937438,True,True,36,RANDOM_ONE_TO_ONE_MATCHING
RANDOM_ONE_TO_ONE_MATCHING,233,tool_argument_distance,0.11384733165904287,0.07300592720944996,0.15556702000446057,0.0008326394671107411,0.10555595671943115,0.11988892991388891,True,True,36,RANDOM_ONE_TO_ONE_MATCHING
RANDOM_ONE_TO_ONE_MATCHING,233,tool_name_distance,0.08257007606250563,0.04488778339851388,0.12129496056403155,0.0008326394671107411,0.0738350343272476,0.08795675828748695,True,True,36,RANDOM_ONE_TO_ONE_MATCHING
RANDOM_ONE_TO_ONE_MATCHING,233,stage_distance,0.08793538266507958,0.046288931812800325,0.1298717616513648,0.0008326394671107411,0.0785452659958114,0.09381568499998388,True,True,36,RANDOM_ONE_TO_ONE_MATCHING
RANDOM_ONE_TO_ONE_MATCHING,234,tool_argument_distance,0.11166338816142717,0.0714973230463738,0.15550151593969394,0.0008326394671107411,0.10236637289292733,0.12005821597048469,True,True,36,RANDOM_ONE_TO_ONE_MATCHING
RANDOM_ONE_TO_ONE_MATCHING,234,tool_name_distance,0.0855124404259058,0.04835466565848827,0.12535869650118658,0.0016652789342214821,0.07826839265081417,0.09297228611185049,True,True,36,RANDOM_ONE_TO_ONE_MATCHING
RANDOM_ONE_TO_ONE_MATCHING,234,stage_distance,0.09331874285182849,0.0533701086618059,0.13016608187560094,0.0008326394671107411,0.08683125115099638,0.1002787930271097,True,True,36,RANDOM_ONE_TO_ONE_MATCHING
RANDOM_ONE_TO_ONE_MATCHING,235,tool_argument_distance,0.11230142704424814,0.06890612576938544,0.15807824756706254,0.0008326394671107411,0.10381062331752505,0.1201957750368504,True,True,36,RANDOM_ONE_TO_ONE_MATCHING
RANDOM_ONE_TO_ONE_MATCHING,235,tool_name_distance,0.07821058165717451,0.036891048854035054,0.11670112762389924,0.0008326394671107411,0.07014463373255782,0.08533482354067479,True,True,36,RANDOM_ONE_TO_ONE_MATCHING
RANDOM_ONE_TO_ONE_MATCHING,235,stage_distance,0.08013655867132316,0.042827747314784566,0.1196116773168309,0.0008326394671107411,0.07327243313676232,0.08730095374987677,True,True,36,RANDOM_ONE_TO_ONE_MATCHING
RANDOM_ONE_TO_ONE_MATCHING,236,tool_argument_distance,0.11056570855027842,0.07051779871033133,0.14889275613075953,0.0008326394671107411,0.10308351392478578,0.11684901949505325,True,True,36,RANDOM_ONE_TO_ONE_MATCHING
RANDOM_ONE_TO_ONE_MATCHING,236,tool_name_distance,0.09012421975624768,0.055324271314906304,0.13058294450280386,0.0008326394671107411,0.08242884083606956,0.09599005793622226,True,True,36,RANDOM_ONE_TO_ONE_MATCHING
RANDOM_ONE_TO_ONE_MATCHING,236,stage_distance,0.09406102896691695,0.05654517149036881,0.13954055776428226,0.0008326394671107411,0.08697477017796923,0.10002447269041684,True,True,36,RANDOM_ONE_TO_ONE_MATCHING
RANDOM_ONE_TO_ONE_MATCHING,237,tool_argument_distance,0.10395781481003175,0.0673100102553452,0.14148438698942742,0.0008326394671107411,0.09719742584542038,0.10987558559935044,True,True,36,RANDOM_ONE_TO_ONE_MATCHING
RANDOM_ONE_TO_ONE_MATCHING,237,tool_name_distance,0.07680965177460455,0.04011677034184209,0.11383758630056054,0.0008326394671107411,0.06969574077397793,0.0826529094473322,True,True,36,RANDOM_ONE_TO_ONE_MATCHING
RANDOM_ONE_TO_ONE_MATCHING,237,stage_distance,0.08377589229289137,0.0487794633288881,0.12014283503302578,0.0008326394671107411,0.07701574771894679,0.08991808242646356,True,True,36,RANDOM_ONE_TO_ONE_MATCHING
RANDOM_ONE_TO_ONE_MATCHING,238,tool_argument_distance,0.11310533673296175,0.07313280415703771,0.15510361856558133,0.0008326394671107411,0.10551618666174384,0.12025453280569222,True,True,36,RANDOM_ONE_TO_ONE_MATCHING
RANDOM_ONE_TO_ONE_MATCHING,238,tool_name_distance,0.09593387373930434,0.05771253700363526,0.1326207398949693,0.0008326394671107411,0.08817589289005008,0.1019017137337981,True,True,36,RANDOM_ONE_TO_ONE_MATCHING
RANDOM_ONE_TO_ONE_MATCHING,238,stage_distance,0.09847070047360222,0.06406043549259612,0.13536927269731766,0.0008326394671107411,0.09196095796394262,0.10492904694519688,True,True,36,RANDOM_ONE_TO_ONE_MATCHING
RANDOM_ONE_TO_ONE_MATCHING,239,tool_argument_distance,0.10151511654905,0.06315130127150606,0.13841770152029179,0.0008326394671107411,0.09299957923448222,0.10686317604458598,True,True,36,RANDOM_ONE_TO_ONE_MATCHING
RANDOM_ONE_TO_ONE_MATCHING,239,tool_name_distance,0.07767768193400038,0.0388615727444206,0.11733987308803624,0.0008326394671107411,0.06880285750935648,0.08348271525834099,True,True,36,RANDOM_ONE_TO_ONE_MATCHING
RANDOM_ONE_TO_ONE_MATCHING,239,stage_distance,0.08398499920080721,0.04351461887707457,0.12203028879933261,0.0008326394671107411,0.0744820144325598,0.08944141158855139,True,True,36,RANDOM_ONE_TO_ONE_MATCHING
RANDOM_ONE_TO_ONE_MATCHING,240,tool_argument_distance,0.09905592564010418,0.05900960803585255,0.13879688610438504,0.0008326394671107411,0.09255276161077385,0.10709054023426674,True,True,36,RANDOM_ONE_TO_ONE_MATCHING
RANDOM_ONE_TO_ONE_MATCHING,240,tool_name_distance,0.07102913765269465,0.03241785940009544,0.1105647315611795,0.0008326394671107411,0.06218080503646367,0.07807517468797617,True,True,36,RANDOM_ONE_TO_ONE_MATCHING
RANDOM_ONE_TO_ONE_MATCHING,240,stage_distance,0.07799938509632055,0.039708475736403105,0.11882906569755076,0.0008326394671107411,0.07012913458598248,0.08544570841572156,True,True,36,RANDOM_ONE_TO_ONE_MATCHING
RANDOM_ONE_TO_ONE_MATCHING,241,tool_argument_distance,0.11789634175163125,0.0801005041438018,0.1551430990919036,0.0008326394671107411,0.10907433246834455,0.1264692539489803,True,True,36,RANDOM_ONE_TO_ONE_MATCHING
RANDOM_ONE_TO_ONE_MATCHING,241,tool_name_distance,0.09179726047180758,0.05643741359998688,0.12699753226980795,0.0008326394671107411,0.08343407768504042,0.09943667244477804,True,True,36,RANDOM_ONE_TO_ONE_MATCHING
RANDOM_ONE_TO_ONE_MATCHING,241,stage_distance,0.09751321903107063,0.06184136871391408,0.13535265271679078,0.0008326394671107411,0.0873360456972645,0.10459311138290159,True,True,36,RANDOM_ONE_TO_ONE_MATCHING
RANDOM_ONE_TO_ONE_MATCHING,242,tool_argument_distance,0.11585902622427202,0.07627594665129456,0.16012849490462552,0.0008326394671107411,0.10602642697353695,0.1229085279413522,True,True,36,RANDOM_ONE_TO_ONE_MATCHING
RANDOM_ONE_TO_ONE_MATCHING,242,tool_name_distance,0.08995237285291215,0.05517920690784067,0.1269477763888123,0.0008326394671107411,0.08014759010243051,0.09607387228585555,True,True,36,RANDOM_ONE_TO_ONE_MATCHING
RANDOM_ONE_TO_ONE_MATCHING,242,stage_distance,0.0996260313768196,0.0594692978279154,0.1401213268179531,0.0008326394671107411,0.08928926946150877,0.1053010883304705,True,True,36,RANDOM_ONE_TO_ONE_MATCHING
RANDOM_ONE_TO_ONE_MATCHING,243,tool_argument_distance,0.10494301371778637,0.06219465227979258,0.1507576452187547,0.0008326394671107411,0.09575090934781838,0.11314583082845413,True,True,36,RANDOM_ONE_TO_ONE_MATCHING
RANDOM_ONE_TO_ONE_MATCHING,243,tool_name_distance,0.08538501007520907,0.04741977519947715,0.1249241651601224,0.0008326394671107411,0.07732563312126638,0.09284121489399101,True,True,36,RANDOM_ONE_TO_ONE_MATCHING
RANDOM_ONE_TO_ONE_MATCHING,243,stage_distance,0.09012454022748816,0.0495576803785465,0.13335103655408068,0.0008326394671107411,0.08068864273738918,0.09699332747064536,True,True,36,RANDOM_ONE_TO_ONE_MATCHING
RANDOM_ONE_TO_ONE_MATCHING,244,tool_argument_distance,0.10883655684122434,0.06782325063250595,0.1508053936440561,0.0008326394671107411,0.09880331560811649,0.11568541657593173,True,True,36,RANDOM_ONE_TO_ONE_MATCHING
RANDOM_ONE_TO_ONE_MATCHING,244,tool_name_distance,0.09225468592799448,0.05384747053999164,0.13287666267537807,0.0008326394671107411,0.08291250894791204,0.09844196573451167,True,True,36,RANDOM_ONE_TO_ONE_MATCHING
RANDOM_ONE_TO_ONE_MATCHING,244,stage_distance,0.09627004732319416,0.058202450126931045,0.13851824567379944,0.0008326394671107411,0.08700973575011536,0.10184921901817005,True,True,36,RANDOM_ONE_TO_ONE_MATCHING
RANDOM_ONE_TO_ONE_MATCHING,245,tool_argument_distance,0.11184686478090534,0.0714479417838853,0.15322710283191426,0.0008326394671107411,0.10285201329845503,0.11808194527124413,True,True,36,RANDOM_ONE_TO_ONE_MATCHING
RANDOM_ONE_TO_ONE_MATCHING,245,tool_name_distance,0.09050052333791857,0.055779777200867776,0.1274501089016877,0.0008326394671107411,0.08338095469941836,0.0963582102481025,True,True,36,RANDOM_ONE_TO_ONE_MATCHING
RANDOM_ONE_TO_ONE_MATCHING,245,stage_distance,0.10159354026869866,0.06509523882257168,0.1408693438722316,0.0008326394671107411,0.09153294754168188,0.10768411912142488,True,True,36,RANDOM_ONE_TO_ONE_MATCHING
RANDOM_ONE_TO_ONE_MATCHING,246,tool_argument_distance,0.11944175840754769,0.07561903093828112,0.1658761192544062,0.0008326394671107411,0.10971152293347762,0.12676012406779302,True,True,36,RANDOM_ONE_TO_ONE_MATCHING
RANDOM_ONE_TO_ONE_MATCHING,246,tool_name_distance,0.0984709314771471,0.05870747030175288,0.14459140168465426,0.0008326394671107411,0.08764440759365795,0.10500231846585452,True,True,36,RANDOM_ONE_TO_ONE_MATCHING
RANDOM_ONE_TO_ONE_MATCHING,246,stage_distance,0.10669490799581699,0.062424172269573606,0.15566536619694787,0.0016652789342214821,0.09692093728758655,0.11386220229915968,True,True,36,RANDOM_ONE_TO_ONE_MATCHING
RANDOM_ONE_TO_ONE_MATCHING,247,tool_argument_distance,0.11314306858592876,0.0767114687050556,0.14960821483626094,0.0008326394671107411,0.10537527417364465,0.11975062562476639,True,True,36,RANDOM_ONE_TO_ONE_MATCHING
RANDOM_ONE_TO_ONE_MATCHING,247,tool_name_distance,0.09005103697322657,0.05604542203498413,0.1303787620064964,0.0016652789342214821,0.08234142528996317,0.09567738184210534,True,True,36,RANDOM_ONE_TO_ONE_MATCHING
RANDOM_ONE_TO_ONE_MATCHING,247,stage_distance,0.094333624981472,0.05589463715928117,0.13367068799096873,0.0008326394671107411,0.08697807775872043,0.10041116425413185,True,True,36,RANDOM_ONE_TO_ONE_MATCHING
RANDOM_ONE_TO_ONE_MATCHING,248,tool_argument_distance,0.1105571969985092,0.07280382655631212,0.15035610157470772,0.0008326394671107411,0.10407152961116502,0.11558302526355703,True,True,36,RANDOM_ONE_TO_ONE_MATCHING
RANDOM_ONE_TO_ONE_MATCHING,248,tool_name_distance,0.08558346487257056,0.0464807704218408,0.12283080818805416,0.0008326394671107411,0.07715097017690745,0.09062846252582837,True,True,36,RANDOM_ONE_TO_ONE_MATCHING
RANDOM_ONE_TO_ONE_MATCHING,248,stage_distance,0.09274279102103451,0.05444362739178347,0.13392707749535507,0.0008326394671107411,0.08486088024707356,0.09786207666969855,True,True,36,RANDOM_ONE_TO_ONE_MATCHING
RANDOM_ONE_TO_ONE_MATCHING,249,tool_argument_distance,0.1062794107963762,0.06402835167079085,0.14643315206942117,0.0008326394671107411,0.0989406407152337,0.11253628369659098,True,True,36,RANDOM_ONE_TO_ONE_MATCHING
RANDOM_ONE_TO_ONE_MATCHING,249,tool_name_distance,0.07560800693396426,0.03857599404681454,0.11413194925235161,0.0008326394671107411,0.06823970550354733,0.08086179188277656,True,True,36,RANDOM_ONE_TO_ONE_MATCHING
RANDOM_ONE_TO_ONE_MATCHING,249,stage_distance,0.0832592900206412,0.04551469972181253,0.12145394436031029,0.0008326394671107411,0.07593614790496626,0.08874145106741228,True,True,36,RANDOM_ONE_TO_ONE_MATCHING
RANDOM_ONE_TO_ONE_MATCHING,250,tool_argument_distance,0.11893650326674265,0.07813682730541943,0.1629356549066743,0.0008326394671107411,0.11184464578432059,0.12585610715726658,True,True,36,RANDOM_ONE_TO_ONE_MATCHING
RANDOM_ONE_TO_ONE_MATCHING,250,tool_name_distance,0.08912162693300736,0.05136997794342628,0.12842359757845292,0.0008326394671107411,0.08138546067716627,0.09549411604296448,True,True,36,RANDOM_ONE_TO_ONE_MATCHING
RANDOM_ONE_TO_ONE_MATCHING,250,stage_distance,0.09811861292788723,0.059066532519725046,0.13755872960717663,0.0008326394671107411,0.09098553516078874,0.10459511500412207,True,True,36,RANDOM_ONE_TO_ONE_MATCHING
RANDOM_ONE_TO_ONE_MATCHING,251,tool_argument_distance,0.09827484916640608,0.058185187704077074,0.13900608299162392,0.0008326394671107411,0.09174936866639863,0.10430302030576456,True,True,36,RANDOM_ONE_TO_ONE_MATCHING
RANDOM_ONE_TO_ONE_MATCHING,251,tool_name_distance,0.07192763799846248,0.034298418074320935,0.11229384070259794,0.0008326394671107411,0.0631951644108696,0.07780887028171832,True,True,36,RANDOM_ONE_TO_ONE_MATCHING
RANDOM_ONE_TO_ONE_MATCHING,251,stage_distance,0.07908006707099341,0.04175813338165668,0.11862574500240738,0.0008326394671107411,0.07172770617551613,0.08498178367805302,True,True,36,RANDOM_ONE_TO_ONE_MATCHING
RANDOM_ONE_TO_ONE_MATCHING,252,tool_argument_distance,0.08928059256419231,0.05194922876382098,0.13134729587336258,0.0008326394671107411,0.08152093959835648,0.09487092241976786,True,True,36,RANDOM_ONE_TO_ONE_MATCHING
RANDOM_ONE_TO_ONE_MATCHING,252,tool_name_distance,0.07415371403288716,0.036000669973963985,0.11840369026725407,0.0016652789342214821,0.06449277912564291,0.0798839424772374,True,True,36,RANDOM_ONE_TO_ONE_MATCHING
RANDOM_ONE_TO_ONE_MATCHING,252,stage_distance,0.07851750110108983,0.03581671669355942,0.12161792388680874,0.0016652789342214821,0.06817287641599626,0.0840621432338345,True,True,36,RANDOM_ONE_TO_ONE_MATCHING
RANDOM_ONE_TO_ONE_MATCHING,253,tool_argument_distance,0.11444578092232947,0.07051622459333848,0.16150155356611293,0.0008326394671107411,0.10477852714011993,0.12226819603539106,True,True,36,RANDOM_ONE_TO_ONE_MATCHING
RANDOM_ONE_TO_ONE_MATCHING,253,tool_name_distance,0.08527618259871304,0.042886833140404784,0.1306106326276487,0.0008326394671107411,0.07663649571109846,0.09189189808442799,True,True,36,RANDOM_ONE_TO_ONE_MATCHING
RANDOM_ONE_TO_ONE_MATCHING,253,stage_distance,0.0867282984825407,0.04400389265279841,0.12985194703799616,0.0008326394671107411,0.0762429845616337,0.09380352870677168,True,True,36,RANDOM_ONE_TO_ONE_MATCHING
RANDOM_ONE_TO_ONE_MATCHING,254,tool_argument_distance,0.1089515513087515,0.07373777525553388,0.14772154905111984,0.0008326394671107411,0.09987397658423965,0.11544554549670488,True,True,36,RANDOM_ONE_TO_ONE_MATCHING
RANDOM_ONE_TO_ONE_MATCHING,254,tool_name_distance,0.08158497864081775,0.04569074526641022,0.1162340208915751,0.0008326394671107411,0.07421068015382894,0.08750098879735886,True,True,36,RANDOM_ONE_TO_ONE_MATCHING
RANDOM_ONE_TO_ONE_MATCHING,254,stage_distance,0.0875246011390225,0.047587734377517926,0.12850995321425246,0.0008326394671107411,0.07706203872258642,0.09359544007587572,True,True,36,RANDOM_ONE_TO_ONE_MATCHING
RANDOM_ONE_TO_ONE_MATCHING,255,tool_argument_distance,0.11563332358787783,0.0812748608222872,0.1530986701816289,0.0008326394671107411,0.10876454986066277,0.12113758634798497,True,True,36,RANDOM_ONE_TO_ONE_MATCHING
RANDOM_ONE_TO_ONE_MATCHING,255,tool_name_distance,0.08679487285095594,0.05225499201523414,0.11802218802842464,0.0008326394671107411,0.07839698981181811,0.09169906773182321,True,True,36,RANDOM_ONE_TO_ONE_MATCHING
RANDOM_ONE_TO_ONE_MATCHING,255,stage_distance,0.09918753758651666,0.06620104723210889,0.13379674462149913,0.0008326394671107411,0.09192266286161276,0.10406463351674866,True,True,36,RANDOM_ONE_TO_ONE_MATCHING
RANDOM_ONE_TO_ONE_MATCHING,256,tool_argument_distance,0.11113871715024778,0.06749037207325166,0.15386609062502274,0.0008326394671107411,0.1021236328783501,0.11741508974599744,True,True,36,RANDOM_ONE_TO_ONE_MATCHING
RANDOM_ONE_TO_ONE_MATCHING,256,tool_name_distance,0.08743114606644198,0.05170396662733028,0.12590031416449896,0.0008326394671107411,0.07953845524904533,0.09204898811279948,True,True,36,RANDOM_ONE_TO_ONE_MATCHING
RANDOM_ONE_TO_ONE_MATCHING,256,stage_distance,0.09093951736909817,0.050420745002324775,0.13309112862522204,0.0008326394671107411,0.08057452398780708,0.09557438048052072,True,True,36,RANDOM_ONE_TO_ONE_MATCHING
RANDOM_ONE_TO_ONE_MATCHING,257,tool_argument_distance,0.12836465135821842,0.0907282165484849,0.16690696101925848,0.0008326394671107411,0.11984173663511989,0.1352525311316287,True,True,36,RANDOM_ONE_TO_ONE_MATCHING
RANDOM_ONE_TO_ONE_MATCHING,257,tool_name_distance,0.10516601108889338,0.06792410632721275,0.14244829867898554,0.0008326394671107411,0.09767180559248452,0.11199691117473295,True,True,36,RANDOM_ONE_TO_ONE_MATCHING
RANDOM_ONE_TO_ONE_MATCHING,257,stage_distance,0.11128524435698667,0.07203418186452813,0.1486098708128905,0.0008326394671107411,0.10245393841344481,0.11756814695622478,True,True,36,RANDOM_ONE_TO_ONE_MATCHING
RANDOM_ONE_TO_ONE_MATCHING,258,tool_argument_distance,0.11623488904928309,0.07696094287592187,0.15670523653709345,0.0008326394671107411,0.10736540968878641,0.1214775028865939,True,True,36,RANDOM_ONE_TO_ONE_MATCHING
RANDOM_ONE_TO_ONE_MATCHING,258,tool_name_distance,0.09243562322462233,0.054608613885892034,0.13101539275534066,0.0008326394671107411,0.08449706980861175,0.09730194177935876,True,True,36,RANDOM_ONE_TO_ONE_MATCHING
RANDOM_ONE_TO_ONE_MATCHING,258,stage_distance,0.09638043402843813,0.05434295382954887,0.13895567787771407,0.0008326394671107411,0.08617089540884246,0.10189860403615303,True,True,36,RANDOM_ONE_TO_ONE_MATCHING
RANDOM_ONE_TO_ONE_MATCHING,259,tool_argument_distance,0.11352621155202833,0.06896896538432827,0.15852952782982152,0.0008326394671107411,0.10362696045351488,0.11977168170383837,True,True,36,RANDOM_ONE_TO_ONE_MATCHING
RANDOM_ONE_TO_ONE_MATCHING,259,tool_name_distance,0.08134123830739974,0.04316600575594585,0.1213861350763983,0.0016652789342214821,0.07168724853815744,0.0873472463160824,True,True,36,RANDOM_ONE_TO_ONE_MATCHING
RANDOM_ONE_TO_ONE_MATCHING,259,stage_distance,0.08634556329899207,0.045778957724622434,0.13079436326121816,0.0016652789342214821,0.07680169503950747,0.09211337693578321,True,True,36,RANDOM_ONE_TO_ONE_MATCHING
RANDOM_ONE_TO_ONE_MATCHING,260,tool_argument_distance,0.11499269714930392,0.07033572482299659,0.15900991651059157,0.0008326394671107411,0.10608772659166503,0.12235415619899094,True,True,36,RANDOM_ONE_TO_ONE_MATCHING
RANDOM_ONE_TO_ONE_MATCHING,260,tool_name_distance,0.09720682156206725,0.05175679595046307,0.14203291358640419,0.0008326394671107411,0.08990007356546914,0.10474022125883813,True,True,36,RANDOM_ONE_TO_ONE_MATCHING
RANDOM_ONE_TO_ONE_MATCHING,260,stage_distance,0.10195843048190757,0.060673612849354686,0.1435453494895376,0.0008326394671107411,0.09286064414193486,0.10924641534759402,True,True,36,RANDOM_ONE_TO_ONE_MATCHING
RANDOM_ONE_TO_ONE_MATCHING,261,tool_argument_distance,0.10288985430708203,0.06008269297730175,0.14526227867840402,0.0008326394671107411,0.09363908823966531,0.10904988273617411,True,True,36,RANDOM_ONE_TO_ONE_MATCHING
RANDOM_ONE_TO_ONE_MATCHING,261,tool_name_distance,0.07401556867310194,0.04115155311694697,0.1081764218339569,0.0016652789342214821,0.06624462614951752,0.07995645611849034,True,True,36,RANDOM_ONE_TO_ONE_MATCHING
RANDOM_ONE_TO_ONE_MATCHING,261,stage_distance,0.08126993649888742,0.04429505344349793,0.11865315195004995,0.0008326394671107411,0.07158105033082844,0.0866952588736084,True,True,36,RANDOM_ONE_TO_ONE_MATCHING
RANDOM_ONE_TO_ONE_MATCHING,262,tool_argument_distance,0.12302072632241395,0.08413142366302029,0.16290147168004926,0.0008326394671107411,0.11339274707448292,0.13019680898414707,True,True,36,RANDOM_ONE_TO_ONE_MATCHING
RANDOM_ONE_TO_ONE_MATCHING,262,tool_name_distance,0.08845093364535501,0.05078431695097428,0.12354564545922518,0.0008326394671107411,0.081272805301353,0.0933780245244994,True,True,36,RANDOM_ONE_TO_ONE_MATCHING
RANDOM_ONE_TO_ONE_MATCHING,262,stage_distance,0.09599882218419299,0.058281989750390055,0.13653844259364362,0.0008326394671107411,0.08673076132142843,0.10026203639556064,True,True,36,RANDOM_ONE_TO_ONE_MATCHING
RANDOM_ONE_TO_ONE_MATCHING,263,tool_argument_distance,0.11962236333276735,0.07429761408476006,0.16067143590274988,0.0008326394671107411,0.11084966895179882,0.12685349351710798,True,True,36,RANDOM_ONE_TO_ONE_MATCHING
RANDOM_ONE_TO_ONE_MATCHING,263,tool_name_distance,0.09213460527572764,0.05215832853667987,0.1309992293288791,0.0008326394671107411,0.08541886754973627,0.09954059150997564,True,True,36,RANDOM_ONE_TO_ONE_MATCHING
RANDOM_ONE_TO_ONE_MATCHING,263,stage_distance,0.0979707906273666,0.05439135556149374,0.14028368786701748,0.0008326394671107411,0.08780669076774034,0.10516234992858159,True,True,36,RANDOM_ONE_TO_ONE_MATCHING
RANDOM_ONE_TO_ONE_MATCHING,264,tool_argument_distance,0.11735305145139649,0.07798967275482536,0.16041930529599888,0.0008326394671107411,0.1085155195881031,0.12475681093499666,True,True,36,RANDOM_ONE_TO_ONE_MATCHING
RANDOM_ONE_TO_ONE_MATCHING,264,tool_name_distance,0.08939095596174491,0.046511784957928765,0.13731795238927344,0.0008326394671107411,0.07925738515876807,0.0966759069523599,True,True,36,RANDOM_ONE_TO_ONE_MATCHING
RANDOM_ONE_TO_ONE_MATCHING,264,stage_distance,0.09664915443130342,0.0538516082889529,0.145239677591413,0.0008326394671107411,0.08658816219265829,0.10412660780141203,True,True,36,RANDOM_ONE_TO_ONE_MATCHING
RANDOM_ONE_TO_ONE_MATCHING,265,tool_argument_distance,0.10940317616567242,0.0671663016573484,0.1467135791867522,0.0008326394671107411,0.10319564786564402,0.11626822502393545,True,True,36,RANDOM_ONE_TO_ONE_MATCHING
RANDOM_ONE_TO_ONE_MATCHING,265,tool_name_distance,0.081026764245945,0.04110786487794282,0.12133176647355302,0.0033305578684429643,0.07156220220193099,0.08689324629011792,True,True,36,RANDOM_ONE_TO_ONE_MATCHING
RANDOM_ONE_TO_ONE_MATCHING,265,stage_distance,0.08754316383988972,0.04421036021641644,0.13100279819958888,0.0008326394671107411,0.07745641523304755,0.0928729960067712,True,True,36,RANDOM_ONE_TO_ONE_MATCHING
RANDOM_ONE_TO_ONE_MATCHING,266,tool_argument_distance,0.11605739286269245,0.07271507077570337,0.15959098145809464,0.0008326394671107411,0.10623046123019797,0.12334049168112475,True,True,36,RANDOM_ONE_TO_ONE_MATCHING
RANDOM_ONE_TO_ONE_MATCHING,266,tool_name_distance,0.09059143558375858,0.05197122278956256,0.13071363371280453,0.0008326394671107411,0.08323636919990142,0.09631189262864615,True,True,36,RANDOM_ONE_TO_ONE_MATCHING
RANDOM_ONE_TO_ONE_MATCHING,266,stage_distance,0.09487012080985607,0.05454435884279163,0.13430567071018232,0.0008326394671107411,0.08556981133639618,0.10141945200592481,True,True,36,RANDOM_ONE_TO_ONE_MATCHING
RANDOM_ONE_TO_ONE_MATCHING,267,tool_argument_distance,0.10466161726592994,0.059087333089607265,0.1519185034211723,0.0008326394671107411,0.09524391647978096,0.11285639447797323,True,True,36,RANDOM_ONE_TO_ONE_MATCHING
RANDOM_ONE_TO_ONE_MATCHING,267,tool_name_distance,0.07997323456796497,0.03589955143812787,0.1265531696759651,0.0008326394671107411,0.07047857167600867,0.08727481722939708,True,True,36,RANDOM_ONE_TO_ONE_MATCHING
RANDOM_ONE_TO_ONE_MATCHING,267,stage_distance,0.08492023283008145,0.04074818465193576,0.1282893693659182,0.0008326394671107411,0.07475854333724477,0.09164032557616987,True,True,36,RANDOM_ONE_TO_ONE_MATCHING
RANDOM_ONE_TO_ONE_MATCHING,268,tool_argument_distance,0.11930022300414438,0.07619521978233561,0.16761108177161257,0.0008326394671107411,0.10956594366140565,0.1252728880257265,True,True,36,RANDOM_ONE_TO_ONE_MATCHING
RANDOM_ONE_TO_ONE_MATCHING,268,tool_name_distance,0.08768382190692778,0.045555506168994245,0.12924859359807112,0.0008326394671107411,0.078499649100558,0.09411808517942521,True,True,36,RANDOM_ONE_TO_ONE_MATCHING
RANDOM_ONE_TO_ONE_MATCHING,268,stage_distance,0.09667852569486296,0.05532752965058789,0.13849773151753736,0.0008326394671107411,0.08694297501692191,0.10194545523375034,True,True,36,RANDOM_ONE_TO_ONE_MATCHING
RANDOM_ONE_TO_ONE_MATCHING,269,tool_argument_distance,0.10335314326452769,0.05814836337197619,0.14973254046769705,0.0008326394671107411,0.09316323307208563,0.11021183420640104,True,True,36,RANDOM_ONE_TO_ONE_MATCHING
RANDOM_ONE_TO_ONE_MATCHING,269,tool_name_distance,0.07654127144301474,0.03553105357723328,0.1188179788262202,0.0016652789342214821,0.06763397814719982,0.08244609671646123,True,True,36,RANDOM_ONE_TO_ONE_MATCHING
RANDOM_ONE_TO_ONE_MATCHING,269,stage_distance,0.08614419356792641,0.04565707508133466,0.13349390165278682,0.0016652789342214821,0.07659457188755424,0.09166229722330256,True,True,36,RANDOM_ONE_TO_ONE_MATCHING
RANDOM_ONE_TO_ONE_MATCHING,270,tool_argument_distance,0.11574084173847227,0.07009627551890148,0.1599526383185057,0.0008326394671107411,0.10685724674052385,0.12242881565298912,True,True,36,RANDOM_ONE_TO_ONE_MATCHING
RANDOM_ONE_TO_ONE_MATCHING,270,tool_name_distance,0.0857842149930235,0.047107912230207355,0.1300460602647869,0.0008326394671107411,0.07799657403991993,0.0913287487435232,True,True,36,RANDOM_ONE_TO_ONE_MATCHING
RANDOM_ONE_TO_ONE_MATCHING,270,stage_distance,0.0922233898569657,0.05015531509275762,0.1368272882319447,0.0008326394671107411,0.0828474594991375,0.09796166804191747,True,True,36,RANDOM_ONE_TO_ONE_MATCHING
RANDOM_ONE_TO_ONE_MATCHING,271,tool_argument_distance,0.1113239295135002,0.07282886414554098,0.15342411720302798,0.0008326394671107411,0.10231413702340975,0.1172190604898178,True,True,36,RANDOM_ONE_TO_ONE_MATCHING
RANDOM_ONE_TO_ONE_MATCHING,271,tool_name_distance,0.08505002961476309,0.04692288310726411,0.1257222507920481,0.0008326394671107411,0.07797838208626943,0.09115469830265387,True,True,36,RANDOM_ONE_TO_ONE_MATCHING
RANDOM_ONE_TO_ONE_MATCHING,271,stage_distance,0.0881935629681945,0.04960135785915097,0.1330085957865397,0.0008326394671107411,0.07775011374687761,0.09437317217511812,True,True,36,RANDOM_ONE_TO_ONE_MATCHING
RANDOM_ONE_TO_ONE_MATCHING,272,tool_argument_distance,0.12157314417863935,0.08040454044493865,0.16241676217467998,0.0008326394671107411,0.11190380544088617,0.12706447968727472,True,True,36,RANDOM_ONE_TO_ONE_MATCHING
RANDOM_ONE_TO_ONE_MATCHING,272,tool_name_distance,0.08920698675568603,0.05020032755435646,0.12916881940178462,0.0008326394671107411,0.08085998373864585,0.09437941351521849,True,True,36,RANDOM_ONE_TO_ONE_MATCHING
RANDOM_ONE_TO_ONE_MATCHING,272,stage_distance,0.09472648539626695,0.05698264084159973,0.13625601261316825,0.0008326394671107411,0.08542207205384736,0.09933377939412613,True,True,36,RANDOM_ONE_TO_ONE_MATCHING
RANDOM_ONE_TO_ONE_MATCHING,273,tool_argument_distance,0.11272001325091055,0.07224666216163204,0.15250674693103164,0.0008326394671107411,0.10279772791522226,0.11795840216161083,True,True,36,RANDOM_ONE_TO_ONE_MATCHING
RANDOM_ONE_TO_ONE_MATCHING,273,tool_name_distance,0.07749394955355113,0.04004532457524706,0.11723295917894484,0.0008326394671107411,0.06962397664242398,0.0823317181073083,True,True,36,RANDOM_ONE_TO_ONE_MATCHING
RANDOM_ONE_TO_ONE_MATCHING,273,stage_distance,0.08538153217986306,0.046797247471607815,0.12559328746967718,0.0016652789342214821,0.07581012017411766,0.09058544784904729,True,True,36,RANDOM_ONE_TO_ONE_MATCHING
RANDOM_ONE_TO_ONE_MATCHING,274,tool_argument_distance,0.12387729746407282,0.08493735164816478,0.16142802799519357,0.0008326394671107411,0.11522617262971302,0.13121249019222106,True,True,36,RANDOM_ONE_TO_ONE_MATCHING
RANDOM_ONE_TO_ONE_MATCHING,274,tool_name_distance,0.09490864699920833,0.058225562297237035,0.1330655894925384,0.0008326394671107411,0.08712137395737989,0.1023763845656118,True,True,36,RANDOM_ONE_TO_ONE_MATCHING
RANDOM_ONE_TO_ONE_MATCHING,274,stage_distance,0.10419650305397998,0.06769026241882478,0.14194189322684223,0.0008326394671107411,0.09516266164463791,0.11154843285029707,True,True,36,RANDOM_ONE_TO_ONE_MATCHING
RANDOM_ONE_TO_ONE_MATCHING,275,tool_argument_distance,0.1158574591797913,0.071537878193575,0.15644277186108735,0.0008326394671107411,0.10819710952865116,0.12321412090714713,True,True,36,RANDOM_ONE_TO_ONE_MATCHING
RANDOM_ONE_TO_ONE_MATCHING,275,tool_name_distance,0.08856786330008043,0.049801021035198,0.12878112406690348,0.0008326394671107411,0.08097460538488588,0.09552784227663817,True,True,36,RANDOM_ONE_TO_ONE_MATCHING
RANDOM_ONE_TO_ONE_MATCHING,275,stage_distance,0.0928968771588453,0.05507701460477891,0.13325782197530928,0.0008326394671107411,0.08525385658045238,0.1000322675926169,True,True,36,RANDOM_ONE_TO_ONE_MATCHING
RANDOM_ONE_TO_ONE_MATCHING,276,tool_argument_distance,0.10384312475401282,0.0643449830525733,0.14306090016481962,0.0008326394671107411,0.0936672140326989,0.11081201526321442,True,True,36,RANDOM_ONE_TO_ONE_MATCHING
RANDOM_ONE_TO_ONE_MATCHING,276,tool_name_distance,0.07928408887388366,0.04053684443683594,0.11619110335517681,0.0008326394671107411,0.07126685010206761,0.08536348045584082,True,True,36,RANDOM_ONE_TO_ONE_MATCHING
RANDOM_ONE_TO_ONE_MATCHING,276,stage_distance,0.08636269584440624,0.046446355002459805,0.13158517939493167,0.0008326394671107411,0.07681931708621921,0.09192150061697417,True,True,36,RANDOM_ONE_TO_ONE_MATCHING
RANDOM_ONE_TO_ONE_MATCHING,277,tool_argument_distance,0.09942853976529362,0.05581931538551725,0.1431305466243007,0.0008326394671107411,0.09007887899668297,0.10747380047731873,True,True,36,RANDOM_ONE_TO_ONE_MATCHING
RANDOM_ONE_TO_ONE_MATCHING,277,tool_name_distance,0.07223330648216543,0.030982632571708767,0.11778742528811852,0.002497918401332223,0.06381620408645901,0.07931374834114611,True,True,36,RANDOM_ONE_TO_ONE_MATCHING
RANDOM_ONE_TO_ONE_MATCHING,277,stage_distance,0.07568847298237491,0.03556547282823791,0.12143931025627153,0.0016652789342214821,0.06584011642812983,0.08265584982845708,True,True,36,RANDOM_ONE_TO_ONE_MATCHING
RANDOM_ONE_TO_ONE_MATCHING,278,tool_argument_distance,0.11232064235145363,0.07037230589003733,0.15825171823569478,0.0008326394671107411,0.103339327371019,0.11875012186752776,True,True,36,RANDOM_ONE_TO_ONE_MATCHING
RANDOM_ONE_TO_ONE_MATCHING,278,tool_name_distance,0.08123557238863371,0.0437971762511186,0.1195107803314613,0.0008326394671107411,0.07246240197697933,0.08665014492186512,True,True,36,RANDOM_ONE_TO_ONE_MATCHING
RANDOM_ONE_TO_ONE_MATCHING,278,stage_distance,0.08672445606804408,0.04857985046582733,0.12717096570844755,0.0008326394671107411,0.07719141331624671,0.09255265349737485,True,True,36,RANDOM_ONE_TO_ONE_MATCHING
RANDOM_ONE_TO_ONE_MATCHING,279,tool_argument_distance,0.12474980066876985,0.08763300540459386,0.16043889738467662,0.0008326394671107411,0.11868382575762267,0.13158528329997654,True,True,36,RANDOM_ONE_TO_ONE_MATCHING
RANDOM_ONE_TO_ONE_MATCHING,279,tool_name_distance,0.09571950463572385,0.05831014206243504,0.13471191287227477,0.0008326394671107411,0.08806362406316383,0.1013634935058904,True,True,36,RANDOM_ONE_TO_ONE_MATCHING
RANDOM_ONE_TO_ONE_MATCHING,279,stage_distance,0.104464950425863,0.06528772024107345,0.14273156769985984,0.0008326394671107411,0.09748440950134815,0.11075094825360121,True,True,36,RANDOM_ONE_TO_ONE_MATCHING
RANDOM_ONE_TO_ONE_MATCHING,280,tool_argument_distance,0.10773689542863293,0.07090526281185644,0.14682755153534796,0.0008326394671107411,0.09999436132014848,0.11455433626583769,True,True,36,RANDOM_ONE_TO_ONE_MATCHING
RANDOM_ONE_TO_ONE_MATCHING,280,tool_name_distance,0.0883369960051502,0.04797942478071816,0.13028286500228425,0.0008326394671107411,0.0793879355323227,0.09441234181387184,True,True,36,RANDOM_ONE_TO_ONE_MATCHING
RANDOM_ONE_TO_ONE_MATCHING,280,stage_distance,0.09457112899738385,0.055986343304382846,0.13363326264322317,0.0008326394671107411,0.0861462183560805,0.10024650846953588,True,True,36,RANDOM_ONE_TO_ONE_MATCHING
RANDOM_ONE_TO_ONE_MATCHING,281,tool_argument_distance,0.1094940444786031,0.06175514316653706,0.15762973945487824,0.0008326394671107411,0.10107323940021398,0.11636168957437845,True,True,36,RANDOM_ONE_TO_ONE_MATCHING
RANDOM_ONE_TO_ONE_MATCHING,281,tool_name_distance,0.07976513988693859,0.03619160741379234,0.12738078213245904,0.002497918401332223,0.07126954070910509,0.0860163390419648,True,True,36,RANDOM_ONE_TO_ONE_MATCHING
RANDOM_ONE_TO_ONE_MATCHING,281,stage_distance,0.08397742830218062,0.044519890088850954,0.12755031353054597,0.0008326394671107411,0.07602122784097308,0.08967027615234632,True,True,36,RANDOM_ONE_TO_ONE_MATCHING
RANDOM_ONE_TO_ONE_MATCHING,282,tool_argument_distance,0.11306325929451816,0.07665558931512095,0.15032732436714855,0.0008326394671107411,0.10615640869427498,0.11820161586805354,True,True,36,RANDOM_ONE_TO_ONE_MATCHING
RANDOM_ONE_TO_ONE_MATCHING,282,tool_name_distance,0.08744882081913136,0.056410604446392905,0.12135228310044945,0.0008326394671107411,0.0802600981981319,0.09222927054867071,True,True,36,RANDOM_ONE_TO_ONE_MATCHING
RANDOM_ONE_TO_ONE_MATCHING,282,stage_distance,0.09019348369876537,0.05911968076505236,0.12544159305266445,0.0008326394671107411,0.08361669887927432,0.09505235236772283,True,True,36,RANDOM_ONE_TO_ONE_MATCHING
RANDOM_ONE_TO_ONE_MATCHING,283,tool_argument_distance,0.10448197857937486,0.06455808363457341,0.14747103160716,0.0008326394671107411,0.0952767017768808,0.1106884305295059,True,True,36,RANDOM_ONE_TO_ONE_MATCHING
RANDOM_ONE_TO_ONE_MATCHING,283,tool_name_distance,0.07270361399964917,0.039232065866021994,0.11020574463046827,0.0008326394671107411,0.06309143525307144,0.07788857040342788,True,True,36,RANDOM_ONE_TO_ONE_MATCHING
RANDOM_ONE_TO_ONE_MATCHING,283,stage_distance,0.08156932275727352,0.044791087430620095,0.12193497941760946,0.0008326394671107411,0.07140208056682992,0.08699271040591916,True,True,36,RANDOM_ONE_TO_ONE_MATCHING
RANDOM_ONE_TO_ONE_MATCHING,284,tool_argument_distance,0.11641505799772685,0.07207682875113314,0.1605034162943273,0.0008326394671107411,0.10755072632147145,0.12364694650340591,True,True,36,RANDOM_ONE_TO_ONE_MATCHING
RANDOM_ONE_TO_ONE_MATCHING,284,tool_name_distance,0.08942635463127353,0.04802197275687888,0.13228506438235577,0.0008326394671107411,0.08150048218268449,0.0956993251386703,True,True,36,RANDOM_ONE_TO_ONE_MATCHING
RANDOM_ONE_TO_ONE_MATCHING,284,stage_distance,0.08876099754387005,0.04575297144376811,0.13079231578488365,0.0008326394671107411,0.07928614169138198,0.09435386702713032,True,True,36,RANDOM_ONE_TO_ONE_MATCHING
RANDOM_ONE_TO_ONE_MATCHING,285,tool_argument_distance,0.11976530513055092,0.07049694412775248,0.16542814624234778,0.0008326394671107411,0.11004431384856668,0.12709291498288208,True,True,36,RANDOM_ONE_TO_ONE_MATCHING
RANDOM_ONE_TO_ONE_MATCHING,285,tool_name_distance,0.09432916247275731,0.052104641634971034,0.1385453956722907,0.0008326394671107411,0.08623673244157286,0.10074221320419648,True,True,36,RANDOM_ONE_TO_ONE_MATCHING
RANDOM_ONE_TO_ONE_MATCHING,285,stage_distance,0.10132299696267405,0.06119352882566585,0.14331850832165655,0.0008326394671107411,0.09220705537929469,0.10721303881384954,True,True,36,RANDOM_ONE_TO_ONE_MATCHING
RANDOM_ONE_TO_ONE_MATCHING,286,tool_argument_distance,0.10465822389161124,0.0641572167538996,0.14628128895136142,0.0008326394671107411,0.09664800534520376,0.11285290415010257,True,True,36,RANDOM_ONE_TO_ONE_MATCHING
RANDOM_ONE_TO_ONE_MATCHING,286,tool_name_distance,0.08612417930217388,0.044884049778814446,0.1257797337431296,0.0008326394671107411,0.0786483622028709,0.09360150324172622,True,True,36,RANDOM_ONE_TO_ONE_MATCHING
RANDOM_ONE_TO_ONE_MATCHING,286,stage_distance,0.0911586434299425,0.054341252137770406,0.12992291357945937,0.0016652789342214821,0.08371238244857578,0.09805697647888409,True,True,36,RANDOM_ONE_TO_ONE_MATCHING
RANDOM_ONE_TO_ONE_MATCHING,287,tool_argument_distance,0.117439680221717,0.07688282029535436,0.15961586284958607,0.0008326394671107411,0.11146176632328988,0.1259995449467828,True,True,36,RANDOM_ONE_TO_ONE_MATCHING
RANDOM_ONE_TO_ONE_MATCHING,287,tool_name_distance,0.09422660391520445,0.053514840726976036,0.13644529991016272,0.0008326394671107411,0.08553600554428037,0.1019354257008434,True,True,36,RANDOM_ONE_TO_ONE_MATCHING
RANDOM_ONE_TO_ONE_MATCHING,287,stage_distance,0.10232381865474326,0.06455437483580485,0.14272859573564234,0.0008326394671107411,0.09504032685213502,0.10954115671010774,True,True,36,RANDOM_ONE_TO_ONE_MATCHING
RANDOM_ONE_TO_ONE_MATCHING,288,tool_argument_distance,0.10763017887097243,0.06585467491161796,0.15214369318055865,0.0008326394671107411,0.09851485064823833,0.11420669144568135,True,True,36,RANDOM_ONE_TO_ONE_MATCHING
RANDOM_ONE_TO_ONE_MATCHING,288,tool_name_distance,0.08237176709743146,0.04390368646962506,0.12099628885855265,0.0008326394671107411,0.07433452259520594,0.08833679705791153,True,True,36,RANDOM_ONE_TO_ONE_MATCHING
RANDOM_ONE_TO_ONE_MATCHING,288,stage_distance,0.08857498916479135,0.04721857426376821,0.13043436634921798,0.0008326394671107411,0.0781424378348058,0.09447865075561256,True,True,36,RANDOM_ONE_TO_ONE_MATCHING
RANDOM_ONE_TO_ONE_MATCHING,289,tool_argument_distance,0.11749029731363526,0.07873086851132889,0.16045110384095004,0.0008326394671107411,0.10716928897329374,0.12406748125720028,True,True,36,RANDOM_ONE_TO_ONE_MATCHING
RANDOM_ONE_TO_ONE_MATCHING,289,tool_name_distance,0.09389347777475977,0.051761895439094985,0.13626804565996778,0.0008326394671107411,0.0859232385154143,0.10030767948164797,True,True,36,RANDOM_ONE_TO_ONE_MATCHING
RANDOM_ONE_TO_ONE_MATCHING,289,stage_distance,0.0956956977184868,0.0556853312147353,0.13542915357919233,0.0008326394671107411,0.08872856180914489,0.1017802163378302,True,True,36,RANDOM_ONE_TO_ONE_MATCHING
RANDOM_ONE_TO_ONE_MATCHING,290,tool_argument_distance,0.12169507305672839,0.07400284352807121,0.16771698589470332,0.0008326394671107411,0.11202921800120635,0.13037652043422304,True,True,36,RANDOM_ONE_TO_ONE_MATCHING
RANDOM_ONE_TO_ONE_MATCHING,290,tool_name_distance,0.08412255211672315,0.04618260215774533,0.127413425933148,0.0008326394671107411,0.07703720594549615,0.09154268670811978,True,True,36,RANDOM_ONE_TO_ONE_MATCHING
RANDOM_ONE_TO_ONE_MATCHING,290,stage_distance,0.08936009891285221,0.04920514190614871,0.1296391070151573,0.0008326394671107411,0.07990236024233507,0.09639841332298199,True,True,36,RANDOM_ONE_TO_ONE_MATCHING
RANDOM_ONE_TO_ONE_MATCHING,291,tool_argument_distance,0.1134846465105708,0.07702627100741835,0.15398889614280242,0.0008326394671107411,0.10453658879182523,0.1193378169339497,True,True,36,RANDOM_ONE_TO_ONE_MATCHING
RANDOM_ONE_TO_ONE_MATCHING,291,tool_name_distance,0.08231114930805548,0.04825815799033217,0.11916131953031588,0.0008326394671107411,0.0759099795067973,0.08859190764915657,True,True,36,RANDOM_ONE_TO_ONE_MATCHING
RANDOM_ONE_TO_ONE_MATCHING,291,stage_distance,0.09180240921206433,0.0536755269125182,0.13274701447731224,0.0008326394671107411,0.0824144508358104,0.09770132094256843,True,True,36,RANDOM_ONE_TO_ONE_MATCHING
RANDOM_ONE_TO_ONE_MATCHING,292,tool_argument_distance,0.12233594023439862,0.08576958093872143,0.15957759296460822,0.0008326394671107411,0.11444929720199722,0.12797841606528979,True,True,36,RANDOM_ONE_TO_ONE_MATCHING
RANDOM_ONE_TO_ONE_MATCHING,292,tool_name_distance,0.09258528046015549,0.056716565217624526,0.12936626412884708,0.0008326394671107411,0.08574172652731227,0.09805784596135889,True,True,36,RANDOM_ONE_TO_ONE_MATCHING
RANDOM_ONE_TO_ONE_MATCHING,292,stage_distance,0.10123581087760151,0.06712012486078528,0.1381938414108,0.0008326394671107411,0.09497452112036293,0.10694065967109531,True,True,36,RANDOM_ONE_TO_ONE_MATCHING
RANDOM_ONE_TO_ONE_MATCHING,293,tool_argument_distance,0.12065149950949519,0.08010782463733432,0.16537065649634045,0.0008326394671107411,0.11274885355993482,0.1256275757438596,True,True,36,RANDOM_ONE_TO_ONE_MATCHING
RANDOM_ONE_TO_ONE_MATCHING,293,tool_name_distance,0.08776268416654097,0.05080354565850511,0.1245806802566234,0.0008326394671107411,0.08078134176816591,0.09311828277205979,True,True,36,RANDOM_ONE_TO_ONE_MATCHING
RANDOM_ONE_TO_ONE_MATCHING,293,stage_distance,0.09459606548065368,0.060186262194021956,0.13231616759966863,0.0008326394671107411,0.08814506871207371,0.09888130844061196,True,True,36,RANDOM_ONE_TO_ONE_MATCHING
RANDOM_ONE_TO_ONE_MATCHING,294,tool_argument_distance,0.12119023434774695,0.08243544847730153,0.1645945301356372,0.0008326394671107411,0.11246233628149209,0.12985725776212786,True,True,36,RANDOM_ONE_TO_ONE_MATCHING
RANDOM_ONE_TO_ONE_MATCHING,294,tool_name_distance,0.09072240364950925,0.05513622762097745,0.1288033742331942,0.0016652789342214821,0.08241869825800686,0.0983311054275569,True,True,36,RANDOM_ONE_TO_ONE_MATCHING
RANDOM_ONE_TO_ONE_MATCHING,294,stage_distance,0.09934714371984998,0.059007590481600425,0.14243852661458561,0.0008326394671107411,0.08922236823429468,0.1064794339199318,True,True,36,RANDOM_ONE_TO_ONE_MATCHING
RANDOM_ONE_TO_ONE_MATCHING,295,tool_argument_distance,0.12768229467561032,0.0897638871680646,0.16517730950527257,0.0008326394671107411,0.11818750309491344,0.1332519772451019,True,True,36,RANDOM_ONE_TO_ONE_MATCHING
RANDOM_ONE_TO_ONE_MATCHING,295,tool_name_distance,0.10147273149579923,0.06516351980807918,0.1384279539983016,0.0008326394671107411,0.09347617832847657,0.10689940800884912,True,True,36,RANDOM_ONE_TO_ONE_MATCHING
RANDOM_ONE_TO_ONE_MATCHING,295,stage_distance,0.1090659688851331,0.07240925800272473,0.14902988566182912,0.0008326394671107411,0.10017125507096686,0.11398676231504552,True,True,36,RANDOM_ONE_TO_ONE_MATCHING
RANDOM_ONE_TO_ONE_MATCHING,296,tool_argument_distance,0.09081203994706091,0.04664442061292332,0.13653543357562037,0.0008326394671107411,0.08078699674016117,0.09861111494999365,True,True,36,RANDOM_ONE_TO_ONE_MATCHING
RANDOM_ONE_TO_ONE_MATCHING,296,tool_name_distance,0.0671717669027221,0.029912912129912955,0.10672614017329214,0.0016652789342214821,0.05949625124809088,0.07410759334514726,True,True,36,RANDOM_ONE_TO_ONE_MATCHING
RANDOM_ONE_TO_ONE_MATCHING,296,stage_distance,0.07189386335701192,0.03123855321743017,0.11508758388335283,0.0033305578684429643,0.06193708938489934,0.07824177411815551,True,True,36,RANDOM_ONE_TO_ONE_MATCHING
RANDOM_ONE_TO_ONE_MATCHING,297,tool_argument_distance,0.1163398567669099,0.0760933465697134,0.16045420883986916,0.0008326394671107411,0.1074733764840597,0.12276483335170706,True,True,36,RANDOM_ONE_TO_ONE_MATCHING
RANDOM_ONE_TO_ONE_MATCHING,297,tool_name_distance,0.08974734962776601,0.058138913113446225,0.12143209705211931,0.0008326394671107411,0.08355864269278526,0.0950846510759365,True,True,36,RANDOM_ONE_TO_ONE_MATCHING
RANDOM_ONE_TO_ONE_MATCHING,297,stage_distance,0.1014282900427114,0.06456517786878632,0.1386445425386684,0.0008326394671107411,0.09231535683304735,0.10690190256245023,True,True,36,RANDOM_ONE_TO_ONE_MATCHING
RANDOM_ONE_TO_ONE_MATCHING,298,tool_argument_distance,0.11208015397851982,0.0783522943247982,0.1474213747671279,0.0008326394671107411,0.10594911075885845,0.11748289760693102,True,True,36,RANDOM_ONE_TO_ONE_MATCHING
RANDOM_ONE_TO_ONE_MATCHING,298,tool_name_distance,0.08835272151373591,0.05072204035122054,0.12495405562999118,0.0008326394671107411,0.0797828982199416,0.09283178584025778,True,True,36,RANDOM_ONE_TO_ONE_MATCHING
RANDOM_ONE_TO_ONE_MATCHING,298,stage_distance,0.09491084892718621,0.0581824740474428,0.132728727721121,0.0008326394671107411,0.0857200312939782,0.10052497952035501,True,True,36,RANDOM_ONE_TO_ONE_MATCHING
RANDOM_ONE_TO_ONE_MATCHING,299,tool_argument_distance,0.12828534965364657,0.08642413406379713,0.16811840927974728,0.0008326394671107411,0.11880778821517932,0.13386574824129502,True,True,36,RANDOM_ONE_TO_ONE_MATCHING
RANDOM_ONE_TO_ONE_MATCHING,299,tool_name_distance,0.09397407587585468,0.05272497238458515,0.13736265129652517,0.0008326394671107411,0.08527626241809205,0.09936183585001665,True,True,36,RANDOM_ONE_TO_ONE_MATCHING
RANDOM_ONE_TO_ONE_MATCHING,299,stage_distance,0.09884035921592496,0.060270709327982924,0.1449694100058343,0.0008326394671107411,0.0896534851254956,0.10449445309162944,True,True,36,RANDOM_ONE_TO_ONE_MATCHING
RANDOM_ONE_TO_ONE_MATCHING,300,tool_argument_distance,0.11191522428231439,0.06440181392145675,0.15837860843405416,0.0008326394671107411,0.10292232592847578,0.1173038311956953,True,True,36,RANDOM_ONE_TO_ONE_MATCHING
RANDOM_ONE_TO_ONE_MATCHING,300,tool_name_distance,0.07632592878567954,0.03978683308886151,0.114745630065959,0.0008326394671107411,0.06915851458854394,0.08072344077139727,True,True,36,RANDOM_ONE_TO_ONE_MATCHING
RANDOM_ONE_TO_ONE_MATCHING,300,stage_distance,0.08326627157808286,0.039756516433964884,0.12979287212956186,0.0008326394671107411,0.07363442355514373,0.08854769996127727,True,True,36,RANDOM_ONE_TO_ONE_MATCHING
RANDOM_ONE_TO_ONE_MATCHING,301,tool_argument_distance,0.11047691848470814,0.07459872327532462,0.15057449472185783,0.0008326394671107411,0.10144292567950933,0.11644610028268393,True,True,36,RANDOM_ONE_TO_ONE_MATCHING
RANDOM_ONE_TO_ONE_MATCHING,301,tool_name_distance,0.09209412628304275,0.056229659544199624,0.13027535727749442,0.0008326394671107411,0.08353438755727309,0.09648167519027499,True,True,36,RANDOM_ONE_TO_ONE_MATCHING
RANDOM_ONE_TO_ONE_MATCHING,301,stage_distance,0.10107705558003677,0.060656281641404936,0.1441921878134926,0.0008326394671107411,0.09100170614762966,0.10666895080773148,True,True,36,RANDOM_ONE_TO_ONE_MATCHING
RANDOM_ONE_TO_ONE_MATCHING,302,tool_argument_distance,0.11822264740582798,0.07360532068269915,0.1628941339207381,0.0008326394671107411,0.10940996114123261,0.12493197176884545,True,True,36,RANDOM_ONE_TO_ONE_MATCHING
RANDOM_ONE_TO_ONE_MATCHING,302,tool_name_distance,0.08760127269836994,0.05043823790556616,0.12761339532032712,0.0008326394671107411,0.07931661724506012,0.09339430844067852,True,True,36,RANDOM_ONE_TO_ONE_MATCHING
RANDOM_ONE_TO_ONE_MATCHING,302,stage_distance,0.09207808520639543,0.05364061589193814,0.13897159238821413,0.0008326394671107411,0.08269800328712239,0.09833935551306845,True,True,36,RANDOM_ONE_TO_ONE_MATCHING
RANDOM_ONE_TO_ONE_MATCHING,303,tool_argument_distance,0.10014009088083117,0.058682178338747275,0.14379526110512697,0.0008326394671107411,0.0933709814043143,0.10700318042222759,True,True,36,RANDOM_ONE_TO_ONE_MATCHING
RANDOM_ONE_TO_ONE_MATCHING,303,tool_name_distance,0.08426902722234858,0.0471958296343889,0.12685510661425384,0.0008326394671107411,0.07639421526048867,0.09049084561426188,True,True,36,RANDOM_ONE_TO_ONE_MATCHING
RANDOM_ONE_TO_ONE_MATCHING,303,stage_distance,0.0886127835617787,0.05142071689822574,0.12732505779446968,0.0008326394671107411,0.08120811066993423,0.09423587655484299,True,True,36,RANDOM_ONE_TO_ONE_MATCHING
RANDOM_ONE_TO_ONE_MATCHING,304,tool_argument_distance,0.09415145428919919,0.056358550249015746,0.13451118333697074,0.0008326394671107411,0.08750816250698583,0.10006181414635176,True,True,36,RANDOM_ONE_TO_ONE_MATCHING
RANDOM_ONE_TO_ONE_MATCHING,304,tool_name_distance,0.07118794827257376,0.03526338495152096,0.10801313306838903,0.0008326394671107411,0.06387373463220657,0.07704804656366135,True,True,36,RANDOM_ONE_TO_ONE_MATCHING
RANDOM_ONE_TO_ONE_MATCHING,304,stage_distance,0.08093764363453645,0.041947599974341665,0.11974774211003042,0.002497918401332223,0.07409640624178171,0.08660050356576701,True,True,36,RANDOM_ONE_TO_ONE_MATCHING
RANDOM_ONE_TO_ONE_MATCHING,305,tool_argument_distance,0.132072396377696,0.09138031225597408,0.17170474086331194,0.0008326394671107411,0.12323944801061332,0.13695791155764828,True,True,36,RANDOM_ONE_TO_ONE_MATCHING
RANDOM_ONE_TO_ONE_MATCHING,305,tool_name_distance,0.09723450130788426,0.062283337262858784,0.13158963864147494,0.0008326394671107411,0.09001210663044339,0.10262612942276357,True,True,36,RANDOM_ONE_TO_ONE_MATCHING
RANDOM_ONE_TO_ONE_MATCHING,305,stage_distance,0.10567059446776435,0.06852062430363548,0.145938087630651,0.0008326394671107411,0.096678869955959,0.11017654759299397,True,True,36,RANDOM_ONE_TO_ONE_MATCHING
RANDOM_ONE_TO_ONE_MATCHING,306,tool_argument_distance,0.11627283790880767,0.07254199469525921,0.15892718992755375,0.0008326394671107411,0.10740444280144029,0.12119936515784724,True,True,36,RANDOM_ONE_TO_ONE_MATCHING
RANDOM_ONE_TO_ONE_MATCHING,306,tool_name_distance,0.08995467509594046,0.050716717285913475,0.13049837409155243,0.0008326394671107411,0.08143062190449486,0.09461893052938022,True,True,36,RANDOM_ONE_TO_ONE_MATCHING
RANDOM_ONE_TO_ONE_MATCHING,306,stage_distance,0.09556035298936731,0.05492738755576354,0.14254718656658685,0.0008326394671107411,0.08627976443532201,0.10105509211025164,True,True,36,RANDOM_ONE_TO_ONE_MATCHING
RANDOM_ONE_TO_ONE_MATCHING,307,tool_argument_distance,0.1115440592635035,0.07076070822350446,0.15476624228326016,0.0008326394671107411,0.1025405561948417,0.11804924680913458,True,True,36,RANDOM_ONE_TO_ONE_MATCHING
RANDOM_ONE_TO_ONE_MATCHING,307,tool_name_distance,0.08405320914641307,0.049020780570981734,0.12411606114242618,0.0008326394671107411,0.0765510188326,0.08899835313742425,True,True,36,RANDOM_ONE_TO_ONE_MATCHING
RANDOM_ONE_TO_ONE_MATCHING,307,stage_distance,0.09145969276973918,0.05054201898078039,0.13407874823989369,0.0008326394671107411,0.0820619424951331,0.09676186690934323,True,True,36,RANDOM_ONE_TO_ONE_MATCHING
RANDOM_ONE_TO_ONE_MATCHING,308,tool_argument_distance,0.12162540948054566,0.09079115033776326,0.1576815227834894,0.0008326394671107411,0.1157670878466565,0.12700497604541425,True,True,36,RANDOM_ONE_TO_ONE_MATCHING
RANDOM_ONE_TO_ONE_MATCHING,308,tool_name_distance,0.09342804881883372,0.061051078404582834,0.1292607017290073,0.0008326394671107411,0.08585880311789616,0.09837933363407884,True,True,36,RANDOM_ONE_TO_ONE_MATCHING
RANDOM_ONE_TO_ONE_MATCHING,308,stage_distance,0.10088870091953094,0.06924707802422764,0.13413829180352344,0.0008326394671107411,0.09435019912476715,0.1060531472233674,True,True,36,RANDOM_ONE_TO_ONE_MATCHING
RANDOM_ONE_TO_ONE_MATCHING,309,tool_argument_distance,0.11703957992995719,0.07240500231107225,0.16200219206245317,0.0008326394671107411,0.10945268769707572,0.12428931191941422,True,True,36,RANDOM_ONE_TO_ONE_MATCHING
RANDOM_ONE_TO_ONE_MATCHING,309,tool_name_distance,0.08606887444371397,0.040024460264632265,0.13393981532156174,0.0016652789342214821,0.07844389938659146,0.09280637524210715,True,True,36,RANDOM_ONE_TO_ONE_MATCHING
RANDOM_ONE_TO_ONE_MATCHING,309,stage_distance,0.09570638084813597,0.052539614035707505,0.13605185886015267,0.0008326394671107411,0.08810436155016681,0.10164468455323492,True,True,36,RANDOM_ONE_TO_ONE_MATCHING
RANDOM_ONE_TO_ONE_MATCHING,310,tool_argument_distance,0.10802925078384724,0.06950252198745198,0.15133703818326644,0.0008326394671107411,0.0989253246157667,0.11367988802770661,True,True,36,RANDOM_ONE_TO_ONE_MATCHING
RANDOM_ONE_TO_ONE_MATCHING,310,tool_name_distance,0.08092371494095998,0.04416184662258268,0.11929628332707279,0.0008326394671107411,0.07215967183455245,0.08684737198268373,True,True,36,RANDOM_ONE_TO_ONE_MATCHING
RANDOM_ONE_TO_ONE_MATCHING,310,stage_distance,0.08604535398229238,0.043570808325443876,0.12967306357319933,0.0008326394671107411,0.07649290831375925,0.09084974845637618,True,True,36,RANDOM_ONE_TO_ONE_MATCHING
RANDOM_ONE_TO_ONE_MATCHING,311,tool_argument_distance,0.1051862210656119,0.06816470503172775,0.1463405784481499,0.0008326394671107411,0.09785589953184438,0.11209728565894479,True,True,36,RANDOM_ONE_TO_ONE_MATCHING
RANDOM_ONE_TO_ONE_MATCHING,311,tool_name_distance,0.06833153736351913,0.029493926790868926,0.104655994674859,0.0016652789342214821,0.06079501934220059,0.07400179880612291,True,True,36,RANDOM_ONE_TO_ONE_MATCHING
RANDOM_ONE_TO_ONE_MATCHING,311,stage_distance,0.07333543149543996,0.03800782968805311,0.11048600716872649,0.0016652789342214821,0.06627698804156819,0.07842582861898019,True,True,36,RANDOM_ONE_TO_ONE_MATCHING
RANDOM_ONE_TO_ONE_MATCHING,312,tool_argument_distance,0.1157606877594905,0.06694698342724255,0.16295963708675837,0.0008326394671107411,0.10592527883833307,0.1223996704183269,True,True,36,RANDOM_ONE_TO_ONE_MATCHING
RANDOM_ONE_TO_ONE_MATCHING,312,tool_name_distance,0.07948995787822077,0.04093338993446066,0.11808100449288195,0.0008326394671107411,0.07182459159537628,0.08558725644375542,True,True,36,RANDOM_ONE_TO_ONE_MATCHING
RANDOM_ONE_TO_ONE_MATCHING,312,stage_distance,0.08408574268390362,0.04457880330083167,0.12547066456292544,0.0008326394671107411,0.0744773081211308,0.09011866034707687,True,True,36,RANDOM_ONE_TO_ONE_MATCHING
RANDOM_ONE_TO_ONE_MATCHING,313,tool_argument_distance,0.11610336237264322,0.07058938504367687,0.15947201766004593,0.0008326394671107411,0.10627774415471876,0.12379672023517942,True,True,36,RANDOM_ONE_TO_ONE_MATCHING
RANDOM_ONE_TO_ONE_MATCHING,313,tool_name_distance,0.0926194919467645,0.052766238559096026,0.13456288293267282,0.0008326394671107411,0.08436998907804086,0.0998806019271691,True,True,36,RANDOM_ONE_TO_ONE_MATCHING
RANDOM_ONE_TO_ONE_MATCHING,313,stage_distance,0.0962786471904093,0.050278181319530144,0.14065471931363965,0.0016652789342214821,0.08701858132782235,0.1039846300990532,True,True,36,RANDOM_ONE_TO_ONE_MATCHING
RANDOM_ONE_TO_ONE_MATCHING,314,tool_argument_distance,0.11433128740099188,0.07731971880293687,0.1528927068929657,0.0008326394671107411,0.1054074194219726,0.12038671296275072,True,True,36,RANDOM_ONE_TO_ONE_MATCHING
RANDOM_ONE_TO_ONE_MATCHING,314,tool_name_distance,0.08692388014139232,0.04726512920677113,0.12734791211416474,0.0008326394671107411,0.078619870615026,0.09243495676862756,True,True,36,RANDOM_ONE_TO_ONE_MATCHING
RANDOM_ONE_TO_ONE_MATCHING,314,stage_distance,0.09108701496867917,0.05171118994675916,0.1337696505363631,0.0008326394671107411,0.08072623580451899,0.0970573639408292,True,True,36,RANDOM_ONE_TO_ONE_MATCHING
RANDOM_ONE_TO_ONE_MATCHING,315,tool_argument_distance,0.11239382184960155,0.07152481461216584,0.15306840463879792,0.0008326394671107411,0.10390565797445994,0.11839389125274925,True,True,36,RANDOM_ONE_TO_ONE_MATCHING
RANDOM_ONE_TO_ONE_MATCHING,315,tool_name_distance,0.08771191869242985,0.050077223062132054,0.1265200907296426,0.0016652789342214821,0.08014942301509165,0.0932455107068376,True,True,36,RANDOM_ONE_TO_ONE_MATCHING
RANDOM_ONE_TO_ONE_MATCHING,315,stage_distance,0.09391262081241686,0.05694900170260559,0.13224673899316647,0.0008326394671107411,0.08734487047037498,0.09996370138010224,True,True,36,RANDOM_ONE_TO_ONE_MATCHING
RANDOM_ONE_TO_ONE_MATCHING,316,tool_argument_distance,0.10308038946365211,0.06167603160712006,0.14426218508579622,0.0008326394671107411,0.09576724619003063,0.109429946193627,True,True,36,RANDOM_ONE_TO_ONE_MATCHING
RANDOM_ONE_TO_ONE_MATCHING,316,tool_name_distance,0.07351387763528466,0.03750606134254062,0.1137669710047541,0.0016652789342214821,0.06423148708493431,0.07979518321775722,True,True,36,RANDOM_ONE_TO_ONE_MATCHING
RANDOM_ONE_TO_ONE_MATCHING,316,stage_distance,0.08045742162352203,0.04244917349788603,0.1207865573346389,0.0016652789342214821,0.07254917562002174,0.08603219085149635,True,True,36,RANDOM_ONE_TO_ONE_MATCHING
RANDOM_ONE_TO_ONE_MATCHING,317,tool_argument_distance,0.10794600806065,0.06792105554618395,0.15062958704563897,0.0008326394671107411,0.09883970352904953,0.11453154432649255,True,True,36,RANDOM_ONE_TO_ONE_MATCHING
RANDOM_ONE_TO_ONE_MATCHING,317,tool_name_distance,0.08467878925052419,0.04465700319201036,0.12274996925517324,0.0008326394671107411,0.07659923455873335,0.09127965635708232,True,True,36,RANDOM_ONE_TO_ONE_MATCHING
RANDOM_ONE_TO_ONE_MATCHING,317,stage_distance,0.09465201960178124,0.050103875440465524,0.1345472495562048,0.0008326394671107411,0.08534547866523351,0.1015229614273101,True,True,36,RANDOM_ONE_TO_ONE_MATCHING
RANDOM_ONE_TO_ONE_MATCHING,318,tool_argument_distance,0.09264878619579155,0.05374868292937394,0.1325143141685294,0.0008326394671107411,0.08500426378118357,0.10050033966297374,True,True,36,RANDOM_ONE_TO_ONE_MATCHING
RANDOM_ONE_TO_ONE_MATCHING,318,tool_name_distance,0.06893769960333179,0.029019364044241863,0.10877634243605662,0.002497918401332223,0.06060681219146244,0.07592398126577436,True,True,36,RANDOM_ONE_TO_ONE_MATCHING
RANDOM_ONE_TO_ONE_MATCHING,318,stage_distance,0.07267911115880804,0.03552736916257146,0.11574116317093891,0.0008326394671107411,0.0640435772084083,0.07904945757143152,True,True,36,RANDOM_ONE_TO_ONE_MATCHING
RANDOM_ONE_TO_ONE_MATCHING,319,tool_argument_distance,0.11006578913735758,0.06360284374265406,0.1534655338926638,0.0008326394671107411,0.10102004977937733,0.11841497126001307,True,True,36,RANDOM_ONE_TO_ONE_MATCHING
RANDOM_ONE_TO_ONE_MATCHING,319,tool_name_distance,0.07884120943890681,0.040241521819994484,0.11849065254618524,0.0008326394671107411,0.07079327945091103,0.08611044852522295,True,True,36,RANDOM_ONE_TO_ONE_MATCHING
RANDOM_ONE_TO_ONE_MATCHING,319,stage_distance,0.08112801207449641,0.04092789933330159,0.12584145166487287,0.0016652789342214821,0.07048268997050243,0.08773975565613953,True,True,36,RANDOM_ONE_TO_ONE_MATCHING
RANDOM_ONE_TO_ONE_MATCHING,320,tool_argument_distance,0.09369466641315252,0.05592097899298713,0.13344474464374415,0.0008326394671107411,0.08514087285131572,0.10037360096975811,True,True,36,RANDOM_ONE_TO_ONE_MATCHING
RANDOM_ONE_TO_ONE_MATCHING,320,tool_name_distance,0.07270306550364461,0.03697009248000401,0.11035870072260905,0.0008326394671107411,0.06543214092702229,0.07859442784645207,True,True,36,RANDOM_ONE_TO_ONE_MATCHING
RANDOM_ONE_TO_ONE_MATCHING,320,stage_distance,0.07894010791732485,0.040816734453096463,0.11733130476081932,0.0008326394671107411,0.07204179807550692,0.08428683874911903,True,True,36,RANDOM_ONE_TO_ONE_MATCHING
RANDOM_ONE_TO_ONE_MATCHING,321,tool_argument_distance,0.12455672865797617,0.08399882935448384,0.1692367059317036,0.0008326394671107411,0.11431857073699678,0.13211743642157672,True,True,36,RANDOM_ONE_TO_ONE_MATCHING
RANDOM_ONE_TO_ONE_MATCHING,321,tool_name_distance,0.09420551004530484,0.05952718527880502,0.1307736847130769,0.0008326394671107411,0.08610954708762174,0.10071122794644545,True,True,36,RANDOM_ONE_TO_ONE_MATCHING
RANDOM_ONE_TO_ONE_MATCHING,321,stage_distance,0.10361924784360528,0.06716228314428688,0.14546763121126602,0.0008326394671107411,0.09361653247587157,0.10967109695900748,True,True,36,RANDOM_ONE_TO_ONE_MATCHING
RANDOM_ONE_TO_ONE_MATCHING,322,tool_argument_distance,0.11559200147485564,0.07219428092512158,0.1564455751342018,0.0008326394671107411,0.10670415389794674,0.12409907537858252,True,True,36,RANDOM_ONE_TO_ONE_MATCHING
RANDOM_ONE_TO_ONE_MATCHING,322,tool_name_distance,0.08558691073568704,0.04697391432636252,0.12475714644530442,0.0016652789342214821,0.0783269531656945,0.09304888414476833,True,True,36,RANDOM_ONE_TO_ONE_MATCHING
RANDOM_ONE_TO_ONE_MATCHING,322,stage_distance,0.09168788808274664,0.04898288496865076,0.13663825028430626,0.0016652789342214821,0.08134427672184552,0.09860134240748264,True,True,36,RANDOM_ONE_TO_ONE_MATCHING
RANDOM_ONE_TO_ONE_MATCHING,323,tool_argument_distance,0.11504336306123429,0.07833511729411695,0.153294303837739,0.0008326394671107411,0.10613984010107906,0.12257760164444285,True,True,36,RANDOM_ONE_TO_ONE_MATCHING
RANDOM_ONE_TO_ONE_MATCHING,323,tool_name_distance,0.09426186951321402,0.05874993353374637,0.12951015113370223,0.0008326394671107411,0.08637549456259176,0.1003673081437611,True,True,36,RANDOM_ONE_TO_ONE_MATCHING
RANDOM_ONE_TO_ONE_MATCHING,323,stage_distance,0.0996380425100608,0.06388321653444028,0.13620181061204947,0.0008326394671107411,0.09047395937089245,0.10660371208523901,True,True,36,RANDOM_ONE_TO_ONE_MATCHING
RANDOM_ONE_TO_ONE_MATCHING,324,tool_argument_distance,0.11766266612184466,0.0782861946336047,0.15593519171545853,0.0008326394671107411,0.11161130465503118,0.12262241097398895,True,True,36,RANDOM_ONE_TO_ONE_MATCHING
RANDOM_ONE_TO_ONE_MATCHING,324,tool_name_distance,0.09193159591217906,0.04979308815257214,0.1381954703782525,0.0008326394671107411,0.0833738385824384,0.09820690913169455,True,True,36,RANDOM_ONE_TO_ONE_MATCHING
RANDOM_ONE_TO_ONE_MATCHING,324,stage_distance,0.10111438964514861,0.056595421701707484,0.14900640032315662,0.0008326394671107411,0.09201062844226625,0.10652536217710268,True,True,36,RANDOM_ONE_TO_ONE_MATCHING
RANDOM_ONE_TO_ONE_MATCHING,325,tool_argument_distance,0.1355494754323726,0.08864465700928535,0.1855349995019343,0.0008326394671107411,0.12627946044472607,0.14332806157904152,True,True,36,RANDOM_ONE_TO_ONE_MATCHING
RANDOM_ONE_TO_ONE_MATCHING,325,tool_name_distance,0.10567104152673218,0.06179362697500165,0.1540155572927967,0.0008326394671107411,0.09819126547140443,0.11240814594542776,True,True,36,RANDOM_ONE_TO_ONE_MATCHING
RANDOM_ONE_TO_ONE_MATCHING,325,stage_distance,0.11192218189160186,0.0677581409748479,0.1592406084206911,0.0008326394671107411,0.1031090741633347,0.1181150575978896,True,True,36,RANDOM_ONE_TO_ONE_MATCHING
RANDOM_ONE_TO_ONE_MATCHING,326,tool_argument_distance,0.109397701915403,0.06228767094135117,0.15840441958270696,0.0008326394671107411,0.10033287435108118,0.11606317342227661,True,True,36,RANDOM_ONE_TO_ONE_MATCHING
RANDOM_ONE_TO_ONE_MATCHING,326,tool_name_distance,0.08080387589159269,0.039717608510145774,0.12363137837907028,0.0016652789342214821,0.07192155858321013,0.08676125425337715,True,True,36,RANDOM_ONE_TO_ONE_MATCHING
RANDOM_ONE_TO_ONE_MATCHING,326,stage_distance,0.0839074969426849,0.04151467248166935,0.1308482651865768,0.0016652789342214821,0.07334158869206772,0.09050991068027767,True,True,36,RANDOM_ONE_TO_ONE_MATCHING
RANDOM_ONE_TO_ONE_MATCHING,327,tool_argument_distance,0.11410689196601033,0.07450705991833768,0.1592714900461624,0.0008326394671107411,0.10544414515638117,0.12017978729202332,True,True,36,RANDOM_ONE_TO_ONE_MATCHING
RANDOM_ONE_TO_ONE_MATCHING,327,tool_name_distance,0.08452305800774762,0.04988992763982806,0.12438901106734167,0.0008326394671107411,0.07586185327467689,0.08962039103321463,True,True,36,RANDOM_ONE_TO_ONE_MATCHING
RANDOM_ONE_TO_ONE_MATCHING,327,stage_distance,0.08977951593389893,0.05199661222931253,0.13159888119242544,0.0008326394671107411,0.08161452745903569,0.09473890044055151,True,True,36,RANDOM_ONE_TO_ONE_MATCHING
RANDOM_ONE_TO_ONE_MATCHING,328,tool_argument_distance,0.11004293170472465,0.07159588799545814,0.1521490672735837,0.0008326394671107411,0.10302766000836133,0.11530428214646804,True,True,36,RANDOM_ONE_TO_ONE_MATCHING
RANDOM_ONE_TO_ONE_MATCHING,328,tool_name_distance,0.079785765465695,0.046643836083263106,0.1131629207430032,0.0008326394671107411,0.07331244184036938,0.08386021364528404,True,True,36,RANDOM_ONE_TO_ONE_MATCHING
RANDOM_ONE_TO_ONE_MATCHING,328,stage_distance,0.0855647016485652,0.05181824749138477,0.12022439381505234,0.0008326394671107411,0.07885566591335415,0.08981403030028996,True,True,36,RANDOM_ONE_TO_ONE_MATCHING
RANDOM_ONE_TO_ONE_MATCHING,329,tool_argument_distance,0.10909045812012992,0.0690559922584017,0.150741919108676,0.0008326394671107411,0.0990644712092765,0.11627146352187105,True,True,36,RANDOM_ONE_TO_ONE_MATCHING
RANDOM_ONE_TO_ONE_MATCHING,329,tool_name_distance,0.08632510565577144,0.04901976261885545,0.12514680802268627,0.0008326394671107411,0.07855291872160354,0.09281428021517792,True,True,36,RANDOM_ONE_TO_ONE_MATCHING
RANDOM_ONE_TO_ONE_MATCHING,329,stage_distance,0.09035168911080432,0.04943773655138029,0.1327618765516732,0.0008326394671107411,0.08092228158880009,0.09766253491364725,True,True,36,RANDOM_ONE_TO_ONE_MATCHING
RANDOM_ONE_TO_ONE_MATCHING,330,tool_argument_distance,0.10437578629750748,0.061717985117553296,0.14985175982502857,0.0008326394671107411,0.09580874527108704,0.11148346332199557,True,True,36,RANDOM_ONE_TO_ONE_MATCHING
RANDOM_ONE_TO_ONE_MATCHING,330,tool_name_distance,0.07207413490755267,0.030427873300377592,0.11675099749981294,0.002497918401332223,0.06335879273030814,0.07874293769624582,True,True,36,RANDOM_ONE_TO_ONE_MATCHING
RANDOM_ONE_TO_ONE_MATCHING,330,stage_distance,0.08078018931796378,0.03860608787844884,0.12129259715848735,0.0008326394671107411,0.0727326391714929,0.08768286179874635,True,True,36,RANDOM_ONE_TO_ONE_MATCHING
RANDOM_ONE_TO_ONE_MATCHING,331,tool_argument_distance,0.10793306988067966,0.07132520971631028,0.1453674255644891,0.0008326394671107411,0.10168353854393716,0.1129384888846018,True,True,36,RANDOM_ONE_TO_ONE_MATCHING
RANDOM_ONE_TO_ONE_MATCHING,331,tool_name_distance,0.08052237772020915,0.045141751284707786,0.11920461078181811,0.0008326394671107411,0.07243229352149157,0.08625173398103068,True,True,36,RANDOM_ONE_TO_ONE_MATCHING
RANDOM_ONE_TO_ONE_MATCHING,331,stage_distance,0.08421143442618147,0.050791763052643914,0.11995054164362302,0.0008326394671107411,0.0774025094233921,0.0888193718534198,True,True,36,RANDOM_ONE_TO_ONE_MATCHING
RANDOM_ONE_TO_ONE_MATCHING,332,tool_argument_distance,0.10805044966247047,0.06695046795150845,0.1478503856677375,0.0008326394671107411,0.0989471291766363,0.11634205065727209,True,True,36,RANDOM_ONE_TO_ONE_MATCHING
RANDOM_ONE_TO_ONE_MATCHING,332,tool_name_distance,0.07907218060984582,0.04186967847443045,0.11996445216425856,0.0016652789342214821,0.07103084979816258,0.08634801887247451,True,True,36,RANDOM_ONE_TO_ONE_MATCHING
RANDOM_ONE_TO_ONE_MATCHING,332,stage_distance,0.08380378212878775,0.042236335808037075,0.12594171547292432,0.0008326394671107411,0.07323491059777351,0.09049197628341062,True,True,36,RANDOM_ONE_TO_ONE_MATCHING
RANDOM_ONE_TO_ONE_MATCHING,333,tool_argument_distance,0.09124827049345002,0.05007978266095584,0.1346314011590416,0.0008326394671107411,0.08166488774564384,0.09666806234881845,True,True,36,RANDOM_ONE_TO_ONE_MATCHING
RANDOM_ONE_TO_ONE_MATCHING,333,tool_name_distance,0.07603246982461165,0.03844484656859432,0.11843041872360896,0.0008326394671107411,0.0673090520381122,0.08181637700586832,True,True,36,RANDOM_ONE_TO_ONE_MATCHING
RANDOM_ONE_TO_ONE_MATCHING,333,stage_distance,0.08169982323658535,0.041580219695748176,0.1288824273711786,0.0016652789342214821,0.07202321954674629,0.0868641875128801,True,True,36,RANDOM_ONE_TO_ONE_MATCHING
RANDOM_ONE_TO_ONE_MATCHING,334,tool_argument_distance,0.11534810954354503,0.07862722572941107,0.15435864043766265,0.0008326394671107411,0.10645329362574156,0.12264571390387612,True,True,36,RANDOM_ONE_TO_ONE_MATCHING
RANDOM_ONE_TO_ONE_MATCHING,334,tool_name_distance,0.09044558740729464,0.05393202609072127,0.12919847300717685,0.0008326394671107411,0.08193556028188773,0.09684387894734926,True,True,36,RANDOM_ONE_TO_ONE_MATCHING
RANDOM_ONE_TO_ONE_MATCHING,334,stage_distance,0.10040513321890099,0.06113744731181637,0.14111446731118943,0.0008326394671107411,0.09031058600474713,0.10636515048788306,True,True,36,RANDOM_ONE_TO_ONE_MATCHING
RANDOM_ONE_TO_ONE_MATCHING,335,tool_argument_distance,0.09715356078678045,0.05970480539381718,0.13979449769401664,0.0008326394671107411,0.08773890061878369,0.10258936057484588,True,True,36,RANDOM_ONE_TO_ONE_MATCHING
RANDOM_ONE_TO_ONE_MATCHING,335,tool_name_distance,0.06942690385930589,0.03424011065721988,0.10630634342641825,0.0016652789342214821,0.060622980724879955,0.0759088990799251,True,True,36,RANDOM_ONE_TO_ONE_MATCHING
RANDOM_ONE_TO_ONE_MATCHING,335,stage_distance,0.07854908197062184,0.03767565440512003,0.11804890551957041,0.0008326394671107411,0.06878245710175525,0.08416500462877521,True,True,36,RANDOM_ONE_TO_ONE_MATCHING
RANDOM_ONE_TO_ONE_MATCHING,336,tool_argument_distance,0.11315137851876964,0.07104869346962958,0.15738202259680256,0.0008326394671107411,0.10397624233984462,0.12097344074264524,True,True,36,RANDOM_ONE_TO_ONE_MATCHING
RANDOM_ONE_TO_ONE_MATCHING,336,tool_name_distance,0.08817811727192505,0.04716401248125707,0.12958539549439835,0.0008326394671107411,0.08004669840032927,0.09538956568969514,True,True,36,RANDOM_ONE_TO_ONE_MATCHING
RANDOM_ONE_TO_ONE_MATCHING,336,stage_distance,0.09657816751381779,0.05354817371475655,0.13897127833142986,0.0008326394671107411,0.08732665937475681,0.10408134271403398,True,True,36,RANDOM_ONE_TO_ONE_MATCHING
RANDOM_ONE_TO_ONE_MATCHING,337,tool_argument_distance,0.1229407730663986,0.07890464864793499,0.16566101621070956,0.0008326394671107411,0.11426289039210524,0.12973058442128385,True,True,36,RANDOM_ONE_TO_ONE_MATCHING
RANDOM_ONE_TO_ONE_MATCHING,337,tool_name_distance,0.08704734490738507,0.04545949164319212,0.12786395275690543,0.0008326394671107411,0.07834341242802517,0.09305034958776345,True,True,36,RANDOM_ONE_TO_ONE_MATCHING
RANDOM_ONE_TO_ONE_MATCHING,337,stage_distance,0.0948023954567205,0.052337355917728194,0.14141879670569668,0.0008326394671107411,0.08454777002079006,0.10173359901180112,True,True,36,RANDOM_ONE_TO_ONE_MATCHING
RANDOM_ONE_TO_ONE_MATCHING,338,tool_argument_distance,0.12303871718470304,0.08873592636121487,0.16023979135322053,0.0008326394671107411,0.11341125196140885,0.12757938770573507,True,True,36,RANDOM_ONE_TO_ONE_MATCHING
RANDOM_ONE_TO_ONE_MATCHING,338,tool_name_distance,0.10114676283638974,0.07274171328922459,0.132235745908264,0.0008326394671107411,0.09415099728889925,0.10482447831560157,True,True,36,RANDOM_ONE_TO_ONE_MATCHING
RANDOM_ONE_TO_ONE_MATCHING,338,stage_distance,0.10263116347694451,0.06715116893197712,0.1411938181609486,0.0008326394671107411,0.09355259807968713,0.10705791640489341,True,True,36,RANDOM_ONE_TO_ONE_MATCHING
RANDOM_ONE_TO_ONE_MATCHING,339,tool_argument_distance,0.10551474489291023,0.06567150842263579,0.1476382063153025,0.0008326394671107411,0.09604205410245273,0.11174977019588311,True,True,36,RANDOM_ONE_TO_ONE_MATCHING
RANDOM_ONE_TO_ONE_MATCHING,339,tool_name_distance,0.08181381390747869,0.04250092165007909,0.12122359964531391,0.0008326394671107411,0.07267837680328915,0.08797750835956356,True,True,36,RANDOM_ONE_TO_ONE_MATCHING
RANDOM_ONE_TO_ONE_MATCHING,339,stage_distance,0.09070237147267407,0.05040012039152307,0.13456155616066676,0.0008326394671107411,0.08216692490209328,0.09698538573371937,True,True,36,RANDOM_ONE_TO_ONE_MATCHING
RANDOM_ONE_TO_ONE_MATCHING,340,tool_argument_distance,0.13262880019957313,0.0905761355077276,0.17652626213142183,0.0008326394671107411,0.12615445822725327,0.13813260850983886,True,True,36,RANDOM_ONE_TO_ONE_MATCHING
RANDOM_ONE_TO_ONE_MATCHING,340,tool_name_distance,0.10926808979268775,0.07207408151961013,0.149600821863664,0.0008326394671107411,0.10091706057093275,0.11415187337717414,True,True,36,RANDOM_ONE_TO_ONE_MATCHING
RANDOM_ONE_TO_ONE_MATCHING,340,stage_distance,0.117542393465443,0.07786077061604488,0.15448352087294412,0.0008326394671107411,0.1102067050989846,0.12350205181575988,True,True,36,RANDOM_ONE_TO_ONE_MATCHING
RANDOM_ONE_TO_ONE_MATCHING,341,tool_argument_distance,0.106572924989833,0.06439146262611749,0.1501609358978026,0.0008326394671107411,0.09742738951335202,0.11283818400986083,True,True,36,RANDOM_ONE_TO_ONE_MATCHING
RANDOM_ONE_TO_ONE_MATCHING,341,tool_name_distance,0.08212376017545728,0.044693665621296196,0.12172061991090381,0.0008326394671107411,0.0745267602085058,0.08829631023519868,True,True,36,RANDOM_ONE_TO_ONE_MATCHING
RANDOM_ONE_TO_ONE_MATCHING,341,stage_distance,0.08693327611807389,0.04729389678942282,0.13168054558151393,0.0008326394671107411,0.07645381870103926,0.0925204081962002,True,True,36,RANDOM_ONE_TO_ONE_MATCHING
RANDOM_ONE_TO_ONE_MATCHING,342,tool_argument_distance,0.11463419582683915,0.07365301190789299,0.15819726088638336,0.0008326394671107411,0.10571898237427264,0.12094891434706179,True,True,36,RANDOM_ONE_TO_ONE_MATCHING
RANDOM_ONE_TO_ONE_MATCHING,342,tool_name_distance,0.09143001650989988,0.05321554666796407,0.13050786299591371,0.0008326394671107411,0.0832547537369195,0.096745089073606,True,True,36,RANDOM_ONE_TO_ONE_MATCHING
RANDOM_ONE_TO_ONE_MATCHING,342,stage_distance,0.10133669223717628,0.05905754448709509,0.1478829105296728,0.0008326394671107411,0.09126876099497315,0.10706210991348794,True,True,36,RANDOM_ONE_TO_ONE_MATCHING
RANDOM_ONE_TO_ONE_MATCHING,343,tool_argument_distance,0.11219322337546266,0.0724821220870663,0.15081796863152136,0.0008326394671107411,0.10499215063673961,0.11930448803479128,True,True,36,RANDOM_ONE_TO_ONE_MATCHING
RANDOM_ONE_TO_ONE_MATCHING,343,tool_name_distance,0.08599073672215836,0.04655517130884266,0.13220548081021294,0.0008326394671107411,0.07385525489328859,0.09216554671786613,True,True,36,RANDOM_ONE_TO_ONE_MATCHING
RANDOM_ONE_TO_ONE_MATCHING,343,stage_distance,0.09449289253248794,0.05456645910056903,0.1383649636179237,0.0008326394671107411,0.08341791185863856,0.10021337495970391,True,True,36,RANDOM_ONE_TO_ONE_MATCHING
RANDOM_ONE_TO_ONE_MATCHING,344,tool_argument_distance,0.11334072900428024,0.07159115784451311,0.15526844582005972,0.0008326394671107411,0.10706584239120939,0.12178348083741926,True,True,36,RANDOM_ONE_TO_ONE_MATCHING
RANDOM_ONE_TO_ONE_MATCHING,344,tool_name_distance,0.08739038637576493,0.04947940601131349,0.12986473571505322,0.0008326394671107411,0.07949653099577751,0.09490388766027702,True,True,36,RANDOM_ONE_TO_ONE_MATCHING
RANDOM_ONE_TO_ONE_MATCHING,344,stage_distance,0.09245559406934895,0.053855568652122744,0.1315032071797378,0.0008326394671107411,0.08588221648493577,0.09939098285084501,True,True,36,RANDOM_ONE_TO_ONE_MATCHING
RANDOM_ONE_TO_ONE_MATCHING,345,tool_argument_distance,0.1045300432279727,0.06799964085368373,0.14600168267441038,0.0008326394671107411,0.09656769814271131,0.10910283681874634,True,True,36,RANDOM_ONE_TO_ONE_MATCHING
RANDOM_ONE_TO_ONE_MATCHING,345,tool_name_distance,0.0817426810833443,0.04772952734602117,0.11946552660660117,0.0008326394671107411,0.0735792375867769,0.08630348700547279,True,True,36,RANDOM_ONE_TO_ONE_MATCHING
RANDOM_ONE_TO_ONE_MATCHING,345,stage_distance,0.08443428264783971,0.047055331929345474,0.12041462733596914,0.0008326394671107411,0.0775234996288726,0.08935225737905893,True,True,36,RANDOM_ONE_TO_ONE_MATCHING
RANDOM_ONE_TO_ONE_MATCHING,346,tool_argument_distance,0.09644677953626853,0.05729662705727551,0.1383460046898695,0.0008326394671107411,0.08862664423297577,0.10165002940286787,True,True,36,RANDOM_ONE_TO_ONE_MATCHING
RANDOM_ONE_TO_ONE_MATCHING,346,tool_name_distance,0.07120507789195189,0.030065811856237534,0.11132067060846675,0.0033305578684429643,0.06236177213969968,0.07714263998969433,True,True,36,RANDOM_ONE_TO_ONE_MATCHING
RANDOM_ONE_TO_ONE_MATCHING,346,stage_distance,0.07744624021106782,0.03862547143176905,0.11769135051445241,0.0008326394671107411,0.0695601855611511,0.08248907354377637,True,True,36,RANDOM_ONE_TO_ONE_MATCHING
RANDOM_ONE_TO_ONE_MATCHING,347,tool_argument_distance,0.10764497164850248,0.06739010670919356,0.15085316188863018,0.0008326394671107411,0.09853006607655493,0.11273835937056251,True,True,36,RANDOM_ONE_TO_ONE_MATCHING
RANDOM_ONE_TO_ONE_MATCHING,347,tool_name_distance,0.07739611564840615,0.0437080746151411,0.11170592273608412,0.0008326394671107411,0.06972176018125897,0.08223108894773061,True,True,36,RANDOM_ONE_TO_ONE_MATCHING
RANDOM_ONE_TO_ONE_MATCHING,347,stage_distance,0.08825624202544811,0.04846933419518822,0.12813832606265638,0.0008326394671107411,0.07781458363433846,0.09341522822784021,True,True,36,RANDOM_ONE_TO_ONE_MATCHING
RANDOM_ONE_TO_ONE_MATCHING,348,tool_argument_distance,0.11025479436012688,0.07305799426078774,0.14904832104308965,0.0008326394671107411,0.10202297573131774,0.11545062955897156,True,True,36,RANDOM_ONE_TO_ONE_MATCHING
RANDOM_ONE_TO_ONE_MATCHING,348,tool_name_distance,0.08917272133196058,0.055165928573805326,0.12608605283537,0.0008326394671107411,0.08278722126529592,0.09367467949126955,True,True,36,RANDOM_ONE_TO_ONE_MATCHING
RANDOM_ONE_TO_ONE_MATCHING,348,stage_distance,0.10060283267441235,0.06832652335387548,0.13772097984447537,0.0008326394671107411,0.09432345782565406,0.10541649072386902,True,True,36,RANDOM_ONE_TO_ONE_MATCHING
RANDOM_ONE_TO_ONE_MATCHING,349,tool_argument_distance,0.1046213217998631,0.05947778617567001,0.15149039067607226,0.0008326394671107411,0.09340352791574182,0.11005813001685084,True,True,36,RANDOM_ONE_TO_ONE_MATCHING
RANDOM_ONE_TO_ONE_MATCHING,349,tool_name_distance,0.07718607228185151,0.040207264201424536,0.12131790223756753,0.0008326394671107411,0.06820937805075099,0.08297705961613075,True,True,36,RANDOM_ONE_TO_ONE_MATCHING
RANDOM_ONE_TO_ONE_MATCHING,349,stage_distance,0.08297582583665018,0.040653759071879424,0.12693382637557857,0.0016652789342214821,0.0751161644872981,0.08897029812374045,True,True,36,RANDOM_ONE_TO_ONE_MATCHING
RANDOM_ONE_TO_ONE_MATCHING,350,tool_argument_distance,0.1040544257384663,0.0642739542130557,0.1425573501325286,0.0008326394671107411,0.09719874170232627,0.1104070011677286,True,True,36,RANDOM_ONE_TO_ONE_MATCHING
RANDOM_ONE_TO_ONE_MATCHING,350,tool_name_distance,0.07522477126682335,0.03708772904409562,0.11535824328795947,0.0008326394671107411,0.06730549994875352,0.08050618075979848,True,True,36,RANDOM_ONE_TO_ONE_MATCHING
RANDOM_ONE_TO_ONE_MATCHING,350,stage_distance,0.07965804679521497,0.0413071876412197,0.12027932021639787,0.0016652789342214821,0.0717306419574435,0.0857727473051511,True,True,36,RANDOM_ONE_TO_ONE_MATCHING
RANDOM_ONE_TO_ONE_MATCHING,351,tool_argument_distance,0.11383073945495067,0.06778505933871193,0.15854485851580144,0.0008326394671107411,0.10633254124601565,0.12108499038417908,True,True,36,RANDOM_ONE_TO_ONE_MATCHING
RANDOM_ONE_TO_ONE_MATCHING,351,tool_name_distance,0.08293960108480841,0.038399694468393794,0.130704619473095,0.0033305578684429643,0.07190742014249053,0.08912343587279198,True,True,36,RANDOM_ONE_TO_ONE_MATCHING
RANDOM_ONE_TO_ONE_MATCHING,351,stage_distance,0.0928313566378509,0.04885663180473163,0.13803185639249244,0.0008326394671107411,0.08289937970034525,0.09901172344126041,True,True,36,RANDOM_ONE_TO_ONE_MATCHING
RANDOM_ONE_TO_ONE_MATCHING,352,tool_argument_distance,0.10223093864738582,0.06389772320645057,0.14515500639527645,0.0008326394671107411,0.09200896546588258,0.10905756660019798,True,True,36,RANDOM_ONE_TO_ONE_MATCHING
RANDOM_ONE_TO_ONE_MATCHING,352,tool_name_distance,0.07227605950376635,0.03513773521891134,0.11333359354908225,0.0016652789342214821,0.06451063451627584,0.07805902157894862,True,True,36,RANDOM_ONE_TO_ONE_MATCHING
RANDOM_ONE_TO_ONE_MATCHING,352,stage_distance,0.07623054008627365,0.03680734862682677,0.11587353314194968,0.0016652789342214821,0.06639767116356854,0.08203902338951459,True,True,36,RANDOM_ONE_TO_ONE_MATCHING
RANDOM_ONE_TO_ONE_MATCHING,353,tool_argument_distance,0.11689618451963207,0.07643006424404988,0.1572433597275827,0.0008326394671107411,0.10709321836305011,0.12544052079606685,True,True,36,RANDOM_ONE_TO_ONE_MATCHING
RANDOM_ONE_TO_ONE_MATCHING,353,tool_name_distance,0.08233120165438923,0.043416447895870826,0.12047448590264755,0.0016652789342214821,0.07559149943820666,0.0897001548040049,True,True,36,RANDOM_ONE_TO_ONE_MATCHING
RANDOM_ONE_TO_ONE_MATCHING,353,stage_distance,0.08757734108305745,0.04790084700799033,0.12938432620522058,0.0008326394671107411,0.07806866647454616,0.09437335120780234,True,True,36,RANDOM_ONE_TO_ONE_MATCHING
RANDOM_ONE_TO_ONE_MATCHING,354,tool_argument_distance,0.11753080619183542,0.07464857147589177,0.16199465298435548,0.0008326394671107411,0.10869835303541164,0.1234529164473516,True,True,36,RANDOM_ONE_TO_ONE_MATCHING
RANDOM_ONE_TO_ONE_MATCHING,354,tool_name_distance,0.0871817417581973,0.043899375885998966,0.13579206339433053,0.0008326394671107411,0.0760326695970239,0.09328419956612784,True,True,36,RANDOM_ONE_TO_ONE_MATCHING
RANDOM_ONE_TO_ONE_MATCHING,354,stage_distance,0.10031301756464896,0.06047908582838123,0.14773481421911897,0.0008326394671107411,0.0903567071298137,0.10552505956965721,True,True,36,RANDOM_ONE_TO_ONE_MATCHING
RANDOM_ONE_TO_ONE_MATCHING,355,tool_argument_distance,0.11833562054275662,0.07862484916480617,0.15621571771093554,0.0008326394671107411,0.11145290200881337,0.12562238226400793,True,True,36,RANDOM_ONE_TO_ONE_MATCHING
RANDOM_ONE_TO_ONE_MATCHING,355,tool_name_distance,0.08599941232476671,0.05018931262843256,0.1247576147782287,0.0008326394671107411,0.0776689894322111,0.0921744701948347,True,True,36,RANDOM_ONE_TO_ONE_MATCHING
RANDOM_ONE_TO_ONE_MATCHING,355,stage_distance,0.09329077187463544,0.05758881587116381,0.13003113852970322,0.0008326394671107411,0.08634443111640507,0.09919668821712155,True,True,36,RANDOM_ONE_TO_ONE_MATCHING
RANDOM_ONE_TO_ONE_MATCHING,356,tool_argument_distance,0.09980250276629257,0.06468814656373925,0.1352846007051081,0.0008326394671107411,0.09332021599725694,0.10521809006679322,True,True,36,RANDOM_ONE_TO_ONE_MATCHING
RANDOM_ONE_TO_ONE_MATCHING,356,tool_name_distance,0.0718640911544915,0.03630202137609079,0.11139603345019188,0.0008326394671107411,0.0643888207018039,0.07752890180231616,True,True,36,RANDOM_ONE_TO_ONE_MATCHING
RANDOM_ONE_TO_ONE_MATCHING,356,stage_distance,0.08136580870784688,0.04522423695698317,0.12142910030906412,0.0008326394671107411,0.07398856712609209,0.08616558772454126,True,True,36,RANDOM_ONE_TO_ONE_MATCHING
RANDOM_ONE_TO_ONE_MATCHING,357,tool_argument_distance,0.12362578288808751,0.08776388987358309,0.1626590909476875,0.0008326394671107411,0.11496747192298525,0.129024999321409,True,True,36,RANDOM_ONE_TO_ONE_MATCHING
RANDOM_ONE_TO_ONE_MATCHING,357,tool_name_distance,0.09253402398439986,0.05843075053765457,0.12864974072253532,0.0008326394671107411,0.08589698331736995,0.09772501297004946,True,True,36,RANDOM_ONE_TO_ONE_MATCHING
RANDOM_ONE_TO_ONE_MATCHING,357,stage_distance,0.10422120396627324,0.06804936979820674,0.14170912301137312,0.0008326394671107411,0.0951880682972824,0.10973123766033972,True,True,36,RANDOM_ONE_TO_ONE_MATCHING
RANDOM_ONE_TO_ONE_MATCHING,358,tool_argument_distance,0.11269685777677746,0.07346672348230267,0.15483388848972274,0.0008326394671107411,0.10458906237126549,0.11895622378128407,True,True,36,RANDOM_ONE_TO_ONE_MATCHING
RANDOM_ONE_TO_ONE_MATCHING,358,tool_name_distance,0.08526610060172443,0.046519986404245914,0.12427343235234932,0.0008326394671107411,0.07682453835546572,0.09083337275439878,True,True,36,RANDOM_ONE_TO_ONE_MATCHING
RANDOM_ONE_TO_ONE_MATCHING,358,stage_distance,0.0913894211798691,0.05492198132572122,0.1336255659069018,0.0008326394671107411,0.083901743129061,0.09650818166407095,True,True,36,RANDOM_ONE_TO_ONE_MATCHING
RANDOM_ONE_TO_ONE_MATCHING,359,tool_argument_distance,0.11853527111005419,0.0717847922081223,0.16427163998752398,0.0008326394671107411,0.10812507154484848,0.12656071712139041,True,True,36,RANDOM_ONE_TO_ONE_MATCHING
RANDOM_ONE_TO_ONE_MATCHING,359,tool_name_distance,0.09269176189906073,0.05427045465287931,0.1361044687533915,0.0016652789342214821,0.08484114928294235,0.0999374297324441,True,True,36,RANDOM_ONE_TO_ONE_MATCHING
RANDOM_ONE_TO_ONE_MATCHING,359,stage_distance,0.09550434216418612,0.05207072799859601,0.13965521266049663,0.0008326394671107411,0.08526977234846898,0.10317069506927966,True,True,36,RANDOM_ONE_TO_ONE_MATCHING
RANDOM_ONE_TO_ONE_MATCHING,360,tool_argument_distance,0.11261328663629817,0.06927575216641003,0.15645624500298905,0.0008326394671107411,0.10364033292114479,0.12103525440178056,True,True,36,RANDOM_ONE_TO_ONE_MATCHING
RANDOM_ONE_TO_ONE_MATCHING,360,tool_name_distance,0.0900900856271488,0.04775079230283534,0.1348075225216609,0.0016652789342214821,0.07926220424318353,0.09768072117598617,True,True,36,RANDOM_ONE_TO_ONE_MATCHING
RANDOM_ONE_TO_ONE_MATCHING,360,stage_distance,0.09423203759810789,0.04741839808407659,0.14408440696963157,0.0008326394671107411,0.08433639967007196,0.10121818190899706,True,True,36,RANDOM_ONE_TO_ONE_MATCHING
RANDOM_ONE_TO_ONE_MATCHING,361,tool_argument_distance,0.1121888599484294,0.07123327968792396,0.15468693216142648,0.0008326394671107411,0.10277458302728307,0.11931187097017325,True,True,36,RANDOM_ONE_TO_ONE_MATCHING
RANDOM_ONE_TO_ONE_MATCHING,361,tool_name_distance,0.08990752668745289,0.0534664735460944,0.1273702034397365,0.0008326394671107411,0.08278905280554832,0.09570318533760802,True,True,36,RANDOM_ONE_TO_ONE_MATCHING
RANDOM_ONE_TO_ONE_MATCHING,361,stage_distance,0.09689306416353126,0.05748156453567142,0.1388471507596613,0.0008326394671107411,0.08765055307160494,0.10330633531198102,True,True,36,RANDOM_ONE_TO_ONE_MATCHING
RANDOM_ONE_TO_ONE_MATCHING,362,tool_argument_distance,0.11820005448374024,0.07908573202633638,0.16251908929876296,0.0008326394671107411,0.10938672270708517,0.12414128611902513,True,True,36,RANDOM_ONE_TO_ONE_MATCHING
RANDOM_ONE_TO_ONE_MATCHING,362,tool_name_distance,0.09061140290038426,0.051336059532849546,0.13086628358790112,0.0008326394671107411,0.0835130397674206,0.0962166129314249,True,True,36,RANDOM_ONE_TO_ONE_MATCHING
RANDOM_ONE_TO_ONE_MATCHING,362,stage_distance,0.09550929260644772,0.05585048582627361,0.13406790756453252,0.0008326394671107411,0.08622724518431903,0.1005200415299104,True,True,36,RANDOM_ONE_TO_ONE_MATCHING
RANDOM_ONE_TO_ONE_MATCHING,363,tool_argument_distance,0.10064077652695849,0.06093826274102342,0.1432427258579392,0.0008326394671107411,0.09258534705399137,0.10594343816922532,True,True,36,RANDOM_ONE_TO_ONE_MATCHING
RANDOM_ONE_TO_ONE_MATCHING,363,tool_name_distance,0.0748136687665452,0.03912556252610061,0.11228191988031305,0.0016652789342214821,0.06686711640436073,0.0792040574082546,True,True,36,RANDOM_ONE_TO_ONE_MATCHING
RANDOM_ONE_TO_ONE_MATCHING,363,stage_distance,0.08179454087357352,0.045672004686079085,0.12010665647153163,0.0008326394671107411,0.07479029914301843,0.0871950380720829,True,True,36,RANDOM_ONE_TO_ONE_MATCHING
RANDOM_ONE_TO_ONE_MATCHING,364,tool_argument_distance,0.11069347594764241,0.0705247760545211,0.14977846825615926,0.0008326394671107411,0.10369679122964816,0.11906059197916323,True,True,36,RANDOM_ONE_TO_ONE_MATCHING
RANDOM_ONE_TO_ONE_MATCHING,364,tool_name_distance,0.07907446875100602,0.0448931712945898,0.11486944856510317,0.0008326394671107411,0.07240044718202837,0.08635037238909643,True,True,36,RANDOM_ONE_TO_ONE_MATCHING
RANDOM_ONE_TO_ONE_MATCHING,364,stage_distance,0.08852557056478366,0.05626176835181664,0.12496216076701842,0.0008326394671107411,0.0819011310843217,0.095348672960435,True,True,36,RANDOM_ONE_TO_ONE_MATCHING
RANDOM_ONE_TO_ONE_MATCHING,365,tool_argument_distance,0.10959429519786193,0.07175826549132613,0.1449243770024244,0.0008326394671107411,0.10339222744161036,0.11731472646971162,True,True,36,RANDOM_ONE_TO_ONE_MATCHING
RANDOM_ONE_TO_ONE_MATCHING,365,tool_name_distance,0.08198521156484535,0.04481877100361293,0.12385275971821567,0.0008326394671107411,0.07263822132013037,0.08901971981955603,True,True,36,RANDOM_ONE_TO_ONE_MATCHING
RANDOM_ONE_TO_ONE_MATCHING,365,stage_distance,0.0906457008894867,0.051747598831595513,0.13175364284028507,0.0008326394671107411,0.08073778378853491,0.09797937704329343,True,True,36,RANDOM_ONE_TO_ONE_MATCHING
RANDOM_ONE_TO_ONE_MATCHING,366,tool_argument_distance,0.11522322530679999,0.07311177602478124,0.1564379107204633,0.0008326394671107411,0.10632484126794665,0.12310448315319077,True,True,36,RANDOM_ONE_TO_ONE_MATCHING
RANDOM_ONE_TO_ONE_MATCHING,366,tool_name_distance,0.09125217676915165,0.05205039906999251,0.13043452200266736,0.0008326394671107411,0.08267500746389592,0.09855145545827108,True,True,36,RANDOM_ONE_TO_ONE_MATCHING
RANDOM_ONE_TO_ONE_MATCHING,366,stage_distance,0.0977413016830439,0.055114326868306834,0.14313220144096275,0.0008326394671107411,0.08852302594881796,0.10527770928809513,True,True,36,RANDOM_ONE_TO_ONE_MATCHING
RANDOM_ONE_TO_ONE_MATCHING,367,tool_argument_distance,0.1191813760418227,0.07533662896898283,0.163454314480692,0.0008326394671107411,0.11039608202397003,0.1265041732376635,True,True,36,RANDOM_ONE_TO_ONE_MATCHING
RANDOM_ONE_TO_ONE_MATCHING,367,tool_name_distance,0.08572678997156395,0.04962695872393256,0.12091847918947181,0.0008326394671107411,0.07874322639499391,0.09140299900126511,True,True,36,RANDOM_ONE_TO_ONE_MATCHING
RANDOM_ONE_TO_ONE_MATCHING,367,stage_distance,0.09073924691795275,0.05234108249396825,0.13408981902532185,0.0008326394671107411,0.08036853152377182,0.09697669471652885,True,True,36,RANDOM_ONE_TO_ONE_MATCHING
RANDOM_ONE_TO_ONE_MATCHING,368,tool_argument_distance,0.10503465939306358,0.0682129603664846,0.1431417784078492,0.0008326394671107411,0.09822567233717379,0.11141524149817152,True,True,36,RANDOM_ONE_TO_ONE_MATCHING
RANDOM_ONE_TO_ONE_MATCHING,368,tool_name_distance,0.08226645937683791,0.04442863149556477,0.12182430428690544,0.0016652789342214821,0.07372115557754493,0.08760253981215045,True,True,36,RANDOM_ONE_TO_ONE_MATCHING
RANDOM_ONE_TO_ONE_MATCHING,368,stage_distance,0.08459003952283033,0.04753799071300471,0.12780255771631957,0.0016652789342214821,0.07569957971616453,0.08961133287637707,True,True,36,RANDOM_ONE_TO_ONE_MATCHING
RANDOM_ONE_TO_ONE_MATCHING,369,tool_argument_distance,0.1094025371251082,0.06554898249092514,0.1544269228443833,0.0008326394671107411,0.10043775150953889,0.11568115836723149,True,True,36,RANDOM_ONE_TO_ONE_MATCHING
RANDOM_ONE_TO_ONE_MATCHING,369,tool_name_distance,0.0763935875663072,0.03886197855213402,0.1165557980406139,0.0008326394671107411,0.06851617079382527,0.08110371710994302,True,True,36,RANDOM_ONE_TO_ONE_MATCHING
RANDOM_ONE_TO_ONE_MATCHING,369,stage_distance,0.08618889655908735,0.04518642812747966,0.12641468570650222,0.0016652789342214821,0.07817889471680524,0.09141587978196368,True,True,36,RANDOM_ONE_TO_ONE_MATCHING
RANDOM_ONE_TO_ONE_MATCHING,370,tool_argument_distance,0.1273489324324183,0.09253865464003076,0.16538426776420248,0.0008326394671107411,0.11784461621620168,0.13271173639760755,True,True,36,RANDOM_ONE_TO_ONE_MATCHING
RANDOM_ONE_TO_ONE_MATCHING,370,tool_name_distance,0.09768666198045556,0.06992847584469758,0.13073831128591254,0.0008326394671107411,0.0907904491069225,0.102107772118692,True,True,36,RANDOM_ONE_TO_ONE_MATCHING
RANDOM_ONE_TO_ONE_MATCHING,370,stage_distance,0.10264401071201393,0.07064238671423027,0.13821511838154898,0.0008326394671107411,0.09356581237861569,0.10595384681944515,True,True,36,RANDOM_ONE_TO_ONE_MATCHING
RANDOM_ONE_TO_ONE_MATCHING,371,tool_argument_distance,0.13530441128121973,0.0927369805494543,0.17943761204840686,0.0008326394671107411,0.12697977541306407,0.14262388616277705,True,True,36,RANDOM_ONE_TO_ONE_MATCHING
RANDOM_ONE_TO_ONE_MATCHING,371,tool_name_distance,0.1061774676007537,0.06859855603211712,0.14526950326745783,0.0008326394671107411,0.09882038597005167,0.11262335189094477,True,True,36,RANDOM_ONE_TO_ONE_MATCHING
RANDOM_ONE_TO_ONE_MATCHING,371,stage_distance,0.11347283312136816,0.07190738402822992,0.1526338353134936,0.0008326394671107411,0.10375164876157052,0.12083378242829804,True,True,36,RANDOM_ONE_TO_ONE_MATCHING
RANDOM_ONE_TO_ONE_MATCHING,372,tool_argument_distance,0.10396553127895128,0.06859374553970755,0.1435954926458621,0.0008326394671107411,0.09474549883930228,0.10894954638424618,True,True,36,RANDOM_ONE_TO_ONE_MATCHING
RANDOM_ONE_TO_ONE_MATCHING,372,tool_name_distance,0.07417351011068979,0.039290762203848514,0.11291711488701081,0.0008326394671107411,0.06519856649109416,0.0793720912721089,True,True,36,RANDOM_ONE_TO_ONE_MATCHING
RANDOM_ONE_TO_ONE_MATCHING,372,stage_distance,0.0843784403464245,0.04475528014122642,0.12639625957297554,0.0008326394671107411,0.07477836857400942,0.088980461971755,True,True,36,RANDOM_ONE_TO_ONE_MATCHING
RANDOM_ONE_TO_ONE_MATCHING,373,tool_argument_distance,0.12433404528956883,0.07935364281229426,0.16483896491691033,0.0008326394671107411,0.1147435894406994,0.13118135098406317,True,True,36,RANDOM_ONE_TO_ONE_MATCHING
RANDOM_ONE_TO_ONE_MATCHING,373,tool_name_distance,0.09140373784594381,0.05217406601336979,0.1291294366348022,0.0008326394671107411,0.08514543194312951,0.09766396940642401,True,True,36,RANDOM_ONE_TO_ONE_MATCHING
RANDOM_ONE_TO_ONE_MATCHING,373,stage_distance,0.09870641533261205,0.060235937876885054,0.1404890493589557,0.0008326394671107411,0.08951571427408804,0.10419450294573386,True,True,36,RANDOM_ONE_TO_ONE_MATCHING
RANDOM_ONE_TO_ONE_MATCHING,374,tool_argument_distance,0.113666675649246,0.07536296517999606,0.15381320390336423,0.0008326394671107411,0.10430784954706476,0.11927347862697954,True,True,36,RANDOM_ONE_TO_ONE_MATCHING
RANDOM_ONE_TO_ONE_MATCHING,374,tool_name_distance,0.08590278743454016,0.05002259850190374,0.12430339425805412,0.0008326394671107411,0.07770635913901909,0.0914106108880279,True,True,36,RANDOM_ONE_TO_ONE_MATCHING
RANDOM_ONE_TO_ONE_MATCHING,374,stage_distance,0.0915611261445167,0.0552419006551278,0.13337712686836678,0.0008326394671107411,0.08341207895499496,0.09694160164126245,True,True,36,RANDOM_ONE_TO_ONE_MATCHING
RANDOM_ONE_TO_ONE_MATCHING,375,tool_argument_distance,0.10544038434060848,0.06886812718515489,0.14495220160234398,0.0008326394671107411,0.09626249055986398,0.11226631512517311,True,True,36,RANDOM_ONE_TO_ONE_MATCHING
RANDOM_ONE_TO_ONE_MATCHING,375,tool_name_distance,0.08210822492492892,0.045081333713009056,0.12565642898377358,0.0008326394671107411,0.0735764376593332,0.08922774314915408,True,True,36,RANDOM_ONE_TO_ONE_MATCHING
RANDOM_ONE_TO_ONE_MATCHING,375,stage_distance,0.08995982433511057,0.04909290230393544,0.1298292643045197,0.0008326394671107411,0.08051922067665797,0.09692249888511824,True,True,36,RANDOM_ONE_TO_ONE_MATCHING
RANDOM_ONE_TO_ONE_MATCHING,376,tool_argument_distance,0.11310360004583485,0.07416381641412952,0.15717913796230867,0.0008326394671107411,0.1031922743328587,0.12007437530067398,True,True,36,RANDOM_ONE_TO_ONE_MATCHING
RANDOM_ONE_TO_ONE_MATCHING,376,tool_name_distance,0.08368383393732842,0.047471542053808165,0.12121675016312194,0.0008326394671107411,0.07517902655404946,0.08962623225839803,True,True,36,RANDOM_ONE_TO_ONE_MATCHING
RANDOM_ONE_TO_ONE_MATCHING,376,stage_distance,0.08651493538110572,0.04963349472302273,0.12605658959141403,0.0008326394671107411,0.07697590632396722,0.09200747617542504,True,True,36,RANDOM_ONE_TO_ONE_MATCHING
RANDOM_ONE_TO_ONE_MATCHING,377,tool_argument_distance,0.10137960166540094,0.06657497935359863,0.1420422966149773,0.0008326394671107411,0.0949428283796505,0.10619777872031512,True,True,36,RANDOM_ONE_TO_ONE_MATCHING
RANDOM_ONE_TO_ONE_MATCHING,377,tool_name_distance,0.07112547836464088,0.03753293266295324,0.10609061581700212,0.0008326394671107411,0.0644047179649994,0.0757573906891007,True,True,36,RANDOM_ONE_TO_ONE_MATCHING
RANDOM_ONE_TO_ONE_MATCHING,377,stage_distance,0.0756377194233869,0.04263678521450738,0.1092943428735917,0.0008326394671107411,0.06864505562459933,0.08011283863523948,True,True,36,RANDOM_ONE_TO_ONE_MATCHING
RANDOM_ONE_TO_ONE_MATCHING,378,tool_argument_distance,0.10955149031348271,0.07130449123083432,0.14630558438118857,0.0008326394671107411,0.10217885303404523,0.11524562011533168,True,True,36,RANDOM_ONE_TO_ONE_MATCHING
RANDOM_ONE_TO_ONE_MATCHING,378,tool_name_distance,0.07983047798117246,0.04643968855528348,0.11869730394593415,0.0008326394671107411,0.07184099215313504,0.08604035999864829,True,True,36,RANDOM_ONE_TO_ONE_MATCHING
RANDOM_ONE_TO_ONE_MATCHING,378,stage_distance,0.08035373186856415,0.04492125589865267,0.1191642294529011,0.0008326394671107411,0.0728758360196635,0.08606095866753126,True,True,36,RANDOM_ONE_TO_ONE_MATCHING
RANDOM_ONE_TO_ONE_MATCHING,379,tool_argument_distance,0.11235635384138548,0.07471908613800707,0.1543002376349714,0.0008326394671107411,0.10242367823685362,0.1183792337924092,True,True,36,RANDOM_ONE_TO_ONE_MATCHING
RANDOM_ONE_TO_ONE_MATCHING,379,tool_name_distance,0.08069754165460866,0.04409783880344631,0.11968173597444785,0.0016652789342214821,0.07272068724795616,0.08588001576050597,True,True,36,RANDOM_ONE_TO_ONE_MATCHING
RANDOM_ONE_TO_ONE_MATCHING,379,stage_distance,0.08881496320561248,0.05083801753211386,0.1269479349995009,0.0008326394671107411,0.0793416492291742,0.09421448892190185,True,True,36,RANDOM_ONE_TO_ONE_MATCHING
RANDOM_ONE_TO_ONE_MATCHING,380,tool_argument_distance,0.11354547606575245,0.07298828774858157,0.15701834002670892,0.0008326394671107411,0.1036467753819168,0.11920613428217207,True,True,36,RANDOM_ONE_TO_ONE_MATCHING
RANDOM_ONE_TO_ONE_MATCHING,380,tool_name_distance,0.0892044808799179,0.054261589861589764,0.12543199324942977,0.0008326394671107411,0.08166909457811553,0.09484979061203284,True,True,36,RANDOM_ONE_TO_ONE_MATCHING
RANDOM_ONE_TO_ONE_MATCHING,380,stage_distance,0.10300427723316366,0.06372150700351766,0.1423341781562511,0.0008326394671107411,0.09393637222894115,0.10902899214144901,True,True,36,RANDOM_ONE_TO_ONE_MATCHING
RANDOM_ONE_TO_ONE_MATCHING,381,tool_argument_distance,0.11653192457839055,0.0767772734718554,0.1579663353250207,0.0008326394671107411,0.10968882516519017,0.12172172559809061,True,True,36,RANDOM_ONE_TO_ONE_MATCHING
RANDOM_ONE_TO_ONE_MATCHING,381,tool_name_distance,0.09021844826186792,0.051035201131830195,0.12824541759797856,0.0008326394671107411,0.08141333115799139,0.09465614707223587,True,True,36,RANDOM_ONE_TO_ONE_MATCHING
RANDOM_ONE_TO_ONE_MATCHING,381,stage_distance,0.09484526130796586,0.05403433406065013,0.13425281937339237,0.0008326394671107411,0.08734809643830684,0.10025910527074422,True,True,36,RANDOM_ONE_TO_ONE_MATCHING
RANDOM_ONE_TO_ONE_MATCHING,382,tool_argument_distance,0.1142829646948651,0.07723891473893642,0.15405660763980022,0.0008326394671107411,0.10533857224795554,0.11999581985171007,True,True,36,RANDOM_ONE_TO_ONE_MATCHING
RANDOM_ONE_TO_ONE_MATCHING,382,tool_name_distance,0.08930459282776712,0.054806177894098924,0.1256426582842959,0.0008326394671107411,0.0831032356985007,0.09544182360621539,True,True,36,RANDOM_ONE_TO_ONE_MATCHING
RANDOM_ONE_TO_ONE_MATCHING,382,stage_distance,0.08778618338877331,0.05081819078893558,0.12547125257014835,0.0008326394671107411,0.08114061856042531,0.09291205497633416,True,True,36,RANDOM_ONE_TO_ONE_MATCHING
RANDOM_ONE_TO_ONE_MATCHING,383,tool_argument_distance,0.11024234773605315,0.07127175654367017,0.1476549407207644,0.0008326394671107411,0.10343118633899762,0.11772560277431039,True,True,36,RANDOM_ONE_TO_ONE_MATCHING
RANDOM_ONE_TO_ONE_MATCHING,383,tool_name_distance,0.08308953406811025,0.04610553465585564,0.12080711825755937,0.0008326394671107411,0.07546299746953297,0.08975560222964474,True,True,36,RANDOM_ONE_TO_ONE_MATCHING
RANDOM_ONE_TO_ONE_MATCHING,383,stage_distance,0.09153317497859366,0.054354103550450686,0.13300685685453423,0.0008326394671107411,0.08401308672837453,0.0991471160251489,True,True,36,RANDOM_ONE_TO_ONE_MATCHING
RANDOM_ONE_TO_ONE_MATCHING,384,tool_argument_distance,0.10983171106866738,0.0693074773874946,0.14833714082238683,0.0008326394671107411,0.10320722989381353,0.11541030248260041,True,True,36,RANDOM_ONE_TO_ONE_MATCHING
RANDOM_ONE_TO_ONE_MATCHING,384,tool_name_distance,0.08717213817069518,0.050994198854868285,0.12754433179089783,0.0008326394671107411,0.07788315823881686,0.09226252648961371,True,True,36,RANDOM_ONE_TO_ONE_MATCHING
RANDOM_ONE_TO_ONE_MATCHING,384,stage_distance,0.09505281135113568,0.056845236869491333,0.1360257012381243,0.0008326394671107411,0.0851806241017577,0.10031024765280983,True,True,36,RANDOM_ONE_TO_ONE_MATCHING
RANDOM_ONE_TO_ONE_MATCHING,385,tool_argument_distance,0.11324725630051342,0.07331592792423836,0.15509872851700043,0.0008326394671107411,0.10429241600433761,0.1198624840315485,True,True,36,RANDOM_ONE_TO_ONE_MATCHING
RANDOM_ONE_TO_ONE_MATCHING,385,tool_name_distance,0.07858017617888594,0.04316577919346836,0.11530996573153614,0.0008326394671107411,0.07147716905012766,0.08455079648089794,True,True,36,RANDOM_ONE_TO_ONE_MATCHING
RANDOM_ONE_TO_ONE_MATCHING,385,stage_distance,0.08692028764556213,0.04795894576774383,0.1281654684334796,0.0008326394671107411,0.07739284008169384,0.09293176676347764,True,True,36,RANDOM_ONE_TO_ONE_MATCHING
RANDOM_ONE_TO_ONE_MATCHING,386,tool_argument_distance,0.10993026147218816,0.07209325450791079,0.15267632236675752,0.0008326394671107411,0.10088064989520308,0.11489763566739143,True,True,36,RANDOM_ONE_TO_ONE_MATCHING
RANDOM_ONE_TO_ONE_MATCHING,386,tool_name_distance,0.07934274599775817,0.04549608256651615,0.11601666527877087,0.0008326394671107411,0.07226152657811052,0.08436719523116684,True,True,36,RANDOM_ONE_TO_ONE_MATCHING
RANDOM_ONE_TO_ONE_MATCHING,386,stage_distance,0.09176664844038782,0.055433222096049596,0.13168631500784378,0.0008326394671107411,0.08237766832780026,0.09715299600272989,True,True,36,RANDOM_ONE_TO_ONE_MATCHING
RANDOM_ONE_TO_ONE_MATCHING,387,tool_argument_distance,0.11365634515363171,0.07001119376981846,0.15553408908143085,0.0008326394671107411,0.10429722389443288,0.12158940509221634,True,True,36,RANDOM_ONE_TO_ONE_MATCHING
RANDOM_ONE_TO_ONE_MATCHING,387,tool_name_distance,0.08257683595628856,0.04773408123954271,0.12052387067110394,0.0008326394671107411,0.0752308762497418,0.08982582796262069,True,True,36,RANDOM_ONE_TO_ONE_MATCHING
RANDOM_ONE_TO_ONE_MATCHING,387,stage_distance,0.08962919413626498,0.05042614504397678,0.12990676692355996,0.0008326394671107411,0.08303628675784534,0.0970648073709598,True,True,36,RANDOM_ONE_TO_ONE_MATCHING
RANDOM_ONE_TO_ONE_MATCHING,388,tool_argument_distance,0.1212296901391779,0.0846761187494037,0.15821955713334274,0.0008326394671107411,0.11367425175258201,0.12651990515343803,True,True,36,RANDOM_ONE_TO_ONE_MATCHING
RANDOM_ONE_TO_ONE_MATCHING,388,tool_name_distance,0.0862027181215332,0.05290775730278455,0.11951006436405003,0.0008326394671107411,0.07838315447107856,0.0908279284632402,True,True,36,RANDOM_ONE_TO_ONE_MATCHING
RANDOM_ONE_TO_ONE_MATCHING,388,stage_distance,0.09289249297546008,0.05965912223763489,0.12872809514720038,0.0008326394671107411,0.08604299792833553,0.09681393638484981,True,True,36,RANDOM_ONE_TO_ONE_MATCHING
RANDOM_ONE_TO_ONE_MATCHING,389,tool_argument_distance,0.10576041897298981,0.06444583786784959,0.14903867375074997,0.0008326394671107411,0.0993689933019233,0.11251661006942804,True,True,36,RANDOM_ONE_TO_ONE_MATCHING
RANDOM_ONE_TO_ONE_MATCHING,389,tool_name_distance,0.0821606835561928,0.04106404664511347,0.12390882536462522,0.0008326394671107411,0.07426951313346551,0.08755185364801892,True,True,36,RANDOM_ONE_TO_ONE_MATCHING
RANDOM_ONE_TO_ONE_MATCHING,389,stage_distance,0.08734665337013044,0.04569097679721681,0.13225217782537904,0.0008326394671107411,0.08042123593109808,0.09330401974133286,True,True,36,RANDOM_ONE_TO_ONE_MATCHING
RANDOM_ONE_TO_ONE_MATCHING,390,tool_argument_distance,0.11718710650455819,0.07551963947409274,0.1615090892792011,0.0008326394671107411,0.10739245240468842,0.12573975483770514,True,True,36,RANDOM_ONE_TO_ONE_MATCHING
RANDOM_ONE_TO_ONE_MATCHING,390,tool_name_distance,0.07740088302405304,0.03769795984291775,0.12050385296135184,0.0008326394671107411,0.06937371830040745,0.08462896992708765,True,True,36,RANDOM_ONE_TO_ONE_MATCHING
RANDOM_ONE_TO_ONE_MATCHING,390,stage_distance,0.08367475392635915,0.04241383148433987,0.12656184928450243,0.0008326394671107411,0.0740545768276565,0.09044034803331565,True,True,36,RANDOM_ONE_TO_ONE_MATCHING
RANDOM_ONE_TO_ONE_MATCHING,391,tool_argument_distance,0.10912611448748563,0.0678392346421078,0.14676068727024932,0.0008326394671107411,0.1000535272823662,0.11625382204414554,True,True,36,RANDOM_ONE_TO_ONE_MATCHING
RANDOM_ONE_TO_ONE_MATCHING,391,tool_name_distance,0.0810496017203144,0.04183989773643874,0.12213126824639323,0.0008326394671107411,0.07345621371751818,0.08728195271034402,True,True,36,RANDOM_ONE_TO_ONE_MATCHING
RANDOM_ONE_TO_ONE_MATCHING,391,stage_distance,0.08796041095359479,0.044989807742893226,0.13437626607457398,0.0008326394671107411,0.07751030024614647,0.09480823934926763,True,True,36,RANDOM_ONE_TO_ONE_MATCHING
RANDOM_ONE_TO_ONE_MATCHING,392,tool_argument_distance,0.1311571126307493,0.08830456964391728,0.17971492356857824,0.0008326394671107411,0.12271398251543741,0.13692227580944497,True,True,36,RANDOM_ONE_TO_ONE_MATCHING
RANDOM_ONE_TO_ONE_MATCHING,392,tool_name_distance,0.10183148274791505,0.06000340143085102,0.14534118740959032,0.0008326394671107411,0.09406162983281735,0.10871314884182633,True,True,36,RANDOM_ONE_TO_ONE_MATCHING
RANDOM_ONE_TO_ONE_MATCHING,392,stage_distance,0.108012744356223,0.064675315715904,0.15503645069073846,0.0008326394671107411,0.09813555746027836,0.11352531076816139,True,True,36,RANDOM_ONE_TO_ONE_MATCHING
RANDOM_ONE_TO_ONE_MATCHING,393,tool_argument_distance,0.12828896651174979,0.0864202406471353,0.16835905218133942,0.0008326394671107411,0.11881150841208549,0.13292600661229798,True,True,36,RANDOM_ONE_TO_ONE_MATCHING
RANDOM_ONE_TO_ONE_MATCHING,393,tool_name_distance,0.10325554805383509,0.07072219098762297,0.14348562500846504,0.0008326394671107411,0.09581498300750682,0.1079619947259471,True,True,36,RANDOM_ONE_TO_ONE_MATCHING
RANDOM_ONE_TO_ONE_MATCHING,393,stage_distance,0.10812910522897119,0.06967800774265098,0.1476598514046195,0.0008326394671107411,0.09920762388177175,0.1139224875894926,True,True,36,RANDOM_ONE_TO_ONE_MATCHING
RANDOM_ONE_TO_ONE_MATCHING,394,tool_argument_distance,0.11861620130845761,0.07519452452917386,0.1653472779614297,0.0008326394671107411,0.1098147594410802,0.1259109796230147,True,True,36,RANDOM_ONE_TO_ONE_MATCHING
RANDOM_ONE_TO_ONE_MATCHING,394,tool_name_distance,0.08672237701715119,0.046221740121447655,0.12508827998235103,0.0008326394671107411,0.0783224226684761,0.0929180910212873,True,True,36,RANDOM_ONE_TO_ONE_MATCHING
RANDOM_ONE_TO_ONE_MATCHING,394,stage_distance,0.09664056338975315,0.057625392540673,0.13769289034331295,0.0008326394671107411,0.08643845703762365,0.10239682142455946,True,True,36,RANDOM_ONE_TO_ONE_MATCHING
RANDOM_ONE_TO_ONE_MATCHING,395,tool_argument_distance,0.10363590780597816,0.05756822425319732,0.14755525164914846,0.0016652789342214821,0.09440645755281563,0.1118013790334514,True,True,36,RANDOM_ONE_TO_ONE_MATCHING
RANDOM_ONE_TO_ONE_MATCHING,395,tool_name_distance,0.08481928336900997,0.041094531859220976,0.12910230479363421,0.002497918401332223,0.07636495491610229,0.09225932456761479,True,True,36,RANDOM_ONE_TO_ONE_MATCHING
RANDOM_ONE_TO_ONE_MATCHING,395,stage_distance,0.09559103172670985,0.04949792523010806,0.1461622711489298,0.0008326394671107411,0.08535893875563627,0.10261600444127338,True,True,36,RANDOM_ONE_TO_ONE_MATCHING
RANDOM_ONE_TO_ONE_MATCHING,396,tool_argument_distance,0.11212639746799345,0.07475015911360325,0.1543216614591065,0.0008326394671107411,0.10272356341777644,0.11940596224107163,True,True,36,RANDOM_ONE_TO_ONE_MATCHING
RANDOM_ONE_TO_ONE_MATCHING,396,tool_name_distance,0.0749622813406328,0.037335674716492656,0.11253825875678881,0.0016652789342214821,0.0659196864517051,0.08186012274536267,True,True,36,RANDOM_ONE_TO_ONE_MATCHING
RANDOM_ONE_TO_ONE_MATCHING,396,stage_distance,0.08905858768996586,0.0517592715238124,0.12976399728346977,0.0008326394671107411,0.0796103750026497,0.09597800561873972,True,True,36,RANDOM_ONE_TO_ONE_MATCHING
RANDOM_ONE_TO_ONE_MATCHING,397,tool_argument_distance,0.10849174904490333,0.06520326232312337,0.15170731608549218,0.0008326394671107411,0.09940103711285296,0.11533075712828726,True,True,36,RANDOM_ONE_TO_ONE_MATCHING
RANDOM_ONE_TO_ONE_MATCHING,397,tool_name_distance,0.08054217294026125,0.04286307981126545,0.1203500835518236,0.0008326394671107411,0.07236246672907184,0.08639480951855749,True,True,36,RANDOM_ONE_TO_ONE_MATCHING
RANDOM_ONE_TO_ONE_MATCHING,397,stage_distance,0.09016690088010741,0.04475360286021455,0.13726589637950923,0.0016652789342214821,0.07977983274198802,0.09638451906096006,True,True,36,RANDOM_ONE_TO_ONE_MATCHING
RANDOM_ONE_TO_ONE_MATCHING,398,tool_argument_distance,0.11672483016656116,0.07443900576173873,0.15985491617771164,0.0008326394671107411,0.10905937179943793,0.12198144232150848,True,True,36,RANDOM_ONE_TO_ONE_MATCHING
RANDOM_ONE_TO_ONE_MATCHING,398,tool_name_distance,0.09023109656193808,0.05121687145790497,0.13069942904328902,0.0008326394671107411,0.08231017922190192,0.09476003457074003,True,True,36,RANDOM_ONE_TO_ONE_MATCHING
RANDOM_ONE_TO_ONE_MATCHING,398,stage_distance,0.09032600889557973,0.05026850996949262,0.1313675884502293,0.0008326394671107411,0.08285595835608837,0.09552798014726098,True,True,36,RANDOM_ONE_TO_ONE_MATCHING
RANDOM_ONE_TO_ONE_MATCHING,399,tool_argument_distance,0.11673898742704848,0.07643483391099554,0.16136399270200769,0.0008326394671107411,0.10788391087734508,0.1234126549675738,True,True,36,RANDOM_ONE_TO_ONE_MATCHING
RANDOM_ONE_TO_ONE_MATCHING,399,tool_name_distance,0.09838132410503383,0.0599680227254553,0.14013790576358393,0.0008326394671107411,0.08779033524900813,0.10403660609093723,True,True,36,RANDOM_ONE_TO_ONE_MATCHING
RANDOM_ONE_TO_ONE_MATCHING,399,stage_distance,0.10231932858586121,0.06500987957818818,0.1458479397681025,0.0008326394671107411,0.0917060556087749,0.10842745062106628,True,True,36,RANDOM_ONE_TO_ONE_MATCHING
RANDOM_ONE_TO_ONE_MATCHING,400,tool_argument_distance,0.14038604301371105,0.09992185849162533,0.17970275805841388,0.0008326394671107411,0.13175238416941412,0.14661283905844047,True,True,36,RANDOM_ONE_TO_ONE_MATCHING
RANDOM_ONE_TO_ONE_MATCHING,400,tool_name_distance,0.11115542410124858,0.07955279754352503,0.14811289540266276,0.0008326394671107411,0.10334533170389403,0.11553975896974986,True,True,36,RANDOM_ONE_TO_ONE_MATCHING
RANDOM_ONE_TO_ONE_MATCHING,400,stage_distance,0.114182141603215,0.0785428943576916,0.15287972815681428,0.0008326394671107411,0.10543360415242249,0.11904509319248298,True,True,36,RANDOM_ONE_TO_ONE_MATCHING
RANDOM_ONE_TO_ONE_MATCHING,401,tool_argument_distance,0.0928082701947896,0.0517173684242243,0.13492716344910305,0.0008326394671107411,0.0856882622858251,0.09868025336353047,True,True,36,RANDOM_ONE_TO_ONE_MATCHING
RANDOM_ONE_TO_ONE_MATCHING,401,tool_name_distance,0.06843851451823804,0.029131438246252746,0.10895097990809126,0.004163197335553705,0.0592029011706168,0.0743660958055871,True,True,36,RANDOM_ONE_TO_ONE_MATCHING
RANDOM_ONE_TO_ONE_MATCHING,401,stage_distance,0.07327763426905323,0.03519619304031493,0.11793885812088824,0.004163197335553705,0.06404548295094246,0.07847460515149322,True,True,36,RANDOM_ONE_TO_ONE_MATCHING
RANDOM_ONE_TO_ONE_MATCHING,402,tool_argument_distance,0.1181395305843239,0.07724337212884344,0.16201693096217257,0.0008326394671107411,0.10849844742737767,0.12413079279970826,True,True,36,RANDOM_ONE_TO_ONE_MATCHING
RANDOM_ONE_TO_ONE_MATCHING,402,tool_name_distance,0.08577011638728047,0.04826091468509445,0.1261886468244505,0.0008326394671107411,0.07882439484490648,0.09218162092374381,True,True,36,RANDOM_ONE_TO_ONE_MATCHING
RANDOM_ONE_TO_ONE_MATCHING,402,stage_distance,0.08885437023150548,0.052452794026098745,0.12842500552384079,0.0008326394671107411,0.08223932502723555,0.09415750984502232,True,True,36,RANDOM_ONE_TO_ONE_MATCHING
RANDOM_ONE_TO_ONE_MATCHING,403,tool_argument_distance,0.10924848891681779,0.07038418391477504,0.1524548248049901,0.0008326394671107411,0.09922701717158404,0.11559019262047376,True,True,36,RANDOM_ONE_TO_ONE_MATCHING
RANDOM_ONE_TO_ONE_MATCHING,403,tool_name_distance,0.07801500573946142,0.03962279201795066,0.1176294563643124,0.0016652789342214821,0.07089585088386244,0.0833375620827165,True,True,36,RANDOM_ONE_TO_ONE_MATCHING
RANDOM_ONE_TO_ONE_MATCHING,403,stage_distance,0.08422192375349973,0.04402960136184735,0.12669118425995818,0.0008326394671107411,0.07461738007842965,0.08973158862120963,True,True,36,RANDOM_ONE_TO_ONE_MATCHING
RANDOM_ONE_TO_ONE_MATCHING,404,tool_argument_distance,0.11021114978035977,0.0754662976401299,0.1474574511402108,0.0008326394671107411,0.10306840918245373,0.11590902342867024,True,True,36,RANDOM_ONE_TO_ONE_MATCHING
RANDOM_ONE_TO_ONE_MATCHING,404,tool_name_distance,0.08166065301183524,0.04711058735224109,0.11816009591410238,0.0008326394671107411,0.07371131607253208,0.0867467162258594,True,True,36,RANDOM_ONE_TO_ONE_MATCHING
RANDOM_ONE_TO_ONE_MATCHING,404,stage_distance,0.08984631718622875,0.05096146262418601,0.12454639322793895,0.0008326394671107411,0.08325961332352236,0.09531574687251304,True,True,36,RANDOM_ONE_TO_ONE_MATCHING
RANDOM_ONE_TO_ONE_MATCHING,405,tool_argument_distance,0.13360481907218905,0.09430857972161624,0.17467277109835427,0.0008326394671107411,0.12523162342663255,0.13868548490906546,True,True,36,RANDOM_ONE_TO_ONE_MATCHING
RANDOM_ONE_TO_ONE_MATCHING,405,tool_name_distance,0.10776696264462611,0.07100123794408451,0.14257688111989458,0.0008326394671107411,0.10019522506939323,0.11336890139306954,True,True,36,RANDOM_ONE_TO_ONE_MATCHING
RANDOM_ONE_TO_ONE_MATCHING,405,stage_distance,0.11404746536524707,0.07478934564612409,0.15375875011660303,0.0008326394671107411,0.10434269906956023,0.1197754559951743,True,True,36,RANDOM_ONE_TO_ONE_MATCHING
RANDOM_ONE_TO_ONE_MATCHING,406,tool_argument_distance,0.10461538100767359,0.06546336157579284,0.14520054596595577,0.0008326394671107411,0.09499794648716171,0.10962220899713852,True,True,36,RANDOM_ONE_TO_ONE_MATCHING
RANDOM_ONE_TO_ONE_MATCHING,406,tool_name_distance,0.07852517918887637,0.04336398165533095,0.11426480427853969,0.0008326394671107411,0.0712402255371712,0.08441745193058321,True,True,36,RANDOM_ONE_TO_ONE_MATCHING
RANDOM_ONE_TO_ONE_MATCHING,406,stage_distance,0.08871157275370513,0.04895071706088917,0.12710344344643285,0.0008326394671107411,0.08154421014468916,0.09401063243928483,True,True,36,RANDOM_ONE_TO_ONE_MATCHING
RANDOM_ONE_TO_ONE_MATCHING,407,tool_argument_distance,0.10228803918320807,0.05883448178149797,0.14362786663829522,0.0008326394671107411,0.09447808705597505,0.11041499987860216,True,True,36,RANDOM_ONE_TO_ONE_MATCHING
RANDOM_ONE_TO_ONE_MATCHING,407,tool_name_distance,0.07402048349623573,0.03552320883919946,0.11488716335858433,0.0016652789342214821,0.06585285599934401,0.08115198755561842,True,True,36,RANDOM_ONE_TO_ONE_MATCHING
RANDOM_ONE_TO_ONE_MATCHING,407,stage_distance,0.07837959653746904,0.040347806565965705,0.11837056743373091,0.0008326394671107411,0.07146527208479808,0.0849128139609114,True,True,36,RANDOM_ONE_TO_ONE_MATCHING
RANDOM_ONE_TO_ONE_MATCHING,408,tool_argument_distance,0.10538376790638122,0.06657791444938564,0.1431049724748359,0.0008326394671107411,0.09620425651323022,0.11239667679136478,True,True,36,RANDOM_ONE_TO_ONE_MATCHING
RANDOM_ONE_TO_ONE_MATCHING,408,tool_name_distance,0.08339176781697209,0.047641830110394884,0.1203145756456235,0.0008326394671107411,0.07608712939591093,0.0897465849128564,True,True,36,RANDOM_ONE_TO_ONE_MATCHING
RANDOM_ONE_TO_ONE_MATCHING,408,stage_distance,0.08963714808621238,0.052779113546041596,0.12740866613055937,0.0008326394671107411,0.08018732510636266,0.09528950863711763,True,True,36,RANDOM_ONE_TO_ONE_MATCHING
RANDOM_ONE_TO_ONE_MATCHING,409,tool_argument_distance,0.10305920306045677,0.06795059105379499,0.13854239071828706,0.0008326394671107411,0.09637349678907205,0.10922407002535957,True,True,36,RANDOM_ONE_TO_ONE_MATCHING
RANDOM_ONE_TO_ONE_MATCHING,409,tool_name_distance,0.08204681271244488,0.05089232006473167,0.1162174334961991,0.0008326394671107411,0.07563809043702638,0.08748456354064234,True,True,36,RANDOM_ONE_TO_ONE_MATCHING
RANDOM_ONE_TO_ONE_MATCHING,409,stage_distance,0.08844690628730578,0.05376819589535767,0.1223883748746257,0.0008326394671107411,0.08182021925605873,0.09407728494169586,True,True,36,RANDOM_ONE_TO_ONE_MATCHING
RANDOM_ONE_TO_ONE_MATCHING,410,tool_argument_distance,0.1132135036507692,0.07481154464991409,0.14992390003083184,0.0008326394671107411,0.1054290313645045,0.11947445931553471,True,True,36,RANDOM_ONE_TO_ONE_MATCHING
RANDOM_ONE_TO_ONE_MATCHING,410,tool_name_distance,0.09511391366467319,0.05591589934172875,0.13569106713329632,0.0008326394671107411,0.0869537175059273,0.10007264524278221,True,True,36,RANDOM_ONE_TO_ONE_MATCHING
RANDOM_ONE_TO_ONE_MATCHING,410,stage_distance,0.10444772015568726,0.07142805377098739,0.14167998305156884,0.0008326394671107411,0.09705852367243269,0.1092139513135746,True,True,36,RANDOM_ONE_TO_ONE_MATCHING
RANDOM_ONE_TO_ONE_MATCHING,411,tool_argument_distance,0.11649034394351282,0.0788124090612668,0.16006867159062207,0.0008326394671107411,0.10667578234189892,0.12299288023518726,True,True,36,RANDOM_ONE_TO_ONE_MATCHING
RANDOM_ONE_TO_ONE_MATCHING,411,tool_name_distance,0.08147021971486841,0.04694967646464534,0.12042463750154364,0.0008326394671107411,0.07448946779824933,0.08735520101720384,True,True,36,RANDOM_ONE_TO_ONE_MATCHING
RANDOM_ONE_TO_ONE_MATCHING,411,stage_distance,0.08644249680128331,0.04696439290350709,0.1281541138655904,0.0008326394671107411,0.07690139807043564,0.09288756887649441,True,True,36,RANDOM_ONE_TO_ONE_MATCHING
RANDOM_ONE_TO_ONE_MATCHING,412,tool_argument_distance,0.10287194565568375,0.06368147625508314,0.1476185927239125,0.0008326394671107411,0.09479200028384517,0.10842699115882126,True,True,36,RANDOM_ONE_TO_ONE_MATCHING
RANDOM_ONE_TO_ONE_MATCHING,412,tool_name_distance,0.07734289213887029,0.03918723185781758,0.11900245193609223,0.0008326394671107411,0.06836831470132079,0.08351361883966475,True,True,36,RANDOM_ONE_TO_ONE_MATCHING
RANDOM_ONE_TO_ONE_MATCHING,412,stage_distance,0.07787191680140411,0.03852433186242699,0.1206894253705662,0.002497918401332223,0.06810408494584332,0.08279216338087865,True,True,36,RANDOM_ONE_TO_ONE_MATCHING
RANDOM_ONE_TO_ONE_MATCHING,413,tool_argument_distance,0.11286757024885025,0.07462939772048907,0.15153728764787583,0.0008326394671107411,0.10572136229925029,0.1199733429568332,True,True,36,RANDOM_ONE_TO_ONE_MATCHING
RANDOM_ONE_TO_ONE_MATCHING,413,tool_name_distance,0.08858075566475954,0.052314685394739276,0.12694412321009618,0.0008326394671107411,0.07992726004223545,0.09420519057730885,True,True,36,RANDOM_ONE_TO_ONE_MATCHING
RANDOM_ONE_TO_ONE_MATCHING,413,stage_distance,0.09295767308449984,0.055238416399831854,0.1328813727380952,0.0008326394671107411,0.08362086283702751,0.09871693079023831,True,True,36,RANDOM_ONE_TO_ONE_MATCHING
RANDOM_ONE_TO_ONE_MATCHING,414,tool_argument_distance,0.12183660312426631,0.08203266524633666,0.16469104272992124,0.0008326394671107411,0.11312717273734062,0.1278817361492805,True,True,36,RANDOM_ONE_TO_ONE_MATCHING
RANDOM_ONE_TO_ONE_MATCHING,414,tool_name_distance,0.0935991918643729,0.0585010751730935,0.12764231248481436,0.0008326394671107411,0.08548590553009175,0.09928976729438464,True,True,36,RANDOM_ONE_TO_ONE_MATCHING
RANDOM_ONE_TO_ONE_MATCHING,414,stage_distance,0.10111676364004536,0.060607491963838606,0.14010977331914526,0.0008326394671107411,0.09104254872363848,0.1060366437682162,True,True,36,RANDOM_ONE_TO_ONE_MATCHING
RANDOM_ONE_TO_ONE_MATCHING,415,tool_argument_distance,0.10546945167168578,0.06413550330268998,0.14379889337370044,0.0008326394671107411,0.09819123398496049,0.11203417923350797,True,True,36,RANDOM_ONE_TO_ONE_MATCHING
RANDOM_ONE_TO_ONE_MATCHING,415,tool_name_distance,0.083866885416913,0.04463118674439143,0.12467668662153117,0.0016652789342214821,0.0758723585809584,0.0895350398150682,True,True,36,RANDOM_ONE_TO_ONE_MATCHING
RANDOM_ONE_TO_ONE_MATCHING,415,stage_distance,0.08831418187966308,0.049439791809584605,0.12736863974754398,0.0008326394671107411,0.08158647613954252,0.0940253504927026,True,True,36,RANDOM_ONE_TO_ONE_MATCHING
RANDOM_ONE_TO_ONE_MATCHING,416,tool_argument_distance,0.11110612343558884,0.07068326361527003,0.15151832536524543,0.0008326394671107411,0.10209010791470093,0.11683211423289769,True,True,36,RANDOM_ONE_TO_ONE_MATCHING
RANDOM_ONE_TO_ONE_MATCHING,416,tool_name_distance,0.09063456726503225,0.054065456804362394,0.1254926472934197,0.0008326394671107411,0.08373527866947122,0.09582388212950325,True,True,36,RANDOM_ONE_TO_ONE_MATCHING
RANDOM_ONE_TO_ONE_MATCHING,416,stage_distance,0.09156129952771608,0.05420272866543359,0.13176714781133486,0.0008326394671107411,0.08216645230333788,0.0971980221547957,True,True,36,RANDOM_ONE_TO_ONE_MATCHING
RANDOM_ONE_TO_ONE_MATCHING,417,tool_argument_distance,0.10138984305958625,0.0598935986291202,0.14297799814540907,0.0008326394671107411,0.09353619066792651,0.10761823015556823,True,True,36,RANDOM_ONE_TO_ONE_MATCHING
RANDOM_ONE_TO_ONE_MATCHING,417,tool_name_distance,0.07102813011144037,0.035977164483904214,0.10874973355235752,0.002497918401332223,0.06275696928551698,0.07706914821562308,True,True,36,RANDOM_ONE_TO_ONE_MATCHING
RANDOM_ONE_TO_ONE_MATCHING,417,stage_distance,0.08148433264927861,0.046323865945608805,0.11864774759885376,0.0008326394671107411,0.07310037645574945,0.08744292431146257,True,True,36,RANDOM_ONE_TO_ONE_MATCHING
RANDOM_ONE_TO_ONE_MATCHING,418,tool_argument_distance,0.11744552662330422,0.07693138115235401,0.1616488491588658,0.0008326394671107411,0.10978196927911192,0.12346109686384177,True,True,36,RANDOM_ONE_TO_ONE_MATCHING
RANDOM_ONE_TO_ONE_MATCHING,418,tool_name_distance,0.08845124809306312,0.04940117516140344,0.1310664729055694,0.0008326394671107411,0.07757654277955253,0.0935248681029479,True,True,36,RANDOM_ONE_TO_ONE_MATCHING
RANDOM_ONE_TO_ONE_MATCHING,418,stage_distance,0.09413337582536668,0.05249603576559598,0.1394621910203846,0.0008326394671107411,0.08423859943607577,0.09987974183095544,True,True,36,RANDOM_ONE_TO_ONE_MATCHING
RANDOM_ONE_TO_ONE_MATCHING,419,tool_argument_distance,0.11188438419621975,0.07557180193041116,0.15410749100559282,0.0008326394671107411,0.10411051811697755,0.11858244549450715,True,True,36,RANDOM_ONE_TO_ONE_MATCHING
RANDOM_ONE_TO_ONE_MATCHING,419,tool_name_distance,0.08465902153469207,0.04792371211215754,0.12216936854044144,0.0008326394671107411,0.07695408242620069,0.0912593238493693,True,True,36,RANDOM_ONE_TO_ONE_MATCHING
RANDOM_ONE_TO_ONE_MATCHING,419,stage_distance,0.09495239903755913,0.05793068574460005,0.1359968510412916,0.0008326394671107411,0.0873681076557009,0.10183192313268165,True,True,36,RANDOM_ONE_TO_ONE_MATCHING
RANDOM_ONE_TO_ONE_MATCHING,420,tool_argument_distance,0.10576141747414163,0.06433754966591408,0.14424656105224215,0.0008326394671107411,0.09902064219658704,0.11126673930416874,True,True,36,RANDOM_ONE_TO_ONE_MATCHING
RANDOM_ONE_TO_ONE_MATCHING,420,tool_name_distance,0.08581238432761773,0.04752565825773262,0.12474989604518057,0.0008326394671107411,0.0778734431748261,0.09072748462451971,True,True,36,RANDOM_ONE_TO_ONE_MATCHING
RANDOM_ONE_TO_ONE_MATCHING,420,stage_distance,0.09572921985123813,0.05800418692032987,0.13548460006352173,0.0008326394671107411,0.08826099138649589,0.10092765830595783,True,True,36,RANDOM_ONE_TO_ONE_MATCHING
RANDOM_ONE_TO_ONE_MATCHING,421,tool_argument_distance,0.11388121699725828,0.0720893365005658,0.1619604720585458,0.0008326394671107411,0.10494448986384662,0.12101595104091002,True,True,36,RANDOM_ONE_TO_ONE_MATCHING
RANDOM_ONE_TO_ONE_MATCHING,421,tool_name_distance,0.09016680939453306,0.0461628220298171,0.13678287762929908,0.0008326394671107411,0.08155862959285964,0.09584999600215324,True,True,36,RANDOM_ONE_TO_ONE_MATCHING
RANDOM_ONE_TO_ONE_MATCHING,421,stage_distance,0.0953413685637125,0.05090180493879155,0.1431002950308799,0.0008326394671107411,0.08605452331179136,0.10151272535458725,True,True,36,RANDOM_ONE_TO_ONE_MATCHING
RANDOM_ONE_TO_ONE_MATCHING,422,tool_argument_distance,0.1071702129583557,0.05921395482193559,0.1541459563673074,0.0008326394671107411,0.09708936190002303,0.11423416313053852,True,True,36,RANDOM_ONE_TO_ONE_MATCHING
RANDOM_ONE_TO_ONE_MATCHING,422,tool_name_distance,0.08691974530054869,0.04524246813705308,0.1317192087951244,0.0008326394671107411,0.07832701734727225,0.09321729849469625,True,True,36,RANDOM_ONE_TO_ONE_MATCHING
RANDOM_ONE_TO_ONE_MATCHING,422,stage_distance,0.09648021792648913,0.05479076322030405,0.13992087749277918,0.0008326394671107411,0.08722591122779016,0.10232809475854514,True,True,36,RANDOM_ONE_TO_ONE_MATCHING
RANDOM_ONE_TO_ONE_MATCHING,423,tool_argument_distance,0.10196479059422443,0.05920006795814599,0.14703872639393945,0.0008326394671107411,0.09278749793491559,0.10744181046541859,True,True,36,RANDOM_ONE_TO_ONE_MATCHING
RANDOM_ONE_TO_ONE_MATCHING,423,tool_name_distance,0.07586247379989933,0.03511790904517932,0.12071441795603573,0.0016652789342214821,0.06704401139393479,0.08097673317987784,True,True,36,RANDOM_ONE_TO_ONE_MATCHING
RANDOM_ONE_TO_ONE_MATCHING,423,stage_distance,0.07977354810942516,0.04125157002006446,0.12447190826567164,0.002497918401332223,0.07224258825949037,0.08541757818293969,True,True,36,RANDOM_ONE_TO_ONE_MATCHING
RANDOM_ONE_TO_ONE_MATCHING,424,tool_argument_distance,0.1064994915906146,0.06252016391448545,0.1499311149008866,0.0008326394671107411,0.09639947706463214,0.11474677949764886,True,True,36,RANDOM_ONE_TO_ONE_MATCHING
RANDOM_ONE_TO_ONE_MATCHING,424,tool_name_distance,0.0862065078647871,0.04667244885996289,0.12858008055245734,0.0008326394671107411,0.07764861949713527,0.09368618404898554,True,True,36,RANDOM_ONE_TO_ONE_MATCHING
RANDOM_ONE_TO_ONE_MATCHING,424,stage_distance,0.09169754393336828,0.0451303710551612,0.13868465033654748,0.0008326394671107411,0.08230658940629444,0.09959629328059216,True,True,36,RANDOM_ONE_TO_ONE_MATCHING
RANDOM_ONE_TO_ONE_MATCHING,425,tool_argument_distance,0.1114130550382076,0.07323814702383317,0.1560889558256218,0.0008326394671107411,0.10145342803929923,0.11656029825177168,True,True,36,RANDOM_ONE_TO_ONE_MATCHING
RANDOM_ONE_TO_ONE_MATCHING,425,tool_name_distance,0.08299610527823004,0.04619449919208911,0.12393162178126911,0.0008326394671107411,0.07427323580627843,0.08789487818506365,True,True,36,RANDOM_ONE_TO_ONE_MATCHING
RANDOM_ONE_TO_ONE_MATCHING,425,stage_distance,0.09245504390540007,0.05005008430614774,0.13654042127990448,0.0008326394671107411,0.08308573223467002,0.09759323348078248,True,True,36,RANDOM_ONE_TO_ONE_MATCHING
RANDOM_ONE_TO_ONE_MATCHING,426,tool_argument_distance,0.0966558136555792,0.055567089523969965,0.14127319193496904,0.0008326394671107411,0.08627455118859576,0.1046659146855615,True,True,36,RANDOM_ONE_TO_ONE_MATCHING
RANDOM_ONE_TO_ONE_MATCHING,426,tool_name_distance,0.07178693842797573,0.034555084283309695,0.11097726116625237,0.0008326394671107411,0.06389460069681048,0.07856891748905447,True,True,36,RANDOM_ONE_TO_ONE_MATCHING
RANDOM_ONE_TO_ONE_MATCHING,426,stage_distance,0.07835821227492121,0.03966815888673533,0.11970771919408964,0.0008326394671107411,0.06858613398617747,0.08603456801920534,True,True,36,RANDOM_ONE_TO_ONE_MATCHING
RANDOM_ONE_TO_ONE_MATCHING,427,tool_argument_distance,0.09919521302985335,0.05634161125471406,0.14226293272469684,0.0008326394671107411,0.08983888578308726,0.10634879739860112,True,True,36,RANDOM_ONE_TO_ONE_MATCHING
RANDOM_ONE_TO_ONE_MATCHING,427,tool_name_distance,0.06855546063191618,0.02762830055977147,0.10947748645296614,0.004163197335553705,0.06116603305895877,0.07503754154839443,True,True,36,RANDOM_ONE_TO_ONE_MATCHING
RANDOM_ONE_TO_ONE_MATCHING,427,stage_distance,0.0768889557725316,0.034839929310749904,0.11881015910262102,0.0008326394671107411,0.06612251777419577,0.08359426183053367,True,True,36,RANDOM_ONE_TO_ONE_MATCHING
RANDOM_ONE_TO_ONE_MATCHING,428,tool_argument_distance,0.11182741471983443,0.06790337951724283,0.15317635894239598,0.0008326394671107411,0.10283200752135352,0.11908661888156712,True,True,36,RANDOM_ONE_TO_ONE_MATCHING
RANDOM_ONE_TO_ONE_MATCHING,428,tool_name_distance,0.08965253207148924,0.05044873378315413,0.12894768039347954,0.0008326394671107411,0.08227752505130956,0.0959395053990042,True,True,36,RANDOM_ONE_TO_ONE_MATCHING
RANDOM_ONE_TO_ONE_MATCHING,428,stage_distance,0.09783826237135734,0.05551256474779403,0.1419607391244402,0.0008326394671107411,0.08862275694251179,0.10456935947370817,True,True,36,RANDOM_ONE_TO_ONE_MATCHING
RANDOM_ONE_TO_ONE_MATCHING,429,tool_argument_distance,0.10795114255784172,0.06711263694037352,0.15115234707061379,0.0008326394671107411,0.09789260377378003,0.11494120490809545,True,True,36,RANDOM_ONE_TO_ONE_MATCHING
RANDOM_ONE_TO_ONE_MATCHING,429,tool_name_distance,0.07737552355737129,0.03859069744890649,0.11723699686748557,0.002497918401332223,0.07023809778228403,0.08351526401988138,True,True,36,RANDOM_ONE_TO_ONE_MATCHING
RANDOM_ONE_TO_ONE_MATCHING,429,stage_distance,0.08391487020244931,0.04096914060600871,0.12584357750879058,0.0008326394671107411,0.0743015535687778,0.08930753700333266,True,True,36,RANDOM_ONE_TO_ONE_MATCHING
RANDOM_ONE_TO_ONE_MATCHING,430,tool_argument_distance,0.11466084351633869,0.07763918289347382,0.15134230776799334,0.0008326394671107411,0.10860353428347216,0.12184261160826378,True,True,36,RANDOM_ONE_TO_ONE_MATCHING
RANDOM_ONE_TO_ONE_MATCHING,430,tool_name_distance,0.08343089329576905,0.048575183101754654,0.11967831061810934,0.0008326394671107411,0.07493689655505448,0.08953256490786568,True,True,36,RANDOM_ONE_TO_ONE_MATCHING
RANDOM_ONE_TO_ONE_MATCHING,430,stage_distance,0.09225500081693921,0.057208506589507734,0.127105367006658,0.0008326394671107411,0.0843591531800041,0.09846099403030435,True,True,36,RANDOM_ONE_TO_ONE_MATCHING
RANDOM_ONE_TO_ONE_MATCHING,431,tool_argument_distance,0.10310683314946936,0.06517845526324276,0.14030746417730652,0.0008326394671107411,0.09588015969544265,0.110374724566198,True,True,36,RANDOM_ONE_TO_ONE_MATCHING
RANDOM_ONE_TO_ONE_MATCHING,431,tool_name_distance,0.08144614150178148,0.04435855509864026,0.11926181759492062,0.0008326394671107411,0.07327422544574085,0.08785768538242207,True,True,36,RANDOM_ONE_TO_ONE_MATCHING
RANDOM_ONE_TO_ONE_MATCHING,431,stage_distance,0.08519390189139857,0.047608887172791874,0.12454408436853621,0.0008326394671107411,0.07830482227939028,0.09241915064217805,True,True,36,RANDOM_ONE_TO_ONE_MATCHING
RANDOM_ONE_TO_ONE_MATCHING,432,tool_argument_distance,0.11392816108818919,0.07151829050556817,0.15366393203411075,0.0008326394671107411,0.10722230864405183,0.11979909846082684,True,True,36,RANDOM_ONE_TO_ONE_MATCHING
RANDOM_ONE_TO_ONE_MATCHING,432,tool_name_distance,0.08650992117711537,0.052293468801510035,0.12305900501504284,0.0008326394671107411,0.08022871628640174,0.09294256299328825,True,True,36,RANDOM_ONE_TO_ONE_MATCHING
RANDOM_ONE_TO_ONE_MATCHING,432,stage_distance,0.0950758910933342,0.060776641277964706,0.1270164623211526,0.0008326394671107411,0.08863860362797367,0.10048767979543533,True,True,36,RANDOM_ONE_TO_ONE_MATCHING
RANDOM_ONE_TO_ONE_MATCHING,433,tool_argument_distance,0.1062609180575149,0.062367700643360426,0.15002910663676752,0.0008326394671107411,0.09903320802399335,0.11199355808994564,True,True,36,RANDOM_ONE_TO_ONE_MATCHING
RANDOM_ONE_TO_ONE_MATCHING,433,tool_name_distance,0.08523756939584863,0.043678829152768335,0.12662076748342474,0.002497918401332223,0.07737239254947977,0.09185383760005161,True,True,36,RANDOM_ONE_TO_ONE_MATCHING
RANDOM_ONE_TO_ONE_MATCHING,433,stage_distance,0.08712886347620744,0.04506489573321932,0.1330898117549896,0.0016652789342214821,0.0789061795920191,0.09298010717911194,True,True,36,RANDOM_ONE_TO_ONE_MATCHING
RANDOM_ONE_TO_ONE_MATCHING,434,tool_argument_distance,0.09992090238750866,0.05919566583239823,0.14274644198408404,0.0008326394671107411,0.09058530912238986,0.10627714991983289,True,True,36,RANDOM_ONE_TO_ONE_MATCHING
RANDOM_ONE_TO_ONE_MATCHING,434,tool_name_distance,0.07444964366909458,0.039077934760427674,0.11234796983866002,0.0008326394671107411,0.06627624037338989,0.07996459867967537,True,True,36,RANDOM_ONE_TO_ONE_MATCHING
RANDOM_ONE_TO_ONE_MATCHING,434,stage_distance,0.08332502450542696,0.04215661666982134,0.12956617317415364,0.0008326394671107411,0.07274247418517386,0.08907868710598062,True,True,36,RANDOM_ONE_TO_ONE_MATCHING
RANDOM_ONE_TO_ONE_MATCHING,435,tool_argument_distance,0.11086517336287492,0.07162874017187774,0.15352308804312959,0.0008326394671107411,0.10184227355419516,0.11767025272307069,True,True,36,RANDOM_ONE_TO_ONE_MATCHING
RANDOM_ONE_TO_ONE_MATCHING,435,tool_name_distance,0.08742416972467686,0.04977494214937715,0.1269117520337747,0.0008326394671107411,0.08057384812579832,0.09286876327393476,True,True,36,RANDOM_ONE_TO_ONE_MATCHING
RANDOM_ONE_TO_ONE_MATCHING,435,stage_distance,0.09125362791640239,0.052640747683457764,0.13173640620038632,0.0008326394671107411,0.0818499900745581,0.09722566027011624,True,True,36,RANDOM_ONE_TO_ONE_MATCHING
RANDOM_ONE_TO_ONE_MATCHING,436,tool_argument_distance,0.11758547114246924,0.07274904468959854,0.16239835975482775,0.0008326394671107411,0.11161172269892074,0.12416537433828666,True,True,36,RANDOM_ONE_TO_ONE_MATCHING
RANDOM_ONE_TO_ONE_MATCHING,436,tool_name_distance,0.08852152617918282,0.044951212029182466,0.13526780571253766,0.0016652789342214821,0.08081209411711242,0.0948768695533164,True,True,36,RANDOM_ONE_TO_ONE_MATCHING
RANDOM_ONE_TO_ONE_MATCHING,436,stage_distance,0.0938242447645175,0.051090082047731834,0.13746272957177713,0.0016652789342214821,0.08613152041294382,0.09993385036331297,True,True,36,RANDOM_ONE_TO_ONE_MATCHING
RANDOM_ONE_TO_ONE_MATCHING,437,tool_argument_distance,0.10919308247026029,0.07017669817050427,0.14629301890385815,0.0008326394671107411,0.10012240863607726,0.11421743969197788,True,True,36,RANDOM_ONE_TO_ONE_MATCHING
RANDOM_ONE_TO_ONE_MATCHING,437,tool_name_distance,0.07911281809009682,0.04454399968269419,0.11622725346575322,0.0008326394671107411,0.07128909856572811,0.08397294012099824,True,True,36,RANDOM_ONE_TO_ONE_MATCHING
RANDOM_ONE_TO_ONE_MATCHING,437,stage_distance,0.09263981017526267,0.05522257575498093,0.13254681144273794,0.0008326394671107411,0.08327577754081439,0.09760070340859739,True,True,36,RANDOM_ONE_TO_ONE_MATCHING
RANDOM_ONE_TO_ONE_MATCHING,438,tool_argument_distance,0.1142844194691415,0.07687236774907333,0.1510051834356488,0.0008326394671107411,0.10514165588879855,0.1212889324217894,True,True,36,RANDOM_ONE_TO_ONE_MATCHING
RANDOM_ONE_TO_ONE_MATCHING,438,tool_name_distance,0.08426218227205287,0.049478627124307756,0.12290704045311013,0.0008326394671107411,0.07636913722214698,0.09022110483125745,True,True,36,RANDOM_ONE_TO_ONE_MATCHING
RANDOM_ONE_TO_ONE_MATCHING,438,stage_distance,0.08884891620062929,0.05197246421698129,0.1245700745565021,0.0008326394671107411,0.08223371516690577,0.09421605557781762,True,True,36,RANDOM_ONE_TO_ONE_MATCHING
RANDOM_ONE_TO_ONE_MATCHING,439,tool_argument_distance,0.10827359879632618,0.06606677689780123,0.15035544386350763,0.0008326394671107411,0.10087073769411442,0.11528474521372417,True,True,36,RANDOM_ONE_TO_ONE_MATCHING
RANDOM_ONE_TO_ONE_MATCHING,439,tool_name_distance,0.08021714468669937,0.042427755814636994,0.12051976764903062,0.0008326394671107411,0.07152310144892912,0.08573593527969012,True,True,36,RANDOM_ONE_TO_ONE_MATCHING
RANDOM_ONE_TO_ONE_MATCHING,439,stage_distance,0.08401862077814447,0.04725731318479063,0.12282996737637701,0.0008326394671107411,0.07660894871874452,0.09006405068701176,True,True,36,RANDOM_ONE_TO_ONE_MATCHING
RANDOM_ONE_TO_ONE_MATCHING,440,tool_argument_distance,0.1025349490768571,0.05925698697056918,0.14644422040909671,0.0008326394671107411,0.0956824122683748,0.11038335507491988,True,True,36,RANDOM_ONE_TO_ONE_MATCHING
RANDOM_ONE_TO_ONE_MATCHING,440,tool_name_distance,0.08480711757695193,0.04123706785466237,0.12599082774803963,0.0008326394671107411,0.07683945451699843,0.09210762190309298,True,True,36,RANDOM_ONE_TO_ONE_MATCHING
RANDOM_ONE_TO_ONE_MATCHING,440,stage_distance,0.08954087526366322,0.05030442907203242,0.1323049193840204,0.0016652789342214821,0.08288421999908761,0.09731695544498832,True,True,36,RANDOM_ONE_TO_ONE_MATCHING
RANDOM_ONE_TO_ONE_MATCHING,441,tool_argument_distance,0.1298567601458732,0.08972636330486135,0.16943384335200948,0.0008326394671107411,0.12137647710242194,0.13510839492005405,True,True,36,RANDOM_ONE_TO_ONE_MATCHING
RANDOM_ONE_TO_ONE_MATCHING,441,tool_name_distance,0.10773885904208264,0.07092898888746563,0.15307913743480758,0.0008326394671107411,0.09717713308902022,0.1125370419632148,True,True,36,RANDOM_ONE_TO_ONE_MATCHING
RANDOM_ONE_TO_ONE_MATCHING,441,stage_distance,0.10733812882534319,0.06874260359113547,0.14981441864694042,0.0008326394671107411,0.0975825358550992,0.11175506633323191,True,True,36,RANDOM_ONE_TO_ONE_MATCHING
RANDOM_ONE_TO_ONE_MATCHING,442,tool_argument_distance,0.12049233328458249,0.07966598369037634,0.16307276786005376,0.0008326394671107411,0.11243396814885305,0.12697442716074064,True,True,36,RANDOM_ONE_TO_ONE_MATCHING
RANDOM_ONE_TO_ONE_MATCHING,442,tool_name_distance,0.08478466147471837,0.04855746947778113,0.12412438392012101,0.0008326394671107411,0.07690654440203151,0.08980683617375183,True,True,36,RANDOM_ONE_TO_ONE_MATCHING
RANDOM_ONE_TO_ONE_MATCHING,442,stage_distance,0.09181213421536276,0.054343379254498246,0.13007756309462545,0.0008326394671107411,0.08528159655348877,0.0968986559376289,True,True,36,RANDOM_ONE_TO_ONE_MATCHING
RANDOM_ONE_TO_ONE_MATCHING,443,tool_argument_distance,0.11651767433325085,0.07506044219950679,0.15897046224004688,0.0008326394671107411,0.10765627455229612,0.12306706904880489,True,True,36,RANDOM_ONE_TO_ONE_MATCHING
RANDOM_ONE_TO_ONE_MATCHING,443,tool_name_distance,0.09430944438540172,0.057882203543017166,0.13257368418257834,0.0008326394671107411,0.08650505126889309,0.10083015685114154,True,True,36,RANDOM_ONE_TO_ONE_MATCHING
RANDOM_ONE_TO_ONE_MATCHING,443,stage_distance,0.10227440556353454,0.06467613162426561,0.1436654293635903,0.0008326394671107411,0.09223326613065592,0.10829985562581686,True,True,36,RANDOM_ONE_TO_ONE_MATCHING
RANDOM_ONE_TO_ONE_MATCHING,444,tool_argument_distance,0.12758775875376097,0.0932195400722412,0.16335273196850597,0.0008326394671107411,0.12074307999953943,0.1316276155697893,True,True,36,RANDOM_ONE_TO_ONE_MATCHING
RANDOM_ONE_TO_ONE_MATCHING,444,tool_name_distance,0.10010706409670521,0.06792660452118175,0.13535915696965042,0.0008326394671107411,0.09289871543091771,0.10439028924364609,True,True,36,RANDOM_ONE_TO_ONE_MATCHING
RANDOM_ONE_TO_ONE_MATCHING,444,stage_distance,0.1061873423803456,0.07528061305045981,0.14085009968650208,0.0008326394671107411,0.09997029836881599,0.10965664059801535,True,True,36,RANDOM_ONE_TO_ONE_MATCHING
RANDOM_ONE_TO_ONE_MATCHING,445,tool_argument_distance,0.10840230303364752,0.07577619907917617,0.14493300473055118,0.0008326394671107411,0.101538568930809,0.11556364686148916,True,True,36,RANDOM_ONE_TO_ONE_MATCHING
RANDOM_ONE_TO_ONE_MATCHING,445,tool_name_distance,0.078642300952913,0.04486511560433848,0.1213396591384188,0.0008326394671107411,0.06986829238777907,0.08411831601287272,True,True,36,RANDOM_ONE_TO_ONE_MATCHING
RANDOM_ONE_TO_ONE_MATCHING,445,stage_distance,0.08097854834038971,0.04148187139431828,0.11557854166050333,0.0008326394671107411,0.07308887211819469,0.08722793932757,True,True,36,RANDOM_ONE_TO_ONE_MATCHING
RANDOM_ONE_TO_ONE_MATCHING,446,tool_argument_distance,0.09872915511798436,0.05679145920016847,0.14084174028304952,0.0008326394671107411,0.09191973319110042,0.1054676031445726,True,True,36,RANDOM_ONE_TO_ONE_MATCHING
RANDOM_ONE_TO_ONE_MATCHING,446,tool_name_distance,0.07803295068442849,0.03898624123898172,0.11555547878924927,0.0008326394671107411,0.07026194027488887,0.08422339334366748,True,True,36,RANDOM_ONE_TO_ONE_MATCHING
RANDOM_ONE_TO_ONE_MATCHING,446,stage_distance,0.08127970278142951,0.042003388184845315,0.12469802818029807,0.0016652789342214821,0.07441903913510094,0.08724687789039065,True,True,36,RANDOM_ONE_TO_ONE_MATCHING
RANDOM_ONE_TO_ONE_MATCHING,447,tool_argument_distance,0.11246174293241265,0.07435329901830741,0.14709387296049334,0.0008326394671107411,0.10634160225429112,0.11972138419555767,True,True,36,RANDOM_ONE_TO_ONE_MATCHING
RANDOM_ONE_TO_ONE_MATCHING,447,tool_name_distance,0.08388666741532885,0.04524612724810895,0.12277226465424204,0.0008326394671107411,0.0760448108171483,0.09071289793803652,True,True,36,RANDOM_ONE_TO_ONE_MATCHING
RANDOM_ONE_TO_ONE_MATCHING,447,stage_distance,0.08553490918972685,0.04790479742464687,0.12409761550474885,0.0008326394671107411,0.07843912242693488,0.09245995768152364,True,True,36,RANDOM_ONE_TO_ONE_MATCHING
RANDOM_ONE_TO_ONE_MATCHING,448,tool_argument_distance,0.10582517774321588,0.06197080986710477,0.15290013123063845,0.0008326394671107411,0.09570589710730777,0.11405319954032449,True,True,36,RANDOM_ONE_TO_ONE_MATCHING
RANDOM_ONE_TO_ONE_MATCHING,448,tool_name_distance,0.07457459476368794,0.03288053429343535,0.1172491557011079,0.0033305578684429643,0.065684366021719,0.08172193057356926,True,True,36,RANDOM_ONE_TO_ONE_MATCHING
RANDOM_ONE_TO_ONE_MATCHING,448,stage_distance,0.0871081827100248,0.04383409189421867,0.13512745885753005,0.0016652789342214821,0.07758610357656973,0.09389078830982589,True,True,36,RANDOM_ONE_TO_ONE_MATCHING
RANDOM_ONE_TO_ONE_MATCHING,449,tool_argument_distance,0.11462954813419415,0.075492409219946,0.15611506534618158,0.0008326394671107411,0.1057142018904092,0.1196497129369331,True,True,36,RANDOM_ONE_TO_ONE_MATCHING
RANDOM_ONE_TO_ONE_MATCHING,449,tool_name_distance,0.08475957643286348,0.04591034452924245,0.12735516532898727,0.0008326394671107411,0.07560007886403126,0.08978103441641538,True,True,36,RANDOM_ONE_TO_ONE_MATCHING
RANDOM_ONE_TO_ONE_MATCHING,449,stage_distance,0.0909251498101465,0.0486723967727923,0.1339820650801514,0.0008326394671107411,0.08151212687955205,0.09657985221530038,True,True,36,RANDOM_ONE_TO_ONE_MATCHING
RANDOM_ONE_TO_ONE_MATCHING,450,tool_argument_distance,0.09435280859199624,0.05399902766725882,0.14026903425984413,0.0008326394671107411,0.08581005437036164,0.10073566438644785,True,True,36,RANDOM_ONE_TO_ONE_MATCHING
RANDOM_ONE_TO_ONE_MATCHING,450,tool_name_distance,0.07504670862161807,0.03925255573482785,0.11349045847271375,0.0016652789342214821,0.06701629712191828,0.08032303061044446,True,True,36,RANDOM_ONE_TO_ONE_MATCHING
RANDOM_ONE_TO_ONE_MATCHING,450,stage_distance,0.07685413811916576,0.03726795312842382,0.11601100970768903,0.0008326394671107411,0.06876108174796733,0.08288872695264335,True,True,36,RANDOM_ONE_TO_ONE_MATCHING
RANDOM_ONE_TO_ONE_MATCHING,451,tool_argument_distance,0.10214942582972542,0.06269086707786191,0.14262115767722933,0.0008326394671107411,0.09287750466295568,0.10726470239104977,True,True,36,RANDOM_ONE_TO_ONE_MATCHING
RANDOM_ONE_TO_ONE_MATCHING,451,tool_name_distance,0.07775251686470701,0.04257680648385085,0.1103310152547645,0.0008326394671107411,0.06907824327935314,0.08259767305592577,True,True,36,RANDOM_ONE_TO_ONE_MATCHING
RANDOM_ONE_TO_ONE_MATCHING,451,stage_distance,0.08729899466234105,0.047405515560496776,0.12936441892450706,0.0008326394671107411,0.07778236729895213,0.09169407463923092,True,True,36,RANDOM_ONE_TO_ONE_MATCHING
RANDOM_ONE_TO_ONE_MATCHING,452,tool_argument_distance,0.10594351911435224,0.059300582483046385,0.151246733718141,0.0008326394671107411,0.09582761966047659,0.11297242089099212,True,True,36,RANDOM_ONE_TO_ONE_MATCHING
RANDOM_ONE_TO_ONE_MATCHING,452,tool_name_distance,0.08037075476951426,0.0367550743036325,0.1267983199042962,0.002497918401332223,0.07147606257192947,0.08663925720689977,True,True,36,RANDOM_ONE_TO_ONE_MATCHING
RANDOM_ONE_TO_ONE_MATCHING,452,stage_distance,0.08515222255295524,0.03668829318437623,0.13516419851682315,0.002497918401332223,0.0755742588435839,0.09067644237433886,True,True,36,RANDOM_ONE_TO_ONE_MATCHING
RANDOM_ONE_TO_ONE_MATCHING,453,tool_argument_distance,0.11236747569053697,0.0742893601690109,0.153061368794447,0.0008326394671107411,0.10422814334614922,0.11734414884919873,True,True,36,RANDOM_ONE_TO_ONE_MATCHING
RANDOM_ONE_TO_ONE_MATCHING,453,tool_name_distance,0.0864059411652621,0.04742228588116166,0.12684026069770313,0.0008326394671107411,0.07880613184429053,0.09230339923879943,True,True,36,RANDOM_ONE_TO_ONE_MATCHING
RANDOM_ONE_TO_ONE_MATCHING,453,stage_distance,0.09889889973069182,0.062303200163906565,0.13596793004609017,0.0008326394671107411,0.0915212335482197,0.10372897420711895,True,True,36,RANDOM_ONE_TO_ONE_MATCHING
RANDOM_ONE_TO_ONE_MATCHING,454,tool_argument_distance,0.10704324412672346,0.06318171906816053,0.15055138094909992,0.0008326394671107411,0.09695876538748698,0.11400736652180242,True,True,36,RANDOM_ONE_TO_ONE_MATCHING
RANDOM_ONE_TO_ONE_MATCHING,454,tool_name_distance,0.08614417268334754,0.04851474777607829,0.12427517279861132,0.0008326394671107411,0.0777276982108495,0.0923233665636607,True,True,36,RANDOM_ONE_TO_ONE_MATCHING
RANDOM_ONE_TO_ONE_MATCHING,454,stage_distance,0.08749537116910867,0.047626151693106474,0.1312470212233986,0.0008326394671107411,0.07798435456305601,0.09299033799761086,True,True,36,RANDOM_ONE_TO_ONE_MATCHING
RANDOM_ONE_TO_ONE_MATCHING,455,tool_argument_distance,0.10639077617853193,0.06964701217454847,0.14155010324104725,0.0008326394671107411,0.10009717930744236,0.11215226470342413,True,True,36,RANDOM_ONE_TO_ONE_MATCHING
RANDOM_ONE_TO_ONE_MATCHING,455,tool_name_distance,0.08475295226426521,0.046399058102488434,0.12464292881695363,0.0008326394671107411,0.07705069689090449,0.08999912519255407,True,True,36,RANDOM_ONE_TO_ONE_MATCHING
RANDOM_ONE_TO_ONE_MATCHING,455,stage_distance,0.09221216953165624,0.057186061302671655,0.13272295575901538,0.0008326394671107411,0.08454958587820079,0.0977231883002626,True,True,36,RANDOM_ONE_TO_ONE_MATCHING
RANDOM_ONE_TO_ONE_MATCHING,456,tool_argument_distance,0.1189791562229261,0.07011733347487949,0.17076638228132157,0.0008326394671107411,0.10923570354358117,0.12559887899247088,True,True,36,RANDOM_ONE_TO_ONE_MATCHING
RANDOM_ONE_TO_ONE_MATCHING,456,tool_name_distance,0.08870620929047864,0.04866164384839924,0.13222154632345434,0.0008326394671107411,0.08095817395913672,0.09466695302113705,True,True,36,RANDOM_ONE_TO_ONE_MATCHING
RANDOM_ONE_TO_ONE_MATCHING,456,stage_distance,0.09431943946882702,0.04968240787024466,0.1384264048324771,0.002497918401332223,0.08500339624276632,0.1004256864849445,True,True,36,RANDOM_ONE_TO_ONE_MATCHING
RANDOM_ONE_TO_ONE_MATCHING,457,tool_argument_distance,0.09047698238072316,0.0504708452597414,0.1295141982268155,0.0008326394671107411,0.08372870568683906,0.09696778301163067,True,True,36,RANDOM_ONE_TO_ONE_MATCHING
RANDOM_ONE_TO_ONE_MATCHING,457,tool_name_distance,0.06956848560112451,0.03505877312790451,0.10501461063576259,0.0008326394671107411,0.06165244604316035,0.07527408842194558,True,True,36,RANDOM_ONE_TO_ONE_MATCHING
RANDOM_ONE_TO_ONE_MATCHING,457,stage_distance,0.07925993565630389,0.041846556844381703,0.11618127913051512,0.0008326394671107411,0.07237076374988535,0.08451960432729737,True,True,36,RANDOM_ONE_TO_ONE_MATCHING
RANDOM_ONE_TO_ONE_MATCHING,458,tool_argument_distance,0.10761486554955581,0.06767215428055216,0.14738080866587544,0.0008326394671107411,0.10031858032283315,0.11527874168859675,True,True,36,RANDOM_ONE_TO_ONE_MATCHING
RANDOM_ONE_TO_ONE_MATCHING,458,tool_name_distance,0.09112188840151264,0.05204569925295153,0.13316924959410523,0.0008326394671107411,0.08372484764103258,0.09841744456584241,True,True,36,RANDOM_ONE_TO_ONE_MATCHING
RANDOM_ONE_TO_ONE_MATCHING,458,stage_distance,0.09574804623862204,0.05858088886811495,0.13353697484806196,0.0008326394671107411,0.0883668628143122,0.10322750368811835,True,True,36,RANDOM_ONE_TO_ONE_MATCHING
RANDOM_ONE_TO_ONE_MATCHING,459,tool_argument_distance,0.11355989209020237,0.07445896613450709,0.15693176756193916,0.0008326394671107411,0.10461398424516052,0.12080826378033639,True,True,36,RANDOM_ONE_TO_ONE_MATCHING
RANDOM_ONE_TO_ONE_MATCHING,459,tool_name_distance,0.0851556421013787,0.04625097909634507,0.12344502251128198,0.0008326394671107411,0.07561063529767867,0.0916953717356364,True,True,36,RANDOM_ONE_TO_ONE_MATCHING
RANDOM_ONE_TO_ONE_MATCHING,459,stage_distance,0.09398525249505382,0.0556730673768704,0.135416193897654,0.0008326394671107411,0.08370728011736149,0.10119528242525175,True,True,36,RANDOM_ONE_TO_ONE_MATCHING
RANDOM_ONE_TO_ONE_MATCHING,460,tool_argument_distance,0.11882575580477403,0.07672442248752542,0.16266200045806156,0.0008326394671107411,0.11003030120871993,0.12560036923593082,True,True,36,RANDOM_ONE_TO_ONE_MATCHING
RANDOM_ONE_TO_ONE_MATCHING,460,tool_name_distance,0.09041055361376842,0.04980680614801329,0.13013565988868517,0.0008326394671107411,0.0827550937641147,0.09624299422344373,True,True,36,RANDOM_ONE_TO_ONE_MATCHING
RANDOM_ONE_TO_ONE_MATCHING,460,stage_distance,0.09753090544034743,0.05443370049643469,0.14220078627102883,0.0016652789342214821,0.08830661838490157,0.10316527295784186,True,True,36,RANDOM_ONE_TO_ONE_MATCHING
RANDOM_ONE_TO_ONE_MATCHING,461,tool_argument_distance,0.12486881685869716,0.08617947322677383,0.16477854798012048,0.0008326394671107411,0.11693549411079955,0.13143836144784057,True,True,36,RANDOM_ONE_TO_ONE_MATCHING
RANDOM_ONE_TO_ONE_MATCHING,461,tool_name_distance,0.09736232025415212,0.058892047727637904,0.13509816687873508,0.0008326394671107411,0.08836448838180117,0.10324887288411283,True,True,36,RANDOM_ONE_TO_ONE_MATCHING
RANDOM_ONE_TO_ONE_MATCHING,461,stage_distance,0.10266507130257693,0.06504396556150346,0.14459259552408768,0.0008326394671107411,0.0930103771946687,0.10875485645231324,True,True,36,RANDOM_ONE_TO_ONE_MATCHING
RANDOM_ONE_TO_ONE_MATCHING,462,tool_argument_distance,0.12005556293037148,0.07697613362168396,0.16208671201038602,0.0008326394671107411,0.11034286472838212,0.12595828422951588,True,True,36,RANDOM_ONE_TO_ONE_MATCHING
RANDOM_ONE_TO_ONE_MATCHING,462,tool_name_distance,0.09152263881282603,0.05582303168236285,0.1296261285913059,0.0008326394671107411,0.08413704806409779,0.09677020116475789,True,True,36,RANDOM_ONE_TO_ONE_MATCHING
RANDOM_ONE_TO_ONE_MATCHING,462,stage_distance,0.10348767879478162,0.0661813727235797,0.14474327567776904,0.0008326394671107411,0.09443358526374818,0.10906569775786863,True,True,36,RANDOM_ONE_TO_ONE_MATCHING
RANDOM_ONE_TO_ONE_MATCHING,463,tool_argument_distance,0.10798756879000893,0.07066161088823947,0.1521266829227254,0.0008326394671107411,0.0988824517078187,0.11422576236541507,True,True,36,RANDOM_ONE_TO_ONE_MATCHING
RANDOM_ONE_TO_ONE_MATCHING,463,tool_name_distance,0.08404444381635617,0.05171037804109355,0.11842061647330226,0.0008326394671107411,0.07751242153495996,0.08929380698329827,True,True,36,RANDOM_ONE_TO_ONE_MATCHING
RANDOM_ONE_TO_ONE_MATCHING,463,stage_distance,0.08817414378095417,0.051336156504741715,0.12668216860500736,0.0008326394671107411,0.0786825206780971,0.09431713943788171,True,True,36,RANDOM_ONE_TO_ONE_MATCHING
RANDOM_ONE_TO_ONE_MATCHING,464,tool_argument_distance,0.11059493783537526,0.0733608691666818,0.1488862317896652,0.0008326394671107411,0.10156431701162406,0.11766053719355854,True,True,36,RANDOM_ONE_TO_ONE_MATCHING
RANDOM_ONE_TO_ONE_MATCHING,464,tool_name_distance,0.08784015669046491,0.050719865892699605,0.12600469916962034,0.0008326394671107411,0.0800673769991226,0.0940678072566957,True,True,36,RANDOM_ONE_TO_ONE_MATCHING
RANDOM_ONE_TO_ONE_MATCHING,464,stage_distance,0.09124216356625874,0.053068738572942635,0.1338912163398298,0.0008326394671107411,0.08088581721917225,0.09684418160610807,True,True,36,RANDOM_ONE_TO_ONE_MATCHING
RANDOM_ONE_TO_ONE_MATCHING,465,tool_argument_distance,0.12355146326397429,0.0817580914350229,0.16480500645381435,0.0008326394671107411,0.11393864792865926,0.130301823377549,True,True,36,RANDOM_ONE_TO_ONE_MATCHING
RANDOM_ONE_TO_ONE_MATCHING,465,tool_name_distance,0.10157616423515296,0.06267330301470651,0.13990669508283643,0.0008326394671107411,0.0941958419022303,0.10812703654961056,True,True,36,RANDOM_ONE_TO_ONE_MATCHING
RANDOM_ONE_TO_ONE_MATCHING,465,stage_distance,0.10510572251773795,0.0684493996053884,0.1440677169384635,0.0008326394671107411,0.09609785880736041,0.11121206735014037,True,True,36,RANDOM_ONE_TO_ONE_MATCHING
RANDOM_ONE_TO_ONE_MATCHING,466,tool_argument_distance,0.0971521419766344,0.05662422250386933,0.13873157866897973,0.0008326394671107411,0.09059458412834777,0.10517642381578969,True,True,36,RANDOM_ONE_TO_ONE_MATCHING
RANDOM_ONE_TO_ONE_MATCHING,466,tool_name_distance,0.07194412753967494,0.032938414739591054,0.11390327924793926,0.002497918401332223,0.06241847428818019,0.0790163071431559,True,True,36,RANDOM_ONE_TO_ONE_MATCHING
RANDOM_ONE_TO_ONE_MATCHING,466,stage_distance,0.0790573385378571,0.04053847331025643,0.1174910485775194,0.0008326394671107411,0.07091067746206799,0.08675366931822509,True,True,36,RANDOM_ONE_TO_ONE_MATCHING
RANDOM_ONE_TO_ONE_MATCHING,467,tool_argument_distance,0.11811006326308239,0.08237634210102243,0.15353213704097246,0.0008326394671107411,0.10929416030869425,0.12325081035238833,True,True,36,RANDOM_ONE_TO_ONE_MATCHING
RANDOM_ONE_TO_ONE_MATCHING,467,tool_name_distance,0.08686849498555158,0.05421023010059927,0.12164253462325746,0.0008326394671107411,0.07856290302616124,0.09277916888252573,True,True,36,RANDOM_ONE_TO_ONE_MATCHING
RANDOM_ONE_TO_ONE_MATCHING,467,stage_distance,0.0983408073274842,0.06289503481467325,0.138833067111847,0.0008326394671107411,0.08913966032595652,0.10315493630667683,True,True,36,RANDOM_ONE_TO_ONE_MATCHING
RANDOM_ONE_TO_ONE_MATCHING,468,tool_argument_distance,0.10827640693144423,0.06710277695851291,0.14870244672466781,0.0008326394671107411,0.10042110080913919,0.11459033686408954,True,True,36,RANDOM_ONE_TO_ONE_MATCHING
RANDOM_ONE_TO_ONE_MATCHING,468,tool_name_distance,0.07678503436933924,0.036576859559967215,0.11917360878525882,0.0008326394671107411,0.06847994382380027,0.08207244867344797,True,True,36,RANDOM_ONE_TO_ONE_MATCHING
RANDOM_ONE_TO_ONE_MATCHING,468,stage_distance,0.08139452480824527,0.045880880727799236,0.1205004790034611,0.0008326394671107411,0.07439689156528975,0.0868234068489479,True,True,36,RANDOM_ONE_TO_ONE_MATCHING
RANDOM_ONE_TO_ONE_MATCHING,469,tool_argument_distance,0.10776369396635806,0.06524627076105248,0.15135560833450767,0.0008326394671107411,0.09769979950825403,0.11406297495714375,True,True,36,RANDOM_ONE_TO_ONE_MATCHING
RANDOM_ONE_TO_ONE_MATCHING,469,tool_name_distance,0.07703664237182219,0.04063563317043838,0.11727598345465128,0.0016652789342214821,0.0692942961819097,0.08314082059756092,True,True,36,RANDOM_ONE_TO_ONE_MATCHING
RANDOM_ONE_TO_ONE_MATCHING,469,stage_distance,0.08364064678440886,0.04169724692614121,0.12521775838938368,0.0008326394671107411,0.0740194951959362,0.08967527743631228,True,True,36,RANDOM_ONE_TO_ONE_MATCHING
RANDOM_ONE_TO_ONE_MATCHING,470,tool_argument_distance,0.12705669908097444,0.0908223857614386,0.1663402823974905,0.0008326394671107411,0.12135355714995466,0.13282710212349966,True,True,36,RANDOM_ONE_TO_ONE_MATCHING
RANDOM_ONE_TO_ONE_MATCHING,470,tool_name_distance,0.1115372276596517,0.07455197935031876,0.14839206538186508,0.0008326394671107411,0.1027459804433309,0.11719437596315496,True,True,36,RANDOM_ONE_TO_ONE_MATCHING
RANDOM_ONE_TO_ONE_MATCHING,470,stage_distance,0.11352700438815777,0.07799864411578004,0.15058481929991938,0.0008326394671107411,0.10596836551126615,0.11867145607149955,True,True,36,RANDOM_ONE_TO_ONE_MATCHING
RANDOM_ONE_TO_ONE_MATCHING,471,tool_argument_distance,0.12060518069275156,0.07410552596413202,0.1694959186484747,0.0008326394671107411,0.11186056680778252,0.12727136130429131,True,True,36,RANDOM_ONE_TO_ONE_MATCHING
RANDOM_ONE_TO_ONE_MATCHING,471,tool_name_distance,0.09660490290459305,0.05550240668422817,0.1391201099557307,0.0008326394671107411,0.08906450701561687,0.10245859916685188,True,True,36,RANDOM_ONE_TO_ONE_MATCHING
RANDOM_ONE_TO_ONE_MATCHING,471,stage_distance,0.09801633348425501,0.048835584643889984,0.1465332796542506,0.0008326394671107411,0.08880591580149223,0.1039201243442722,True,True,36,RANDOM_ONE_TO_ONE_MATCHING
RANDOM_ONE_TO_ONE_MATCHING,472,tool_argument_distance,0.10558295699352443,0.060852007370858316,0.15363990514397272,0.0008326394671107411,0.09705040655841879,0.11260155699528351,True,True,36,RANDOM_ONE_TO_ONE_MATCHING
RANDOM_ONE_TO_ONE_MATCHING,472,tool_name_distance,0.08247599235935328,0.03869798027896586,0.12798188461716845,0.0008326394671107411,0.07405784610930306,0.08864658118375242,True,True,36,RANDOM_ONE_TO_ONE_MATCHING
RANDOM_ONE_TO_ONE_MATCHING,472,stage_distance,0.08794319227256236,0.043148727121578724,0.13846466029816815,0.0016652789342214821,0.08008243784978995,0.0940795893149644,True,True,36,RANDOM_ONE_TO_ONE_MATCHING
RANDOM_ONE_TO_ONE_MATCHING,473,tool_argument_distance,0.1170030203219078,0.06758129833783136,0.16541699710178048,0.0008326394671107411,0.10815548756920042,0.1242517077511349,True,True,36,RANDOM_ONE_TO_ONE_MATCHING
RANDOM_ONE_TO_ONE_MATCHING,473,tool_name_distance,0.07842056957517328,0.03926643466472865,0.12029889120593792,0.002497918401332223,0.06976538321011845,0.08437908908096718,True,True,36,RANDOM_ONE_TO_ONE_MATCHING
RANDOM_ONE_TO_ONE_MATCHING,473,stage_distance,0.08194627598725394,0.03984119744203273,0.1283429883433391,0.0016652789342214821,0.07227671380457684,0.08812635447410547,True,True,36,RANDOM_ONE_TO_ONE_MATCHING
RANDOM_ONE_TO_ONE_MATCHING,474,tool_argument_distance,0.09529522869202503,0.054210563223682076,0.1411776674199377,0.0008326394671107411,0.08487509236894003,0.10322239480195675,True,True,36,RANDOM_ONE_TO_ONE_MATCHING
RANDOM_ONE_TO_ONE_MATCHING,474,tool_name_distance,0.06821284762375451,0.027065973470055363,0.10903907348126891,0.005828476269775187,0.060331330868263665,0.07517841922963775,True,True,36,RANDOM_ONE_TO_ONE_MATCHING
RANDOM_ONE_TO_ONE_MATCHING,474,stage_distance,0.07977217834583417,0.03769002869039109,0.12604613177810295,0.0016652789342214821,0.07004049908768793,0.0863451838209441,True,True,36,RANDOM_ONE_TO_ONE_MATCHING
RANDOM_ONE_TO_ONE_MATCHING,475,tool_argument_distance,0.0994120663432194,0.06325900030164151,0.13796449457637924,0.0008326394671107411,0.09053767186685788,0.10529186687819574,True,True,36,RANDOM_ONE_TO_ONE_MATCHING
RANDOM_ONE_TO_ONE_MATCHING,475,tool_name_distance,0.07166188798477456,0.03492789307885224,0.11060986964840061,0.0008326394671107411,0.06305857684783163,0.07698132817058294,True,True,36,RANDOM_ONE_TO_ONE_MATCHING
RANDOM_ONE_TO_ONE_MATCHING,475,stage_distance,0.07861841221475036,0.04069373425909156,0.11975627953575477,0.0016652789342214821,0.07009957319866385,0.08405255883736377,True,True,36,RANDOM_ONE_TO_ONE_MATCHING
RANDOM_ONE_TO_ONE_MATCHING,476,tool_argument_distance,0.1065773905211705,0.06692960469508817,0.14857604098694974,0.0008326394671107411,0.10028912548844204,0.11182291233651462,True,True,36,RANDOM_ONE_TO_ONE_MATCHING
RANDOM_ONE_TO_ONE_MATCHING,476,tool_name_distance,0.09051382997102225,0.0535656874220054,0.12818770690037662,0.0008326394671107411,0.0822041653315631,0.09563265774926383,True,True,36,RANDOM_ONE_TO_ONE_MATCHING
RANDOM_ONE_TO_ONE_MATCHING,476,stage_distance,0.09768770385619728,0.06174759971438865,0.13837080392748657,0.0008326394671107411,0.09075876461778642,0.10353562209123832,True,True,36,RANDOM_ONE_TO_ONE_MATCHING
RANDOM_ONE_TO_ONE_MATCHING,477,tool_argument_distance,0.11700696066090427,0.08098182434313639,0.15453367812326704,0.0008326394671107411,0.10933087286064344,0.1229658637356195,True,True,36,RANDOM_ONE_TO_ONE_MATCHING
RANDOM_ONE_TO_ONE_MATCHING,477,tool_name_distance,0.08784143944512315,0.05561078953406123,0.12308394129558724,0.0008326394671107411,0.07916682050203804,0.09431212464038198,True,True,36,RANDOM_ONE_TO_ONE_MATCHING
RANDOM_ONE_TO_ONE_MATCHING,477,stage_distance,0.09047493519970116,0.05475776651346836,0.12806853070956553,0.0008326394671107411,0.08106718958409172,0.09575526801912705,True,True,36,RANDOM_ONE_TO_ONE_MATCHING
RANDOM_ONE_TO_ONE_MATCHING,478,tool_argument_distance,0.11222306735899412,0.07308836438063515,0.15466463154157276,0.0008326394671107411,0.10228658356925109,0.11744725781563964,True,True,36,RANDOM_ONE_TO_ONE_MATCHING
RANDOM_ONE_TO_ONE_MATCHING,478,tool_name_distance,0.0878405886638286,0.050060688314892986,0.1284223250988641,0.0008326394671107411,0.08029022906556157,0.09297397547787942,True,True,36,RANDOM_ONE_TO_ONE_MATCHING
RANDOM_ONE_TO_ONE_MATCHING,478,stage_distance,0.09274951603411602,0.053507738100453235,0.1336177892844942,0.0008326394671107411,0.08338861785277783,0.0976345060915232,True,True,36,RANDOM_ONE_TO_ONE_MATCHING
RANDOM_ONE_TO_ONE_MATCHING,479,tool_argument_distance,0.10627185711933937,0.06383679193730456,0.15032660919470828,0.0008326394671107411,0.09711771970370148,0.11321393988563593,True,True,36,RANDOM_ONE_TO_ONE_MATCHING
RANDOM_ONE_TO_ONE_MATCHING,479,tool_name_distance,0.07786966464314088,0.03636064666017941,0.11725950699899099,0.0008326394671107411,0.06997074390917662,0.08381244400801957,True,True,36,RANDOM_ONE_TO_ONE_MATCHING
RANDOM_ONE_TO_ONE_MATCHING,479,stage_distance,0.08635951245727144,0.04214742224617903,0.1298419322921646,0.0008326394671107411,0.07681604274516629,0.09182202617972114,True,True,36,RANDOM_ONE_TO_ONE_MATCHING
RANDOM_ONE_TO_ONE_MATCHING,480,tool_argument_distance,0.11906829431558082,0.07394613410822974,0.1673325265508761,0.0008326394671107411,0.1096653874768822,0.1256905638877729,True,True,36,RANDOM_ONE_TO_ONE_MATCHING
RANDOM_ONE_TO_ONE_MATCHING,480,tool_name_distance,0.0921192482764787,0.0501506936922169,0.13494225932286036,0.0008326394671107411,0.08336843974444817,0.098577383710535,True,True,36,RANDOM_ONE_TO_ONE_MATCHING
RANDOM_ONE_TO_ONE_MATCHING,480,stage_distance,0.1027611579422484,0.05676935658085231,0.14640260295219948,0.0008326394671107411,0.09368630667257113,0.10880051521535111,True,True,36,RANDOM_ONE_TO_ONE_MATCHING
RANDOM_ONE_TO_ONE_MATCHING,481,tool_argument_distance,0.11808632945239224,0.07540883866991091,0.16309628468507442,0.0008326394671107411,0.10831736743674629,0.1242315349271043,True,True,36,RANDOM_ONE_TO_ONE_MATCHING
RANDOM_ONE_TO_ONE_MATCHING,481,tool_name_distance,0.07886556417623419,0.04328626672670066,0.11638885137170282,0.0008326394671107411,0.07013290435245065,0.0841288962016638,True,True,36,RANDOM_ONE_TO_ONE_MATCHING
RANDOM_ONE_TO_ONE_MATCHING,481,stage_distance,0.08730397389544839,0.04895148139764963,0.1287224705953545,0.0008326394671107411,0.07778748879586256,0.0931487289769907,True,True,36,RANDOM_ONE_TO_ONE_MATCHING
RANDOM_ONE_TO_ONE_MATCHING,482,tool_argument_distance,0.12287660019252071,0.07369358209344015,0.17018636228612777,0.0008326394671107411,0.11475301676367786,0.13159180548818086,True,True,36,RANDOM_ONE_TO_ONE_MATCHING
RANDOM_ONE_TO_ONE_MATCHING,482,tool_name_distance,0.09379038237951909,0.049164007733115994,0.13866213768677343,0.0008326394671107411,0.08568255863138496,0.10148674069270988,True,True,36,RANDOM_ONE_TO_ONE_MATCHING
RANDOM_ONE_TO_ONE_MATCHING,482,stage_distance,0.09743379299158379,0.05469235096769507,0.14161549407109175,0.0016652789342214821,0.09008229382745009,0.10451141602800086,True,True,36,RANDOM_ONE_TO_ONE_MATCHING
RANDOM_ONE_TO_ONE_MATCHING,483,tool_argument_distance,0.10850979021616255,0.06110215646797398,0.1553798208849813,0.0008326394671107411,0.09941959374614817,0.11596868187142675,True,True,36,RANDOM_ONE_TO_ONE_MATCHING
RANDOM_ONE_TO_ONE_MATCHING,483,tool_name_distance,0.08071380352963818,0.03551976507035883,0.12453058329593154,0.0008326394671107411,0.0718289127251998,0.08761724398103807,True,True,36,RANDOM_ONE_TO_ONE_MATCHING
RANDOM_ONE_TO_ONE_MATCHING,483,stage_distance,0.0893652741618402,0.04635785024991831,0.1351712138995958,0.002497918401332223,0.07895530240319891,0.09685622512400957,True,True,36,RANDOM_ONE_TO_ONE_MATCHING
RANDOM_ONE_TO_ONE_MATCHING,484,tool_argument_distance,0.09745795981268753,0.058651164219618246,0.13674753315123128,0.0008326394671107411,0.09061221801993796,0.10215757583345143,True,True,36,RANDOM_ONE_TO_ONE_MATCHING
RANDOM_ONE_TO_ONE_MATCHING,484,tool_name_distance,0.07680877594734077,0.042633466628628165,0.11144805450578987,0.0008326394671107411,0.0702503954786336,0.08170609878068806,True,True,36,RANDOM_ONE_TO_ONE_MATCHING
RANDOM_ONE_TO_ONE_MATCHING,484,stage_distance,0.07997790329304705,0.046597352289383505,0.11478282042545007,0.0016652789342214821,0.07310924474767833,0.08509306985666928,True,True,36,RANDOM_ONE_TO_ONE_MATCHING
RANDOM_ONE_TO_ONE_MATCHING,485,tool_argument_distance,0.0928658599960033,0.04995093072806065,0.13816256357356616,0.0008326394671107411,0.08332869409112723,0.10072361557176297,True,True,36,RANDOM_ONE_TO_ONE_MATCHING
RANDOM_ONE_TO_ONE_MATCHING,485,tool_name_distance,0.07598387571653686,0.035306534777398854,0.1175043123681555,0.002497918401332223,0.06808629309703028,0.08317147669649959,True,True,36,RANDOM_ONE_TO_ONE_MATCHING
RANDOM_ONE_TO_ONE_MATCHING,485,stage_distance,0.07851548883999249,0.03872756456191238,0.1210531496104012,0.0008326394671107411,0.06874790416739364,0.08505258890064979,True,True,36,RANDOM_ONE_TO_ONE_MATCHING
RANDOM_ONE_TO_ONE_MATCHING,486,tool_argument_distance,0.11323586334945368,0.07643121186106962,0.15255721218845514,0.0008326394671107411,0.10332831658800948,0.11957215440803778,True,True,36,RANDOM_ONE_TO_ONE_MATCHING
RANDOM_ONE_TO_ONE_MATCHING,486,tool_name_distance,0.09005083664784136,0.05680532179502377,0.12819822110231613,0.0008326394671107411,0.08172794362771992,0.09620872846172603,True,True,36,RANDOM_ONE_TO_ONE_MATCHING
RANDOM_ONE_TO_ONE_MATCHING,486,stage_distance,0.09464936244891228,0.056091915810839006,0.1337635802706108,0.0008326394671107411,0.08534274559371113,0.1009237659946195,True,True,36,RANDOM_ONE_TO_ONE_MATCHING
RANDOM_ONE_TO_ONE_MATCHING,487,tool_argument_distance,0.11263477458722182,0.07292668334423126,0.15278061369169385,0.0008326394671107411,0.10568032803141662,0.11975865499545785,True,True,36,RANDOM_ONE_TO_ONE_MATCHING
RANDOM_ONE_TO_ONE_MATCHING,487,tool_name_distance,0.08855680304640864,0.04947192930483171,0.12449895474059534,0.0008326394671107411,0.08101844692204124,0.09480492922280927,True,True,36,RANDOM_ONE_TO_ONE_MATCHING
RANDOM_ONE_TO_ONE_MATCHING,487,stage_distance,0.09861144680359751,0.05756506041949088,0.1389506626973807,0.0008326394671107411,0.09122556768035127,0.1044240157930851,True,True,36,RANDOM_ONE_TO_ONE_MATCHING
RANDOM_ONE_TO_ONE_MATCHING,488,tool_argument_distance,0.11049697090972664,0.06797389853666642,0.15305988383254135,0.0008326394671107411,0.10051117007857599,0.11739327104639123,True,True,36,RANDOM_ONE_TO_ONE_MATCHING
RANDOM_ONE_TO_ONE_MATCHING,488,tool_name_distance,0.08760868744230431,0.05027280768148621,0.12694048174543812,0.0008326394671107411,0.07972106923564659,0.09366322443494464,True,True,36,RANDOM_ONE_TO_ONE_MATCHING
RANDOM_ONE_TO_ONE_MATCHING,488,stage_distance,0.09356125352984156,0.05305596426700682,0.1344682553145509,0.0008326394671107411,0.08422354784838126,0.09959921804393941,True,True,36,RANDOM_ONE_TO_ONE_MATCHING
RANDOM_ONE_TO_ONE_MATCHING,489,tool_argument_distance,0.10295268883594028,0.06204130190056042,0.14295663420120883,0.0008326394671107411,0.0927513370883957,0.10866295810561896,True,True,36,RANDOM_ONE_TO_ONE_MATCHING
RANDOM_ONE_TO_ONE_MATCHING,489,tool_name_distance,0.07240968896531119,0.0338703959310224,0.11165390745128713,0.0008326394671107411,0.06513038220187935,0.07792740961683393,True,True,36,RANDOM_ONE_TO_ONE_MATCHING
RANDOM_ONE_TO_ONE_MATCHING,489,stage_distance,0.08206628872764235,0.042803615278925726,0.12176396359068724,0.0016652789342214821,0.07240015548040492,0.08803477424018953,True,True,36,RANDOM_ONE_TO_ONE_MATCHING
RANDOM_ONE_TO_ONE_MATCHING,490,tool_argument_distance,0.10742424871213625,0.05967398736038203,0.15610791741760321,0.0008326394671107411,0.09735065581819731,0.11371383126708703,True,True,36,RANDOM_ONE_TO_ONE_MATCHING
RANDOM_ONE_TO_ONE_MATCHING,490,tool_name_distance,0.07774005844483431,0.032101978741665434,0.11969029129106405,0.0033305578684429643,0.06938163174940122,0.08378735988370077,True,True,36,RANDOM_ONE_TO_ONE_MATCHING
RANDOM_ONE_TO_ONE_MATCHING,490,stage_distance,0.081239040307954,0.03706852182153832,0.12960417923998965,0.0016652789342214821,0.07154927139158261,0.08666347993436259,True,True,36,RANDOM_ONE_TO_ONE_MATCHING
RANDOM_ONE_TO_ONE_MATCHING,491,tool_argument_distance,0.1073723387869912,0.0591954033723092,0.1549734614727253,0.0008326394671107411,0.09824964370471477,0.11377165433232762,True,True,36,RANDOM_ONE_TO_ONE_MATCHING
RANDOM_ONE_TO_ONE_MATCHING,491,tool_name_distance,0.08091232930671965,0.03992980821077295,0.12163241236527282,0.0016652789342214821,0.07272516147367726,0.08680978112742369,True,True,36,RANDOM_ONE_TO_ONE_MATCHING
RANDOM_ONE_TO_ONE_MATCHING,491,stage_distance,0.09246719609190931,0.04944038406174897,0.13672221017309796,0.0008326394671107411,0.08309823162650809,0.09862969374256406,True,True,36,RANDOM_ONE_TO_ONE_MATCHING
RANDOM_ONE_TO_ONE_MATCHING,492,tool_argument_distance,0.1031733285488896,0.05884349711686254,0.14421192992250023,0.0008326394671107411,0.09393066174552454,0.1113255832261603,True,True,36,RANDOM_ONE_TO_ONE_MATCHING
RANDOM_ONE_TO_ONE_MATCHING,492,tool_name_distance,0.07784735061967146,0.03992236315007128,0.11729112511809507,0.0008326394671107411,0.06908559897998613,0.08508819373972376,True,True,36,RANDOM_ONE_TO_ONE_MATCHING
RANDOM_ONE_TO_ONE_MATCHING,492,stage_distance,0.08952283367131074,0.04905770092031087,0.13233262616190386,0.0008326394671107411,0.07911736361294003,0.09637442929857715,True,True,36,RANDOM_ONE_TO_ONE_MATCHING
RANDOM_ONE_TO_ONE_MATCHING,493,tool_argument_distance,0.11243761439825024,0.07124576237774811,0.1562220394717068,0.0008326394671107411,0.10282529804195206,0.11995917131672168,True,True,36,RANDOM_ONE_TO_ONE_MATCHING
RANDOM_ONE_TO_ONE_MATCHING,493,tool_name_distance,0.08567957671385149,0.05019047705641244,0.12395000651922211,0.0008326394671107411,0.0761495394705078,0.09253952621371583,True,True,36,RANDOM_ONE_TO_ONE_MATCHING
RANDOM_ONE_TO_ONE_MATCHING,493,stage_distance,0.08535621065740102,0.0463608798420991,0.127030070126443,0.0008326394671107411,0.07578407517958527,0.09225864647404453,True,True,36,RANDOM_ONE_TO_ONE_MATCHING
RANDOM_ONE_TO_ONE_MATCHING,494,tool_argument_distance,0.11705041112706008,0.07969848103622541,0.1592664637792077,0.0008326394671107411,0.108204232397357,0.12181600457061381,True,True,36,RANDOM_ONE_TO_ONE_MATCHING
RANDOM_ONE_TO_ONE_MATCHING,494,tool_name_distance,0.0973799534673328,0.0631858369420935,0.13359593685931703,0.0008326394671107411,0.0902585272769746,0.10243493437033456,True,True,36,RANDOM_ONE_TO_ONE_MATCHING
RANDOM_ONE_TO_ONE_MATCHING,494,stage_distance,0.10352412321869592,0.06540563974777917,0.14332318844179243,0.0008326394671107411,0.09447107095691717,0.10938434736305074,True,True,36,RANDOM_ONE_TO_ONE_MATCHING
RANDOM_ONE_TO_ONE_MATCHING,495,tool_argument_distance,0.12594359975881078,0.08823806047282332,0.1646871314046646,0.0008326394671107411,0.11735151213287204,0.13235468673604667,True,True,36,RANDOM_ONE_TO_ONE_MATCHING
RANDOM_ONE_TO_ONE_MATCHING,495,tool_name_distance,0.09925608089271074,0.06430890845686542,0.13759811379298362,0.0008326394671107411,0.09121423236905164,0.10445689711171639,True,True,36,RANDOM_ONE_TO_ONE_MATCHING
RANDOM_ONE_TO_ONE_MATCHING,495,stage_distance,0.10589231036016739,0.06917810305032841,0.14544473734586252,0.0008326394671107411,0.09690692058814496,0.11131206042185622,True,True,36,RANDOM_ONE_TO_ONE_MATCHING
RANDOM_ONE_TO_ONE_MATCHING,496,tool_argument_distance,0.10852425429539349,0.06531669590795083,0.15828899198314778,0.0008326394671107411,0.09941532726564187,0.11495648171239856,True,True,36,RANDOM_ONE_TO_ONE_MATCHING
RANDOM_ONE_TO_ONE_MATCHING,496,tool_name_distance,0.08241648375034459,0.038868142131071315,0.12844744760845284,0.0008326394671107411,0.07567921816547503,0.08904963052892723,True,True,36,RANDOM_ONE_TO_ONE_MATCHING
RANDOM_ONE_TO_ONE_MATCHING,496,stage_distance,0.08796309005692207,0.04450123219763904,0.1316538802462767,0.0008326394671107411,0.0813225797048069,0.09410678907361011,True,True,36,RANDOM_ONE_TO_ONE_MATCHING
RANDOM_ONE_TO_ONE_MATCHING,497,tool_argument_distance,0.11900378757787805,0.0727900561590405,0.16635992791267457,0.0008326394671107411,0.10959903768953073,0.12562421410042143,True,True,36,RANDOM_ONE_TO_ONE_MATCHING
RANDOM_ONE_TO_ONE_MATCHING,497,tool_name_distance,0.09450814609991141,0.054046510992090666,0.13722814150433282,0.0016652789342214821,0.08611419208000783,0.10035409123685987,True,True,36,RANDOM_ONE_TO_ONE_MATCHING
RANDOM_ONE_TO_ONE_MATCHING,497,stage_distance,0.10239545034294703,0.058775876731599945,0.148709460557639,0.0008326394671107411,0.09331015028471833,0.10842435882749829,True,True,36,RANDOM_ONE_TO_ONE_MATCHING
RANDOM_ONE_TO_ONE_MATCHING,498,tool_argument_distance,0.11693064758740768,0.07817911617499221,0.1577013223008989,0.0008326394671107411,0.108081047042286,0.12274408559103883,True,True,36,RANDOM_ONE_TO_ONE_MATCHING
RANDOM_ONE_TO_ONE_MATCHING,498,tool_name_distance,0.09222354495650711,0.05919616279424618,0.12734378077733516,0.0008326394671107411,0.0859252112791152,0.09732182127137737,True,True,36,RANDOM_ONE_TO_ONE_MATCHING
RANDOM_ONE_TO_ONE_MATCHING,498,stage_distance,0.09685984115138556,0.06065573257732874,0.13480381874230765,0.0008326394671107411,0.0876163808305408,0.10233124453826166,True,True,36,RANDOM_ONE_TO_ONE_MATCHING
RANDOM_ONE_TO_ONE_MATCHING,499,tool_argument_distance,0.13117428499498313,0.09365004155284809,0.17324004456901865,0.0008326394671107411,0.12177926456626838,0.13712257522386473,True,True,36,RANDOM_ONE_TO_ONE_MATCHING
RANDOM_ONE_TO_ONE_MATCHING,499,tool_name_distance,0.09823657112034054,0.05679541206919981,0.13933955572113038,0.0008326394671107411,0.090364006444455,0.10284943530131242,True,True,36,RANDOM_ONE_TO_ONE_MATCHING
RANDOM_ONE_TO_ONE_MATCHING,499,stage_distance,0.10114151204767953,0.06171550676423073,0.1429802476802772,0.0008326394671107411,0.09202038518101459,0.10581328011676668,True,True,36,RANDOM_ONE_TO_ONE_MATCHING
RANDOM_ONE_TO_ONE_MATCHING,500,tool_argument_distance,0.11808391892441376,0.07121877437445928,0.16641823044350984,0.0008326394671107411,0.10831488803653984,0.1266621904695566,True,True,36,RANDOM_ONE_TO_ONE_MATCHING
RANDOM_ONE_TO_ONE_MATCHING,500,tool_name_distance,0.09155140600644829,0.04965216111392115,0.13251381073091562,0.0008326394671107411,0.08147956234760585,0.09918379356612278,True,True,36,RANDOM_ONE_TO_ONE_MATCHING
RANDOM_ONE_TO_ONE_MATCHING,500,stage_distance,0.10091149982971376,0.05779304301247437,0.14757814878916847,0.0008326394671107411,0.09097228888816605,0.10808848591864881,True,True,36,RANDOM_ONE_TO_ONE_MATCHING
RANDOM_ONE_TO_ONE_MATCHING,501,tool_argument_distance,0.10781579232251726,0.07058285194210073,0.14620117804001656,0.0008326394671107411,0.09870576734125586,0.11411656183776464,True,True,36,RANDOM_ONE_TO_ONE_MATCHING
RANDOM_ONE_TO_ONE_MATCHING,501,tool_name_distance,0.07401633954265752,0.03922371155532775,0.10875728492418268,0.0008326394671107411,0.06719779999629849,0.07995724901289036,True,True,36,RANDOM_ONE_TO_ONE_MATCHING
RANDOM_ONE_TO_ONE_MATCHING,501,stage_distance,0.08304654429811119,0.04489169993538049,0.12236250272682643,0.0008326394671107411,0.07340841835288715,0.08852262689566713,True,True,36,RANDOM_ONE_TO_ONE_MATCHING
RANDOM_ONE_TO_ONE_MATCHING,502,tool_argument_distance,0.11625223480190423,0.07254013666674569,0.160550512182543,0.0008326394671107411,0.1088720437231323,0.12357567131247418,True,True,36,RANDOM_ONE_TO_ONE_MATCHING
RANDOM_ONE_TO_ONE_MATCHING,502,tool_name_distance,0.09157922429799656,0.04668379339341735,0.13482872657388126,0.0008326394671107411,0.0805557944951031,0.09800990546349979,True,True,36,RANDOM_ONE_TO_ONE_MATCHING
RANDOM_ONE_TO_ONE_MATCHING,502,stage_distance,0.09973728855443925,0.056612694918594324,0.14673722768853506,0.0008326394671107411,0.0897645287193123,0.10595171121209702,True,True,36,RANDOM_ONE_TO_ONE_MATCHING
RANDOM_ONE_TO_ONE_MATCHING,503,tool_argument_distance,0.12308957189080802,0.08621332293947785,0.16326611327374382,0.0008326394671107411,0.11441594061149778,0.130267621568781,True,True,36,RANDOM_ONE_TO_ONE_MATCHING
RANDOM_ONE_TO_ONE_MATCHING,503,tool_name_distance,0.10115997060942294,0.06448749146432212,0.1404229122417732,0.0008326394671107411,0.09285925600726412,0.1079153782955993,True,True,36,RANDOM_ONE_TO_ONE_MATCHING
RANDOM_ONE_TO_ONE_MATCHING,503,stage_distance,0.10600869360187311,0.06820321496686188,0.14902880534126745,0.0008326394671107411,0.09702662906532801,0.1128877615110543,True,True,36,RANDOM_ONE_TO_ONE_MATCHING
RANDOM_ONE_TO_ONE_MATCHING,504,tool_argument_distance,0.11325951786923635,0.07017656869886399,0.15813151593105224,0.0008326394671107411,0.10428588408445168,0.12169994938423126,True,True,36,RANDOM_ONE_TO_ONE_MATCHING
RANDOM_ONE_TO_ONE_MATCHING,504,tool_name_distance,0.08903130471576329,0.05205236404613967,0.12998408054766417,0.0008326394671107411,0.08186975840234435,0.0965916893814182,True,True,36,RANDOM_ONE_TO_ONE_MATCHING
RANDOM_ONE_TO_ONE_MATCHING,504,stage_distance,0.09665405869424862,0.05890635205406999,0.14275054121030673,0.0008326394671107411,0.08645233792224756,0.10370940360788466,True,True,36,RANDOM_ONE_TO_ONE_MATCHING
RANDOM_ONE_TO_ONE_MATCHING,505,tool_argument_distance,0.11947209845103068,0.08057668457364477,0.1656349192306908,0.0008326394671107411,0.1106951107877268,0.12621712141533964,True,True,36,RANDOM_ONE_TO_ONE_MATCHING
RANDOM_ONE_TO_ONE_MATCHING,505,tool_name_distance,0.09816297784749341,0.0620738725427044,0.13748511630890947,0.0008326394671107411,0.0910242412426001,0.10497927731556336,True,True,36,RANDOM_ONE_TO_ONE_MATCHING
RANDOM_ONE_TO_ONE_MATCHING,505,stage_distance,0.11087094584974629,0.07225477070975905,0.15252634203624288,0.0008326394671107411,0.1010754218536166,0.11766915503194361,True,True,36,RANDOM_ONE_TO_ONE_MATCHING
RANDOM_ONE_TO_ONE_MATCHING,506,tool_argument_distance,0.11059424186075578,0.06962474722548306,0.15820788955723503,0.0008326394671107411,0.10156360115201546,0.11713366917922632,True,True,36,RANDOM_ONE_TO_ONE_MATCHING
RANDOM_ONE_TO_ONE_MATCHING,506,tool_name_distance,0.07972528351909858,0.04202464099739676,0.11914561804217126,0.0008326394671107411,0.07092699951492358,0.08529329099914225,True,True,36,RANDOM_ONE_TO_ONE_MATCHING
RANDOM_ONE_TO_ONE_MATCHING,506,stage_distance,0.09055608838211103,0.04885378512275187,0.1356208045312733,0.0008326394671107411,0.081132520839287,0.09677387306523308,True,True,36,RANDOM_ONE_TO_ONE_MATCHING
RANDOM_ONE_TO_ONE_MATCHING,507,tool_argument_distance,0.11178920163769906,0.07175021732058336,0.15254149838375253,0.0008326394671107411,0.10184032168449046,0.11718363234208685,True,True,36,RANDOM_ONE_TO_ONE_MATCHING
RANDOM_ONE_TO_ONE_MATCHING,507,tool_name_distance,0.08119048749788954,0.04536270977403246,0.11832658104540318,0.0008326394671107411,0.07252425405472473,0.08633748748588532,True,True,36,RANDOM_ONE_TO_ONE_MATCHING
RANDOM_ONE_TO_ONE_MATCHING,507,stage_distance,0.08446628530408333,0.04655121212006187,0.12145209601987043,0.0008326394671107411,0.07486872338760137,0.08978199979373491,True,True,36,RANDOM_ONE_TO_ONE_MATCHING
RANDOM_ONE_TO_ONE_MATCHING,508,tool_argument_distance,0.11617792731253977,0.07468191523913174,0.15685340595099578,0.0008326394671107411,0.10947709464412461,0.1227176149703592,True,True,36,RANDOM_ONE_TO_ONE_MATCHING
RANDOM_ONE_TO_ONE_MATCHING,508,tool_name_distance,0.08191510004661291,0.04099026340297039,0.12236534907772996,0.0016652789342214821,0.07418698097939422,0.08808168838838736,True,True,36,RANDOM_ONE_TO_ONE_MATCHING
RANDOM_ONE_TO_ONE_MATCHING,508,stage_distance,0.08979133821935607,0.05295026538098411,0.1287686910009023,0.0008326394671107411,0.08310583694608388,0.09546012921466186,True,True,36,RANDOM_ONE_TO_ONE_MATCHING
RANDOM_ONE_TO_ONE_MATCHING,509,tool_argument_distance,0.10322221116117801,0.06019259583667094,0.14919977001881365,0.0008326394671107411,0.09647910950204683,0.1100771611858128,True,True,36,RANDOM_ONE_TO_ONE_MATCHING
RANDOM_ONE_TO_ONE_MATCHING,509,tool_name_distance,0.07904277895926363,0.03730297321651021,0.12165113667765717,0.0016652789342214821,0.06861354595621591,0.08501907587603154,True,True,36,RANDOM_ONE_TO_ONE_MATCHING
RANDOM_ONE_TO_ONE_MATCHING,509,stage_distance,0.08095466904673804,0.03920730864642163,0.1246470354822178,0.0016652789342214821,0.07044526293996249,0.0868913939969737,True,True,36,RANDOM_ONE_TO_ONE_MATCHING
RANDOM_ONE_TO_ONE_MATCHING,510,tool_argument_distance,0.10689846171997688,0.06666571733619095,0.14820513074544373,0.0008326394671107411,0.0977622272929286,0.11515714877356437,True,True,36,RANDOM_ONE_TO_ONE_MATCHING
RANDOM_ONE_TO_ONE_MATCHING,510,tool_name_distance,0.07940274026649335,0.0427780719746501,0.1162034230697276,0.0008326394671107411,0.07077561592119053,0.08668802309074056,True,True,36,RANDOM_ONE_TO_ONE_MATCHING
RANDOM_ONE_TO_ONE_MATCHING,510,stage_distance,0.08826969757251538,0.04591432626205325,0.1277816924699073,0.0008326394671107411,0.0787808045779886,0.09508548931124476,True,True,36,RANDOM_ONE_TO_ONE_MATCHING
RANDOM_ONE_TO_ONE_MATCHING,511,tool_argument_distance,0.1059621245557518,0.06640322985307377,0.14329684294523948,0.0008326394671107411,0.09965628049543995,0.11299155791643166,True,True,36,RANDOM_ONE_TO_ONE_MATCHING
RANDOM_ONE_TO_ONE_MATCHING,511,tool_name_distance,0.07847070727101904,0.043304403060469586,0.11417722801979416,0.0008326394671107411,0.07080901690362329,0.08452685937860863,True,True,36,RANDOM_ONE_TO_ONE_MATCHING
RANDOM_ONE_TO_ONE_MATCHING,511,stage_distance,0.08642797566694366,0.05356091712497408,0.12090426352777087,0.0008326394671107411,0.07974360490368629,0.09198864557729838,True,True,36,RANDOM_ONE_TO_ONE_MATCHING
RANDOM_ONE_TO_ONE_MATCHING,512,tool_argument_distance,0.10903756394183008,0.0700164392062231,0.14836390249300338,0.0008326394671107411,0.10272108067975441,0.11650898837326434,True,True,36,RANDOM_ONE_TO_ONE_MATCHING
RANDOM_ONE_TO_ONE_MATCHING,512,tool_name_distance,0.08328290201926113,0.042857905976045434,0.12223237767052611,0.0016652789342214821,0.0759571156287993,0.09069858748819833,True,True,36,RANDOM_ONE_TO_ONE_MATCHING
RANDOM_ONE_TO_ONE_MATCHING,512,stage_distance,0.08924798131375604,0.05152778104484376,0.12579173206555588,0.0008326394671107411,0.08168108174873574,0.09645292253374181,True,True,36,RANDOM_ONE_TO_ONE_MATCHING
RANDOM_ONE_TO_ONE_MATCHING,513,tool_argument_distance,0.1237024856500954,0.08524842289708365,0.16111486017917345,0.0008326394671107411,0.11585488677242825,0.12925465948648668,True,True,36,RANDOM_ONE_TO_ONE_MATCHING
RANDOM_ONE_TO_ONE_MATCHING,513,tool_name_distance,0.09584566002674309,0.05860494322960506,0.13540959022754714,0.0008326394671107411,0.08680449500503759,0.1012077631654486,True,True,36,RANDOM_ONE_TO_ONE_MATCHING
RANDOM_ONE_TO_ONE_MATCHING,513,stage_distance,0.10323970969424429,0.06495082438456722,0.1411709340743088,0.0008326394671107411,0.09360143382609798,0.10850345719954994,True,True,36,RANDOM_ONE_TO_ONE_MATCHING
RANDOM_ONE_TO_ONE_MATCHING,514,tool_argument_distance,0.11754939743884736,0.07515432413578695,0.16500922865839115,0.0008326394671107411,0.10776509450852874,0.12359307367740424,True,True,36,RANDOM_ONE_TO_ONE_MATCHING
RANDOM_ONE_TO_ONE_MATCHING,514,tool_name_distance,0.09086029763997143,0.05481823565657429,0.13050756432397462,0.0008326394671107411,0.08207351908975498,0.09634534621480342,True,True,36,RANDOM_ONE_TO_ONE_MATCHING
RANDOM_ONE_TO_ONE_MATCHING,514,stage_distance,0.09838645136867029,0.05786377086086953,0.14323516377409157,0.0008326394671107411,0.08918660848260508,0.10407165818754274,True,True,36,RANDOM_ONE_TO_ONE_MATCHING
RANDOM_ONE_TO_ONE_MATCHING,515,tool_argument_distance,0.1191643487221638,0.07740315568834225,0.1603224055236224,0.0008326394671107411,0.10996259899349452,0.1265709884875983,True,True,36,RANDOM_ONE_TO_ONE_MATCHING
RANDOM_ONE_TO_ONE_MATCHING,515,tool_name_distance,0.09388958619611328,0.05735124002095747,0.13391755972038694,0.0008326394671107411,0.08618142223956439,0.1003862777015627,True,True,36,RANDOM_ONE_TO_ONE_MATCHING
RANDOM_ONE_TO_ONE_MATCHING,515,stage_distance,0.09862542276830989,0.06034189913407794,0.1402041769544664,0.0008326394671107411,0.08848002668413917,0.10453459116727506,True,True,36,RANDOM_ONE_TO_ONE_MATCHING
RANDOM_ONE_TO_ONE_MATCHING,516,tool_argument_distance,0.11978009830323416,0.07762030279438947,0.1654500545891721,0.0008326394671107411,0.11101191063570753,0.1272043309138421,True,True,36,RANDOM_ONE_TO_ONE_MATCHING
RANDOM_ONE_TO_ONE_MATCHING,516,tool_name_distance,0.1000989275608984,0.060618597291351814,0.14057750425067997,0.0008326394671107411,0.09186471015416589,0.10677302881962741,True,True,36,RANDOM_ONE_TO_ONE_MATCHING
RANDOM_ONE_TO_ONE_MATCHING,516,stage_distance,0.10689865771046898,0.06584007831667425,0.15460103262190866,0.0016652789342214821,0.09698963976750281,0.11322889082664182,True,True,36,RANDOM_ONE_TO_ONE_MATCHING
RANDOM_ONE_TO_ONE_MATCHING,517,tool_argument_distance,0.11345339113833752,0.07649738914917482,0.1499874300563711,0.0008326394671107411,0.10736158326609953,0.11862903309503398,True,True,36,RANDOM_ONE_TO_ONE_MATCHING
RANDOM_ONE_TO_ONE_MATCHING,517,tool_name_distance,0.08293691012861412,0.04455414363646396,0.11909948511707089,0.0008326394671107411,0.07628298360016485,0.0872633010604823,True,True,36,RANDOM_ONE_TO_ONE_MATCHING
RANDOM_ONE_TO_ONE_MATCHING,517,stage_distance,0.08918272078022925,0.05160747140157224,0.12425541890022744,0.0008326394671107411,0.08257705702020861,0.09435202665718617,True,True,36,RANDOM_ONE_TO_ONE_MATCHING
RANDOM_ONE_TO_ONE_MATCHING,518,tool_argument_distance,0.0930468437140546,0.05418078278067089,0.13402060338075142,0.0016652789342214821,0.08627348273118535,0.099769460132765,True,True,36,RANDOM_ONE_TO_ONE_MATCHING
RANDOM_ONE_TO_ONE_MATCHING,518,tool_name_distance,0.06919597920403912,0.029282180868227266,0.10782579082398659,0.004163197335553705,0.05919498203184367,0.07475867816466658,True,True,36,RANDOM_ONE_TO_ONE_MATCHING
RANDOM_ONE_TO_ONE_MATCHING,518,stage_distance,0.0756225549873998,0.035151836132786524,0.11825707231170238,0.002497918401332223,0.06698093184191507,0.08171891759306608,True,True,36,RANDOM_ONE_TO_ONE_MATCHING
RANDOM_ONE_TO_ONE_MATCHING,519,tool_argument_distance,0.11870626685423538,0.07486266855474114,0.16239785959545455,0.0008326394671107411,0.10895501733578497,0.12454550207277665,True,True,36,RANDOM_ONE_TO_ONE_MATCHING
RANDOM_ONE_TO_ONE_MATCHING,519,tool_name_distance,0.08718681281557278,0.048382149047213385,0.12295380258204286,0.0016652789342214821,0.07967734132406587,0.09266829749843453,True,True,36,RANDOM_ONE_TO_ONE_MATCHING
RANDOM_ONE_TO_ONE_MATCHING,519,stage_distance,0.09147386788302383,0.05122593189380064,0.1331455490922095,0.0008326394671107411,0.08207652261165445,0.09638997583428599,True,True,36,RANDOM_ONE_TO_ONE_MATCHING
RANDOM_ONE_TO_ONE_MATCHING,520,tool_argument_distance,0.10940104056575747,0.06853135258039676,0.14950519164762008,0.0008326394671107411,0.09938392743906481,0.11447930587533962,True,True,36,RANDOM_ONE_TO_ONE_MATCHING
RANDOM_ONE_TO_ONE_MATCHING,520,tool_name_distance,0.07992066302491317,0.044643195895520286,0.11713600168594858,0.0008326394671107411,0.07271526287963447,0.08483674035433324,True,True,36,RANDOM_ONE_TO_ONE_MATCHING
RANDOM_ONE_TO_ONE_MATCHING,520,stage_distance,0.08461123425364185,0.04773980174246202,0.125828131153572,0.0008326394671107411,0.07501781373571868,0.08964645318424608,True,True,36,RANDOM_ONE_TO_ONE_MATCHING
RANDOM_ONE_TO_ONE_MATCHING,521,tool_argument_distance,0.11556527188661035,0.07770242600244417,0.15967875394535672,0.0008326394671107411,0.10667666060718019,0.1210675903123956,True,True,36,RANDOM_ONE_TO_ONE_MATCHING
RANDOM_ONE_TO_ONE_MATCHING,521,tool_name_distance,0.08576517595182,0.05113616195849805,0.1234965388983248,0.0008326394671107411,0.07771666088006618,0.09081064229547618,True,True,36,RANDOM_ONE_TO_ONE_MATCHING
RANDOM_ONE_TO_ONE_MATCHING,521,stage_distance,0.0946192258436188,0.056523466016192236,0.13320633912397983,0.0008326394671107411,0.0843593669901712,0.09986427398793532,True,True,36,RANDOM_ONE_TO_ONE_MATCHING
RANDOM_ONE_TO_ONE_MATCHING,522,tool_argument_distance,0.1332921726574615,0.09903279819589328,0.17157227572374067,0.0008326394671107411,0.1239576633048175,0.13871140480141614,True,True,36,RANDOM_ONE_TO_ONE_MATCHING
RANDOM_ONE_TO_ONE_MATCHING,522,tool_name_distance,0.10269075823169142,0.06422847041953987,0.1395848220076135,0.0008326394671107411,0.09512583122507678,0.10867823799366916,True,True,36,RANDOM_ONE_TO_ONE_MATCHING
RANDOM_ONE_TO_ONE_MATCHING,522,stage_distance,0.10565470603240773,0.06849035351819611,0.14115319097843185,0.0008326394671107411,0.09666252756530648,0.1104787819083862,True,True,36,RANDOM_ONE_TO_ONE_MATCHING
RANDOM_ONE_TO_ONE_MATCHING,523,tool_argument_distance,0.10201625554745386,0.0572186037666649,0.1461743122165838,0.0008326394671107411,0.09422932220426902,0.10928707116762024,True,True,36,RANDOM_ONE_TO_ONE_MATCHING
RANDOM_ONE_TO_ONE_MATCHING,523,tool_name_distance,0.06801941114508168,0.029630685862531172,0.10785552292548597,0.004163197335553705,0.06043429269212525,0.0749989968747566,True,True,36,RANDOM_ONE_TO_ONE_MATCHING
RANDOM_ONE_TO_ONE_MATCHING,523,stage_distance,0.07662663401040522,0.03288083874467913,0.11499451681670142,0.002497918401332223,0.06911398743729497,0.08347096530743808,True,True,36,RANDOM_ONE_TO_ONE_MATCHING
RANDOM_ONE_TO_ONE_MATCHING,524,tool_argument_distance,0.107145201957145,0.06829119979860555,0.1455303951727123,0.0008326394671107411,0.10087316010830152,0.11461211718815496,True,True,36,RANDOM_ONE_TO_ONE_MATCHING
RANDOM_ONE_TO_ONE_MATCHING,524,tool_name_distance,0.08660895816815123,0.049317639572747846,0.1258429946364284,0.0008326394671107411,0.07806256838059554,0.09369304162143292,True,True,36,RANDOM_ONE_TO_ONE_MATCHING
RANDOM_ONE_TO_ONE_MATCHING,524,stage_distance,0.08948866929353612,0.05103473134687596,0.12693889721211044,0.0008326394671107411,0.08184213938428814,0.09664015548790648,True,True,36,RANDOM_ONE_TO_ONE_MATCHING
RANDOM_ONE_TO_ONE_MATCHING,525,tool_argument_distance,0.11266962221343436,0.07423959378795507,0.1492486253658018,0.0008326394671107411,0.10655542094334201,0.11906299502710659,True,True,36,RANDOM_ONE_TO_ONE_MATCHING
RANDOM_ONE_TO_ONE_MATCHING,525,tool_name_distance,0.08734970241269907,0.05231698527039217,0.12440145246512106,0.0008326394671107411,0.07956290974199202,0.0926090181413217,True,True,36,RANDOM_ONE_TO_ONE_MATCHING
RANDOM_ONE_TO_ONE_MATCHING,525,stage_distance,0.09111196266409714,0.05502125154496643,0.12748374232461185,0.0008326394671107411,0.08377869488946178,0.09689679725602353,True,True,36,RANDOM_ONE_TO_ONE_MATCHING
RANDOM_ONE_TO_ONE_MATCHING,526,tool_argument_distance,0.11558636014222154,0.07461506965978607,0.15939877709026007,0.0008326394671107411,0.10574597043199932,0.12279457156631474,True,True,36,RANDOM_ONE_TO_ONE_MATCHING
RANDOM_ONE_TO_ONE_MATCHING,526,tool_name_distance,0.08785356210408962,0.05082390476391715,0.12708670530931465,0.0008326394671107411,0.07997294031634006,0.09408159568213828,True,True,36,RANDOM_ONE_TO_ONE_MATCHING
RANDOM_ONE_TO_ONE_MATCHING,526,stage_distance,0.09492467913656671,0.05713363053342846,0.13413734571531094,0.0008326394671107411,0.0856259284724414,0.10063191190699627,True,True,36,RANDOM_ONE_TO_ONE_MATCHING
RANDOM_ONE_TO_ONE_MATCHING,527,tool_argument_distance,0.12286918129212797,0.08291678557693088,0.16373759165858653,0.0008326394671107411,0.11674947439879096,0.13158417461920546,True,True,36,RANDOM_ONE_TO_ONE_MATCHING
RANDOM_ONE_TO_ONE_MATCHING,527,tool_name_distance,0.09542870490445714,0.05154537110179635,0.1384356196286166,0.0008326394671107411,0.08677245227608314,0.10317187243264615,True,True,36,RANDOM_ONE_TO_ONE_MATCHING
RANDOM_ONE_TO_ONE_MATCHING,527,stage_distance,0.10274560022332568,0.060141468478495684,0.1415201000869722,0.0008326394671107411,0.09547415932267693,0.10997498918064964,True,True,36,RANDOM_ONE_TO_ONE_MATCHING
RANDOM_ONE_TO_ONE_MATCHING,528,tool_argument_distance,0.1076613824037735,0.06846158614914938,0.14610190582594057,0.0008326394671107411,0.09971827808188038,0.11428873655794108,True,True,36,RANDOM_ONE_TO_ONE_MATCHING
RANDOM_ONE_TO_ONE_MATCHING,528,tool_name_distance,0.0864578146835669,0.051548598620670905,0.12301668647763682,0.0008326394671107411,0.07983601569678941,0.09163082433794925,True,True,36,RANDOM_ONE_TO_ONE_MATCHING
RANDOM_ONE_TO_ONE_MATCHING,528,stage_distance,0.08856417790260597,0.05288306549651207,0.12461259804221841,0.0008326394671107411,0.08194084148893895,0.09392466659792989,True,True,36,RANDOM_ONE_TO_ONE_MATCHING
RANDOM_ONE_TO_ONE_MATCHING,529,tool_argument_distance,0.10770409909721895,0.062474183458383604,0.1521733627363893,0.0008326394671107411,0.09763850192856807,0.11334544629288892,True,True,36,RANDOM_ONE_TO_ONE_MATCHING
RANDOM_ONE_TO_ONE_MATCHING,529,tool_name_distance,0.08161743013577166,0.04209147615232437,0.12015821823152818,0.0008326394671107411,0.07424405883435296,0.0878783679290932,True,True,36,RANDOM_ONE_TO_ONE_MATCHING
RANDOM_ONE_TO_ONE_MATCHING,529,stage_distance,0.09057999419858466,0.048704359339932446,0.1309463273819718,0.0008326394671107411,0.08115710967908843,0.09578922217320888,True,True,36,RANDOM_ONE_TO_ONE_MATCHING
RANDOM_ONE_TO_ONE_MATCHING,530,tool_argument_distance,0.10812836411986719,0.0652631643529047,0.15163070186029207,0.0008326394671107411,0.0990272697613872,0.11313284883512197,True,True,36,RANDOM_ONE_TO_ONE_MATCHING
RANDOM_ONE_TO_ONE_MATCHING,530,tool_name_distance,0.07665914737122384,0.03703811637209686,0.12021266696227484,0.0008326394671107411,0.0678284772751845,0.08155219510239636,True,True,36,RANDOM_ONE_TO_ONE_MATCHING
RANDOM_ONE_TO_ONE_MATCHING,530,stage_distance,0.08397980504066846,0.04306388584158912,0.12842746231333887,0.0008326394671107411,0.07436834368808892,0.09000296244787354,True,True,36,RANDOM_ONE_TO_ONE_MATCHING
RANDOM_ONE_TO_ONE_MATCHING,531,tool_argument_distance,0.10174977008446462,0.05376211446321771,0.1483605204181817,0.0008326394671107411,0.09151404922973505,0.10856265036405045,True,True,36,RANDOM_ONE_TO_ONE_MATCHING
RANDOM_ONE_TO_ONE_MATCHING,531,tool_name_distance,0.07511219254468059,0.03595559476405339,0.11636783413466512,0.0008326394671107411,0.06677734403647459,0.08143972831678604,True,True,36,RANDOM_ONE_TO_ONE_MATCHING
RANDOM_ONE_TO_ONE_MATCHING,531,stage_distance,0.08270497155715298,0.04224766382150386,0.12850537826521807,0.0008326394671107411,0.0730570863907587,0.0892345691528353,True,True,36,RANDOM_ONE_TO_ONE_MATCHING
RANDOM_ONE_TO_ONE_MATCHING,532,tool_argument_distance,0.12057305824974589,0.07789420871998927,0.1600396977825562,0.0008326394671107411,0.11438774784091227,0.1281435144728694,True,True,36,RANDOM_ONE_TO_ONE_MATCHING
RANDOM_ONE_TO_ONE_MATCHING,532,tool_name_distance,0.09816568973470263,0.060778799052526276,0.1366199658711797,0.0008326394671107411,0.09073180520278988,0.1055799655184572,True,True,36,RANDOM_ONE_TO_ONE_MATCHING
RANDOM_ONE_TO_ONE_MATCHING,532,stage_distance,0.10224865328083782,0.0652213606409139,0.14604531097579912,0.0008326394671107411,0.09545002688313096,0.10976471044627391,True,True,36,RANDOM_ONE_TO_ONE_MATCHING
RANDOM_ONE_TO_ONE_MATCHING,533,tool_argument_distance,0.09030838460089649,0.05470297477644263,0.12638797986498135,0.0008326394671107411,0.08345678192907988,0.09747778985569001,True,True,36,RANDOM_ONE_TO_ONE_MATCHING
RANDOM_ONE_TO_ONE_MATCHING,533,tool_name_distance,0.061349613594085625,0.02774300609962454,0.09951306599114135,0.004995836802664446,0.05321678663967217,0.06779453333534602,True,True,36,RANDOM_ONE_TO_ONE_MATCHING
RANDOM_ONE_TO_ONE_MATCHING,533,stage_distance,0.06725409031303556,0.031159026828196983,0.10655174151281595,0.004163197335553705,0.05963599443948098,0.07391943473608655,True,True,36,RANDOM_ONE_TO_ONE_MATCHING
RANDOM_ONE_TO_ONE_MATCHING,534,tool_argument_distance,0.12405991762917062,0.07979881923679344,0.1755853398182769,0.0008326394671107411,0.11541401051381361,0.1306559090966085,True,True,36,RANDOM_ONE_TO_ONE_MATCHING
RANDOM_ONE_TO_ONE_MATCHING,534,tool_name_distance,0.09451721591670265,0.05800957228207459,0.13279077982931592,0.0008326394671107411,0.08603333344423408,0.09948403724815919,True,True,36,RANDOM_ONE_TO_ONE_MATCHING
RANDOM_ONE_TO_ONE_MATCHING,534,stage_distance,0.10085066817165989,0.05852776119148387,0.14506613672910126,0.0008326394671107411,0.09076885052758486,0.10536380689396978,True,True,36,RANDOM_ONE_TO_ONE_MATCHING
RANDOM_ONE_TO_ONE_MATCHING,535,tool_argument_distance,0.10264491906234305,0.06626200592008086,0.1423198618578518,0.0008326394671107411,0.09338715484507668,0.1081934780913851,True,True,36,RANDOM_ONE_TO_ONE_MATCHING
RANDOM_ONE_TO_ONE_MATCHING,535,tool_name_distance,0.09004381525861006,0.0503738380132303,0.12982083799529742,0.0008326394671107411,0.08233399724064333,0.09659726674695264,True,True,36,RANDOM_ONE_TO_ONE_MATCHING
RANDOM_ONE_TO_ONE_MATCHING,535,stage_distance,0.09785817695794291,0.05569418557541395,0.13914463720397138,0.0008326394671107411,0.08864324051728549,0.10321057065300111,True,True,36,RANDOM_ONE_TO_ONE_MATCHING
RANDOM_ONE_TO_ONE_MATCHING,536,tool_argument_distance,0.11974060996051691,0.08318171552824435,0.15616791646072162,0.0008326394671107411,0.11097129405462694,0.12378408866742155,True,True,36,RANDOM_ONE_TO_ONE_MATCHING
RANDOM_ONE_TO_ONE_MATCHING,536,tool_name_distance,0.09873548963611493,0.0646534545536436,0.13394907132725514,0.0008326394671107411,0.09165279305057907,0.1037766283906,True,True,36,RANDOM_ONE_TO_ONE_MATCHING
RANDOM_ONE_TO_ONE_MATCHING,536,stage_distance,0.1010877337205524,0.06208061746481977,0.14039301810337818,0.0008326394671107411,0.09196507033025525,0.10691442177246382,True,True,36,RANDOM_ONE_TO_ONE_MATCHING
RANDOM_ONE_TO_ONE_MATCHING,537,tool_argument_distance,0.10655130681647093,0.06736982728274167,0.14398459690637655,0.0008326394671107411,0.09740515367789392,0.11309699447533694,True,True,36,RANDOM_ONE_TO_ONE_MATCHING
RANDOM_ONE_TO_ONE_MATCHING,537,tool_name_distance,0.08111835669659206,0.04498438165102468,0.11637069573363032,0.0008326394671107411,0.07255828748161529,0.08761749715875214,True,True,36,RANDOM_ONE_TO_ONE_MATCHING
RANDOM_ONE_TO_ONE_MATCHING,537,stage_distance,0.08969124295959656,0.05068183296131192,0.12919399929854705,0.0008326394671107411,0.07929058459517686,0.09642044830963441,True,True,36,RANDOM_ONE_TO_ONE_MATCHING
RANDOM_ONE_TO_ONE_MATCHING,538,tool_argument_distance,0.0977943064725636,0.05811669075560082,0.13611426642333144,0.0008326394671107411,0.08839795332416064,0.10362788529694977,True,True,36,RANDOM_ONE_TO_ONE_MATCHING
RANDOM_ONE_TO_ONE_MATCHING,538,tool_name_distance,0.06786216246641355,0.033061966465911134,0.10748372377941792,0.0008326394671107411,0.05821988164139705,0.07239276695713949,True,True,36,RANDOM_ONE_TO_ONE_MATCHING
RANDOM_ONE_TO_ONE_MATCHING,538,stage_distance,0.07407171004004004,0.037789541156021886,0.11443504364676267,0.002497918401332223,0.06417716025887113,0.07872032962192846,True,True,36,RANDOM_ONE_TO_ONE_MATCHING
RANDOM_ONE_TO_ONE_MATCHING,539,tool_argument_distance,0.10721205292268877,0.06716927543412828,0.1449290827630007,0.0008326394671107411,0.10094192110143226,0.1140144982597237,True,True,36,RANDOM_ONE_TO_ONE_MATCHING
RANDOM_ONE_TO_ONE_MATCHING,539,tool_name_distance,0.08198825774475474,0.04568704512537855,0.12017032932211713,0.0008326394671107411,0.07345304284543976,0.0878822110317508,True,True,36,RANDOM_ONE_TO_ONE_MATCHING
RANDOM_ONE_TO_ONE_MATCHING,539,stage_distance,0.08632728819097855,0.05089420435013403,0.12292729590080759,0.0008326394671107411,0.07869497776905929,0.09162238105360543,True,True,36,RANDOM_ONE_TO_ONE_MATCHING
RANDOM_ONE_TO_ONE_MATCHING,540,tool_argument_distance,0.1296857504641108,0.08657332230179693,0.17626854898433128,0.0008326394671107411,0.1211814376106082,0.13661137592626083,True,True,36,RANDOM_ONE_TO_ONE_MATCHING
RANDOM_ONE_TO_ONE_MATCHING,540,tool_name_distance,0.09614539212892731,0.05763206650138664,0.13685625160145526,0.0008326394671107411,0.08770802897680802,0.10198901361101392,True,True,36,RANDOM_ONE_TO_ONE_MATCHING
RANDOM_ONE_TO_ONE_MATCHING,540,stage_distance,0.10321083710712119,0.06042213069974551,0.14823818982962142,0.0008326394671107411,0.09414883381358317,0.10926304235636312,True,True,36,RANDOM_ONE_TO_ONE_MATCHING
RANDOM_ONE_TO_ONE_MATCHING,541,tool_argument_distance,0.11957160269387893,0.07707547533432071,0.16214741177641595,0.0008326394671107411,0.11079745800894215,0.12598979830688467,True,True,36,RANDOM_ONE_TO_ONE_MATCHING
RANDOM_ONE_TO_ONE_MATCHING,541,tool_name_distance,0.09268091497451413,0.05759266791489459,0.13169340680509692,0.0008326394671107411,0.08413794163992933,0.09843371316791374,True,True,36,RANDOM_ONE_TO_ONE_MATCHING
RANDOM_ONE_TO_ONE_MATCHING,541,stage_distance,0.0984637993155722,0.05882264626271963,0.14358369927364215,0.0008326394671107411,0.08831378541846611,0.10443354812282266,True,True,36,RANDOM_ONE_TO_ONE_MATCHING
RANDOM_ONE_TO_ONE_MATCHING,542,tool_argument_distance,0.098149797322443,0.05889162249203745,0.135919574523333,0.0008326394671107411,0.08781122010308423,0.10395594135340772,True,True,36,RANDOM_ONE_TO_ONE_MATCHING
RANDOM_ONE_TO_ONE_MATCHING,542,tool_name_distance,0.07465037088276655,0.03609542690283501,0.11578362826911481,0.0008326394671107411,0.06568905185665883,0.08046521125074539,True,True,36,RANDOM_ONE_TO_ONE_MATCHING
RANDOM_ONE_TO_ONE_MATCHING,542,stage_distance,0.08734129060408227,0.0446688942231752,0.13125873815036476,0.0008326394671107411,0.0778258716961717,0.09313755359244742,True,True,36,RANDOM_ONE_TO_ONE_MATCHING
RANDOM_ONE_TO_ONE_MATCHING,543,tool_argument_distance,0.11545728660006903,0.06939328155152351,0.1604717864641044,0.0008326394671107411,0.10858348324463085,0.12396051150737343,True,True,36,RANDOM_ONE_TO_ONE_MATCHING
RANDOM_ONE_TO_ONE_MATCHING,543,tool_name_distance,0.08973070000886321,0.04600654521888259,0.1303736749875469,0.0008326394671107411,0.08199389832286619,0.09731106739717811,True,True,36,RANDOM_ONE_TO_ONE_MATCHING
RANDOM_ONE_TO_ONE_MATCHING,543,stage_distance,0.1021528442695876,0.0613044191306437,0.14507746219425133,0.0008326394671107411,0.09435941697949583,0.10936529734251905,True,True,36,RANDOM_ONE_TO_ONE_MATCHING
RANDOM_ONE_TO_ONE_MATCHING,544,tool_argument_distance,0.12342397016606027,0.07352042927325511,0.1718294136163081,0.0008326394671107411,0.11475989312318582,0.1318325753014702,True,True,36,RANDOM_ONE_TO_ONE_MATCHING
RANDOM_ONE_TO_ONE_MATCHING,544,tool_name_distance,0.0988586751031481,0.055573164632325325,0.1410768438540818,0.0008326394671107411,0.09058902191190839,0.10604783198864565,True,True,36,RANDOM_ONE_TO_ONE_MATCHING
RANDOM_ONE_TO_ONE_MATCHING,544,stage_distance,0.10881921657547229,0.06843349086311468,0.15226232928048308,0.0008326394671107411,0.09896507174293477,0.11699958636204322,True,True,36,RANDOM_ONE_TO_ONE_MATCHING
RANDOM_ONE_TO_ONE_MATCHING,545,tool_argument_distance,0.10398085966288206,0.05911345286251486,0.15312614120540788,0.0008326394671107411,0.09476126517705964,0.11215618665769542,True,True,36,RANDOM_ONE_TO_ONE_MATCHING
RANDOM_ONE_TO_ONE_MATCHING,545,tool_name_distance,0.07750648694094547,0.03769745651517469,0.12015915913051166,0.0008326394671107411,0.07001566011967461,0.08473759109874845,True,True,36,RANDOM_ONE_TO_ONE_MATCHING
RANDOM_ONE_TO_ONE_MATCHING,545,stage_distance,0.08375741769303245,0.04111788620450763,0.12390045653700156,0.0008326394671107411,0.07413960241623474,0.0904442871494909,True,True,36,RANDOM_ONE_TO_ONE_MATCHING
RANDOM_ONE_TO_ONE_MATCHING,546,tool_argument_distance,0.11310202302135772,0.0779606947069016,0.1466207932435924,0.0008326394671107411,0.10700017606006317,0.11955382769942913,True,True,36,RANDOM_ONE_TO_ONE_MATCHING
RANDOM_ONE_TO_ONE_MATCHING,546,tool_name_distance,0.09130028110254561,0.055379575241837696,0.12769750044058692,0.0008326394671107411,0.08456070554303476,0.09719972103527152,True,True,36,RANDOM_ONE_TO_ONE_MATCHING
RANDOM_ONE_TO_ONE_MATCHING,546,stage_distance,0.09763671845035721,0.06321048565670305,0.13291549229342428,0.0016652789342214821,0.09127259748091164,0.10370232473052685,True,True,36,RANDOM_ONE_TO_ONE_MATCHING
RANDOM_ONE_TO_ONE_MATCHING,547,tool_argument_distance,0.10642558722842929,0.06686875285848518,0.14587808097319035,0.0008326394671107411,0.10013298495876538,0.11279785272923538,True,True,36,RANDOM_ONE_TO_ONE_MATCHING
RANDOM_ONE_TO_ONE_MATCHING,547,tool_name_distance,0.0735875870364841,0.033988753556673176,0.1169213688003699,0.0033305578684429643,0.06540759106931378,0.08051195788411171,True,True,36,RANDOM_ONE_TO_ONE_MATCHING
RANDOM_ONE_TO_ONE_MATCHING,547,stage_distance,0.07804149103508148,0.03883645259305055,0.11755745722199941,0.0016652789342214821,0.07111750642519947,0.08366879101226084,True,True,36,RANDOM_ONE_TO_ONE_MATCHING
RANDOM_ONE_TO_ONE_MATCHING,548,tool_argument_distance,0.11696990231848575,0.07206229868917444,0.15917994977351455,0.0016652789342214821,0.10737476629045212,0.12551634481774493,True,True,36,RANDOM_ONE_TO_ONE_MATCHING
RANDOM_ONE_TO_ONE_MATCHING,548,tool_name_distance,0.08816496863871487,0.04554749426110671,0.1275163618051922,0.0016652789342214821,0.07921099309827492,0.09570060084502553,True,True,36,RANDOM_ONE_TO_ONE_MATCHING
RANDOM_ONE_TO_ONE_MATCHING,548,stage_distance,0.09686234649884164,0.055936027799784974,0.1395944983131536,0.0008326394671107411,0.08893579964762321,0.10392364249260891,True,True,36,RANDOM_ONE_TO_ONE_MATCHING
RANDOM_ONE_TO_ONE_MATCHING,549,tool_argument_distance,0.10127992686422319,0.06080238326119229,0.1436739422218061,0.0008326394671107411,0.09198316286986766,0.10743080342311044,True,True,36,RANDOM_ONE_TO_ONE_MATCHING
RANDOM_ONE_TO_ONE_MATCHING,549,tool_name_distance,0.07700191735032423,0.039394827627993144,0.1143012902610983,0.002497918401332223,0.06913342163464015,0.0831741672900186,True,True,36,RANDOM_ONE_TO_ONE_MATCHING
RANDOM_ONE_TO_ONE_MATCHING,549,stage_distance,0.08069043636172288,0.03678196689654589,0.12239316183068723,0.002497918401332223,0.07098499304688777,0.08691827556476411,True,True,36,RANDOM_ONE_TO_ONE_MATCHING
RANDOM_ONE_TO_ONE_MATCHING,550,tool_argument_distance,0.08725327676153942,0.047647923078046744,0.12701880015704275,0.0016652789342214821,0.0804128941928215,0.09471462183544549,True,True,36,RANDOM_ONE_TO_ONE_MATCHING
RANDOM_ONE_TO_ONE_MATCHING,550,tool_name_distance,0.05999132765440136,0.01947275055235372,0.10135240291268013,0.00832639467110741,0.0514048296154197,0.06615617721998858,True,True,36,RANDOM_ONE_TO_ONE_MATCHING
RANDOM_ONE_TO_ONE_MATCHING,550,stage_distance,0.06748517464392212,0.026555101765183216,0.11028787568855596,0.004163197335553705,0.06025958099429267,0.07457076012535976,True,True,36,RANDOM_ONE_TO_ONE_MATCHING
RANDOM_ONE_TO_ONE_MATCHING,551,tool_argument_distance,0.11772517974738458,0.07515669203711127,0.16184827727123477,0.0008326394671107411,0.10794589916873842,0.123901454724294,True,True,36,RANDOM_ONE_TO_ONE_MATCHING
RANDOM_ONE_TO_ONE_MATCHING,551,tool_name_distance,0.09660950240929818,0.05477651209092845,0.13912213024232473,0.0008326394671107411,0.08834884245720381,0.1018330917942482,True,True,36,RANDOM_ONE_TO_ONE_MATCHING
RANDOM_ONE_TO_ONE_MATCHING,551,stage_distance,0.10166410457803818,0.05830188783893658,0.14419506652661118,0.0008326394671107411,0.09255790892652634,0.10703211116780932,True,True,36,RANDOM_ONE_TO_ONE_MATCHING
RANDOM_ONE_TO_ONE_MATCHING,552,tool_argument_distance,0.09167521790862207,0.052075769870117423,0.13323169149343145,0.0008326394671107411,0.08210403365839224,0.09803375367382654,True,True,36,RANDOM_ONE_TO_ONE_MATCHING
RANDOM_ONE_TO_ONE_MATCHING,552,tool_name_distance,0.06882287492630904,0.03254697263877541,0.10644631862986471,0.0008326394671107411,0.0603985192191943,0.07434067441849236,True,True,36,RANDOM_ONE_TO_ONE_MATCHING
RANDOM_ONE_TO_ONE_MATCHING,552,stage_distance,0.07937412178648777,0.04186146586082769,0.1200088343027268,0.0008326394671107411,0.06867868853140782,0.08469879481953711,True,True,36,RANDOM_ONE_TO_ONE_MATCHING
RANDOM_ONE_TO_ONE_MATCHING,553,tool_argument_distance,0.12301798846922887,0.08407938995055489,0.16381524319407675,0.0008326394671107411,0.11338993099692116,0.12835929772149043,True,True,36,RANDOM_ONE_TO_ONE_MATCHING
RANDOM_ONE_TO_ONE_MATCHING,553,tool_name_distance,0.09323088143409625,0.05900289317566653,0.1281479304331851,0.0008326394671107411,0.08480043413802653,0.09896959485457486,True,True,36,RANDOM_ONE_TO_ONE_MATCHING
RANDOM_ONE_TO_ONE_MATCHING,553,stage_distance,0.10249992047880692,0.06336035341132033,0.14150659626038375,0.0008326394671107411,0.09341760528160277,0.10723198058883522,True,True,36,RANDOM_ONE_TO_ONE_MATCHING
RANDOM_ONE_TO_ONE_MATCHING,554,tool_argument_distance,0.1183510581057041,0.07275630045330408,0.16447475691852734,0.0008326394671107411,0.10954204071824805,0.12452133425902616,True,True,36,RANDOM_ONE_TO_ONE_MATCHING
RANDOM_ONE_TO_ONE_MATCHING,554,tool_name_distance,0.07926670030291003,0.038241693656886636,0.12205422609460508,0.0016652789342214821,0.07153093988246989,0.08528050108483223,True,True,36,RANDOM_ONE_TO_ONE_MATCHING
RANDOM_ONE_TO_ONE_MATCHING,554,stage_distance,0.08737154035375927,0.0424199874251462,0.1319368453146842,0.0008326394671107411,0.07785698572441091,0.09323573290834014,True,True,36,RANDOM_ONE_TO_ONE_MATCHING
RANDOM_ONE_TO_ONE_MATCHING,555,tool_argument_distance,0.10609218219282493,0.06959421695879865,0.14407481571740846,0.0008326394671107411,0.09740864816930929,0.11216284318064715,True,True,36,RANDOM_ONE_TO_ONE_MATCHING
RANDOM_ONE_TO_ONE_MATCHING,555,tool_name_distance,0.08499803660800667,0.04853477301393693,0.12020594283349864,0.0008326394671107411,0.07677575828887034,0.09110852456813523,True,True,36,RANDOM_ONE_TO_ONE_MATCHING
RANDOM_ONE_TO_ONE_MATCHING,555,stage_distance,0.09252639782683568,0.060511026916623106,0.12939707569728406,0.0008326394671107411,0.08440492982823736,0.09847080673585094,True,True,36,RANDOM_ONE_TO_ONE_MATCHING
RANDOM_ONE_TO_ONE_MATCHING,556,tool_argument_distance,0.1145534285811467,0.06648450433614309,0.16104002225362776,0.0008326394671107411,0.10468352654060804,0.12187719883988259,True,True,36,RANDOM_ONE_TO_ONE_MATCHING
RANDOM_ONE_TO_ONE_MATCHING,556,tool_name_distance,0.08662938896836678,0.04654846996756566,0.1285826735807176,0.0016652789342214821,0.07802836511988515,0.09383543804488523,True,True,36,RANDOM_ONE_TO_ONE_MATCHING
RANDOM_ONE_TO_ONE_MATCHING,556,stage_distance,0.09223974778967715,0.04758976193330604,0.14133961218733448,0.0016652789342214821,0.08286428480135499,0.09959121811288214,True,True,36,RANDOM_ONE_TO_ONE_MATCHING
RANDOM_ONE_TO_ONE_MATCHING,557,tool_argument_distance,0.10852473191457353,0.07195657316178414,0.149783958598979,0.0008326394671107411,0.09943496235022803,0.11500653126269328,True,True,36,RANDOM_ONE_TO_ONE_MATCHING
RANDOM_ONE_TO_ONE_MATCHING,557,tool_name_distance,0.08508644993519614,0.05015247968640619,0.12154164670185122,0.0008326394671107411,0.07757409824709434,0.09110316234528522,True,True,36,RANDOM_ONE_TO_ONE_MATCHING
RANDOM_ONE_TO_ONE_MATCHING,557,stage_distance,0.08993335727818574,0.05108333770434747,0.12834622944841814,0.0008326394671107411,0.0804919974181067,0.09526732509303631,True,True,36,RANDOM_ONE_TO_ONE_MATCHING
RANDOM_ONE_TO_ONE_MATCHING,558,tool_argument_distance,0.11025284723186543,0.06935009082643535,0.15597564973735878,0.0008326394671107411,0.10121245239087114,0.1166232468873799,True,True,36,RANDOM_ONE_TO_ONE_MATCHING
RANDOM_ONE_TO_ONE_MATCHING,558,tool_name_distance,0.07788800029260398,0.0424718155012303,0.11699595664489201,0.0008326394671107411,0.0700292859740212,0.08353965233760885,True,True,36,RANDOM_ONE_TO_ONE_MATCHING
RANDOM_ONE_TO_ONE_MATCHING,558,stage_distance,0.08361995784884427,0.04302027945615342,0.12481653364485126,0.0008326394671107411,0.07399821514792691,0.08942050539010511,True,True,36,RANDOM_ONE_TO_ONE_MATCHING
RANDOM_ONE_TO_ONE_MATCHING,559,tool_argument_distance,0.12486488289403219,0.08403711251826287,0.16610159074508793,0.0008326394671107411,0.11528959383386166,0.13085966186107253,True,True,36,RANDOM_ONE_TO_ONE_MATCHING
RANDOM_ONE_TO_ONE_MATCHING,559,tool_name_distance,0.10710143422475943,0.07239772499911737,0.14457776815330736,0.0008326394671107411,0.0991405437531068,0.11211564132386262,True,True,36,RANDOM_ONE_TO_ONE_MATCHING
RANDOM_ONE_TO_ONE_MATCHING,559,stage_distance,0.1077817693660461,0.0689232308200324,0.14927956946611728,0.0008326394671107411,0.09885036413704877,0.11280053989240658,True,True,36,RANDOM_ONE_TO_ONE_MATCHING
RANDOM_ONE_TO_ONE_MATCHING,560,tool_argument_distance,0.12357671292907844,0.08091656005487075,0.166812587127885,0.0008326394671107411,0.11491699996514736,0.1297233232114558,True,True,36,RANDOM_ONE_TO_ONE_MATCHING
RANDOM_ONE_TO_ONE_MATCHING,560,tool_name_distance,0.09527443786861862,0.05204039865949811,0.13996133978283248,0.0008326394671107411,0.08435658559631438,0.10195749444740591,True,True,36,RANDOM_ONE_TO_ONE_MATCHING
RANDOM_ONE_TO_ONE_MATCHING,560,stage_distance,0.10278470145683583,0.06247077470271498,0.14810901272322563,0.0008326394671107411,0.09289901056177735,0.10841674188360843,True,True,36,RANDOM_ONE_TO_ONE_MATCHING
RANDOM_ONE_TO_ONE_MATCHING,561,tool_argument_distance,0.09929327683202438,0.05823957822253149,0.14652880868318996,0.0008326394671107411,0.08993975140817746,0.10733467288881322,True,True,36,RANDOM_ONE_TO_ONE_MATCHING
RANDOM_ONE_TO_ONE_MATCHING,561,tool_name_distance,0.07742860994528382,0.03822135744875663,0.12066650774087471,0.0016652789342214821,0.06854666917810516,0.0846574890460679,True,True,36,RANDOM_ONE_TO_ONE_MATCHING
RANDOM_ONE_TO_ONE_MATCHING,561,stage_distance,0.08323583715177958,0.03833108881199411,0.1288048173880166,0.002497918401332223,0.07265073862142227,0.08990780430705939,True,True,36,RANDOM_ONE_TO_ONE_MATCHING
RANDOM_ONE_TO_ONE_MATCHING,562,tool_argument_distance,0.10286090836931966,0.05853184038091149,0.14594091146105848,0.0008326394671107411,0.09318011854591302,0.1110042367557455,True,True,36,RANDOM_ONE_TO_ONE_MATCHING
RANDOM_ONE_TO_ONE_MATCHING,562,tool_name_distance,0.08002476984117282,0.03863251365502691,0.11916981285293018,0.002497918401332223,0.07201065586467036,0.08732782493898228,True,True,36,RANDOM_ONE_TO_ONE_MATCHING
RANDOM_ONE_TO_ONE_MATCHING,562,stage_distance,0.08295492800165387,0.045801716226193064,0.1242357153247439,0.0008326394671107411,0.07461298881819256,0.08961886918121578,True,True,36,RANDOM_ONE_TO_ONE_MATCHING
RANDOM_ONE_TO_ONE_MATCHING,563,tool_argument_distance,0.11200151680837934,0.06909474927703672,0.15496736474085573,0.0008326394671107411,0.10301108395528545,0.11842187845179422,True,True,36,RANDOM_ONE_TO_ONE_MATCHING
RANDOM_ONE_TO_ONE_MATCHING,563,tool_name_distance,0.0881379935825047,0.04913386944615924,0.12494018078306482,0.0008326394671107411,0.07947184761477334,0.09403294429379717,True,True,36,RANDOM_ONE_TO_ONE_MATCHING
RANDOM_ONE_TO_ONE_MATCHING,563,stage_distance,0.09329661386728119,0.052406584745863204,0.1380613250231825,0.0008326394671107411,0.08299896610022392,0.09932407900993069,True,True,36,RANDOM_ONE_TO_ONE_MATCHING
RANDOM_ONE_TO_ONE_MATCHING,564,tool_argument_distance,0.1141948456876453,0.07768501549938485,0.15107486673824336,0.0008326394671107411,0.10812422223110182,0.12067787387046776,True,True,36,RANDOM_ONE_TO_ONE_MATCHING
RANDOM_ONE_TO_ONE_MATCHING,564,tool_name_distance,0.08505858565974637,0.05313482022261459,0.11896154914587559,0.0008326394671107411,0.07778353308758411,0.09058238714358104,True,True,36,RANDOM_ONE_TO_ONE_MATCHING
RANDOM_ONE_TO_ONE_MATCHING,564,stage_distance,0.091127672112342,0.059232536202761456,0.126721210990046,0.0008326394671107411,0.08457757839038171,0.09683464407601883,True,True,36,RANDOM_ONE_TO_ONE_MATCHING
RANDOM_ONE_TO_ONE_MATCHING,565,tool_argument_distance,0.10350639991954265,0.05951727004062574,0.15154192993870264,0.0008326394671107411,0.09609272996053392,0.11166817092168917,True,True,36,RANDOM_ONE_TO_ONE_MATCHING
RANDOM_ONE_TO_ONE_MATCHING,565,tool_name_distance,0.06774266243083298,0.026108924663847108,0.11100574611491508,0.004163197335553705,0.06056199752697292,0.0746948001740613,True,True,36,RANDOM_ONE_TO_ONE_MATCHING
RANDOM_ONE_TO_ONE_MATCHING,565,stage_distance,0.07472556629030154,0.03370014907776909,0.11685340876063599,0.002497918401332223,0.06760961439048495,0.08115438284953912,True,True,36,RANDOM_ONE_TO_ONE_MATCHING
RANDOM_ONE_TO_ONE_MATCHING,566,tool_argument_distance,0.10606143008322644,0.06324236687761281,0.15215444561743527,0.0008326394671107411,0.09807261283788905,0.11208284722431391,True,True,36,RANDOM_ONE_TO_ONE_MATCHING
RANDOM_ONE_TO_ONE_MATCHING,566,tool_name_distance,0.08629732646190981,0.04796963887805901,0.13039515187707004,0.0008326394671107411,0.07757196488410775,0.09140447418412408,True,True,36,RANDOM_ONE_TO_ONE_MATCHING
RANDOM_ONE_TO_ONE_MATCHING,566,stage_distance,0.09206516026708406,0.04922790413187506,0.13286662554099407,0.0008326394671107411,0.08336979540605986,0.09738882858783815,True,True,36,RANDOM_ONE_TO_ONE_MATCHING
RANDOM_ONE_TO_ONE_MATCHING,567,tool_argument_distance,0.11983148684662945,0.08097452978235307,0.16180923836183397,0.0008326394671107411,0.11011238647081883,0.1250002784697237,True,True,36,RANDOM_ONE_TO_ONE_MATCHING
RANDOM_ONE_TO_ONE_MATCHING,567,tool_name_distance,0.09298573875553756,0.05776099383859754,0.1264373553533778,0.0008326394671107411,0.0857387635734138,0.09817519249905104,True,True,36,RANDOM_ONE_TO_ONE_MATCHING
RANDOM_ONE_TO_ONE_MATCHING,567,stage_distance,0.10239895218379613,0.06548329018114275,0.14277939788331018,0.0008326394671107411,0.09331375217816312,0.10838147751391145,True,True,36,RANDOM_ONE_TO_ONE_MATCHING
RANDOM_ONE_TO_ONE_MATCHING,568,tool_argument_distance,0.116842003296192,0.08188541537263076,0.15442156374775826,0.0008326394671107411,0.10798987005703561,0.12232750950027726,True,True,36,RANDOM_ONE_TO_ONE_MATCHING
RANDOM_ONE_TO_ONE_MATCHING,568,tool_name_distance,0.08393437988038382,0.04975710658052818,0.12107901766015239,0.0008326394671107411,0.07680397481986458,0.08976122191721034,True,True,36,RANDOM_ONE_TO_ONE_MATCHING
RANDOM_ONE_TO_ONE_MATCHING,568,stage_distance,0.09531627290460093,0.05635057550490566,0.13586796073764984,0.0008326394671107411,0.0850763296814671,0.10005834124807249,True,True,36,RANDOM_ONE_TO_ONE_MATCHING
RANDOM_ONE_TO_ONE_MATCHING,569,tool_argument_distance,0.1058667540262203,0.06471754139013326,0.15196683849704581,0.0008326394671107411,0.09840147513692615,0.11409596371712902,True,True,36,RANDOM_ONE_TO_ONE_MATCHING
RANDOM_ONE_TO_ONE_MATCHING,569,tool_name_distance,0.07937914645071781,0.03467574296684109,0.12249046117421779,0.0016652789342214821,0.06895952394742592,0.08666375516594285,True,True,36,RANDOM_ONE_TO_ONE_MATCHING
RANDOM_ONE_TO_ONE_MATCHING,569,stage_distance,0.08671183332150321,0.04322286137272589,0.13252856312428316,0.0016652789342214821,0.07636691762257809,0.09348311465306083,True,True,36,RANDOM_ONE_TO_ONE_MATCHING
RANDOM_ONE_TO_ONE_MATCHING,570,tool_argument_distance,0.10130189999152397,0.05767057931281088,0.14753686730438947,0.0008326394671107411,0.0920057638008056,0.10676032721274552,True,True,36,RANDOM_ONE_TO_ONE_MATCHING
RANDOM_ONE_TO_ONE_MATCHING,570,tool_name_distance,0.07646193362213101,0.033772225442766514,0.11899634959312712,0.0008326394671107411,0.06881610503802237,0.08315096834045965,True,True,36,RANDOM_ONE_TO_ONE_MATCHING
RANDOM_ONE_TO_ONE_MATCHING,570,stage_distance,0.0826338943095453,0.03682551572954523,0.12622185685844586,0.0008326394671107411,0.07298397836464797,0.08823367565012204,True,True,36,RANDOM_ONE_TO_ONE_MATCHING
RANDOM_ONE_TO_ONE_MATCHING,571,tool_argument_distance,0.11549106249467932,0.0748303495504119,0.15705419848886465,0.0008326394671107411,0.10564794999452731,0.12065714010931963,True,True,36,RANDOM_ONE_TO_ONE_MATCHING
RANDOM_ONE_TO_ONE_MATCHING,571,tool_name_distance,0.0880550251060127,0.050001949281863974,0.12346095362965712,0.0008326394671107411,0.08086558508945804,0.09399959986357148,True,True,36,RANDOM_ONE_TO_ONE_MATCHING
RANDOM_ONE_TO_ONE_MATCHING,571,stage_distance,0.09317143721197113,0.06067164578062205,0.13454935957150704,0.0008326394671107411,0.08382259392142881,0.09836504504847378,True,True,36,RANDOM_ONE_TO_ONE_MATCHING
RANDOM_ONE_TO_ONE_MATCHING,572,tool_argument_distance,0.10536141107407075,0.058147229137071585,0.1459812035248196,0.0008326394671107411,0.09522887996190134,0.11357618239491805,True,True,36,RANDOM_ONE_TO_ONE_MATCHING
RANDOM_ONE_TO_ONE_MATCHING,572,tool_name_distance,0.08181923573898839,0.04404145943266734,0.12401885650827905,0.0016652789342214821,0.07347760433792136,0.08917356129102116,True,True,36,RANDOM_ONE_TO_ONE_MATCHING
RANDOM_ONE_TO_ONE_MATCHING,572,stage_distance,0.08808877571107349,0.045364313251820824,0.1304492927483426,0.0008326394671107411,0.07859471352050551,0.09489939825376167,True,True,36,RANDOM_ONE_TO_ONE_MATCHING
RANDOM_ONE_TO_ONE_MATCHING,573,tool_argument_distance,0.09971998328501577,0.06311954270063452,0.14290595087517882,0.0008326394671107411,0.09228295786413414,0.10515037280731938,True,True,36,RANDOM_ONE_TO_ONE_MATCHING
RANDOM_ONE_TO_ONE_MATCHING,573,tool_name_distance,0.07055735269712526,0.02996848312765409,0.11493648181462775,0.005828476269775187,0.0615523456103974,0.07650228827791405,True,True,36,RANDOM_ONE_TO_ONE_MATCHING
RANDOM_ONE_TO_ONE_MATCHING,573,stage_distance,0.08175692466215084,0.042132888007890223,0.1252371929834367,0.0008326394671107411,0.0738894877634347,0.0874751296399729,True,True,36,RANDOM_ONE_TO_ONE_MATCHING
RANDOM_ONE_TO_ONE_MATCHING,574,tool_argument_distance,0.10852507536842966,0.06994064174560424,0.14815745503610553,0.0008326394671107411,0.09970284808458393,0.11406743182535815,True,True,36,RANDOM_ONE_TO_ONE_MATCHING
RANDOM_ONE_TO_ONE_MATCHING,574,tool_name_distance,0.079278147236049,0.04264301954550561,0.11998968544218339,0.0008326394671107411,0.07007026251267576,0.08494509774073226,True,True,36,RANDOM_ONE_TO_ONE_MATCHING
RANDOM_ONE_TO_ONE_MATCHING,574,stage_distance,0.08592943555230632,0.04996824206429611,0.12642244445232223,0.0008326394671107411,0.07725761938400075,0.09140524778008853,True,True,36,RANDOM_ONE_TO_ONE_MATCHING
RANDOM_ONE_TO_ONE_MATCHING,575,tool_argument_distance,0.12834329482383955,0.08508956150533767,0.17021595220167116,0.0008326394671107411,0.11981976991404444,0.13523056441055323,True,True,36,RANDOM_ONE_TO_ONE_MATCHING
RANDOM_ONE_TO_ONE_MATCHING,575,tool_name_distance,0.09756648818789615,0.059343309606679384,0.13644781652089616,0.0008326394671107411,0.0906488042593953,0.10344765831539221,True,True,36,RANDOM_ONE_TO_ONE_MATCHING
RANDOM_ONE_TO_ONE_MATCHING,575,stage_distance,0.10715339588929128,0.06836809492996786,0.1514161078428248,0.0008326394671107411,0.09725165618000572,0.11331824567516666,True,True,36,RANDOM_ONE_TO_ONE_MATCHING
RANDOM_ONE_TO_ONE_MATCHING,576,tool_argument_distance,0.10387105452805301,0.06394383889187157,0.14627098923082124,0.0008326394671107411,0.09687628949491649,0.11034271002324178,True,True,36,RANDOM_ONE_TO_ONE_MATCHING
RANDOM_ONE_TO_ONE_MATCHING,576,tool_name_distance,0.07890487468703594,0.040477774454666056,0.11991101609162357,0.0016652789342214821,0.0724063827537486,0.08498545658996529,True,True,36,RANDOM_ONE_TO_ONE_MATCHING
RANDOM_ONE_TO_ONE_MATCHING,576,stage_distance,0.083399690705712,0.04667353715598251,0.12330810695974535,0.0008326394671107411,0.07662879751499083,0.09023179593787721,True,True,36,RANDOM_ONE_TO_ONE_MATCHING
RANDOM_ONE_TO_ONE_MATCHING,577,tool_argument_distance,0.10581005038850998,0.06455627875230205,0.15090865835159323,0.0008326394671107411,0.09664271849484837,0.11280036799339421,True,True,36,RANDOM_ONE_TO_ONE_MATCHING
RANDOM_ONE_TO_ONE_MATCHING,577,tool_name_distance,0.08783053289567486,0.051873617655525346,0.1286504654849022,0.0008326394671107411,0.08005747823876712,0.09347210700661718,True,True,36,RANDOM_ONE_TO_ONE_MATCHING
RANDOM_ONE_TO_ONE_MATCHING,577,stage_distance,0.09436062953150287,0.052742573989704146,0.13988507973167674,0.0008326394671107411,0.08504576316437577,0.1008954038339044,True,True,36,RANDOM_ONE_TO_ONE_MATCHING
RANDOM_ONE_TO_ONE_MATCHING,578,tool_argument_distance,0.11212034860702075,0.07278415082296086,0.15705790230929956,0.0008326394671107411,0.10388785640271918,0.11946680584315322,True,True,36,RANDOM_ONE_TO_ONE_MATCHING
RANDOM_ONE_TO_ONE_MATCHING,578,tool_name_distance,0.08248192001118532,0.046142265112775915,0.12054559644052841,0.0008326394671107411,0.07385258463982895,0.08946559509135482,True,True,36,RANDOM_ONE_TO_ONE_MATCHING
RANDOM_ONE_TO_ONE_MATCHING,578,stage_distance,0.08859157614283102,0.05045677596752167,0.12908818511446382,0.0008326394671107411,0.08131255995099354,0.09573493810712518,True,True,36,RANDOM_ONE_TO_ONE_MATCHING
RANDOM_ONE_TO_ONE_MATCHING,579,tool_argument_distance,0.10753252491531456,0.07173696212897217,0.14971538941455878,0.0008326394671107411,0.09841440657956164,0.11371663698739432,True,True,36,RANDOM_ONE_TO_ONE_MATCHING
RANDOM_ONE_TO_ONE_MATCHING,579,tool_name_distance,0.08379381034383795,0.05038630661398483,0.12093512622932259,0.0008326394671107411,0.07531018266163964,0.08878209075147489,True,True,36,RANDOM_ONE_TO_ONE_MATCHING
RANDOM_ONE_TO_ONE_MATCHING,579,stage_distance,0.08732423175776853,0.048660865573268354,0.12710985245253703,0.0008326394671107411,0.07780832545424898,0.09312000735052472,True,True,36,RANDOM_ONE_TO_ONE_MATCHING
RANDOM_ONE_TO_ONE_MATCHING,580,tool_argument_distance,0.10190496394221865,0.06077447458978414,0.14312100020261462,0.0008326394671107411,0.09391643814047156,0.11002097963072732,True,True,36,RANDOM_ONE_TO_ONE_MATCHING
RANDOM_ONE_TO_ONE_MATCHING,580,tool_name_distance,0.07856482876015686,0.04070541195658626,0.11612011244819628,0.0016652789342214821,0.07052703969937718,0.08582617125565159,True,True,36,RANDOM_ONE_TO_ONE_MATCHING
RANDOM_ONE_TO_ONE_MATCHING,580,stage_distance,0.08942940718144707,0.051704229449656816,0.12811846811006714,0.0016652789342214821,0.0820480663930217,0.09627833348043165,True,True,36,RANDOM_ONE_TO_ONE_MATCHING
RANDOM_ONE_TO_ONE_MATCHING,581,tool_argument_distance,0.11310559552372901,0.06977249784171112,0.16162107952026236,0.0008326394671107411,0.10414670777678797,0.1182522868505227,True,True,36,RANDOM_ONE_TO_ONE_MATCHING
RANDOM_ONE_TO_ONE_MATCHING,581,tool_name_distance,0.09317403698349554,0.050991981986391224,0.1361421027517157,0.0008326394671107411,0.08243426849542586,0.09853893870359008,True,True,36,RANDOM_ONE_TO_ONE_MATCHING
RANDOM_ONE_TO_ONE_MATCHING,581,stage_distance,0.09684312956346657,0.05227720098876974,0.1420016816535911,0.0008326394671107411,0.0866468108163003,0.10323381052846585,True,True,36,RANDOM_ONE_TO_ONE_MATCHING
RANDOM_ONE_TO_ONE_MATCHING,582,tool_argument_distance,0.09884357909495058,0.06149265999886645,0.14250077913418213,0.0008326394671107411,0.08852482421194915,0.105047273191541,True,True,36,RANDOM_ONE_TO_ONE_MATCHING
RANDOM_ONE_TO_ONE_MATCHING,582,tool_name_distance,0.07783078846105809,0.04063525948347133,0.11329355027487935,0.0008326394671107411,0.07056567761395495,0.08380356319035592,True,True,36,RANDOM_ONE_TO_ONE_MATCHING
RANDOM_ONE_TO_ONE_MATCHING,582,stage_distance,0.08472757947157843,0.04485236387555882,0.12831061964976415,0.0008326394671107411,0.07513748310273916,0.09051623028666843,True,True,36,RANDOM_ONE_TO_ONE_MATCHING
RANDOM_ONE_TO_ONE_MATCHING,583,tool_argument_distance,0.11079406765645398,0.0656885554279285,0.1553484261750562,0.0008326394671107411,0.10176913625616218,0.11831567790830608,True,True,36,RANDOM_ONE_TO_ONE_MATCHING
RANDOM_ONE_TO_ONE_MATCHING,583,tool_name_distance,0.07954621484667244,0.036137279957566895,0.12380932517394093,0.0008326394671107411,0.07132001517191441,0.08685513782496425,True,True,36,RANDOM_ONE_TO_ONE_MATCHING
RANDOM_ONE_TO_ONE_MATCHING,583,stage_distance,0.08489916835543043,0.04042376678258761,0.13079027348288064,0.0008326394671107411,0.0753139745261298,0.09197985777660689,True,True,36,RANDOM_ONE_TO_ONE_MATCHING
RANDOM_ONE_TO_ONE_MATCHING,584,tool_argument_distance,0.12090072218733844,0.08214769104467631,0.15672625697387943,0.0008326394671107411,0.11226445614497571,0.1261248698053894,True,True,36,RANDOM_ONE_TO_ONE_MATCHING
RANDOM_ONE_TO_ONE_MATCHING,584,tool_name_distance,0.09482304837774796,0.057944156108766715,0.13056029768761965,0.0008326394671107411,0.087463727834276,0.09963227833139791,True,True,36,RANDOM_ONE_TO_ONE_MATCHING
RANDOM_ONE_TO_ONE_MATCHING,584,stage_distance,0.09780134465073763,0.06194517848586439,0.13320439394263456,0.0008326394671107411,0.09134470070407634,0.1023441351320822,True,True,36,RANDOM_ONE_TO_ONE_MATCHING
RANDOM_ONE_TO_ONE_MATCHING,585,tool_argument_distance,0.10913234322358398,0.0698744706440431,0.14724332228543627,0.0008326394671107411,0.10291707683949591,0.11563000200956396,True,True,36,RANDOM_ONE_TO_ONE_MATCHING
RANDOM_ONE_TO_ONE_MATCHING,585,tool_name_distance,0.08098595868117929,0.043769247260445725,0.12013106981526754,0.0008326394671107411,0.07191705616071165,0.08727203837318383,True,True,36,RANDOM_ONE_TO_ONE_MATCHING
RANDOM_ONE_TO_ONE_MATCHING,585,stage_distance,0.08973235705601287,0.05172425297477279,0.1259614326000381,0.0008326394671107411,0.08208910920772662,0.09514390890538346,True,True,36,RANDOM_ONE_TO_ONE_MATCHING
RANDOM_ONE_TO_ONE_MATCHING,586,tool_argument_distance,0.10990708817897984,0.06701491854425212,0.151643260083704,0.0008326394671107411,0.09990443355552214,0.11825173598853884,True,True,36,RANDOM_ONE_TO_ONE_MATCHING
RANDOM_ONE_TO_ONE_MATCHING,586,tool_name_distance,0.08501033665272002,0.04827172705127736,0.12328907935351129,0.0008326394671107411,0.07715670496029929,0.09245583651657371,True,True,36,RANDOM_ONE_TO_ONE_MATCHING
RANDOM_ONE_TO_ONE_MATCHING,586,stage_distance,0.0980317217447058,0.05911563466148074,0.13857089273824658,0.0008326394671107411,0.08882174372652733,0.10512642845978348,True,True,36,RANDOM_ONE_TO_ONE_MATCHING
RANDOM_ONE_TO_ONE_MATCHING,587,tool_argument_distance,0.11016113904888394,0.066168689926809,0.15495030322480863,0.0008326394671107411,0.10016574302170919,0.1173105442522247,True,True,36,RANDOM_ONE_TO_ONE_MATCHING
RANDOM_ONE_TO_ONE_MATCHING,587,tool_name_distance,0.08484565759000531,0.04738385046293603,0.1249146222701561,0.0008326394671107411,0.07720126873831211,0.09117118031858784,True,True,36,RANDOM_ONE_TO_ONE_MATCHING
RANDOM_ONE_TO_ONE_MATCHING,587,stage_distance,0.09345691448714064,0.055799726666606736,0.13626958214601348,0.0008326394671107411,0.08411622769017461,0.10001359840743328,True,True,36,RANDOM_ONE_TO_ONE_MATCHING
RANDOM_ONE_TO_ONE_MATCHING,588,tool_argument_distance,0.10393637211755322,0.06931270827050595,0.1429145421871036,0.0008326394671107411,0.09641593945944002,0.10932248450688144,True,True,36,RANDOM_ONE_TO_ONE_MATCHING
RANDOM_ONE_TO_ONE_MATCHING,588,tool_name_distance,0.07685290098931584,0.04277801414269721,0.11208386557875427,0.0008326394671107411,0.06952016796048037,0.08214530843884213,True,True,36,RANDOM_ONE_TO_ONE_MATCHING
RANDOM_ONE_TO_ONE_MATCHING,588,stage_distance,0.08490300079425393,0.04675297239675823,0.12353755653919142,0.0008326394671107411,0.07762682184353935,0.09041053637571328,True,True,36,RANDOM_ONE_TO_ONE_MATCHING
RANDOM_ONE_TO_ONE_MATCHING,589,tool_argument_distance,0.11422546675423557,0.07454083121886826,0.15626552074964425,0.0008326394671107411,0.10593984516943594,0.11953925290974006,True,True,36,RANDOM_ONE_TO_ONE_MATCHING
RANDOM_ONE_TO_ONE_MATCHING,589,tool_name_distance,0.08926735882115544,0.04614677293269481,0.1310862612249813,0.0008326394671107411,0.08104325161287099,0.09411475577008943,True,True,36,RANDOM_ONE_TO_ONE_MATCHING
RANDOM_ONE_TO_ONE_MATCHING,589,stage_distance,0.09476893556881447,0.05574376813227883,0.13682620164203685,0.0008326394671107411,0.0871210638866536,0.09957609034168005,True,True,36,RANDOM_ONE_TO_ONE_MATCHING
RANDOM_ONE_TO_ONE_MATCHING,590,tool_argument_distance,0.11293399613675652,0.06999588213060276,0.15771148552829223,0.0008326394671107411,0.10397020555018766,0.12136512703082342,True,True,36,RANDOM_ONE_TO_ONE_MATCHING
RANDOM_ONE_TO_ONE_MATCHING,590,tool_name_distance,0.09260882844334645,0.05384407549049197,0.1314655874093244,0.0008326394671107411,0.08495425899833466,0.10027142807264658,True,True,36,RANDOM_ONE_TO_ONE_MATCHING
RANDOM_ONE_TO_ONE_MATCHING,590,stage_distance,0.09923940925097356,0.0572659115677665,0.14229986345730694,0.0016652789342214821,0.08911155563773607,0.10636862132337319,True,True,36,RANDOM_ONE_TO_ONE_MATCHING
RANDOM_ONE_TO_ONE_MATCHING,591,tool_argument_distance,0.11408199541050829,0.07094453033524202,0.1582609229439845,0.0008326394671107411,0.10473503558722025,0.12015417940636411,True,True,36,RANDOM_ONE_TO_ONE_MATCHING
RANDOM_ONE_TO_ONE_MATCHING,591,tool_name_distance,0.0924919684021658,0.054304526060194966,0.13244115676660131,0.0008326394671107411,0.08275974552451998,0.09728750612370915,True,True,36,RANDOM_ONE_TO_ONE_MATCHING
RANDOM_ONE_TO_ONE_MATCHING,591,stage_distance,0.09795892232860928,0.05527859985399455,0.14345323630174336,0.0008326394671107411,0.08757452872620673,0.10339512796823455,True,True,36,RANDOM_ONE_TO_ONE_MATCHING
RANDOM_ONE_TO_ONE_MATCHING,592,tool_argument_distance,0.1148538627625055,0.07593671638931056,0.1526952627715403,0.0008326394671107411,0.10880161485050452,0.12069948892004081,True,True,36,RANDOM_ONE_TO_ONE_MATCHING
RANDOM_ONE_TO_ONE_MATCHING,592,tool_name_distance,0.0803348642085979,0.04153121758809678,0.11993568336272208,0.0016652789342214821,0.07213119737275202,0.08624169694368272,True,True,36,RANDOM_ONE_TO_ONE_MATCHING
RANDOM_ONE_TO_ONE_MATCHING,592,stage_distance,0.08889911259531742,0.051526848781537224,0.12765156286895818,0.0008326394671107411,0.08211589614627825,0.09378504302977334,True,True,36,RANDOM_ONE_TO_ONE_MATCHING
RANDOM_ONE_TO_ONE_MATCHING,593,tool_argument_distance,0.12106928932679481,0.07941472093927576,0.16680338067070635,0.0008326394671107411,0.11233793568851277,0.12696895440524575,True,True,36,RANDOM_ONE_TO_ONE_MATCHING
RANDOM_ONE_TO_ONE_MATCHING,593,tool_name_distance,0.08458214783649484,0.04493902313972972,0.12410036366953779,0.0008326394671107411,0.07649983196144602,0.08970156700953225,True,True,36,RANDOM_ONE_TO_ONE_MATCHING
RANDOM_ONE_TO_ONE_MATCHING,593,stage_distance,0.08847720778908356,0.04754118462056383,0.12797488066637092,0.0008326394671107411,0.0789942436578873,0.09387699503349582,True,True,36,RANDOM_ONE_TO_ONE_MATCHING
RANDOM_ONE_TO_ONE_MATCHING,594,tool_argument_distance,0.10618321694480742,0.06197724100841967,0.15322841792055,0.0008326394671107411,0.09522168884789618,0.11212794061563251,True,True,36,RANDOM_ONE_TO_ONE_MATCHING
RANDOM_ONE_TO_ONE_MATCHING,594,tool_name_distance,0.07953747728715321,0.03811464252768312,0.11867195731671362,0.0008326394671107411,0.0715094406662502,0.08495961395493888,True,True,36,RANDOM_ONE_TO_ONE_MATCHING
RANDOM_ONE_TO_ONE_MATCHING,594,stage_distance,0.08296187919368962,0.03865707642581877,0.13094316655249535,0.0016652789342214821,0.0733213342454821,0.08918848191781184,True,True,36,RANDOM_ONE_TO_ONE_MATCHING
RANDOM_ONE_TO_ONE_MATCHING,595,tool_argument_distance,0.11685910002101073,0.0780528925717888,0.15818383342842673,0.0008326394671107411,0.10887022582247684,0.1219530482910136,True,True,36,RANDOM_ONE_TO_ONE_MATCHING
RANDOM_ONE_TO_ONE_MATCHING,595,tool_name_distance,0.0876337725593853,0.05376228318533578,0.1222711737428918,0.0008326394671107411,0.07925985808334547,0.0917659493465796,True,True,36,RANDOM_ONE_TO_ONE_MATCHING
RANDOM_ONE_TO_ONE_MATCHING,595,stage_distance,0.09255202702233317,0.06127867625612828,0.12704910062398017,0.0008326394671107411,0.08509756628130974,0.09725737470228579,True,True,36,RANDOM_ONE_TO_ONE_MATCHING
RANDOM_ONE_TO_ONE_MATCHING,596,tool_argument_distance,0.13110274281546697,0.08751560773897357,0.17795612694908106,0.0008326394671107411,0.12170567832448032,0.13760072278100935,True,True,36,RANDOM_ONE_TO_ONE_MATCHING
RANDOM_ONE_TO_ONE_MATCHING,596,tool_name_distance,0.10122054264835774,0.06410189352019877,0.14094721660627677,0.0008326394671107411,0.0944252977939076,0.10734877555590078,True,True,36,RANDOM_ONE_TO_ONE_MATCHING
RANDOM_ONE_TO_ONE_MATCHING,596,stage_distance,0.10686802544470057,0.06765890256383332,0.14954726544915142,0.0008326394671107411,0.09791051324652196,0.11314274028393108,True,True,36,RANDOM_ONE_TO_ONE_MATCHING
RANDOM_ONE_TO_ONE_MATCHING,597,tool_argument_distance,0.1147325613583187,0.07565216659580311,0.15508764737005368,0.0008326394671107411,0.10582015834950875,0.1206264815958172,True,True,36,RANDOM_ONE_TO_ONE_MATCHING
RANDOM_ONE_TO_ONE_MATCHING,597,tool_name_distance,0.08279890421467942,0.04686391154353487,0.1212409127490488,0.0008326394671107411,0.07526087661710254,0.08944297729224303,True,True,36,RANDOM_ONE_TO_ONE_MATCHING
RANDOM_ONE_TO_ONE_MATCHING,597,stage_distance,0.09270076817512565,0.05555583222144037,0.1288714136940021,0.0008326394671107411,0.0833384771978163,0.09820342638115095,True,True,36,RANDOM_ONE_TO_ONE_MATCHING
RANDOM_ONE_TO_ONE_MATCHING,598,tool_argument_distance,0.10593679168365944,0.061131460777880585,0.15409867050373216,0.0008326394671107411,0.09677308096985925,0.1129655012479938,True,True,36,RANDOM_ONE_TO_ONE_MATCHING
RANDOM_ONE_TO_ONE_MATCHING,598,tool_name_distance,0.07871043783001737,0.03642674065224781,0.12062857350047064,0.0008326394671107411,0.06731932841375309,0.08477343938214976,True,True,36,RANDOM_ONE_TO_ONE_MATCHING
RANDOM_ONE_TO_ONE_MATCHING,598,stage_distance,0.08714179252787915,0.040519831094222705,0.1392899671608774,0.0016652789342214821,0.07585678042532668,0.09272285720568917,True,True,36,RANDOM_ONE_TO_ONE_MATCHING
RANDOM_ONE_TO_ONE_MATCHING,599,tool_argument_distance,0.10703902834605075,0.06554653985227156,0.14679796544753795,0.0008326394671107411,0.09790681010831888,0.11245646997226445,True,True,36,RANDOM_ONE_TO_ONE_MATCHING
RANDOM_ONE_TO_ONE_MATCHING,599,tool_name_distance,0.08275282919709165,0.044931053172144714,0.1252799458306528,0.0008326394671107411,0.07487857722124719,0.08824829359534792,True,True,36,RANDOM_ONE_TO_ONE_MATCHING
RANDOM_ONE_TO_ONE_MATCHING,599,stage_distance,0.09159463161684771,0.047775351296551714,0.13449208361869677,0.0016652789342214821,0.08220073673787327,0.09715008818008186,True,True,36,RANDOM_ONE_TO_ONE_MATCHING
RANDOM_ONE_TO_ONE_MATCHING,600,tool_argument_distance,0.11257029032050737,0.07491579785807928,0.15462428448564244,0.0008326394671107411,0.10359610813918853,0.11761309391137692,True,True,36,RANDOM_ONE_TO_ONE_MATCHING
RANDOM_ONE_TO_ONE_MATCHING,600,tool_name_distance,0.08796698664606274,0.05000305650697331,0.12749599872771408,0.0008326394671107411,0.07850230397221082,0.09307536186669729,True,True,36,RANDOM_ONE_TO_ONE_MATCHING
RANDOM_ONE_TO_ONE_MATCHING,600,stage_distance,0.0948113223957945,0.06059291081331558,0.13444646597787688,0.0008326394671107411,0.08455695201526618,0.1000618590130303,True,True,36,RANDOM_ONE_TO_ONE_MATCHING
RANDOM_ONE_TO_ONE_MATCHING,601,tool_argument_distance,0.1047498862644895,0.06119179549024653,0.1498011940858739,0.0008326394671107411,0.09459988301490348,0.1108955746248808,True,True,36,RANDOM_ONE_TO_ONE_MATCHING
RANDOM_ONE_TO_ONE_MATCHING,601,tool_name_distance,0.0752012279035528,0.037146608600160946,0.11468451447882204,0.0016652789342214821,0.06734931112884532,0.08101314515000486,True,True,36,RANDOM_ONE_TO_ONE_MATCHING
RANDOM_ONE_TO_ONE_MATCHING,601,stage_distance,0.08005372379379762,0.044919661283880016,0.12264049189441753,0.0016652789342214821,0.07033008869130748,0.08496220118542792,True,True,36,RANDOM_ONE_TO_ONE_MATCHING
RANDOM_ONE_TO_ONE_MATCHING,602,tool_argument_distance,0.11685693054859701,0.07897823435089317,0.15892382992906479,0.0008326394671107411,0.10970565670279937,0.12263624251909945,True,True,36,RANDOM_ONE_TO_ONE_MATCHING
RANDOM_ONE_TO_ONE_MATCHING,602,tool_name_distance,0.08678672782151671,0.05282820511928351,0.12498721242646958,0.0008326394671107411,0.07976470024178745,0.09151907895486182,True,True,36,RANDOM_ONE_TO_ONE_MATCHING
RANDOM_ONE_TO_ONE_MATCHING,602,stage_distance,0.09151013517108028,0.05771945093901859,0.12952972492021197,0.0008326394671107411,0.08470367435493219,0.09565460807729449,True,True,36,RANDOM_ONE_TO_ONE_MATCHING
RANDOM_ONE_TO_ONE_MATCHING,603,tool_argument_distance,0.09887125926359017,0.05807559157067613,0.14545167461847497,0.0008326394671107411,0.08950567619493086,0.10661498840984529,True,True,36,RANDOM_ONE_TO_ONE_MATCHING
RANDOM_ONE_TO_ONE_MATCHING,603,tool_name_distance,0.067336773747188,0.02908595461192193,0.10723529595944892,0.002497918401332223,0.05973215136857746,0.07413812539247866,True,True,36,RANDOM_ONE_TO_ONE_MATCHING
RANDOM_ONE_TO_ONE_MATCHING,603,stage_distance,0.07446559413597954,0.030759075230207048,0.11991590633355963,0.004163197335553705,0.06362991723374223,0.08181095199937083,True,True,36,RANDOM_ONE_TO_ONE_MATCHING
RANDOM_ONE_TO_ONE_MATCHING,604,tool_argument_distance,0.12619099610162804,0.0821047240792562,0.17061281690647934,0.0008326394671107411,0.11760597694262694,0.1350008984232627,True,True,36,RANDOM_ONE_TO_ONE_MATCHING
RANDOM_ONE_TO_ONE_MATCHING,604,tool_name_distance,0.09384248617876248,0.05638524911379355,0.13278829725689562,0.0008326394671107411,0.08622316409761972,0.10154033317193165,True,True,36,RANDOM_ONE_TO_ONE_MATCHING
RANDOM_ONE_TO_ONE_MATCHING,604,stage_distance,0.10873069609777689,0.06789375482195813,0.14822478891016697,0.0008326394671107411,0.09982640306111472,0.11613108779437091,True,True,36,RANDOM_ONE_TO_ONE_MATCHING
RANDOM_ONE_TO_ONE_MATCHING,605,tool_argument_distance,0.11738619940431924,0.07722621111601148,0.16050446607530833,0.0008326394671107411,0.1109775607533412,0.12330417803733497,True,True,36,RANDOM_ONE_TO_ONE_MATCHING
RANDOM_ONE_TO_ONE_MATCHING,605,tool_name_distance,0.08863653628682226,0.05375361052540356,0.12697353376664083,0.0008326394671107411,0.08186053627225898,0.09478055965271348,True,True,36,RANDOM_ONE_TO_ONE_MATCHING
RANDOM_ONE_TO_ONE_MATCHING,605,stage_distance,0.09264763463428063,0.05848730289911375,0.12568862011733312,0.0008326394671107411,0.08614096841294716,0.09789601416085005,True,True,36,RANDOM_ONE_TO_ONE_MATCHING
RANDOM_ONE_TO_ONE_MATCHING,606,tool_argument_distance,0.10850788693607301,0.06420011649680891,0.15547505370977135,0.0008326394671107411,0.09941763608662747,0.11430743200499482,True,True,36,RANDOM_ONE_TO_ONE_MATCHING
RANDOM_ONE_TO_ONE_MATCHING,606,tool_name_distance,0.07264586800050983,0.032903859291499214,0.11494668530706491,0.0016652789342214821,0.06424055307675611,0.07759829428771862,True,True,36,RANDOM_ONE_TO_ONE_MATCHING
RANDOM_ONE_TO_ONE_MATCHING,606,stage_distance,0.08431456771203244,0.04481697781511892,0.12991102895933473,0.0008326394671107411,0.0737602900548252,0.08958551069993381,True,True,36,RANDOM_ONE_TO_ONE_MATCHING
RANDOM_ONE_TO_ONE_MATCHING,607,tool_argument_distance,0.12200310240188794,0.07939580793905053,0.1639661522265839,0.0008326394671107411,0.11329842913717997,0.1280701524703879,True,True,36,RANDOM_ONE_TO_ONE_MATCHING
RANDOM_ONE_TO_ONE_MATCHING,607,tool_name_distance,0.09278449823351964,0.05516597213458644,0.13508569805590925,0.0008326394671107411,0.08441455244783162,0.09839975102868846,True,True,36,RANDOM_ONE_TO_ONE_MATCHING
RANDOM_ONE_TO_ONE_MATCHING,607,stage_distance,0.09391503449902708,0.05335117149455663,0.13665935819961458,0.0008326394671107411,0.08458743684525778,0.09998061404361705,True,True,36,RANDOM_ONE_TO_ONE_MATCHING
RANDOM_ONE_TO_ONE_MATCHING,608,tool_argument_distance,0.10868161781492346,0.0684743669079624,0.15259749945970444,0.0008326394671107411,0.10023760054614349,0.11569255088680815,True,True,36,RANDOM_ONE_TO_ONE_MATCHING
RANDOM_ONE_TO_ONE_MATCHING,608,tool_name_distance,0.08337108257440394,0.0416255862280231,0.12273005011034858,0.0008326394671107411,0.07497851033049802,0.08993402258370847,True,True,36,RANDOM_ONE_TO_ONE_MATCHING
RANDOM_ONE_TO_ONE_MATCHING,608,stage_distance,0.08587915077299885,0.042907828479584034,0.12727128255069906,0.0016652789342214821,0.07797728523952899,0.09154577380963284,True,True,36,RANDOM_ONE_TO_ONE_MATCHING
RANDOM_ONE_TO_ONE_MATCHING,609,tool_argument_distance,0.11028060608960367,0.06435692484306478,0.15724364808803662,0.0008326394671107411,0.09963455895238503,0.11804506626849458,True,True,36,RANDOM_ONE_TO_ONE_MATCHING
RANDOM_ONE_TO_ONE_MATCHING,609,tool_name_distance,0.08774384829029196,0.049464649741272244,0.13046690324235247,0.0008326394671107411,0.07996831693037328,0.09482300890299242,True,True,36,RANDOM_ONE_TO_ONE_MATCHING
RANDOM_ONE_TO_ONE_MATCHING,609,stage_distance,0.08939017346006867,0.048715917740208496,0.12858396180500956,0.0008326394671107411,0.08236957524146746,0.09722299793662684,True,True,36,RANDOM_ONE_TO_ONE_MATCHING
RANDOM_ONE_TO_ONE_MATCHING,610,tool_argument_distance,0.10111659607291512,0.06454114273482718,0.1398779707266593,0.0008326394671107411,0.09330395817331492,0.10806977684473584,True,True,36,RANDOM_ONE_TO_ONE_MATCHING
RANDOM_ONE_TO_ONE_MATCHING,610,tool_name_distance,0.07422143146998847,0.03745211748174984,0.10948088941584724,0.0008326394671107411,0.06476084404507411,0.080364786766944,True,True,36,RANDOM_ONE_TO_ONE_MATCHING
RANDOM_ONE_TO_ONE_MATCHING,610,stage_distance,0.07808685096197271,0.03749483164299399,0.116926473879641,0.0016652789342214821,0.06991246166972975,0.08504727281770616,True,True,36,RANDOM_ONE_TO_ONE_MATCHING
RANDOM_ONE_TO_ONE_MATCHING,611,tool_argument_distance,0.10051254644409302,0.06277660893388488,0.1382333221001133,0.0008326394671107411,0.0940510001520195,0.10660465179138544,True,True,36,RANDOM_ONE_TO_ONE_MATCHING
RANDOM_ONE_TO_ONE_MATCHING,611,tool_name_distance,0.07691379837509711,0.04160301593401724,0.11300971191841601,0.0008326394671107411,0.07035841854718296,0.08220489165079892,True,True,36,RANDOM_ONE_TO_ONE_MATCHING
RANDOM_ONE_TO_ONE_MATCHING,611,stage_distance,0.08363060570090938,0.04950401773797267,0.12109363355582056,0.0008326394671107411,0.0768663100814796,0.08912337576711671,True,True,36,RANDOM_ONE_TO_ONE_MATCHING
RANDOM_ONE_TO_ONE_MATCHING,612,tool_argument_distance,0.10034942547827598,0.06190957625615165,0.13972707934410292,0.0008326394671107411,0.0900736947776553,0.10599204925749436,True,True,36,RANDOM_ONE_TO_ONE_MATCHING
RANDOM_ONE_TO_ONE_MATCHING,612,tool_name_distance,0.07968127723752483,0.0457240220021151,0.11685296797716822,0.0008326394671107411,0.07246903749832073,0.08457138466467959,True,True,36,RANDOM_ONE_TO_ONE_MATCHING
RANDOM_ONE_TO_ONE_MATCHING,612,stage_distance,0.08931219489965549,0.05417685098641017,0.12710673600014757,0.0008326394671107411,0.079853087543047,0.09369226318740471,True,True,36,RANDOM_ONE_TO_ONE_MATCHING
RANDOM_ONE_TO_ONE_MATCHING,613,tool_argument_distance,0.11359380714618747,0.07175808922256888,0.15675718360619123,0.0008326394671107411,0.10403448638836325,0.12175818051765966,True,True,36,RANDOM_ONE_TO_ONE_MATCHING
RANDOM_ONE_TO_ONE_MATCHING,613,tool_name_distance,0.08900678689861875,0.05114700774736946,0.1284882258880154,0.0008326394671107411,0.08206099029258877,0.09642728177680743,True,True,36,RANDOM_ONE_TO_ONE_MATCHING
RANDOM_ONE_TO_ONE_MATCHING,613,stage_distance,0.09256335460363802,0.05538129083184344,0.13072432439139828,0.0008326394671107411,0.08605428038142904,0.10042579133753383,True,True,36,RANDOM_ONE_TO_ONE_MATCHING
RANDOM_ONE_TO_ONE_MATCHING,614,tool_argument_distance,0.11826004847145836,0.08092851663974435,0.15783445151685427,0.0008326394671107411,0.10944843080873808,0.1248592253052469,True,True,36,RANDOM_ONE_TO_ONE_MATCHING
RANDOM_ONE_TO_ONE_MATCHING,614,tool_name_distance,0.09274409157635395,0.059703355270329016,0.12811447838348916,0.0008326394671107411,0.08664100583990429,0.09848747894352025,True,True,36,RANDOM_ONE_TO_ONE_MATCHING
RANDOM_ONE_TO_ONE_MATCHING,614,stage_distance,0.09937694256598982,0.06006581512160327,0.13807612601529975,0.0008326394671107411,0.0892530184760385,0.10531960797119944,True,True,36,RANDOM_ONE_TO_ONE_MATCHING
RANDOM_ONE_TO_ONE_MATCHING,615,tool_argument_distance,0.10792700117644423,0.06621645348914963,0.15239612753610357,0.0008326394671107411,0.09966079813165385,0.11621507507164508,True,True,36,RANDOM_ONE_TO_ONE_MATCHING
RANDOM_ONE_TO_ONE_MATCHING,615,tool_name_distance,0.08274117181244217,0.03902347897491134,0.12876980917153982,0.0016652789342214821,0.07422746874363254,0.09012183839514505,True,True,36,RANDOM_ONE_TO_ONE_MATCHING
RANDOM_ONE_TO_ONE_MATCHING,615,stage_distance,0.08984309239101479,0.04802200623586508,0.13215872364024578,0.0016652789342214821,0.08187833308476754,0.09670383826741559,True,True,36,RANDOM_ONE_TO_ONE_MATCHING
RANDOM_ONE_TO_ONE_MATCHING,616,tool_argument_distance,0.11320612048882844,0.0672802209364584,0.159680564444319,0.0008326394671107411,0.10425010488374735,0.11888820866835807,True,True,36,RANDOM_ONE_TO_ONE_MATCHING
RANDOM_ONE_TO_ONE_MATCHING,616,tool_name_distance,0.08092782949583094,0.041163207443898724,0.12453056387759887,0.0008326394671107411,0.07274110452533458,0.08714318449654133,True,True,36,RANDOM_ONE_TO_ONE_MATCHING
RANDOM_ONE_TO_ONE_MATCHING,616,stage_distance,0.08689363060208566,0.04720466392452608,0.13126508207576748,0.0008326394671107411,0.07736542140840375,0.09300004016818836,True,True,36,RANDOM_ONE_TO_ONE_MATCHING
RANDOM_ONE_TO_ONE_MATCHING,617,tool_argument_distance,0.10967901682735087,0.0695945228756862,0.151410873365999,0.0008326394671107411,0.10062222683194186,0.11603302132845063,True,True,36,RANDOM_ONE_TO_ONE_MATCHING
RANDOM_ONE_TO_ONE_MATCHING,617,tool_name_distance,0.08553471315543218,0.049541281464137506,0.12094042688296325,0.0008326394671107411,0.07789447634721593,0.09156423308609944,True,True,36,RANDOM_ONE_TO_ONE_MATCHING
RANDOM_ONE_TO_ONE_MATCHING,617,stage_distance,0.08705118489674436,0.049215313452080356,0.12907491527249054,0.0008326394671107411,0.07752747725433841,0.09273750426954751,True,True,36,RANDOM_ONE_TO_ONE_MATCHING
RANDOM_ONE_TO_ONE_MATCHING,618,tool_argument_distance,0.10982581126346382,0.07318407411331102,0.14974088531395707,0.0008326394671107411,0.10269995532154082,0.11577638999797547,True,True,36,RANDOM_ONE_TO_ONE_MATCHING
RANDOM_ONE_TO_ONE_MATCHING,618,tool_name_distance,0.09427641444234855,0.05958777897393997,0.128268645880029,0.0008326394671107411,0.08726472840683205,0.09951718601251094,True,True,36,RANDOM_ONE_TO_ONE_MATCHING
RANDOM_ONE_TO_ONE_MATCHING,618,stage_distance,0.09997540004707975,0.060787388194902744,0.13780714336327846,0.0008326394671107411,0.09271499816015442,0.1053641250577407,True,True,36,RANDOM_ONE_TO_ONE_MATCHING
RANDOM_ONE_TO_ONE_MATCHING,619,tool_argument_distance,0.11383740870041385,0.0712270090243259,0.15730799676747367,0.0008326394671107411,0.10574007444202259,0.12114072124827163,True,True,36,RANDOM_ONE_TO_ONE_MATCHING
RANDOM_ONE_TO_ONE_MATCHING,619,tool_name_distance,0.08672690712188451,0.04522785496366613,0.1288014490498787,0.0016652789342214821,0.07913626825681642,0.09393574243136062,True,True,36,RANDOM_ONE_TO_ONE_MATCHING
RANDOM_ONE_TO_ONE_MATCHING,619,stage_distance,0.0941036168006405,0.05538782446651548,0.1330746551800124,0.0008326394671107411,0.08754132348683358,0.10150834052415875,True,True,36,RANDOM_ONE_TO_ONE_MATCHING
RANDOM_ONE_TO_ONE_MATCHING,620,tool_argument_distance,0.1303747389901091,0.09050392038730122,0.16940576328494336,0.0008326394671107411,0.12372873586168799,0.13551570074865285,True,True,36,RANDOM_ONE_TO_ONE_MATCHING
RANDOM_ONE_TO_ONE_MATCHING,620,tool_name_distance,0.10397547734871841,0.0691826281470624,0.1398939670639509,0.0008326394671107411,0.09644725660259026,0.10921253472108966,True,True,36,RANDOM_ONE_TO_ONE_MATCHING
RANDOM_ONE_TO_ONE_MATCHING,620,stage_distance,0.11223816712097084,0.07594667801665854,0.14952366286002913,0.0008326394671107411,0.10413765381710906,0.11769642662434128,True,True,36,RANDOM_ONE_TO_ONE_MATCHING
RANDOM_ONE_TO_ONE_MATCHING,621,tool_argument_distance,0.11695295245923244,0.07608377845164996,0.16161880645993687,0.0008326394671107411,0.10810398919616293,0.12429640947429747,True,True,36,RANDOM_ONE_TO_ONE_MATCHING
RANDOM_ONE_TO_ONE_MATCHING,621,tool_name_distance,0.0879788245379101,0.04803748171745477,0.12829058379631467,0.0008326394671107411,0.0801919692670287,0.09430663713883942,True,True,36,RANDOM_ONE_TO_ONE_MATCHING
RANDOM_ONE_TO_ONE_MATCHING,621,stage_distance,0.09140978454723223,0.05436357800747986,0.13103646028780214,0.0008326394671107411,0.08201060832341164,0.09711279185416662,True,True,36,RANDOM_ONE_TO_ONE_MATCHING
RANDOM_ONE_TO_ONE_MATCHING,622,tool_argument_distance,0.11538188223456089,0.07105764637849288,0.1608784583356441,0.0008326394671107411,0.10553565029840553,0.1238829527314222,True,True,36,RANDOM_ONE_TO_ONE_MATCHING
RANDOM_ONE_TO_ONE_MATCHING,622,tool_name_distance,0.09091365655822357,0.051294267811571724,0.1361121259007731,0.0008326394671107411,0.0808235914865747,0.09852782270509164,True,True,36,RANDOM_ONE_TO_ONE_MATCHING
RANDOM_ONE_TO_ONE_MATCHING,622,stage_distance,0.09296123488660639,0.050436196446712135,0.13993671046305212,0.0008326394671107411,0.08279487351811278,0.09991107054859552,True,True,36,RANDOM_ONE_TO_ONE_MATCHING
RANDOM_ONE_TO_ONE_MATCHING,623,tool_argument_distance,0.12274378509851279,0.08712838709375355,0.16185879035171558,0.0008326394671107411,0.11660570125627834,0.12786163474078324,True,True,36,RANDOM_ONE_TO_ONE_MATCHING
RANDOM_ONE_TO_ONE_MATCHING,623,tool_name_distance,0.09970895775497142,0.06098118547562072,0.137750581035433,0.0008326394671107411,0.09205883644902194,0.10451455004759269,True,True,36,RANDOM_ONE_TO_ONE_MATCHING
RANDOM_ONE_TO_ONE_MATCHING,623,stage_distance,0.10912562255514538,0.07360834062041195,0.14854025185171513,0.0008326394671107411,0.10093617940654574,0.11352675655426575,True,True,36,RANDOM_ONE_TO_ONE_MATCHING
RANDOM_ONE_TO_ONE_MATCHING,624,tool_argument_distance,0.10683086081762178,0.06983600502717847,0.14658931544326803,0.0008326394671107411,0.0976926949362205,0.11231038201105044,True,True,36,RANDOM_ONE_TO_ONE_MATCHING
RANDOM_ONE_TO_ONE_MATCHING,624,tool_name_distance,0.0787309489803585,0.04566893069903967,0.11649854125480698,0.0008326394671107411,0.07049949351317188,0.08411150251527953,True,True,36,RANDOM_ONE_TO_ONE_MATCHING
RANDOM_ONE_TO_ONE_MATCHING,624,stage_distance,0.09307677027218896,0.05384954557954719,0.13480265489576546,0.0008326394671107411,0.08277284125955764,0.0987929475476869,True,True,36,RANDOM_ONE_TO_ONE_MATCHING
RANDOM_ONE_TO_ONE_MATCHING,625,tool_argument_distance,0.1057634206916778,0.06425218970314306,0.14752619425721872,0.0008326394671107411,0.09849360211980944,0.11238610565320933,True,True,36,RANDOM_ONE_TO_ONE_MATCHING
RANDOM_ONE_TO_ONE_MATCHING,625,tool_name_distance,0.0741785890953402,0.042639670906048845,0.11085780964914128,0.0008326394671107411,0.06754506043086156,0.07844053964328017,True,True,36,RANDOM_ONE_TO_ONE_MATCHING
RANDOM_ONE_TO_ONE_MATCHING,625,stage_distance,0.0829905175699587,0.04583884617028431,0.12089150735606156,0.0008326394671107411,0.07620793371821602,0.08842518553122192,True,True,36,RANDOM_ONE_TO_ONE_MATCHING
RANDOM_ONE_TO_ONE_MATCHING,626,tool_argument_distance,0.13769592482436685,0.09552875220279516,0.17993356737753427,0.0008326394671107411,0.12943961791458686,0.14500968594179775,True,True,36,RANDOM_ONE_TO_ONE_MATCHING
RANDOM_ONE_TO_ONE_MATCHING,626,tool_name_distance,0.11423534653424117,0.07331183993615577,0.1519624211161931,0.0008326394671107411,0.10611642652386101,0.11986414177157627,True,True,36,RANDOM_ONE_TO_ONE_MATCHING
RANDOM_ONE_TO_ONE_MATCHING,626,stage_distance,0.11747847760025189,0.07915441029860537,0.1643486643396539,0.0008326394671107411,0.10787174022556523,0.1237961544356937,True,True,36,RANDOM_ONE_TO_ONE_MATCHING
RANDOM_ONE_TO_ONE_MATCHING,627,tool_argument_distance,0.1183422058185945,0.08250304545602803,0.15464524117033476,0.0008326394671107411,0.10953293550864959,0.12487624616624594,True,True,36,RANDOM_ONE_TO_ONE_MATCHING
RANDOM_ONE_TO_ONE_MATCHING,627,tool_name_distance,0.09507313020514131,0.06246587976053882,0.12896214842359696,0.0008326394671107411,0.08750700689993261,0.09933810701674702,True,True,36,RANDOM_ONE_TO_ONE_MATCHING
RANDOM_ONE_TO_ONE_MATCHING,627,stage_distance,0.09976224828430451,0.06592943346190677,0.13955901093731313,0.0008326394671107411,0.09060171388154314,0.10387306686718184,True,True,36,RANDOM_ONE_TO_ONE_MATCHING
RANDOM_ONE_TO_ONE_MATCHING,628,tool_argument_distance,0.10708416283500806,0.06607102868480437,0.14990488633029894,0.0008326394671107411,0.09795323415410355,0.1141456544322381,True,True,36,RANDOM_ONE_TO_ONE_MATCHING
RANDOM_ONE_TO_ONE_MATCHING,628,tool_name_distance,0.08442835455477103,0.04484349708717196,0.1278144433339667,0.0008326394671107411,0.0761612694055835,0.0906547251561821,True,True,36,RANDOM_ONE_TO_ONE_MATCHING
RANDOM_ONE_TO_ONE_MATCHING,628,stage_distance,0.08864218010390312,0.04765808989457282,0.13128691161349573,0.0008326394671107411,0.07916392946741602,0.09426611299817096,True,True,36,RANDOM_ONE_TO_ONE_MATCHING
RANDOM_ONE_TO_ONE_MATCHING,629,tool_argument_distance,0.10289988662025534,0.05569305130324181,0.15053495651674895,0.0008326394671107411,0.09269702623797693,0.10974562737229235,True,True,36,RANDOM_ONE_TO_ONE_MATCHING
RANDOM_ONE_TO_ONE_MATCHING,629,tool_name_distance,0.07782295300000626,0.038943726733482384,0.11798719704988653,0.002497918401332223,0.06956555479052386,0.08376439774650968,True,True,36,RANDOM_ONE_TO_ONE_MATCHING
RANDOM_ONE_TO_ONE_MATCHING,629,stage_distance,0.08123162975852345,0.03773245376258181,0.12623843539841592,0.0033305578684429643,0.07154164911216834,0.08740879678449809,True,True,36,RANDOM_ONE_TO_ONE_MATCHING
RANDOM_ONE_TO_ONE_MATCHING,630,tool_argument_distance,0.11867020760786019,0.07798289926017384,0.16137386952291455,0.0008326394671107411,0.10987030877760852,0.12459752759054167,True,True,36,RANDOM_ONE_TO_ONE_MATCHING
RANDOM_ONE_TO_ONE_MATCHING,630,tool_name_distance,0.09579727012987088,0.05576167580816157,0.13660807282350362,0.0008326394671107411,0.08817739827664477,0.10163094526912733,True,True,36,RANDOM_ONE_TO_ONE_MATCHING
RANDOM_ONE_TO_ONE_MATCHING,630,stage_distance,0.1010733119088805,0.058099506937719446,0.14516934333876322,0.0008326394671107411,0.09099785551444034,0.10704285637932916,True,True,36,RANDOM_ONE_TO_ONE_MATCHING
RANDOM_ONE_TO_ONE_MATCHING,631,tool_argument_distance,0.11127518077860131,0.0770471030575906,0.1471376470784522,0.0008326394671107411,0.10428188868540696,0.1172671700706883,True,True,36,RANDOM_ONE_TO_ONE_MATCHING
RANDOM_ONE_TO_ONE_MATCHING,631,tool_name_distance,0.08167059406709794,0.04790650342173067,0.11973847042429342,0.0008326394671107411,0.07350509094149493,0.08670682598958115,True,True,36,RANDOM_ONE_TO_ONE_MATCHING
RANDOM_ONE_TO_ONE_MATCHING,631,stage_distance,0.08971597522474643,0.0546247639104612,0.12487179442613129,0.0008326394671107411,0.08097197072384968,0.09590302320863944,True,True,36,RANDOM_ONE_TO_ONE_MATCHING
RANDOM_ONE_TO_ONE_MATCHING,632,tool_argument_distance,0.11680694619813758,0.07327728738097336,0.16154277959403135,0.0008326394671107411,0.1079538113276082,0.12388353134304249,True,True,36,RANDOM_ONE_TO_ONE_MATCHING
RANDOM_ONE_TO_ONE_MATCHING,632,tool_name_distance,0.09046419119804323,0.05122345769296881,0.1293591839158359,0.0008326394671107411,0.08276638392120317,0.09660031401227612,True,True,36,RANDOM_ONE_TO_ONE_MATCHING
RANDOM_ONE_TO_ONE_MATCHING,632,stage_distance,0.10162510123184713,0.06033215442374523,0.14390346637748794,0.0008326394671107411,0.09156541024663462,0.10735727446707026,True,True,36,RANDOM_ONE_TO_ONE_MATCHING
RANDOM_ONE_TO_ONE_MATCHING,633,tool_argument_distance,0.10402938989880667,0.06643853725375125,0.13932300952275098,0.0008326394671107411,0.09766832484829636,0.1110524733380471,True,True,36,RANDOM_ONE_TO_ONE_MATCHING
RANDOM_ONE_TO_ONE_MATCHING,633,tool_name_distance,0.07814436484768622,0.04395435925416984,0.11263810880328476,0.0008326394671107411,0.0704913879290899,0.08510798466361381,True,True,36,RANDOM_ONE_TO_ONE_MATCHING
RANDOM_ONE_TO_ONE_MATCHING,633,stage_distance,0.08161973160344899,0.04294019170477317,0.11699941787580231,0.0008326394671107411,0.07441208262390621,0.08866777289276175,True,True,36,RANDOM_ONE_TO_ONE_MATCHING
RANDOM_ONE_TO_ONE_MATCHING,634,tool_argument_distance,0.1040469819996246,0.06002148627421709,0.14632867569271843,0.0008326394671107411,0.0948292767234234,0.11198814722319025,True,True,36,RANDOM_ONE_TO_ONE_MATCHING
RANDOM_ONE_TO_ONE_MATCHING,634,tool_name_distance,0.08876547342416113,0.048440887512570044,0.12860465481752334,0.0008326394671107411,0.08136512187120067,0.09575244144031296,True,True,36,RANDOM_ONE_TO_ONE_MATCHING
RANDOM_ONE_TO_ONE_MATCHING,634,stage_distance,0.09121980853937471,0.04718929913019945,0.13439274321571737,0.0016652789342214821,0.08181520442961535,0.09898352641782529,True,True,36,RANDOM_ONE_TO_ONE_MATCHING
RANDOM_ONE_TO_ONE_MATCHING,635,tool_argument_distance,0.11834392790666924,0.07688567793973962,0.15876173074612404,0.0008326394671107411,0.10953470679924075,0.12420201657215278,True,True,36,RANDOM_ONE_TO_ONE_MATCHING
RANDOM_ONE_TO_ONE_MATCHING,635,tool_name_distance,0.10102132351746507,0.06402833921384996,0.1398799959801381,0.0008326394671107411,0.09252485999231987,0.1065074028462913,True,True,36,RANDOM_ONE_TO_ONE_MATCHING
RANDOM_ONE_TO_ONE_MATCHING,635,stage_distance,0.1022736905904328,0.06734491764801709,0.13994483373063338,0.0008326394671107411,0.09318491168213223,0.10754421262602702,True,True,36,RANDOM_ONE_TO_ONE_MATCHING
RANDOM_ONE_TO_ONE_MATCHING,636,tool_argument_distance,0.11019965446818938,0.06544032894013721,0.15493366506543707,0.0008326394671107411,0.10115773983394716,0.11528233252002444,True,True,36,RANDOM_ONE_TO_ONE_MATCHING
RANDOM_ONE_TO_ONE_MATCHING,636,tool_name_distance,0.0780929277523259,0.03769292649231228,0.11978574490560874,0.002497918401332223,0.06944641771037009,0.08285160987270511,True,True,36,RANDOM_ONE_TO_ONE_MATCHING
RANDOM_ONE_TO_ONE_MATCHING,636,stage_distance,0.08549701313200983,0.04735087877720923,0.12844446129023362,0.0008326394671107411,0.07592890058204003,0.09040927655527316,True,True,36,RANDOM_ONE_TO_ONE_MATCHING
RANDOM_ONE_TO_ONE_MATCHING,637,tool_argument_distance,0.11645749269444902,0.0708659122227825,0.16052688429220327,0.0008326394671107411,0.10759437343809995,0.12360478455411329,True,True,36,RANDOM_ONE_TO_ONE_MATCHING
RANDOM_ONE_TO_ONE_MATCHING,637,tool_name_distance,0.09360758196316511,0.05531918698460706,0.13356347033255225,0.0008326394671107411,0.08518789753935449,0.10006062703001113,True,True,36,RANDOM_ONE_TO_ONE_MATCHING
RANDOM_ONE_TO_ONE_MATCHING,637,stage_distance,0.09869657854678199,0.05752216168507967,0.1439082281060678,0.0008326394671107411,0.08855321548485329,0.10600164951788117,True,True,36,RANDOM_ONE_TO_ONE_MATCHING
RANDOM_ONE_TO_ONE_MATCHING,638,tool_argument_distance,0.09705688922005345,0.06075143047410947,0.13330343176649861,0.0008326394671107411,0.09020656657439263,0.10286939898008218,True,True,36,RANDOM_ONE_TO_ONE_MATCHING
RANDOM_ONE_TO_ONE_MATCHING,638,tool_name_distance,0.0738251046614034,0.040063095975315766,0.10808796677680962,0.0016652789342214821,0.06658623834643135,0.07920635103797262,True,True,36,RANDOM_ONE_TO_ONE_MATCHING
RANDOM_ONE_TO_ONE_MATCHING,638,stage_distance,0.08383836287353587,0.04993559274162155,0.12217642108275828,0.0008326394671107411,0.07708000317332396,0.08942165094354318,True,True,36,RANDOM_ONE_TO_ONE_MATCHING
RANDOM_ONE_TO_ONE_MATCHING,639,tool_argument_distance,0.11321559273933529,0.06994037060158537,0.15562897658381225,0.0008326394671107411,0.103307466817602,0.12165476925061873,True,True,36,RANDOM_ONE_TO_ONE_MATCHING
RANDOM_ONE_TO_ONE_MATCHING,639,tool_name_distance,0.09393223316447182,0.056104117666269805,0.13312528017025507,0.0008326394671107411,0.08573827470572018,0.10163264435723268,True,True,36,RANDOM_ONE_TO_ONE_MATCHING
RANDOM_ONE_TO_ONE_MATCHING,639,stage_distance,0.09970518016920368,0.0581128996361615,0.14178361770876013,0.0008326394671107411,0.09054301524886801,0.10684769998212418,True,True,36,RANDOM_ONE_TO_ONE_MATCHING
RANDOM_ONE_TO_ONE_MATCHING,640,tool_argument_distance,0.11949547998133513,0.07353072212910151,0.16651732945657638,0.0008326394671107411,0.10976677940937328,0.12691158063988878,True,True,36,RANDOM_ONE_TO_ONE_MATCHING
RANDOM_ONE_TO_ONE_MATCHING,640,tool_name_distance,0.08993728006849194,0.05113839297046927,0.13102931198977896,0.0008326394671107411,0.0817193676828999,0.09632104854172362,True,True,36,RANDOM_ONE_TO_ONE_MATCHING
RANDOM_ONE_TO_ONE_MATCHING,640,stage_distance,0.09578679672653197,0.05685855867881383,0.13845586797270992,0.0008326394671107411,0.08651267799354855,0.10214729675333314,True,True,36,RANDOM_ONE_TO_ONE_MATCHING
RANDOM_ONE_TO_ONE_MATCHING,641,tool_argument_distance,0.12581830285760004,0.08594243474293492,0.16948844294547438,0.0008326394671107411,0.11722263532019814,0.13262326406172326,True,True,36,RANDOM_ONE_TO_ONE_MATCHING
RANDOM_ONE_TO_ONE_MATCHING,641,tool_name_distance,0.0897992907094881,0.056107030851407586,0.12616001898957832,0.0008326394671107411,0.08343169262503851,0.0956780452246124,True,True,36,RANDOM_ONE_TO_ONE_MATCHING
RANDOM_ONE_TO_ONE_MATCHING,641,stage_distance,0.09377047959849988,0.05712575229265773,0.13423029778173196,0.0008326394671107411,0.08443875180471551,0.10018072236657403,True,True,36,RANDOM_ONE_TO_ONE_MATCHING
RANDOM_ONE_TO_ONE_MATCHING,642,tool_argument_distance,0.10937397044104541,0.0698713759635413,0.1511870630676272,0.0008326394671107411,0.10311561799889511,0.1153116394377737,True,True,36,RANDOM_ONE_TO_ONE_MATCHING
RANDOM_ONE_TO_ONE_MATCHING,642,tool_name_distance,0.08550627186377317,0.04681095453543054,0.12717115855053812,0.0008326394671107411,0.0772699843519857,0.09020203854118274,True,True,36,RANDOM_ONE_TO_ONE_MATCHING
RANDOM_ONE_TO_ONE_MATCHING,642,stage_distance,0.09188775357361698,0.055755435397493655,0.12881341674195668,0.0008326394671107411,0.08457665125353933,0.09662185922017588,True,True,36,RANDOM_ONE_TO_ONE_MATCHING
RANDOM_ONE_TO_ONE_MATCHING,643,tool_argument_distance,0.1437369059984366,0.09927544201280114,0.1913949698589827,0.0008326394671107411,0.13470081759839198,0.15106399304728169,True,True,36,RANDOM_ONE_TO_ONE_MATCHING
RANDOM_ONE_TO_ONE_MATCHING,643,tool_name_distance,0.1063436511206954,0.06766897429023834,0.14470649361503324,0.0008326394671107411,0.09740401600326154,0.11247559733198573,True,True,36,RANDOM_ONE_TO_ONE_MATCHING
RANDOM_ONE_TO_ONE_MATCHING,643,stage_distance,0.113181809239658,0.07398160089685127,0.15507923672770163,0.0008326394671107411,0.10440469086419246,0.11951889940697243,True,True,36,RANDOM_ONE_TO_ONE_MATCHING
RANDOM_ONE_TO_ONE_MATCHING,644,tool_argument_distance,0.11176877453393863,0.07545627040975611,0.14923081034921978,0.0008326394671107411,0.10277169190157495,0.11884315307863838,True,True,36,RANDOM_ONE_TO_ONE_MATCHING
RANDOM_ONE_TO_ONE_MATCHING,644,tool_name_distance,0.09129152971698731,0.05728180294212577,0.12650262742145618,0.0008326394671107411,0.08514694221312717,0.09689029202560376,True,True,36,RANDOM_ONE_TO_ONE_MATCHING
RANDOM_ONE_TO_ONE_MATCHING,644,stage_distance,0.09800924311787447,0.061052764237086735,0.13675492808387488,0.0008326394671107411,0.0887986228532151,0.1034631741023602,True,True,36,RANDOM_ONE_TO_ONE_MATCHING
RANDOM_ONE_TO_ONE_MATCHING,645,tool_argument_distance,0.12023588807068822,0.07858578522258496,0.1614825352007154,0.0008326394671107411,0.111480722967946,0.12661874666745426,True,True,36,RANDOM_ONE_TO_ONE_MATCHING
RANDOM_ONE_TO_ONE_MATCHING,645,tool_name_distance,0.09432123121688257,0.05413635152411891,0.13385647709829157,0.0008326394671107411,0.0859219367717496,0.10034669103501927,True,True,36,RANDOM_ONE_TO_ONE_MATCHING
RANDOM_ONE_TO_ONE_MATCHING,645,stage_distance,0.10285942135385966,0.06185540377438804,0.14812904995139145,0.0008326394671107411,0.09283499665784747,0.10954685517488807,True,True,36,RANDOM_ONE_TO_ONE_MATCHING
RANDOM_ONE_TO_ONE_MATCHING,646,tool_argument_distance,0.11917834946479838,0.0713079028013814,0.1678010899391625,0.0008326394671107411,0.10890557118591866,0.126585389251451,True,True,36,RANDOM_ONE_TO_ONE_MATCHING
RANDOM_ONE_TO_ONE_MATCHING,646,tool_name_distance,0.084885093867612,0.043320713054176924,0.12647150744415073,0.0008326394671107411,0.07652283330485196,0.09112451416367567,True,True,36,RANDOM_ONE_TO_ONE_MATCHING
RANDOM_ONE_TO_ONE_MATCHING,646,stage_distance,0.09608035132937659,0.05240342521871212,0.1432130062558858,0.0008326394671107411,0.08586223891837919,0.1019168034015151,True,True,36,RANDOM_ONE_TO_ONE_MATCHING
RANDOM_ONE_TO_ONE_MATCHING,647,tool_argument_distance,0.11734069891875004,0.08236477280253662,0.15517525137081423,0.0008326394671107411,0.10755043317357145,0.12345128065060941,True,True,36,RANDOM_ONE_TO_ONE_MATCHING
RANDOM_ONE_TO_ONE_MATCHING,647,tool_name_distance,0.08780374905557403,0.05191720268268036,0.12630032270366215,0.0008326394671107411,0.07983151644767929,0.09336588569823415,True,True,36,RANDOM_ONE_TO_ONE_MATCHING
RANDOM_ONE_TO_ONE_MATCHING,647,stage_distance,0.08942908609914246,0.05216766435678624,0.13001914302645767,0.0008326394671107411,0.07997331849109075,0.09481428645722458,True,True,36,RANDOM_ONE_TO_ONE_MATCHING
RANDOM_ONE_TO_ONE_MATCHING,648,tool_argument_distance,0.10233633611272125,0.06394792052876166,0.1436391894853075,0.0008326394671107411,0.09306975523975139,0.10807292984292596,True,True,36,RANDOM_ONE_TO_ONE_MATCHING
RANDOM_ONE_TO_ONE_MATCHING,648,tool_name_distance,0.07630703695677327,0.04231153170267927,0.11313151378250604,0.0008326394671107411,0.06917876553278002,0.08246800906506338,True,True,36,RANDOM_ONE_TO_ONE_MATCHING
RANDOM_ONE_TO_ONE_MATCHING,648,stage_distance,0.07921129055703605,0.042331409424661064,0.11911488702382117,0.0008326394671107411,0.06946358593349557,0.0845126627877545,True,True,36,RANDOM_ONE_TO_ONE_MATCHING
RANDOM_ONE_TO_ONE_MATCHING,649,tool_argument_distance,0.10246314321860622,0.06149760103662002,0.14488197143601098,0.0008326394671107411,0.0932001854058045,0.11059510688644025,True,True,36,RANDOM_ONE_TO_ONE_MATCHING
RANDOM_ONE_TO_ONE_MATCHING,649,tool_name_distance,0.07514161330182845,0.03621224633003446,0.1128575285564597,0.002497918401332223,0.06689779297687141,0.08230514964137092,True,True,36,RANDOM_ONE_TO_ONE_MATCHING
RANDOM_ONE_TO_ONE_MATCHING,649,stage_distance,0.0822988647541229,0.040771442797468846,0.1244714032896253,0.0008326394671107411,0.07168699558383251,0.08894406126946965,True,True,36,RANDOM_ONE_TO_ONE_MATCHING
RANDOM_ONE_TO_ONE_MATCHING,650,tool_argument_distance,0.11222080877131672,0.07670144004196915,0.1503114246201746,0.0008326394671107411,0.10460638647262321,0.1193328615848126,True,True,36,RANDOM_ONE_TO_ONE_MATCHING
RANDOM_ONE_TO_ONE_MATCHING,650,tool_name_distance,0.08735102396932753,0.051081922798060696,0.12309942035594473,0.0008326394671107411,0.07934781884093109,0.09356469931495441,True,True,36,RANDOM_ONE_TO_ONE_MATCHING
RANDOM_ONE_TO_ONE_MATCHING,650,stage_distance,0.09489607361421762,0.056379848206512984,0.13318472695046987,0.0008326394671107411,0.08630007192444861,0.10060248908400864,True,True,36,RANDOM_ONE_TO_ONE_MATCHING
RANDOM_ONE_TO_ONE_MATCHING,651,tool_argument_distance,0.11507824694729354,0.07590540671229459,0.15412151099567606,0.0008326394671107411,0.10522333971721623,0.11962958215203007,True,True,36,RANDOM_ONE_TO_ONE_MATCHING
RANDOM_ONE_TO_ONE_MATCHING,651,tool_name_distance,0.08666766110299365,0.04941933081550305,0.12793761434417802,0.0008326394671107411,0.07835633103267307,0.09094998499775561,True,True,36,RANDOM_ONE_TO_ONE_MATCHING
RANDOM_ONE_TO_ONE_MATCHING,651,stage_distance,0.09303539654973621,0.054876161723506615,0.13510994547094413,0.0008326394671107411,0.08368266638313003,0.09758027512359592,True,True,36,RANDOM_ONE_TO_ONE_MATCHING
RANDOM_ONE_TO_ONE_MATCHING,652,tool_argument_distance,0.10919410893650004,0.06683289934577262,0.15362386825148033,0.0008326394671107411,0.10028277178923121,0.11619492560698727,True,True,36,RANDOM_ONE_TO_ONE_MATCHING
RANDOM_ONE_TO_ONE_MATCHING,652,tool_name_distance,0.07371227413760366,0.036785985122540235,0.10925759302659051,0.0008326394671107411,0.06423713936033544,0.07852112549067275,True,True,36,RANDOM_ONE_TO_ONE_MATCHING
RANDOM_ONE_TO_ONE_MATCHING,652,stage_distance,0.07699287429698863,0.04047141056395954,0.11750680299432165,0.0008326394671107411,0.06878722852860328,0.08281640511151714,True,True,36,RANDOM_ONE_TO_ONE_MATCHING
RANDOM_ONE_TO_ONE_MATCHING,653,tool_argument_distance,0.11799317609554165,0.07320638650362148,0.16460370256306212,0.0008326394671107411,0.10822155255541424,0.12527015368972969,True,True,36,RANDOM_ONE_TO_ONE_MATCHING
RANDOM_ONE_TO_ONE_MATCHING,653,tool_name_distance,0.0884330520546021,0.051421625497213706,0.13095106132231787,0.0008326394671107411,0.07918009823369256,0.09571577262258825,True,True,36,RANDOM_ONE_TO_ONE_MATCHING
RANDOM_ONE_TO_ONE_MATCHING,653,stage_distance,0.09930798534735828,0.05796871440239748,0.14526839477153033,0.0008326394671107411,0.08955737449787238,0.10652024320920045,True,True,36,RANDOM_ONE_TO_ONE_MATCHING
RANDOM_ONE_TO_ONE_MATCHING,654,tool_argument_distance,0.10076592241306276,0.055575559434812925,0.14865345344116726,0.0008326394671107411,0.09050209162486454,0.10884939405788126,True,True,36,RANDOM_ONE_TO_ONE_MATCHING
RANDOM_ONE_TO_ONE_MATCHING,654,tool_name_distance,0.072651037123326,0.027133927179665073,0.1161882118539808,0.004995836802664446,0.06448816251680252,0.07974341414348271,True,True,36,RANDOM_ONE_TO_ONE_MATCHING
RANDOM_ONE_TO_ONE_MATCHING,654,stage_distance,0.08255576838378866,0.03833731904446983,0.13335649288578097,0.0033305578684429643,0.07290362026958398,0.08920830500284013,True,True,36,RANDOM_ONE_TO_ONE_MATCHING
RANDOM_ONE_TO_ONE_MATCHING,655,tool_argument_distance,0.11982727889898286,0.07588859850696512,0.1642575765269048,0.0008326394671107411,0.11010805829609666,0.1262903712212667,True,True,36,RANDOM_ONE_TO_ONE_MATCHING
RANDOM_ONE_TO_ONE_MATCHING,655,tool_name_distance,0.10261235134248953,0.06156239772894175,0.14683978582013377,0.0008326394671107411,0.09526163435549077,0.10845327868999226,True,True,36,RANDOM_ONE_TO_ONE_MATCHING
RANDOM_ONE_TO_ONE_MATCHING,655,stage_distance,0.10821266551527485,0.06591268126473235,0.1520750626736301,0.0008326394671107411,0.09929357160482694,0.11381209012334544,True,True,36,RANDOM_ONE_TO_ONE_MATCHING
RANDOM_ONE_TO_ONE_MATCHING,656,tool_argument_distance,0.11015629976313446,0.06906588951026664,0.1564089566480372,0.0008326394671107411,0.10111314642303355,0.11737957603035952,True,True,36,RANDOM_ONE_TO_ONE_MATCHING
RANDOM_ONE_TO_ONE_MATCHING,656,tool_name_distance,0.08452713303259801,0.047201429274525884,0.12397611657696843,0.0016652789342214821,0.07496416882693283,0.09169825591424119,True,True,36,RANDOM_ONE_TO_ONE_MATCHING
RANDOM_ONE_TO_ONE_MATCHING,656,stage_distance,0.09339822931603475,0.05463860940739162,0.13582565435440735,0.0008326394671107411,0.08405586579989426,0.1004416370055534,True,True,36,RANDOM_ONE_TO_ONE_MATCHING
RANDOM_ONE_TO_ONE_MATCHING,657,tool_argument_distance,0.10305147745286258,0.06179333089024761,0.14469938980846256,0.0008326394671107411,0.09623327531755718,0.1112002506702468,True,True,36,RANDOM_ONE_TO_ONE_MATCHING
RANDOM_ONE_TO_ONE_MATCHING,657,tool_name_distance,0.07171041829765462,0.031556740810685664,0.11229569342925232,0.0008326394671107411,0.06392883213284661,0.0787759204942207,True,True,36,RANDOM_ONE_TO_ONE_MATCHING
RANDOM_ONE_TO_ONE_MATCHING,657,stage_distance,0.07941066679807894,0.036371274103907274,0.12211326260920861,0.0016652789342214821,0.07171428919848455,0.08597334337182444,True,True,36,RANDOM_ONE_TO_ONE_MATCHING
RANDOM_ONE_TO_ONE_MATCHING,658,tool_argument_distance,0.11390627568749546,0.07052683404907836,0.16206193139810657,0.0008326394671107411,0.10493115917755667,0.11993205105463904,True,True,36,RANDOM_ONE_TO_ONE_MATCHING
RANDOM_ONE_TO_ONE_MATCHING,658,tool_name_distance,0.08484109072045923,0.049554119107298684,0.12088146396348255,0.0008326394671107411,0.07588233482968529,0.09099665279722456,True,True,36,RANDOM_ONE_TO_ONE_MATCHING
RANDOM_ONE_TO_ONE_MATCHING,658,stage_distance,0.08908952699929151,0.0507326488721279,0.12949622289827453,0.0008326394671107411,0.0796240577026726,0.09498529788380074,True,True,36,RANDOM_ONE_TO_ONE_MATCHING
RANDOM_ONE_TO_ONE_MATCHING,659,tool_argument_distance,0.10392531613706997,0.06865482163871577,0.14015409130157658,0.0008326394671107411,0.09672202791126044,0.110114929189876,True,True,36,RANDOM_ONE_TO_ONE_MATCHING
RANDOM_ONE_TO_ONE_MATCHING,659,tool_name_distance,0.07871568084648423,0.04344092882639984,0.11600713308316492,0.0008326394671107411,0.07068220184531389,0.08479085721111211,True,True,36,RANDOM_ONE_TO_ONE_MATCHING
RANDOM_ONE_TO_ONE_MATCHING,659,stage_distance,0.08721916836723695,0.051019866673953515,0.12467486209092588,0.0008326394671107411,0.07977467789840559,0.09281446879533935,True,True,36,RANDOM_ONE_TO_ONE_MATCHING
RANDOM_ONE_TO_ONE_MATCHING,660,tool_argument_distance,0.12734151548098693,0.08626609556500725,0.1709825597022995,0.0008326394671107411,0.11783698735187227,0.13533845642953182,True,True,36,RANDOM_ONE_TO_ONE_MATCHING
RANDOM_ONE_TO_ONE_MATCHING,660,tool_name_distance,0.09979383987459728,0.05994319591121289,0.13676736576124346,0.0008326394671107411,0.09236259398851589,0.10724242422156742,True,True,36,RANDOM_ONE_TO_ONE_MATCHING
RANDOM_ONE_TO_ONE_MATCHING,660,stage_distance,0.10539532956939146,0.06367901907546285,0.14513599026479154,0.0008326394671107411,0.096395740346204,0.11334428211463374,True,True,36,RANDOM_ONE_TO_ONE_MATCHING
RANDOM_ONE_TO_ONE_MATCHING,661,tool_argument_distance,0.1099344243291352,0.07103881904014826,0.14563718783229773,0.0008326394671107411,0.1027648808422977,0.1156394951028599,True,True,36,RANDOM_ONE_TO_ONE_MATCHING
RANDOM_ONE_TO_ONE_MATCHING,661,tool_name_distance,0.0795217128036637,0.04407569702334178,0.11632626918021403,0.0016652789342214821,0.07100621278193371,0.08661563010178217,True,True,36,RANDOM_ONE_TO_ONE_MATCHING
RANDOM_ONE_TO_ONE_MATCHING,661,stage_distance,0.08670585981028188,0.050690977628043705,0.12382042021731032,0.0008326394671107411,0.07957137870735569,0.09258071318103836,True,True,36,RANDOM_ONE_TO_ONE_MATCHING
RANDOM_ONE_TO_ONE_MATCHING,662,tool_argument_distance,0.10471396992955356,0.060483925998225746,0.14960341408450578,0.0008326394671107411,0.09456294049896938,0.1116115416332848,True,True,36,RANDOM_ONE_TO_ONE_MATCHING
RANDOM_ONE_TO_ONE_MATCHING,662,tool_name_distance,0.07850542567261985,0.04267175753550858,0.11522828825914408,0.0008326394671107411,0.07035771427254257,0.0844663696383408,True,True,36,RANDOM_ONE_TO_ONE_MATCHING
RANDOM_ONE_TO_ONE_MATCHING,662,stage_distance,0.08144938582058711,0.043848600607296784,0.12016278219112801,0.0008326394671107411,0.07176562677600525,0.08742140901638133,True,True,36,RANDOM_ONE_TO_ONE_MATCHING
RANDOM_ONE_TO_ONE_MATCHING,663,tool_argument_distance,0.11039987524070752,0.0692383450769164,0.1505256783143251,0.0008326394671107411,0.10136368119996583,0.11627590945309042,True,True,36,RANDOM_ONE_TO_ONE_MATCHING
RANDOM_ONE_TO_ONE_MATCHING,663,tool_name_distance,0.08319459109814505,0.04858914810576243,0.11712945657013082,0.0008326394671107411,0.07622342439565132,0.08954377457349143,True,True,36,RANDOM_ONE_TO_ONE_MATCHING
RANDOM_ONE_TO_ONE_MATCHING,663,stage_distance,0.08890468678389815,0.048105544841696705,0.12979335539294473,0.0008326394671107411,0.07848155538588708,0.09434721274440157,True,True,36,RANDOM_ONE_TO_ONE_MATCHING
RANDOM_ONE_TO_ONE_MATCHING,664,tool_argument_distance,0.10055337225246269,0.06440154414725623,0.13784098357957664,0.0008326394671107411,0.09409299241205688,0.1066466440514228,True,True,36,RANDOM_ONE_TO_ONE_MATCHING
RANDOM_ONE_TO_ONE_MATCHING,664,tool_name_distance,0.07179595791590948,0.036112144228479186,0.1098840244246956,0.0016652789342214821,0.06296953445005607,0.07767342791109239,True,True,36,RANDOM_ONE_TO_ONE_MATCHING
RANDOM_ONE_TO_ONE_MATCHING,664,stage_distance,0.07344464934353494,0.03779084047794735,0.11202741134334965,0.0016652789342214821,0.06544426352597442,0.07864639208524583,True,True,36,RANDOM_ONE_TO_ONE_MATCHING
RANDOM_ONE_TO_ONE_MATCHING,665,tool_argument_distance,0.10995334870932769,0.0656718960513882,0.15254198594897755,0.0008326394671107411,0.10048842755172023,0.11658513755403249,True,True,36,RANDOM_ONE_TO_ONE_MATCHING
RANDOM_ONE_TO_ONE_MATCHING,665,tool_name_distance,0.08872889138489819,0.05295684101582194,0.12775619656310933,0.0008326394671107411,0.08087327900517172,0.094857175106995,True,True,36,RANDOM_ONE_TO_ONE_MATCHING
RANDOM_ONE_TO_ONE_MATCHING,665,stage_distance,0.09031159893591022,0.049554807550384494,0.1314171796654208,0.0008326394671107411,0.08367696434768453,0.09690312858701404,True,True,36,RANDOM_ONE_TO_ONE_MATCHING
RANDOM_ONE_TO_ONE_MATCHING,666,tool_argument_distance,0.11048483852584073,0.07065446485295065,0.15143805263609192,0.0008326394671107411,0.10401129326775269,0.11664341230547397,True,True,36,RANDOM_ONE_TO_ONE_MATCHING
RANDOM_ONE_TO_ONE_MATCHING,666,tool_name_distance,0.08402673881499105,0.04476816556050172,0.1302822160607678,0.002497918401332223,0.07444947763167992,0.09010947540960489,True,True,36,RANDOM_ONE_TO_ONE_MATCHING
RANDOM_ONE_TO_ONE_MATCHING,666,stage_distance,0.08975098809676911,0.04939459351893808,0.13279091324561984,0.0008326394671107411,0.08151303446869494,0.09561609958492531,True,True,36,RANDOM_ONE_TO_ONE_MATCHING
RANDOM_ONE_TO_ONE_MATCHING,667,tool_argument_distance,0.12234389191718689,0.08619157391561845,0.16253303641251124,0.0008326394671107411,0.11645483057307683,0.12889085407856812,True,True,36,RANDOM_ONE_TO_ONE_MATCHING
RANDOM_ONE_TO_ONE_MATCHING,667,tool_name_distance,0.09341611681999513,0.05952039501315561,0.13002916274926588,0.0008326394671107411,0.08558620005876061,0.09835147817726002,True,True,36,RANDOM_ONE_TO_ONE_MATCHING
RANDOM_ONE_TO_ONE_MATCHING,667,stage_distance,0.10218497669604838,0.06956502665425256,0.1366299263696723,0.0008326394671107411,0.09578135636417295,0.10666455359022733,True,True,36,RANDOM_ONE_TO_ONE_MATCHING
RANDOM_ONE_TO_ONE_MATCHING,668,tool_argument_distance,0.12315124442711545,0.08275816990250429,0.16740104282951596,0.0008326394671107411,0.1144793752202711,0.12843835185440303,True,True,36,RANDOM_ONE_TO_ONE_MATCHING
RANDOM_ONE_TO_ONE_MATCHING,668,tool_name_distance,0.10173120942105038,0.06599415320756447,0.1379022672981401,0.0008326394671107411,0.0945140471093121,0.10626617011857797,True,True,36,RANDOM_ONE_TO_ONE_MATCHING
RANDOM_ONE_TO_ONE_MATCHING,668,stage_distance,0.10870440293852879,0.0687272079345388,0.15006308071625463,0.0008326394671107411,0.0988469777163643,0.11401446225403904,True,True,36,RANDOM_ONE_TO_ONE_MATCHING
RANDOM_ONE_TO_ONE_MATCHING,669,tool_argument_distance,0.11428140156819448,0.07443449483772864,0.15382194587503004,0.0008326394671107411,0.10535610827966671,0.12076690277617551,True,True,36,RANDOM_ONE_TO_ONE_MATCHING
RANDOM_ONE_TO_ONE_MATCHING,669,tool_name_distance,0.09067567288338023,0.059266223918331036,0.12467753454959368,0.0008326394671107411,0.08332301327951226,0.09709256330620514,True,True,36,RANDOM_ONE_TO_ONE_MATCHING
RANDOM_ONE_TO_ONE_MATCHING,669,stage_distance,0.09891068565427143,0.0612364949680597,0.14183829727686573,0.0008326394671107411,0.08877343993827103,0.10484002943343194,True,True,36,RANDOM_ONE_TO_ONE_MATCHING
RANDOM_ONE_TO_ONE_MATCHING,670,tool_argument_distance,0.10951206404008317,0.06596980139150169,0.15469621099467748,0.0016652789342214821,0.1012250109395449,0.11752318614332236,True,True,36,RANDOM_ONE_TO_ONE_MATCHING
RANDOM_ONE_TO_ONE_MATCHING,670,tool_name_distance,0.08187520509642836,0.047580165506873905,0.11979350022529626,0.0008326394671107411,0.07450919879388557,0.08857911998173391,True,True,36,RANDOM_ONE_TO_ONE_MATCHING
RANDOM_ONE_TO_ONE_MATCHING,670,stage_distance,0.08193771453550251,0.04582191522612095,0.11967701077181292,0.0008326394671107411,0.07416195020538925,0.08935004140664572,True,True,36,RANDOM_ONE_TO_ONE_MATCHING
RANDOM_ONE_TO_ONE_MATCHING,671,tool_argument_distance,0.10828469592375883,0.06576898699031246,0.1544200102840017,0.0008326394671107411,0.0991880681882472,0.11601726835834371,True,True,36,RANDOM_ONE_TO_ONE_MATCHING
RANDOM_ONE_TO_ONE_MATCHING,671,tool_name_distance,0.0746399364220827,0.04211729443623293,0.10869621331468107,0.0008326394671107411,0.06629159488180249,0.08103794748137637,True,True,36,RANDOM_ONE_TO_ONE_MATCHING
RANDOM_ONE_TO_ONE_MATCHING,671,stage_distance,0.08220966560554122,0.041418881155124994,0.12523908101644854,0.0008326394671107411,0.07254762884052947,0.08924198035476892,True,True,36,RANDOM_ONE_TO_ONE_MATCHING
RANDOM_ONE_TO_ONE_MATCHING,672,tool_argument_distance,0.11742588618917511,0.07737060084324247,0.15816323642352023,0.0008326394671107411,0.10859043531838967,0.1237827756163322,True,True,36,RANDOM_ONE_TO_ONE_MATCHING
RANDOM_ONE_TO_ONE_MATCHING,672,tool_name_distance,0.09498607163696147,0.059520728038856274,0.13364310372367982,0.0008326394671107411,0.08721904824567779,0.10138193202648875,True,True,36,RANDOM_ONE_TO_ONE_MATCHING
RANDOM_ONE_TO_ONE_MATCHING,672,stage_distance,0.09842666924030802,0.05815994968716362,0.1407736323528373,0.0008326394671107411,0.08827559448390865,0.10453965733256532,True,True,36,RANDOM_ONE_TO_ONE_MATCHING
RANDOM_ONE_TO_ONE_MATCHING,673,tool_argument_distance,0.12742321667345802,0.08241726631654837,0.17547641862716945,0.0008326394671107411,0.11841919136229673,0.13496962399844364,True,True,36,RANDOM_ONE_TO_ONE_MATCHING
RANDOM_ONE_TO_ONE_MATCHING,673,tool_name_distance,0.10105115517515621,0.0590143160711981,0.14405196860734212,0.0008326394671107411,0.09387824033435567,0.10811980416527524,True,True,36,RANDOM_ONE_TO_ONE_MATCHING
RANDOM_ONE_TO_ONE_MATCHING,673,stage_distance,0.10836478087269957,0.06781800595792123,0.15636670729865576,0.0008326394671107411,0.09945003311532091,0.11562751587739752,True,True,36,RANDOM_ONE_TO_ONE_MATCHING
RANDOM_ONE_TO_ONE_MATCHING,674,tool_argument_distance,0.12268899032491706,0.0828266033198867,0.16279812554254255,0.0008326394671107411,0.1160218070759032,0.1301867016169882,True,True,36,RANDOM_ONE_TO_ONE_MATCHING
RANDOM_ONE_TO_ONE_MATCHING,674,tool_name_distance,0.10319527603648983,0.07143741161320932,0.13633507864825667,0.0008326394671107411,0.09739079557032976,0.11004285357560904,True,True,36,RANDOM_ONE_TO_ONE_MATCHING
RANDOM_ONE_TO_ONE_MATCHING,674,stage_distance,0.10859631485681352,0.07527528697166007,0.14460928417635474,0.0008326394671107411,0.1025453252132667,0.11601623350406295,True,True,36,RANDOM_ONE_TO_ONE_MATCHING
RANDOM_ONE_TO_ONE_MATCHING,675,tool_argument_distance,0.12773306824214792,0.09223988931483315,0.16933117246972187,0.0008326394671107411,0.11919210828716163,0.13340040158116925,True,True,36,RANDOM_ONE_TO_ONE_MATCHING
RANDOM_ONE_TO_ONE_MATCHING,675,tool_name_distance,0.09863958329612105,0.06308744124693665,0.13454821722978177,0.0008326394671107411,0.09270494018023615,0.10334891208135091,True,True,36,RANDOM_ONE_TO_ONE_MATCHING
RANDOM_ONE_TO_ONE_MATCHING,675,stage_distance,0.10141184846030182,0.06550308905367656,0.1382402115021667,0.0008326394671107411,0.0913460645387594,0.10621015283141914,True,True,36,RANDOM_ONE_TO_ONE_MATCHING
RANDOM_ONE_TO_ONE_MATCHING,676,tool_argument_distance,0.11428037219407673,0.07222292270410667,0.16391705995466996,0.0008326394671107411,0.10551435685416723,0.12031683603283688,True,True,36,RANDOM_ONE_TO_ONE_MATCHING
RANDOM_ONE_TO_ONE_MATCHING,676,tool_name_distance,0.08721155591674028,0.043221687124743176,0.1301159144581893,0.0016652789342214821,0.07851894030141564,0.09313203155460555,True,True,36,RANDOM_ONE_TO_ONE_MATCHING
RANDOM_ONE_TO_ONE_MATCHING,676,stage_distance,0.09715315637525633,0.052815794604600466,0.1449869689024575,0.0008326394671107411,0.08793621707894847,0.10316942656061732,True,True,36,RANDOM_ONE_TO_ONE_MATCHING
RANDOM_ONE_TO_ONE_MATCHING,677,tool_argument_distance,0.10684752778262652,0.06557266873964554,0.1417882552576726,0.0008326394671107411,0.09884836623875351,0.11312063259673416,True,True,36,RANDOM_ONE_TO_ONE_MATCHING
RANDOM_ONE_TO_ONE_MATCHING,677,tool_name_distance,0.08304167998429444,0.047952922257423855,0.12028627173346729,0.0008326394671107411,0.07502901802713575,0.08924045632428834,True,True,36,RANDOM_ONE_TO_ONE_MATCHING
RANDOM_ONE_TO_ONE_MATCHING,677,stage_distance,0.08999936235472575,0.054737839747638885,0.13002846737604654,0.0008326394671107411,0.08285075621627284,0.09567409689675639,True,True,36,RANDOM_ONE_TO_ONE_MATCHING
RANDOM_ONE_TO_ONE_MATCHING,678,tool_argument_distance,0.09956120870795176,0.05927615122790641,0.1371596188542189,0.0008326394671107411,0.09307248133770277,0.10632342969425336,True,True,36,RANDOM_ONE_TO_ONE_MATCHING
RANDOM_ONE_TO_ONE_MATCHING,678,tool_name_distance,0.08212536456580755,0.044423970679120905,0.12276293943051643,0.0008326394671107411,0.0747665056766756,0.08769867572677281,True,True,36,RANDOM_ONE_TO_ONE_MATCHING
RANDOM_ONE_TO_ONE_MATCHING,678,stage_distance,0.08605915278693618,0.04570443878802021,0.12572781147443562,0.0008326394671107411,0.07936424422710715,0.09216288361034038,True,True,36,RANDOM_ONE_TO_ONE_MATCHING
RANDOM_ONE_TO_ONE_MATCHING,679,tool_argument_distance,0.10644693567384036,0.06316730258346047,0.1542429039558824,0.0008326394671107411,0.0963454195502358,0.11349022078075133,True,True,36,RANDOM_ONE_TO_ONE_MATCHING
RANDOM_ONE_TO_ONE_MATCHING,679,tool_name_distance,0.0815173617291372,0.043073272565487916,0.12218611522397269,0.0016652789342214821,0.07336551805477283,0.08766056110695873,True,True,36,RANDOM_ONE_TO_ONE_MATCHING
RANDOM_ONE_TO_ONE_MATCHING,679,stage_distance,0.08718536798350349,0.04517307585548834,0.13251062430672833,0.0016652789342214821,0.07766549414357639,0.09330684636952247,True,True,36,RANDOM_ONE_TO_ONE_MATCHING
RANDOM_ONE_TO_ONE_MATCHING,680,tool_argument_distance,0.11546670743656016,0.07403730077348414,0.16013585119746165,0.0008326394671107411,0.10743805059275627,0.12151192830753033,True,True,36,RANDOM_ONE_TO_ONE_MATCHING
RANDOM_ONE_TO_ONE_MATCHING,680,tool_name_distance,0.08598948811496328,0.04864704506797356,0.12577034226553227,0.0008326394671107411,0.07756859408336854,0.09097904898303175,True,True,36,RANDOM_ONE_TO_ONE_MATCHING
RANDOM_ONE_TO_ONE_MATCHING,680,stage_distance,0.08901302640354668,0.052848366150468534,0.13103942254092193,0.0008326394671107411,0.08102455092622891,0.09461309671136914,True,True,36,RANDOM_ONE_TO_ONE_MATCHING
RANDOM_ONE_TO_ONE_MATCHING,681,tool_argument_distance,0.1084909112638901,0.07060645004371002,0.1448676419064786,0.0008326394671107411,0.10196727496233889,0.1133241108953653,True,True,36,RANDOM_ONE_TO_ONE_MATCHING
RANDOM_ONE_TO_ONE_MATCHING,681,tool_name_distance,0.08031280284107728,0.04702714912068118,0.11939659651443187,0.0008326394671107411,0.07192813050006992,0.08657964950907888,True,True,36,RANDOM_ONE_TO_ONE_MATCHING
RANDOM_ONE_TO_ONE_MATCHING,681,stage_distance,0.09246506746899935,0.05741207829963848,0.1296309137265307,0.0008326394671107411,0.08517045983164692,0.09753341454130278,True,True,36,RANDOM_ONE_TO_ONE_MATCHING
RANDOM_ONE_TO_ONE_MATCHING,682,tool_argument_distance,0.13039311849206744,0.08683765655352124,0.1794225131789535,0.0008326394671107411,0.1209757790204122,0.13733895446930197,True,True,36,RANDOM_ONE_TO_ONE_MATCHING
RANDOM_ONE_TO_ONE_MATCHING,682,tool_name_distance,0.09788958098361872,0.05469867898375723,0.14103269942042962,0.0008326394671107411,0.09040392770065223,0.10451258306645045,True,True,36,RANDOM_ONE_TO_ONE_MATCHING
RANDOM_ONE_TO_ONE_MATCHING,682,stage_distance,0.10225720295148961,0.05762872870273302,0.14792161795676168,0.0008326394671107411,0.09316795296779068,0.10847963486406642,True,True,36,RANDOM_ONE_TO_ONE_MATCHING
RANDOM_ONE_TO_ONE_MATCHING,683,tool_argument_distance,0.11546253791734731,0.0724241023900636,0.15853042740943935,0.0008326394671107411,0.10657099138165249,0.1215302314464948,True,True,36,RANDOM_ONE_TO_ONE_MATCHING
RANDOM_ONE_TO_ONE_MATCHING,683,tool_name_distance,0.08918638298385304,0.05128556637090322,0.12594421109317755,0.0008326394671107411,0.08184889229771865,0.09518343775019127,True,True,36,RANDOM_ONE_TO_ONE_MATCHING
RANDOM_ONE_TO_ONE_MATCHING,683,stage_distance,0.09740953741177268,0.05374721819337779,0.13826370975237312,0.0008326394671107411,0.08722940174598659,0.10326036436154303,True,True,36,RANDOM_ONE_TO_ONE_MATCHING
RANDOM_ONE_TO_ONE_MATCHING,684,tool_argument_distance,0.11181252414231671,0.06973519872375966,0.15552668274984666,0.0008326394671107411,0.10281669149876388,0.11833870212637673,True,True,36,RANDOM_ONE_TO_ONE_MATCHING
RANDOM_ONE_TO_ONE_MATCHING,684,tool_name_distance,0.08073699772013936,0.040644174937220605,0.119680947182341,0.002497918401332223,0.07386030175724743,0.08705541204171345,True,True,36,RANDOM_ONE_TO_ONE_MATCHING
RANDOM_ONE_TO_ONE_MATCHING,684,stage_distance,0.08757338480996163,0.04630019557036499,0.13059705483970427,0.0008326394671107411,0.07806459716507619,0.09370594939102225,True,True,36,RANDOM_ONE_TO_ONE_MATCHING
RANDOM_ONE_TO_ONE_MATCHING,685,tool_argument_distance,0.10882390384687239,0.07068535739323883,0.1467801247345639,0.0008326394671107411,0.1025478768572159,0.11470865557947924,True,True,36,RANDOM_ONE_TO_ONE_MATCHING
RANDOM_ONE_TO_ONE_MATCHING,685,tool_name_distance,0.08600640243377351,0.046674162673319336,0.12501315226038412,0.0016652789342214821,0.07816319224563108,0.09146684538779962,True,True,36,RANDOM_ONE_TO_ONE_MATCHING
RANDOM_ONE_TO_ONE_MATCHING,685,stage_distance,0.09243260753661645,0.05364419125979776,0.13476196123638298,0.0008326394671107411,0.08582257110098025,0.09794540620238679,True,True,36,RANDOM_ONE_TO_ONE_MATCHING
RANDOM_ONE_TO_ONE_MATCHING,686,tool_argument_distance,0.11034680813056491,0.06270122808141303,0.15851723081790234,0.0008326394671107411,0.10130909788667629,0.11870401936731206,True,True,36,RANDOM_ONE_TO_ONE_MATCHING
RANDOM_ONE_TO_ONE_MATCHING,686,tool_name_distance,0.08268577683483916,0.04141076110485523,0.12324844240618768,0.002497918401332223,0.07573975512164781,0.09006486070389626,True,True,36,RANDOM_ONE_TO_ONE_MATCHING
RANDOM_ONE_TO_ONE_MATCHING,686,stage_distance,0.08754822933226283,0.04772547280853751,0.1310669718184008,0.0016652789342214821,0.07708634200706216,0.09434340769269929,True,True,36,RANDOM_ONE_TO_ONE_MATCHING
RANDOM_ONE_TO_ONE_MATCHING,687,tool_argument_distance,0.1138186140307764,0.07690209974559357,0.15228149701913749,0.0008326394671107411,0.10768725140547554,0.11889708401336789,True,True,36,RANDOM_ONE_TO_ONE_MATCHING
RANDOM_ONE_TO_ONE_MATCHING,687,tool_name_distance,0.09361032803501818,0.059055643941703616,0.13300351459467627,0.0008326394671107411,0.08580399768367898,0.09943062122725539,True,True,36,RANDOM_ONE_TO_ONE_MATCHING
RANDOM_ONE_TO_ONE_MATCHING,687,stage_distance,0.0990981220660436,0.060840536624534695,0.13861731945441752,0.0008326394671107411,0.09179417516118017,0.10410723330939399,True,True,36,RANDOM_ONE_TO_ONE_MATCHING
RANDOM_ONE_TO_ONE_MATCHING,688,tool_argument_distance,0.12243582378282653,0.07647664738063693,0.17211370867716289,0.0008326394671107411,0.11279113303376441,0.13113843546678114,True,True,36,RANDOM_ONE_TO_ONE_MATCHING
RANDOM_ONE_TO_ONE_MATCHING,688,tool_name_distance,0.0939786431855167,0.04917664012429557,0.13962627743804912,0.0008326394671107411,0.08578601072736634,0.10168038037887885,True,True,36,RANDOM_ONE_TO_ONE_MATCHING
RANDOM_ONE_TO_ONE_MATCHING,688,stage_distance,0.10171341815289353,0.054582725036954945,0.14936968871619413,0.0008326394671107411,0.0926086314606633,0.10891331619391945,True,True,36,RANDOM_ONE_TO_ONE_MATCHING
RANDOM_ONE_TO_ONE_MATCHING,689,tool_argument_distance,0.10872079370818004,0.06642785010614474,0.15228865398577063,0.0008326394671107411,0.09963662590936613,0.11512200650034897,True,True,36,RANDOM_ONE_TO_ONE_MATCHING
RANDOM_ONE_TO_ONE_MATCHING,689,tool_name_distance,0.08561252507964934,0.04450398199326622,0.12627823615653286,0.0008326394671107411,0.07658562258037896,0.09255696662084979,True,True,36,RANDOM_ONE_TO_ONE_MATCHING
RANDOM_ONE_TO_ONE_MATCHING,689,stage_distance,0.09007513950362381,0.0478771171735806,0.13580523796166039,0.0008326394671107411,0.08063783056427155,0.09613266264369748,True,True,36,RANDOM_ONE_TO_ONE_MATCHING
RANDOM_ONE_TO_ONE_MATCHING,690,tool_argument_distance,0.10868962325238327,0.06643990251073001,0.15465800009126238,0.0008326394671107411,0.09988398491996667,0.11606746467291423,True,True,36,RANDOM_ONE_TO_ONE_MATCHING
RANDOM_ONE_TO_ONE_MATCHING,690,tool_name_distance,0.08715186040631491,0.046640970998519035,0.13146240263373765,0.0008326394671107411,0.07940329503644825,0.09354105464171486,True,True,36,RANDOM_ONE_TO_ONE_MATCHING
RANDOM_ONE_TO_ONE_MATCHING,690,stage_distance,0.09311588622753411,0.0530883691405166,0.13617659505132296,0.0008326394671107411,0.08635530401299898,0.10009350691394696,True,True,36,RANDOM_ONE_TO_ONE_MATCHING
RANDOM_ONE_TO_ONE_MATCHING,691,tool_argument_distance,0.10288927661902583,0.06299106631654205,0.14503139013406044,0.0008326394671107411,0.09533892694666901,0.10858696057089309,True,True,36,RANDOM_ONE_TO_ONE_MATCHING
RANDOM_ONE_TO_ONE_MATCHING,691,tool_name_distance,0.07639280032772437,0.04185325563445008,0.11460628729318843,0.0008326394671107411,0.06908660410538311,0.08156106193306226,True,True,36,RANDOM_ONE_TO_ONE_MATCHING
RANDOM_ONE_TO_ONE_MATCHING,691,stage_distance,0.08169408225703302,0.04581812850198647,0.12073696206873548,0.0008326394671107411,0.07487445739634961,0.08663263397441415,True,True,36,RANDOM_ONE_TO_ONE_MATCHING
RANDOM_ONE_TO_ONE_MATCHING,692,tool_argument_distance,0.09905477014466765,0.06268183399917641,0.13708410744801236,0.0008326394671107411,0.09255157310118196,0.10708935172467487,True,True,36,RANDOM_ONE_TO_ONE_MATCHING
RANDOM_ONE_TO_ONE_MATCHING,692,tool_name_distance,0.06785522104944801,0.031773139132727404,0.10747599457054834,0.002497918401332223,0.05940321808870867,0.07481057475320818,True,True,36,RANDOM_ONE_TO_ONE_MATCHING
RANDOM_ONE_TO_ONE_MATCHING,692,stage_distance,0.07831293584900528,0.03930794319302967,0.11651114022944242,0.0008326394671107411,0.07133548231543944,0.08484424868134868,True,True,36,RANDOM_ONE_TO_ONE_MATCHING
RANDOM_ONE_TO_ONE_MATCHING,693,tool_argument_distance,0.11360346772913628,0.07243377047923402,0.1572752294499129,0.0008326394671107411,0.10465880490234969,0.12075502508428415,True,True,36,RANDOM_ONE_TO_ONE_MATCHING
RANDOM_ONE_TO_ONE_MATCHING,693,tool_name_distance,0.08729756089923763,0.04919398475979901,0.12488362349669034,0.0008326394671107411,0.07984838381010845,0.09350970872857622,True,True,36,RANDOM_ONE_TO_ONE_MATCHING
RANDOM_ONE_TO_ONE_MATCHING,693,stage_distance,0.09429702890173235,0.05485595540552457,0.13694609723552073,0.0016652789342214821,0.08498034537375464,0.09998632880830949,True,True,36,RANDOM_ONE_TO_ONE_MATCHING
RANDOM_ONE_TO_ONE_MATCHING,694,tool_argument_distance,0.12433805916943154,0.07726945996394911,0.1705122722594243,0.0008326394671107411,0.11421270116782702,0.13157508993581804,True,True,36,RANDOM_ONE_TO_ONE_MATCHING
RANDOM_ONE_TO_ONE_MATCHING,694,tool_name_distance,0.09736819012887771,0.05421803570149033,0.14919428778076602,0.0008326394671107411,0.08876735136405858,0.10387561082946092,True,True,36,RANDOM_ONE_TO_ONE_MATCHING
RANDOM_ONE_TO_ONE_MATCHING,694,stage_distance,0.10302217788206092,0.05309474024234308,0.15001839493252944,0.0008326394671107411,0.0939547843249497,0.1095217664765257,True,True,36,RANDOM_ONE_TO_ONE_MATCHING
RANDOM_ONE_TO_ONE_MATCHING,695,tool_argument_distance,0.10614500214803567,0.06617579410468391,0.1497551300807005,0.0008326394671107411,0.09698724030464621,0.11222913888744115,True,True,36,RANDOM_ONE_TO_ONE_MATCHING
RANDOM_ONE_TO_ONE_MATCHING,695,tool_name_distance,0.07815162535043829,0.042741179701358226,0.11454105601569492,0.0008326394671107411,0.06988558026150214,0.08411605984520303,True,True,36,RANDOM_ONE_TO_ONE_MATCHING
RANDOM_ONE_TO_ONE_MATCHING,695,stage_distance,0.08269051834333839,0.04512702475093808,0.12341101347268461,0.0008326394671107411,0.07208983927559703,0.08840346040910613,True,True,36,RANDOM_ONE_TO_ONE_MATCHING
RANDOM_ONE_TO_ONE_MATCHING,696,tool_argument_distance,0.10333019388052049,0.06298574949570529,0.14737422559055993,0.0008326394671107411,0.0931396279913925,0.10902865722131809,True,True,36,RANDOM_ONE_TO_ONE_MATCHING
RANDOM_ONE_TO_ONE_MATCHING,696,tool_name_distance,0.07589231933723893,0.0419083769653077,0.11205225989858329,0.0016652789342214821,0.0669845220707251,0.08288253967917383,True,True,36,RANDOM_ONE_TO_ONE_MATCHING
RANDOM_ONE_TO_ONE_MATCHING,696,stage_distance,0.08300648339741218,0.048528794832038966,0.12538844573260224,0.0008326394671107411,0.0733672128550253,0.08877564029922953,True,True,36,RANDOM_ONE_TO_ONE_MATCHING
RANDOM_ONE_TO_ONE_MATCHING,697,tool_argument_distance,0.10801398694218423,0.06856247663541921,0.1481520931973234,0.0008326394671107411,0.09861270306742029,0.11522561255652024,True,True,36,RANDOM_ONE_TO_ONE_MATCHING
RANDOM_ONE_TO_ONE_MATCHING,697,tool_name_distance,0.08639418828928812,0.048103345028744846,0.12650986915864904,0.0008326394671107411,0.07787663201159184,0.09347213546031659,True,True,36,RANDOM_ONE_TO_ONE_MATCHING
RANDOM_ONE_TO_ONE_MATCHING,697,stage_distance,0.08767704137377902,0.049681667578438456,0.12982781602462018,0.0008326394671107411,0.08037189561711149,0.09477676677044201,True,True,36,RANDOM_ONE_TO_ONE_MATCHING
RANDOM_ONE_TO_ONE_MATCHING,698,tool_argument_distance,0.10215960614636711,0.06130613018590097,0.14800981753421674,0.0008326394671107411,0.0924520451098564,0.10881769586122143,True,True,36,RANDOM_ONE_TO_ONE_MATCHING
RANDOM_ONE_TO_ONE_MATCHING,698,tool_name_distance,0.06966539390785899,0.0341274146191466,0.11140605625808447,0.0016652789342214821,0.05987622128275679,0.07520726537094374,True,True,36,RANDOM_ONE_TO_ONE_MATCHING
RANDOM_ONE_TO_ONE_MATCHING,698,stage_distance,0.07871815435107304,0.03658231247093576,0.12364577098114458,0.002497918401332223,0.06837926261597899,0.08384362982880557,True,True,36,RANDOM_ONE_TO_ONE_MATCHING
RANDOM_ONE_TO_ONE_MATCHING,699,tool_argument_distance,0.1139896153235312,0.06759183199820087,0.1590308231190059,0.0008326394671107411,0.1050559852851559,0.12245090676579168,True,True,36,RANDOM_ONE_TO_ONE_MATCHING
RANDOM_ONE_TO_ONE_MATCHING,699,tool_name_distance,0.08682705066988536,0.044655691514406445,0.12644848510174095,0.0016652789342214821,0.07999935106626675,0.09432445664851519,True,True,36,RANDOM_ONE_TO_ONE_MATCHING
RANDOM_ONE_TO_ONE_MATCHING,699,stage_distance,0.08788271743872375,0.04638869176523972,0.13103475408283968,0.0008326394671107411,0.0783827678689458,0.09484290914897504,True,True,36,RANDOM_ONE_TO_ONE_MATCHING
RANDOM_ONE_TO_ONE_MATCHING,700,tool_argument_distance,0.10623015735571187,0.060741235166633455,0.15624087920668295,0.0008326394671107411,0.09707482851825601,0.11359877838310223,True,True,36,RANDOM_ONE_TO_ONE_MATCHING
RANDOM_ONE_TO_ONE_MATCHING,700,tool_name_distance,0.07832935602457664,0.035556856608418994,0.1237759817960515,0.0033305578684429643,0.06937633814856506,0.08485941909915301,True,True,36,RANDOM_ONE_TO_ONE_MATCHING
RANDOM_ONE_TO_ONE_MATCHING,700,stage_distance,0.08283090399442909,0.037193486517151604,0.13155320180654972,0.0033305578684429643,0.07223423594529033,0.09019620872715106,True,True,36,RANDOM_ONE_TO_ONE_MATCHING
RANDOM_ONE_TO_ONE_MATCHING,701,tool_argument_distance,0.11022855060454163,0.06674108587696505,0.1549946467923827,0.0008326394671107411,0.10182873141546504,0.11711718158962951,True,True,36,RANDOM_ONE_TO_ONE_MATCHING
RANDOM_ONE_TO_ONE_MATCHING,701,tool_name_distance,0.08087907597413074,0.04032051495441023,0.12735695546491657,0.0016652789342214821,0.0724153035416456,0.08674133835339469,True,True,36,RANDOM_ONE_TO_ONE_MATCHING
RANDOM_ONE_TO_ONE_MATCHING,701,stage_distance,0.09260766259463296,0.049500805715227615,0.13595671603963191,0.0008326394671107411,0.08489804025606693,0.09814748816783979,True,True,36,RANDOM_ONE_TO_ONE_MATCHING
RANDOM_ONE_TO_ONE_MATCHING,702,tool_argument_distance,0.10450954452971342,0.0605208499283396,0.1503530427259704,0.0008326394671107411,0.09435267437341952,0.11140127550773493,True,True,36,RANDOM_ONE_TO_ONE_MATCHING
RANDOM_ONE_TO_ONE_MATCHING,702,tool_name_distance,0.08149898331320175,0.039152579802479784,0.1277379941805221,0.0008326394671107411,0.07235455104917572,0.08754545749722503,True,True,36,RANDOM_ONE_TO_ONE_MATCHING
RANDOM_ONE_TO_ONE_MATCHING,702,stage_distance,0.09231598165440974,0.048005710158910454,0.14164537609190667,0.0008326394671107411,0.08294269677650852,0.09825437867278423,True,True,36,RANDOM_ONE_TO_ONE_MATCHING
RANDOM_ONE_TO_ONE_MATCHING,703,tool_argument_distance,0.112706141234839,0.06904794817495585,0.15119585457537452,0.0008326394671107411,0.10373584050821537,0.12019874031201154,True,True,36,RANDOM_ONE_TO_ONE_MATCHING
RANDOM_ONE_TO_ONE_MATCHING,703,tool_name_distance,0.08123218574575429,0.04338349421777572,0.12055233627988707,0.0008326394671107411,0.07461981323376946,0.08745224641942392,True,True,36,RANDOM_ONE_TO_ONE_MATCHING
RANDOM_ONE_TO_ONE_MATCHING,703,stage_distance,0.08461985274061468,0.04718431645662139,0.12516576210768154,0.0008326394671107411,0.07502667846517645,0.09135472961311557,True,True,36,RANDOM_ONE_TO_ONE_MATCHING
RANDOM_ONE_TO_ONE_MATCHING,704,tool_argument_distance,0.10393848438872927,0.06652250824751532,0.1463200331834737,0.0008326394671107411,0.09471767918078822,0.11059521663451616,True,True,36,RANDOM_ONE_TO_ONE_MATCHING
RANDOM_ONE_TO_ONE_MATCHING,704,tool_name_distance,0.07916331304940911,0.04381232036394513,0.11437573901053101,0.0016652789342214821,0.07249182988895728,0.084557252307601,True,True,36,RANDOM_ONE_TO_ONE_MATCHING
RANDOM_ONE_TO_ONE_MATCHING,704,stage_distance,0.0892647502153195,0.04985418425655598,0.12802260498642126,0.0008326394671107411,0.07885190634392049,0.09565392796583004,True,True,36,RANDOM_ONE_TO_ONE_MATCHING
RANDOM_ONE_TO_ONE_MATCHING,705,tool_argument_distance,0.1095557472679096,0.06922232643269706,0.15413957766980163,0.0008326394671107411,0.09954305433270703,0.1147470704224374,True,True,36,RANDOM_ONE_TO_ONE_MATCHING
RANDOM_ONE_TO_ONE_MATCHING,705,tool_name_distance,0.08012346348384204,0.04413151204679497,0.12041848411452526,0.0016652789342214821,0.07211216932570157,0.08457498083590072,True,True,36,RANDOM_ONE_TO_ONE_MATCHING
RANDOM_ONE_TO_ONE_MATCHING,705,stage_distance,0.08613317873958067,0.04774403935797605,0.12627189680063933,0.0008326394671107411,0.07658324234982719,0.0910636183230603,True,True,36,RANDOM_ONE_TO_ONE_MATCHING
RANDOM_ONE_TO_ONE_MATCHING,706,tool_argument_distance,0.10661500816015985,0.06908463140094465,0.14718619900302218,0.0008326394671107411,0.09884042012971901,0.11202033492391954,True,True,36,RANDOM_ONE_TO_ONE_MATCHING
RANDOM_ONE_TO_ONE_MATCHING,706,tool_name_distance,0.09507945777796413,0.06279083392760922,0.13079191820712988,0.0008326394671107411,0.08670182694886204,0.09955230187076554,True,True,36,RANDOM_ONE_TO_ONE_MATCHING
RANDOM_ONE_TO_ONE_MATCHING,706,stage_distance,0.10266997797708081,0.06400488976814027,0.14143896354604918,0.0008326394671107411,0.09370084974529837,0.10830738527326247,True,True,36,RANDOM_ONE_TO_ONE_MATCHING
RANDOM_ONE_TO_ONE_MATCHING,707,tool_argument_distance,0.09755895403044076,0.055374351119873315,0.13999634035136105,0.0008326394671107411,0.08720349557416766,0.10555079800718437,True,True,36,RANDOM_ONE_TO_ONE_MATCHING
RANDOM_ONE_TO_ONE_MATCHING,707,tool_name_distance,0.0631427678417724,0.027930498228728312,0.0993290016702857,0.002497918401332223,0.055259586564276986,0.0699634800253133,True,True,36,RANDOM_ONE_TO_ONE_MATCHING
RANDOM_ONE_TO_ONE_MATCHING,707,stage_distance,0.07447103887340555,0.038179410356601,0.11694333888908819,0.0008326394671107411,0.06458789848747563,0.0808925832207318,True,True,36,RANDOM_ONE_TO_ONE_MATCHING
RANDOM_ONE_TO_ONE_MATCHING,708,tool_argument_distance,0.12802722533345223,0.08351765857881784,0.17495381895502893,0.0008326394671107411,0.11904045741257652,0.1343009931130974,True,True,36,RANDOM_ONE_TO_ONE_MATCHING
RANDOM_ONE_TO_ONE_MATCHING,708,tool_name_distance,0.10397800174826609,0.06411420444360337,0.14223208449849833,0.0008326394671107411,0.09666630334428954,0.11031449348551949,True,True,36,RANDOM_ONE_TO_ONE_MATCHING
RANDOM_ONE_TO_ONE_MATCHING,708,stage_distance,0.11046319946524868,0.0700089913778198,0.15505081549484726,0.0008326394671107411,0.10065602557241905,0.11612485753410817,True,True,36,RANDOM_ONE_TO_ONE_MATCHING
RANDOM_ONE_TO_ONE_MATCHING,709,tool_argument_distance,0.12081452223174992,0.08089970361152202,0.16361629310781545,0.0008326394671107411,0.11207588953360946,0.12754358356278808,True,True,36,RANDOM_ONE_TO_ONE_MATCHING
RANDOM_ONE_TO_ONE_MATCHING,709,tool_name_distance,0.08737355010706377,0.049665388089216986,0.1231777283789617,0.0008326394671107411,0.0799265441381582,0.09338587493600439,True,True,36,RANDOM_ONE_TO_ONE_MATCHING
RANDOM_ONE_TO_ONE_MATCHING,709,stage_distance,0.09229081958880647,0.05536404947381147,0.13288618072591463,0.0008326394671107411,0.08291681579474516,0.09915026383337527,True,True,36,RANDOM_ONE_TO_ONE_MATCHING
RANDOM_ONE_TO_ONE_MATCHING,710,tool_argument_distance,0.09434543920767317,0.05578649097337963,0.13385978161122503,0.0008326394671107411,0.08725891640292847,0.10139708864670297,True,True,36,RANDOM_ONE_TO_ONE_MATCHING
RANDOM_ONE_TO_ONE_MATCHING,710,tool_name_distance,0.07662607166908282,0.03750837223643079,0.11618079653897341,0.0008326394671107411,0.06950691552258415,0.08385156198515778,True,True,36,RANDOM_ONE_TO_ONE_MATCHING
RANDOM_ONE_TO_ONE_MATCHING,710,stage_distance,0.07820901689394366,0.03943271488435432,0.1162681584152023,0.0016652789342214821,0.07128981873717197,0.08509855913050621,True,True,36,RANDOM_ONE_TO_ONE_MATCHING
RANDOM_ONE_TO_ONE_MATCHING,711,tool_argument_distance,0.11994366597894923,0.08500738028645091,0.1562011615394035,0.0008326394671107411,0.11355440440498149,0.1258297748846937,True,True,36,RANDOM_ONE_TO_ONE_MATCHING
RANDOM_ONE_TO_ONE_MATCHING,711,tool_name_distance,0.08849113108575588,0.04964591077832966,0.12660260072801255,0.0008326394671107411,0.08052050044640023,0.09443881670323188,True,True,36,RANDOM_ONE_TO_ONE_MATCHING
RANDOM_ONE_TO_ONE_MATCHING,711,stage_distance,0.09436006592888614,0.055515968082162526,0.13433998181205237,0.0008326394671107411,0.08574874973382195,0.10009426031308603,True,True,36,RANDOM_ONE_TO_ONE_MATCHING
RANDOM_ONE_TO_ONE_MATCHING,712,tool_argument_distance,0.13333083917574615,0.08470862093072416,0.17981471437228308,0.0008326394671107411,0.12494981553314839,0.14104603571508287,True,True,36,RANDOM_ONE_TO_ONE_MATCHING
RANDOM_ONE_TO_ONE_MATCHING,712,tool_name_distance,0.09987074198664506,0.05743952169844631,0.14391680629393996,0.0008326394671107411,0.08908421268914155,0.10644212356133814,True,True,36,RANDOM_ONE_TO_ONE_MATCHING
RANDOM_ONE_TO_ONE_MATCHING,712,stage_distance,0.10456659342898726,0.05995439290497833,0.1487710014649025,0.0008326394671107411,0.09459094507797873,0.11054930946491455,True,True,36,RANDOM_ONE_TO_ONE_MATCHING
RANDOM_ONE_TO_ONE_MATCHING,713,tool_argument_distance,0.1021213696559434,0.06373528652088148,0.14046351218542943,0.0008326394671107411,0.09570578974135133,0.10904106716234302,True,True,36,RANDOM_ONE_TO_ONE_MATCHING
RANDOM_ONE_TO_ONE_MATCHING,713,tool_name_distance,0.07945962182950331,0.042522032019967196,0.11883693501021621,0.0008326394671107411,0.07133917317676555,0.08554402863876387,True,True,36,RANDOM_ONE_TO_ONE_MATCHING
RANDOM_ONE_TO_ONE_MATCHING,713,stage_distance,0.0883258917418697,0.04789577215576046,0.12650411513488208,0.0008326394671107411,0.08142845254202985,0.09394078782579372,True,True,36,RANDOM_ONE_TO_ONE_MATCHING
RANDOM_ONE_TO_ONE_MATCHING,714,tool_argument_distance,0.11498418046140764,0.06813432796775895,0.16192387481157483,0.0008326394671107411,0.10459156878243103,0.12347388805046458,True,True,36,RANDOM_ONE_TO_ONE_MATCHING
RANDOM_ONE_TO_ONE_MATCHING,714,tool_name_distance,0.08292993463508817,0.04212587394024809,0.12124016597504342,0.0008326394671107411,0.07464645128603778,0.09031599444129522,True,True,36,RANDOM_ONE_TO_ONE_MATCHING
RANDOM_ONE_TO_ONE_MATCHING,714,stage_distance,0.08716825371630323,0.046000507610130636,0.12890046746127595,0.0008326394671107411,0.07764789089731326,0.09395257563056941,True,True,36,RANDOM_ONE_TO_ONE_MATCHING
RANDOM_ONE_TO_ONE_MATCHING,715,tool_argument_distance,0.11236992682591218,0.06802918390343732,0.1585191103756367,0.0008326394671107411,0.10297405075734999,0.12078494145395496,True,True,36,RANDOM_ONE_TO_ONE_MATCHING
RANDOM_ONE_TO_ONE_MATCHING,715,tool_name_distance,0.08980419916866643,0.045430468475285424,0.13134748717211908,0.0008326394671107411,0.08253957817160162,0.09738666653297572,True,True,36,RANDOM_ONE_TO_ONE_MATCHING
RANDOM_ONE_TO_ONE_MATCHING,715,stage_distance,0.09683760125329782,0.05529279520803898,0.13915771164805882,0.0008326394671107411,0.08664112455441245,0.10389819024004956,True,True,36,RANDOM_ONE_TO_ONE_MATCHING
RANDOM_ONE_TO_ONE_MATCHING,716,tool_argument_distance,0.10494730853083087,0.06195843528145466,0.14705360861848268,0.0008326394671107411,0.0969752402897204,0.10986742006761448,True,True,36,RANDOM_ONE_TO_ONE_MATCHING
RANDOM_ONE_TO_ONE_MATCHING,716,tool_name_distance,0.07289023593493624,0.03524142038227199,0.11266044469485866,0.0008326394671107411,0.06484904580930899,0.07757256990426163,True,True,36,RANDOM_ONE_TO_ONE_MATCHING
RANDOM_ONE_TO_ONE_MATCHING,716,stage_distance,0.08282049681920421,0.0405937711900957,0.1270001833132896,0.0008326394671107411,0.0748895796596787,0.0878907760823037,True,True,36,RANDOM_ONE_TO_ONE_MATCHING
RANDOM_ONE_TO_ONE_MATCHING,717,tool_argument_distance,0.10658741125989986,0.06920746425693433,0.14758245112287377,0.0008326394671107411,0.10029943253399226,0.11337396417000849,True,True,36,RANDOM_ONE_TO_ONE_MATCHING
RANDOM_ONE_TO_ONE_MATCHING,717,tool_name_distance,0.08018727666367204,0.039770659169172926,0.12103519250816043,0.0008326394671107411,0.07298949405092929,0.08660256000251064,True,True,36,RANDOM_ONE_TO_ONE_MATCHING
RANDOM_ONE_TO_ONE_MATCHING,717,stage_distance,0.08824908253406016,0.04876768403975303,0.1251056127520935,0.0016652789342214821,0.08161674339557753,0.09531272889674511,True,True,36,RANDOM_ONE_TO_ONE_MATCHING
RANDOM_ONE_TO_ONE_MATCHING,718,tool_argument_distance,0.10521003518578823,0.06536612416113007,0.15253677559421336,0.0008326394671107411,0.09507317904823932,0.11221798027875483,True,True,36,RANDOM_ONE_TO_ONE_MATCHING
RANDOM_ONE_TO_ONE_MATCHING,718,tool_name_distance,0.07939357768467538,0.04202900930980391,0.1178341147233716,0.0008326394671107411,0.07067600396113301,0.08547609751836943,True,True,36,RANDOM_ONE_TO_ONE_MATCHING
RANDOM_ONE_TO_ONE_MATCHING,718,stage_distance,0.08779830006423818,0.048557358362735135,0.12846267551565085,0.0008326394671107411,0.07829593856947492,0.09339812210022988,True,True,36,RANDOM_ONE_TO_ONE_MATCHING
RANDOM_ONE_TO_ONE_MATCHING,719,tool_argument_distance,0.11304346267889215,0.07185764209906749,0.16061183996858125,0.0008326394671107411,0.10406365588866906,0.12041629460279239,True,True,36,RANDOM_ONE_TO_ONE_MATCHING
RANDOM_ONE_TO_ONE_MATCHING,719,tool_name_distance,0.08594332037385287,0.04477171307603458,0.13025568226387466,0.0008326394671107411,0.07762424063850262,0.09302589260724144,True,True,36,RANDOM_ONE_TO_ONE_MATCHING
RANDOM_ONE_TO_ONE_MATCHING,719,stage_distance,0.0960107187238673,0.05492537907279532,0.14038709396482657,0.0008326394671107411,0.08839832656042224,0.10336605619047678,True,True,36,RANDOM_ONE_TO_ONE_MATCHING
RANDOM_ONE_TO_ONE_MATCHING,720,tool_argument_distance,0.10795312612493609,0.06380903342279205,0.15042170017198836,0.0008326394671107411,0.09789464401421998,0.11503944524473549,True,True,36,RANDOM_ONE_TO_ONE_MATCHING
RANDOM_ONE_TO_ONE_MATCHING,720,tool_name_distance,0.08258245521135821,0.043479636690995506,0.12278515719435985,0.0016652789342214821,0.07618903700733723,0.08922034403168407,True,True,36,RANDOM_ONE_TO_ONE_MATCHING
RANDOM_ONE_TO_ONE_MATCHING,720,stage_distance,0.0903276818817607,0.04901693067769412,0.13032626763679478,0.0008326394671107411,0.08089758843892664,0.09599977196968161,True,True,36,RANDOM_ONE_TO_ONE_MATCHING
RANDOM_ONE_TO_ONE_MATCHING,721,tool_argument_distance,0.11635401519210485,0.07764079052880618,0.1591450852681604,0.0008326394671107411,0.10748793943568877,0.12488286091632457,True,True,36,RANDOM_ONE_TO_ONE_MATCHING
RANDOM_ONE_TO_ONE_MATCHING,721,tool_name_distance,0.08704800303722164,0.0484935503497001,0.12566112384379538,0.0016652789342214821,0.08004624117800889,0.09455172194063251,True,True,36,RANDOM_ONE_TO_ONE_MATCHING
RANDOM_ONE_TO_ONE_MATCHING,721,stage_distance,0.09509813719454918,0.05382138955105159,0.13467326114097602,0.0008326394671107411,0.08580434247493766,0.10210902720819383,True,True,36,RANDOM_ONE_TO_ONE_MATCHING
RANDOM_ONE_TO_ONE_MATCHING,722,tool_argument_distance,0.09939764244423928,0.0594797263833842,0.1391804200204322,0.0016652789342214821,0.09004709889502709,0.10615519010872053,True,True,36,RANDOM_ONE_TO_ONE_MATCHING
RANDOM_ONE_TO_ONE_MATCHING,722,tool_name_distance,0.08099031844720878,0.04276798177791208,0.11451506225810225,0.0008326394671107411,0.07347387228667379,0.08653119971907125,True,True,36,RANDOM_ONE_TO_ONE_MATCHING
RANDOM_ONE_TO_ONE_MATCHING,722,stage_distance,0.08659164802886127,0.046844815374050976,0.13050096822501178,0.0008326394671107411,0.07705481076165865,0.09271059300203471,True,True,36,RANDOM_ONE_TO_ONE_MATCHING
RANDOM_ONE_TO_ONE_MATCHING,723,tool_argument_distance,0.11395257274227842,0.07217663712141599,0.1521726464676708,0.0008326394671107411,0.10501788434443877,0.12071227161501649,True,True,36,RANDOM_ONE_TO_ONE_MATCHING
RANDOM_ONE_TO_ONE_MATCHING,723,tool_name_distance,0.08133876370320943,0.047151234300443656,0.11945188291583635,0.0008326394671107411,0.07247835402464106,0.08674206639584339,True,True,36,RANDOM_ONE_TO_ONE_MATCHING
RANDOM_ONE_TO_ONE_MATCHING,723,stage_distance,0.0909899033906361,0.05116589441573105,0.13041501377778966,0.0008326394671107411,0.08157873056234134,0.09724522104871976,True,True,36,RANDOM_ONE_TO_ONE_MATCHING
RANDOM_ONE_TO_ONE_MATCHING,724,tool_argument_distance,0.11372976294559524,0.07389803695265643,0.1554641792248555,0.0008326394671107411,0.10715051711537318,0.1209811288316992,True,True,36,RANDOM_ONE_TO_ONE_MATCHING
RANDOM_ONE_TO_ONE_MATCHING,724,tool_name_distance,0.090047203506313,0.05059799280167069,0.12912139962961516,0.0008326394671107411,0.08174224420018539,0.09659217590760705,True,True,36,RANDOM_ONE_TO_ONE_MATCHING
RANDOM_ONE_TO_ONE_MATCHING,724,stage_distance,0.09544392943425192,0.0580314880463676,0.13700783273038253,0.0008326394671107411,0.08763919404352574,0.10126219802367259,True,True,36,RANDOM_ONE_TO_ONE_MATCHING
RANDOM_ONE_TO_ONE_MATCHING,725,tool_argument_distance,0.12319590867510358,0.08182221059514093,0.16446107930268794,0.0008326394671107411,0.1150814483457631,0.13192023707026612,True,True,36,RANDOM_ONE_TO_ONE_MATCHING
RANDOM_ONE_TO_ONE_MATCHING,725,tool_name_distance,0.09089856334319875,0.05299266298100857,0.1296632326924844,0.0008326394671107411,0.0827081161940269,0.09851229825535184,True,True,36,RANDOM_ONE_TO_ONE_MATCHING
RANDOM_ONE_TO_ONE_MATCHING,725,stage_distance,0.0960139288767957,0.059303135697182804,0.13553197219016988,0.0008326394671107411,0.08914539260434134,0.10305098436707597,True,True,36,RANDOM_ONE_TO_ONE_MATCHING
RANDOM_ONE_TO_ONE_MATCHING,726,tool_argument_distance,0.10600577970089549,0.064830392273632,0.14676114890938383,0.0008326394671107411,0.09589165912092108,0.11165036331961048,True,True,36,RANDOM_ONE_TO_ONE_MATCHING
RANDOM_ONE_TO_ONE_MATCHING,726,tool_name_distance,0.08466834407055288,0.04688717772626446,0.12728220128967518,0.0008326394671107411,0.07599325284981047,0.09136582971542716,True,True,36,RANDOM_ONE_TO_ONE_MATCHING
RANDOM_ONE_TO_ONE_MATCHING,726,stage_distance,0.08839948831861272,0.04818834367969605,0.13339944981739246,0.0008326394671107411,0.0789143036311173,0.09377925281445196,True,True,36,RANDOM_ONE_TO_ONE_MATCHING
RANDOM_ONE_TO_ONE_MATCHING,727,tool_argument_distance,0.12213310027138918,0.07985616554851957,0.16478612361944692,0.0008326394671107411,0.11371156128237277,0.12884293572803293,True,True,36,RANDOM_ONE_TO_ONE_MATCHING
RANDOM_ONE_TO_ONE_MATCHING,727,tool_name_distance,0.0879858852738524,0.05315402748203452,0.13013497642249106,0.0008326394671107411,0.07982044385949577,0.09372663988361896,True,True,36,RANDOM_ONE_TO_ONE_MATCHING
RANDOM_ONE_TO_ONE_MATCHING,727,stage_distance,0.08974511160041704,0.05160204165999501,0.1276154455631839,0.0008326394671107411,0.08237279093824795,0.09595415553277781,True,True,36,RANDOM_ONE_TO_ONE_MATCHING
RANDOM_ONE_TO_ONE_MATCHING,728,tool_argument_distance,0.10744990784589373,0.06507087584007058,0.14792100447764792,0.0008326394671107411,0.09832942902244307,0.11572435050307883,True,True,36,RANDOM_ONE_TO_ONE_MATCHING
RANDOM_ONE_TO_ONE_MATCHING,728,tool_name_distance,0.0773322818834284,0.03766219367994927,0.11632135245798342,0.0008326394671107411,0.0695412523652888,0.08455840875387374,True,True,36,RANDOM_ONE_TO_ONE_MATCHING
RANDOM_ONE_TO_ONE_MATCHING,728,stage_distance,0.0865747230945237,0.047292411258324285,0.12834168091187576,0.0008326394671107411,0.07608502130538765,0.09334208699102477,True,True,36,RANDOM_ONE_TO_ONE_MATCHING
RANDOM_ONE_TO_ONE_MATCHING,729,tool_argument_distance,0.11025758976733405,0.0699830093556834,0.1488464128183765,0.0008326394671107411,0.10407447328449597,0.1186122519079889,True,True,36,RANDOM_ONE_TO_ONE_MATCHING
RANDOM_ONE_TO_ONE_MATCHING,729,tool_name_distance,0.08909415066515462,0.0521050465404304,0.12477289313626377,0.0008326394671107411,0.08085214886803865,0.09665633092936356,True,True,36,RANDOM_ONE_TO_ONE_MATCHING
RANDOM_ONE_TO_ONE_MATCHING,729,stage_distance,0.09346930753639376,0.057532096660879384,0.13021823236491947,0.0008326394671107411,0.08652806779707077,0.10043365955980539,True,True,36,RANDOM_ONE_TO_ONE_MATCHING
RANDOM_ONE_TO_ONE_MATCHING,730,tool_argument_distance,0.10583832154466212,0.06496606760280924,0.1457377121334014,0.0008326394671107411,0.09625582818234993,0.1128912151939274,True,True,36,RANDOM_ONE_TO_ONE_MATCHING
RANDOM_ONE_TO_ONE_MATCHING,730,tool_name_distance,0.0831479069696064,0.0450695924549418,0.12239726954042164,0.0016652789342214821,0.0756931061954256,0.0899355230482066,True,True,36,RANDOM_ONE_TO_ONE_MATCHING
RANDOM_ONE_TO_ONE_MATCHING,730,stage_distance,0.09357924213967087,0.057215562659021696,0.1358428593796487,0.0008326394671107411,0.0862876809784077,0.10071662171295066,True,True,36,RANDOM_ONE_TO_ONE_MATCHING
RANDOM_ONE_TO_ONE_MATCHING,731,tool_argument_distance,0.11394883201445152,0.07765657306855159,0.15442114661620274,0.0008326394671107411,0.10755946379838675,0.11999333027945208,True,True,36,RANDOM_ONE_TO_ONE_MATCHING
RANDOM_ONE_TO_ONE_MATCHING,731,tool_name_distance,0.09936294570545791,0.0645482848723801,0.13634742997293794,0.0008326394671107411,0.09267335681136936,0.10448572346225142,True,True,36,RANDOM_ONE_TO_ONE_MATCHING
RANDOM_ONE_TO_ONE_MATCHING,731,stage_distance,0.10558022494800029,0.0693345647585522,0.1413923525357152,0.0008326394671107411,0.09889482383024989,0.11017558381100986,True,True,36,RANDOM_ONE_TO_ONE_MATCHING
RANDOM_ONE_TO_ONE_MATCHING,732,tool_argument_distance,0.11078495588424882,0.07181783017090941,0.1539453298972425,0.0008326394671107411,0.10080738319522735,0.11785598432954278,True,True,36,RANDOM_ONE_TO_ONE_MATCHING
RANDOM_ONE_TO_ONE_MATCHING,732,tool_name_distance,0.0740687847793516,0.03672206912163229,0.11562662758665562,0.0016652789342214821,0.06669618811277113,0.08095860471370313,True,True,36,RANDOM_ONE_TO_ONE_MATCHING
RANDOM_ONE_TO_ONE_MATCHING,732,stage_distance,0.08131929201099869,0.040815530408332426,0.12516232996910415,0.0016652789342214821,0.0716318160004286,0.08803509420888887,True,True,36,RANDOM_ONE_TO_ONE_MATCHING
RANDOM_ONE_TO_ONE_MATCHING,733,tool_argument_distance,0.11536189764965339,0.0746885679008281,0.15789362733301707,0.0008326394671107411,0.10551509472535778,0.12181078633533508,True,True,36,RANDOM_ONE_TO_ONE_MATCHING
RANDOM_ONE_TO_ONE_MATCHING,733,tool_name_distance,0.093252284721931,0.05986527773599521,0.12852924924758852,0.0008326394671107411,0.08621133783725975,0.09805480653787131,True,True,36,RANDOM_ONE_TO_ONE_MATCHING
RANDOM_ONE_TO_ONE_MATCHING,733,stage_distance,0.09837464131912804,0.06161777147010175,0.13494130434362633,0.0008326394671107411,0.08917446100307592,0.1032394647823654,True,True,36,RANDOM_ONE_TO_ONE_MATCHING
RANDOM_ONE_TO_ONE_MATCHING,734,tool_argument_distance,0.12594198249960875,0.08115031595456032,0.17338159786207893,0.0008326394671107411,0.1163974677138833,0.1347447701469,True,True,36,RANDOM_ONE_TO_ONE_MATCHING
RANDOM_ONE_TO_ONE_MATCHING,734,tool_name_distance,0.09168014907167996,0.04968170275861531,0.13713942912374877,0.0008326394671107411,0.08291679484808376,0.09931621500464677,True,True,36,RANDOM_ONE_TO_ONE_MATCHING
RANDOM_ONE_TO_ONE_MATCHING,734,stage_distance,0.10134544830145238,0.06001773245196707,0.14819011197669194,0.0008326394671107411,0.09223014818489524,0.10853483291815141,True,True,36,RANDOM_ONE_TO_ONE_MATCHING
RANDOM_ONE_TO_ONE_MATCHING,735,tool_argument_distance,0.10543833371333351,0.06909277305425865,0.14327150113061457,0.0008326394671107411,0.09626038134323829,0.11183044937044918,True,True,36,RANDOM_ONE_TO_ONE_MATCHING
RANDOM_ONE_TO_ONE_MATCHING,735,tool_name_distance,0.08131799388056055,0.049194676713018214,0.11521581597136242,0.0008326394671107411,0.07316045398195113,0.08757091917813062,True,True,36,RANDOM_ONE_TO_ONE_MATCHING
RANDOM_ONE_TO_ONE_MATCHING,735,stage_distance,0.09456622260216771,0.05986364511582053,0.1308418025842256,0.0008326394671107411,0.08525723032277388,0.1007961570045577,True,True,36,RANDOM_ONE_TO_ONE_MATCHING
RANDOM_ONE_TO_ONE_MATCHING,736,tool_argument_distance,0.11901808078404034,0.07996333463938439,0.1600929970530005,0.0008326394671107411,0.11022812118739392,0.12433370026112865,True,True,36,RANDOM_ONE_TO_ONE_MATCHING
RANDOM_ONE_TO_ONE_MATCHING,736,tool_name_distance,0.09417825992354895,0.058922866474460954,0.13351036672034663,0.0008326394671107411,0.0868685440636985,0.09957185372764504,True,True,36,RANDOM_ONE_TO_ONE_MATCHING
RANDOM_ONE_TO_ONE_MATCHING,736,stage_distance,0.10315280639966014,0.06381846818313489,0.14330464065257167,0.0008326394671107411,0.09408914508590895,0.10893011305204277,True,True,36,RANDOM_ONE_TO_ONE_MATCHING
RANDOM_ONE_TO_ONE_MATCHING,737,tool_argument_distance,0.10644295977451348,0.06537437349253644,0.14653280547910533,0.0008326394671107411,0.1001508538633091,0.11338993118810071,True,True,36,RANDOM_ONE_TO_ONE_MATCHING
RANDOM_ONE_TO_ONE_MATCHING,737,tool_name_distance,0.0851251849481454,0.05142696400451393,0.12115863243835794,0.0008326394671107411,0.07824886060961993,0.09127526489316705,True,True,36,RANDOM_ONE_TO_ONE_MATCHING
RANDOM_ONE_TO_ONE_MATCHING,737,stage_distance,0.09313461906477288,0.058764034025302,0.12926939808119503,0.0008326394671107411,0.08664186668431059,0.09879070726172261,True,True,36,RANDOM_ONE_TO_ONE_MATCHING
RANDOM_ONE_TO_ONE_MATCHING,738,tool_argument_distance,0.11165146567479971,0.07659119928398897,0.14801956499177857,0.0008326394671107411,0.10519706310677811,0.1173140699094992,True,True,36,RANDOM_ONE_TO_ONE_MATCHING
RANDOM_ONE_TO_ONE_MATCHING,738,tool_name_distance,0.08926185021590258,0.05503583608448593,0.12353799308606468,0.0008326394671107411,0.08174363829637787,0.09304333013892685,True,True,36,RANDOM_ONE_TO_ONE_MATCHING
RANDOM_ONE_TO_ONE_MATCHING,738,stage_distance,0.0945621795605168,0.06151047729602368,0.12992366941338612,0.0008326394671107411,0.0880129880398492,0.09920469686012943,True,True,36,RANDOM_ONE_TO_ONE_MATCHING
RANDOM_ONE_TO_ONE_MATCHING,739,tool_argument_distance,0.10545239404282436,0.059916037717321444,0.1506608256347826,0.0008326394671107411,0.09585887418045967,0.11220456341186318,True,True,36,RANDOM_ONE_TO_ONE_MATCHING
RANDOM_ONE_TO_ONE_MATCHING,739,tool_name_distance,0.08332160921670999,0.04407585736860982,0.1232263892497234,0.0008326394671107411,0.07412102687027337,0.08925365826004762,True,True,36,RANDOM_ONE_TO_ONE_MATCHING
RANDOM_ONE_TO_ONE_MATCHING,739,stage_distance,0.08354038187595045,0.04512287086128686,0.1250494268739109,0.0008326394671107411,0.07552180775267829,0.08955098433559215,True,True,36,RANDOM_ONE_TO_ONE_MATCHING
RANDOM_ONE_TO_ONE_MATCHING,740,tool_argument_distance,0.10924719832221606,0.06940801290105623,0.151790334748691,0.0008326394671107411,0.10210481058197168,0.11757299213586754,True,True,36,RANDOM_ONE_TO_ONE_MATCHING
RANDOM_ONE_TO_ONE_MATCHING,740,tool_name_distance,0.07249127368269818,0.0351936648561085,0.1094160066779291,0.0016652789342214821,0.06368471638161015,0.07957908603312265,True,True,36,RANDOM_ONE_TO_ONE_MATCHING
RANDOM_ONE_TO_ONE_MATCHING,740,stage_distance,0.08246059847449412,0.04348122808870169,0.12158432951909968,0.0008326394671107411,0.07428491077063201,0.08915128937076411,True,True,36,RANDOM_ONE_TO_ONE_MATCHING
RANDOM_ONE_TO_ONE_MATCHING,741,tool_argument_distance,0.11082132688316242,0.07317155695964911,0.153483798576928,0.0008326394671107411,0.10370148270794212,0.11646448409083147,True,True,36,RANDOM_ONE_TO_ONE_MATCHING
RANDOM_ONE_TO_ONE_MATCHING,741,tool_name_distance,0.0879286171653988,0.05143489453377105,0.12582155436990877,0.0008326394671107411,0.08053715279498534,0.09314364974783347,True,True,36,RANDOM_ONE_TO_ONE_MATCHING
RANDOM_ONE_TO_ONE_MATCHING,741,stage_distance,0.09982142404547303,0.06284277085050838,0.13576323336280247,0.0008326394671107411,0.0935197232358879,0.10629719913852967,True,True,36,RANDOM_ONE_TO_ONE_MATCHING
RANDOM_ONE_TO_ONE_MATCHING,742,tool_argument_distance,0.10091410138994045,0.06346854663196098,0.13984212385750414,0.0008326394671107411,0.09330731813960974,0.10900180671981262,True,True,36,RANDOM_ONE_TO_ONE_MATCHING
RANDOM_ONE_TO_ONE_MATCHING,742,tool_name_distance,0.0817890665728973,0.04471583362292986,0.12073424263414857,0.0008326394671107411,0.07310496559690578,0.08914253014875605,True,True,36,RANDOM_ONE_TO_ONE_MATCHING
RANDOM_ONE_TO_ONE_MATCHING,742,stage_distance,0.08654115943177505,0.04856461421268572,0.1276440769402792,0.0008326394671107411,0.0778580340026672,0.0933075643664833,True,True,36,RANDOM_ONE_TO_ONE_MATCHING
RANDOM_ONE_TO_ONE_MATCHING,743,tool_argument_distance,0.10489264870162478,0.06582007514355032,0.1461902107370776,0.0008326394671107411,0.09569910533119501,0.11195371669140862,True,True,36,RANDOM_ONE_TO_ONE_MATCHING
RANDOM_ONE_TO_ONE_MATCHING,743,tool_name_distance,0.07691161428547322,0.042598095511175375,0.1136843633589329,0.0008326394671107411,0.06861014030896664,0.08313183194858546,True,True,36,RANDOM_ONE_TO_ONE_MATCHING
RANDOM_ONE_TO_ONE_MATCHING,743,stage_distance,0.08504106740441376,0.047928548173788055,0.12600471898793672,0.0008326394671107411,0.07450754688127456,0.0922001811585027,True,True,36,RANDOM_ONE_TO_ONE_MATCHING
RANDOM_ONE_TO_ONE_MATCHING,744,tool_argument_distance,0.12134758519902812,0.0802472509428398,0.16721049058641962,0.0008326394671107411,0.1108193247665232,0.1265697759026886,True,True,36,RANDOM_ONE_TO_ONE_MATCHING
RANDOM_ONE_TO_ONE_MATCHING,744,tool_name_distance,0.0957670377297545,0.05725809485741953,0.1352331193449497,0.0008326394671107411,0.08848524938975809,0.10215193500120072,True,True,36,RANDOM_ONE_TO_ONE_MATCHING
RANDOM_ONE_TO_ONE_MATCHING,744,stage_distance,0.09893404250436116,0.06233129511687568,0.1399766064751247,0.0008326394671107411,0.09260698793645857,0.10416133751763353,True,True,36,RANDOM_ONE_TO_ONE_MATCHING
RANDOM_ONE_TO_ONE_MATCHING,745,tool_argument_distance,0.1181299289103317,0.07352885215782573,0.16037079359963965,0.0008326394671107411,0.10979033050731626,0.12670951502650074,True,True,36,RANDOM_ONE_TO_ONE_MATCHING
RANDOM_ONE_TO_ONE_MATCHING,745,tool_name_distance,0.09959450028596031,0.05761595953551795,0.14314669985013476,0.0008326394671107411,0.08903817360653248,0.10745669053933513,True,True,36,RANDOM_ONE_TO_ONE_MATCHING
RANDOM_ONE_TO_ONE_MATCHING,745,stage_distance,0.10462269949733327,0.06425348801982851,0.15064981870505012,0.0008326394671107411,0.09502761807009855,0.11190571986248603,True,True,36,RANDOM_ONE_TO_ONE_MATCHING
RANDOM_ONE_TO_ONE_MATCHING,746,tool_argument_distance,0.10204924390603559,0.06247712874400861,0.14449579874202717,0.0008326394671107411,0.09476528703227277,0.10884592157565241,True,True,36,RANDOM_ONE_TO_ONE_MATCHING
RANDOM_ONE_TO_ONE_MATCHING,746,tool_name_distance,0.07934734393568516,0.040678258367358326,0.11923981664218196,0.0008326394671107411,0.07169037462409701,0.0847214029587668,True,True,36,RANDOM_ONE_TO_ONE_MATCHING
RANDOM_ONE_TO_ONE_MATCHING,746,stage_distance,0.08246446519653361,0.043057086147477705,0.12361274432139692,0.0008326394671107411,0.07448410545137582,0.08826791046263183,True,True,36,RANDOM_ONE_TO_ONE_MATCHING
RANDOM_ONE_TO_ONE_MATCHING,747,tool_argument_distance,0.12599895713892587,0.09043081518905176,0.16767917391366138,0.0008326394671107411,0.11740845115241899,0.13367488075974499,True,True,36,RANDOM_ONE_TO_ONE_MATCHING
RANDOM_ONE_TO_ONE_MATCHING,747,tool_name_distance,0.10697838545739165,0.0685993939960516,0.14415695270170106,0.0008326394671107411,0.09938411710538063,0.11479097269402894,True,True,36,RANDOM_ONE_TO_ONE_MATCHING
RANDOM_ONE_TO_ONE_MATCHING,747,stage_distance,0.11362595295479958,0.07414760424184469,0.1586056737438166,0.0008326394671107411,0.1039091434473857,0.1212472956054258,True,True,36,RANDOM_ONE_TO_ONE_MATCHING
RANDOM_ONE_TO_ONE_MATCHING,748,tool_argument_distance,0.1026445380438564,0.06307041709610257,0.14222089521585593,0.0008326394671107411,0.09544980148910037,0.10948298312228201,True,True,36,RANDOM_ONE_TO_ONE_MATCHING
RANDOM_ONE_TO_ONE_MATCHING,748,tool_name_distance,0.07930175780908769,0.04319665593851996,0.12037947748943319,0.0016652789342214821,0.07018473526370313,0.08528545412156485,True,True,36,RANDOM_ONE_TO_ONE_MATCHING
RANDOM_ONE_TO_ONE_MATCHING,748,stage_distance,0.08756456475075253,0.046406993115328095,0.1298292787381856,0.0008326394671107411,0.07985937997945884,0.09306150853873024,True,True,36,RANDOM_ONE_TO_ONE_MATCHING
RANDOM_ONE_TO_ONE_MATCHING,749,tool_argument_distance,0.11573534054255832,0.08093287156534683,0.1559118014497642,0.0008326394671107411,0.10685158836758377,0.12095867405085996,True,True,36,RANDOM_ONE_TO_ONE_MATCHING
RANDOM_ONE_TO_ONE_MATCHING,749,tool_name_distance,0.09283193845876342,0.05738905970878894,0.1298649061122287,0.0008326394671107411,0.08520178110365821,0.098079312302618,True,True,36,RANDOM_ONE_TO_ONE_MATCHING
RANDOM_ONE_TO_ONE_MATCHING,749,stage_distance,0.1037592197001094,0.06728942559731754,0.1429771099934895,0.0008326394671107411,0.09471288448065675,0.10926541052603993,True,True,36,RANDOM_ONE_TO_ONE_MATCHING
RANDOM_ONE_TO_ONE_MATCHING,750,tool_argument_distance,0.1260269332643514,0.08404742896119675,0.1674229685489441,0.0008326394671107411,0.11648484564333285,0.13157872319435326,True,True,36,RANDOM_ONE_TO_ONE_MATCHING
RANDOM_ONE_TO_ONE_MATCHING,750,tool_name_distance,0.09533286918015807,0.06451868132414582,0.12911540290180742,0.0008326394671107411,0.08777416698852128,0.09967329431622003,True,True,36,RANDOM_ONE_TO_ONE_MATCHING
RANDOM_ONE_TO_ONE_MATCHING,750,stage_distance,0.1043313160478167,0.06661978958250041,0.14112774266099115,0.0008326394671107411,0.09530132643829856,0.10837857610014207,True,True,36,RANDOM_ONE_TO_ONE_MATCHING
RANDOM_ONE_TO_ONE_MATCHING,751,tool_argument_distance,0.11095633853616946,0.07377058841133645,0.15216805747138837,0.0008326394671107411,0.10193604344672669,0.11786576346216097,True,True,36,RANDOM_ONE_TO_ONE_MATCHING
RANDOM_ONE_TO_ONE_MATCHING,751,tool_name_distance,0.09431872951573088,0.0545523102844895,0.13242656194785127,0.0008326394671107411,0.08651460168866022,0.1005649819961834,True,True,36,RANDOM_ONE_TO_ONE_MATCHING
RANDOM_ONE_TO_ONE_MATCHING,751,stage_distance,0.1008808542420076,0.060720196147842354,0.1418488266234177,0.0008326394671107411,0.09079989905708538,0.10696700004407433,True,True,36,RANDOM_ONE_TO_ONE_MATCHING
RANDOM_ONE_TO_ONE_MATCHING,752,tool_argument_distance,0.09561917675580367,0.056340962277468216,0.1343036200276244,0.0008326394671107411,0.08616067704406473,0.10355559852470049,True,True,36,RANDOM_ONE_TO_ONE_MATCHING
RANDOM_ONE_TO_ONE_MATCHING,752,tool_name_distance,0.0667512810112591,0.03546262047721454,0.09941968213908035,0.0008326394671107411,0.059310305449140066,0.07367509357107103,True,True,36,RANDOM_ONE_TO_ONE_MATCHING
RANDOM_ONE_TO_ONE_MATCHING,752,stage_distance,0.07835107221089073,0.03909486714043323,0.12025200174453596,0.0016652789342214821,0.06762640896793659,0.08488347465357371,True,True,36,RANDOM_ONE_TO_ONE_MATCHING
RANDOM_ONE_TO_ONE_MATCHING,753,tool_argument_distance,0.10376758498065314,0.06352924301414287,0.14551341442738408,0.0008326394671107411,0.09358951598010036,0.10934822017878976,True,True,36,RANDOM_ONE_TO_ONE_MATCHING
RANDOM_ONE_TO_ONE_MATCHING,753,tool_name_distance,0.0785030836176892,0.04030341412074601,0.11813850996203883,0.0008326394671107411,0.06956165450810597,0.08470695864644993,True,True,36,RANDOM_ONE_TO_ONE_MATCHING
RANDOM_ONE_TO_ONE_MATCHING,753,stage_distance,0.0893413270963863,0.05110993880623647,0.13235480349752174,0.0008326394671107411,0.07988305208825584,0.09458927111286036,True,True,36,RANDOM_ONE_TO_ONE_MATCHING
RANDOM_ONE_TO_ONE_MATCHING,754,tool_argument_distance,0.11591944133723084,0.07410556748916644,0.1570561951099371,0.0008326394671107411,0.10704094918496125,0.12261101721217213,True,True,36,RANDOM_ONE_TO_ONE_MATCHING
RANDOM_ONE_TO_ONE_MATCHING,754,tool_name_distance,0.0877026346757929,0.052858415719875054,0.12832395714963604,0.0008326394671107411,0.07996980571362561,0.09357411592526137,True,True,36,RANDOM_ONE_TO_ONE_MATCHING
RANDOM_ONE_TO_ONE_MATCHING,754,stage_distance,0.09120836587164233,0.05018904316442712,0.13524524227377363,0.0008326394671107411,0.08085105387613822,0.09745574019511023,True,True,36,RANDOM_ONE_TO_ONE_MATCHING
RANDOM_ONE_TO_ONE_MATCHING,755,tool_argument_distance,0.11468561302705665,0.07561635216363367,0.1561862306738402,0.0008326394671107411,0.10827003713552201,0.1210018006101426,True,True,36,RANDOM_ONE_TO_ONE_MATCHING
RANDOM_ONE_TO_ONE_MATCHING,755,tool_name_distance,0.09070939838947095,0.052499581813302776,0.13500219379230402,0.0008326394671107411,0.08061349737014344,0.09728186653869529,True,True,36,RANDOM_ONE_TO_ONE_MATCHING
RANDOM_ONE_TO_ONE_MATCHING,755,stage_distance,0.0941747461911788,0.05305499947702643,0.13635374936643432,0.0008326394671107411,0.0840430565742444,0.10005335949883304,True,True,36,RANDOM_ONE_TO_ONE_MATCHING
RANDOM_ONE_TO_ONE_MATCHING,756,tool_argument_distance,0.10283766571072622,0.06284650282782904,0.14379979614841426,0.0008326394671107411,0.0935854085405565,0.10977782881869105,True,True,36,RANDOM_ONE_TO_ONE_MATCHING
RANDOM_ONE_TO_ONE_MATCHING,756,tool_name_distance,0.07318755510104197,0.036880018195405304,0.1139626141942991,0.0016652789342214821,0.06497809213196434,0.07909276000377508,True,True,36,RANDOM_ONE_TO_ONE_MATCHING
RANDOM_ONE_TO_ONE_MATCHING,756,stage_distance,0.0824221015538929,0.042106229381931225,0.1259849764233582,0.0008326394671107411,0.07181375343502454,0.08786831791816045,True,True,36,RANDOM_ONE_TO_ONE_MATCHING
RANDOM_ONE_TO_ONE_MATCHING,757,tool_argument_distance,0.11473708014887309,0.06744213493217811,0.16176613991077696,0.0008326394671107411,0.1058248062483647,0.12321972772900046,True,True,36,RANDOM_ONE_TO_ONE_MATCHING
RANDOM_ONE_TO_ONE_MATCHING,757,tool_name_distance,0.08539113655309226,0.044631330166754066,0.1273089340031755,0.0016652789342214821,0.0775303473397875,0.09284751641409943,True,True,36,RANDOM_ONE_TO_ONE_MATCHING
RANDOM_ONE_TO_ONE_MATCHING,757,stage_distance,0.0948876661900755,0.04904643063849284,0.14439553799993987,0.0008326394671107411,0.08558785801319331,0.10189254274644947,True,True,36,RANDOM_ONE_TO_ONE_MATCHING
RANDOM_ONE_TO_ONE_MATCHING,758,tool_argument_distance,0.1278303869366776,0.08593875043233394,0.1719157029784131,0.0008326394671107411,0.1207321786557919,0.13470300201232954,True,True,36,RANDOM_ONE_TO_ONE_MATCHING
RANDOM_ONE_TO_ONE_MATCHING,758,tool_name_distance,0.09003634146737219,0.05396506110191931,0.12541307074896543,0.0008326394671107411,0.08230827239447543,0.09643496527831116,True,True,36,RANDOM_ONE_TO_ONE_MATCHING
RANDOM_ONE_TO_ONE_MATCHING,758,stage_distance,0.0936143535743183,0.05596474351982481,0.1316128043197721,0.0008326394671107411,0.08557696940721883,0.09939237357976587,True,True,36,RANDOM_ONE_TO_ONE_MATCHING
RANDOM_ONE_TO_ONE_MATCHING,759,tool_argument_distance,0.1087624431507321,0.0653782649233593,0.15142171566314586,0.0008326394671107411,0.10089937875590453,0.11553114629327428,True,True,36,RANDOM_ONE_TO_ONE_MATCHING
RANDOM_ONE_TO_ONE_MATCHING,759,tool_name_distance,0.07246428624530891,0.035559822182605644,0.11136302192001106,0.0008326394671107411,0.06441092612854944,0.07715835013311631,True,True,36,RANDOM_ONE_TO_ONE_MATCHING
RANDOM_ONE_TO_ONE_MATCHING,759,stage_distance,0.08544833456058443,0.05242149014880597,0.12140576482311134,0.0008326394671107411,0.07759249847938406,0.08989951869634215,True,True,36,RANDOM_ONE_TO_ONE_MATCHING
RANDOM_ONE_TO_ONE_MATCHING,760,tool_argument_distance,0.11516236145110896,0.08187819399864141,0.15173297285413165,0.0008326394671107411,0.1062622384449502,0.11925694743965917,True,True,36,RANDOM_ONE_TO_ONE_MATCHING
RANDOM_ONE_TO_ONE_MATCHING,760,tool_name_distance,0.08400718894012099,0.05034906898208576,0.1183769720895623,0.0008326394671107411,0.07632330858289584,0.08821349934451515,True,True,36,RANDOM_ONE_TO_ONE_MATCHING
RANDOM_ONE_TO_ONE_MATCHING,760,stage_distance,0.09556927539412302,0.058659966296062696,0.13537030128979124,0.0008326394671107411,0.08533656081354696,0.09987860712702183,True,True,36,RANDOM_ONE_TO_ONE_MATCHING
RANDOM_ONE_TO_ONE_MATCHING,761,tool_argument_distance,0.12562408826691365,0.08908332004220865,0.16554101613107217,0.0008326394671107411,0.1160704907888255,0.13123116503521404,True,True,36,RANDOM_ONE_TO_ONE_MATCHING
RANDOM_ONE_TO_ONE_MATCHING,761,tool_name_distance,0.09230926537767627,0.05490042854400501,0.1281440449941201,0.0008326394671107411,0.08316706050885457,0.09757032866926559,True,True,36,RANDOM_ONE_TO_ONE_MATCHING
RANDOM_ONE_TO_ONE_MATCHING,761,stage_distance,0.10094559094245124,0.06386341380311769,0.14089558962068943,0.0008326394671107411,0.09124176882425371,0.1057305736702014,True,True,36,RANDOM_ONE_TO_ONE_MATCHING
RANDOM_ONE_TO_ONE_MATCHING,762,tool_argument_distance,0.09952313743393951,0.053002487506970765,0.14497043614423677,0.002497918401332223,0.09086565241676312,0.10757110093649735,True,True,36,RANDOM_ONE_TO_ONE_MATCHING
RANDOM_ONE_TO_ONE_MATCHING,762,tool_name_distance,0.07491048550754725,0.030801560063757418,0.1192884878308927,0.0008326394671107411,0.06696669933796286,0.08206741819582457,True,True,36,RANDOM_ONE_TO_ONE_MATCHING
RANDOM_ONE_TO_ONE_MATCHING,762,stage_distance,0.08193132941989827,0.041237990252937846,0.12467398103358704,0.002497918401332223,0.07493099593352388,0.08873591148689881,True,True,36,RANDOM_ONE_TO_ONE_MATCHING
RANDOM_ONE_TO_ONE_MATCHING,763,tool_argument_distance,0.13775860672291906,0.09252497475259534,0.18110231112919128,0.0008326394671107411,0.12950409072452626,0.14469643102246882,True,True,36,RANDOM_ONE_TO_ONE_MATCHING
RANDOM_ONE_TO_ONE_MATCHING,763,tool_name_distance,0.10558383009219195,0.06872936891276252,0.1455818442257677,0.0008326394671107411,0.09794971730117523,0.11170528300323952,True,True,36,RANDOM_ONE_TO_ONE_MATCHING
RANDOM_ONE_TO_ONE_MATCHING,763,stage_distance,0.11633496925053868,0.07551135505231495,0.1594685548539999,0.0008326394671107411,0.10669556020871734,0.1228153229130739,True,True,36,RANDOM_ONE_TO_ONE_MATCHING
RANDOM_ONE_TO_ONE_MATCHING,764,tool_argument_distance,0.11505911464647328,0.07300284507183909,0.1598927088351561,0.0016652789342214821,0.10613689791246683,0.12234846200974518,True,True,36,RANDOM_ONE_TO_ONE_MATCHING
RANDOM_ONE_TO_ONE_MATCHING,764,tool_name_distance,0.08916717812788795,0.048848403690455164,0.12825323276385628,0.0016652789342214821,0.08092726282970723,0.09552894368853093,True,True,36,RANDOM_ONE_TO_ONE_MATCHING
RANDOM_ONE_TO_ONE_MATCHING,764,stage_distance,0.09170337723696671,0.05317507281434964,0.1338989369626904,0.0008326394671107411,0.08471168234623153,0.09741477290646494,True,True,36,RANDOM_ONE_TO_ONE_MATCHING
RANDOM_ONE_TO_ONE_MATCHING,765,tool_argument_distance,0.10610167500167482,0.0623788303813106,0.1492966918514403,0.0008326394671107411,0.09694267523981792,0.11433759672045365,True,True,36,RANDOM_ONE_TO_ONE_MATCHING
RANDOM_ONE_TO_ONE_MATCHING,765,tool_name_distance,0.08299045336552006,0.04263128478659678,0.12413134198428744,0.0008326394671107411,0.07565631129923704,0.09037824227831087,True,True,36,RANDOM_ONE_TO_ONE_MATCHING
RANDOM_ONE_TO_ONE_MATCHING,765,stage_distance,0.08884258024658093,0.04765556911596343,0.1319016187170113,0.0008326394671107411,0.07937005532845602,0.0956747400617122,True,True,36,RANDOM_ONE_TO_ONE_MATCHING
RANDOM_ONE_TO_ONE_MATCHING,766,tool_argument_distance,0.12394219236847152,0.0823843700959855,0.1641078012921996,0.0008326394671107411,0.11529292167423737,0.13052150024371229,True,True,36,RANDOM_ONE_TO_ONE_MATCHING
RANDOM_ONE_TO_ONE_MATCHING,766,tool_name_distance,0.09580694798888358,0.058121797696215206,0.1329315521863289,0.0008326394671107411,0.0880453406896173,0.10152989952739744,True,True,36,RANDOM_ONE_TO_ONE_MATCHING
RANDOM_ONE_TO_ONE_MATCHING,766,stage_distance,0.10673255861237384,0.06837681930789981,0.1498764346757385,0.0008326394671107411,0.09681879498089066,0.112386495368479,True,True,36,RANDOM_ONE_TO_ONE_MATCHING
RANDOM_ONE_TO_ONE_MATCHING,767,tool_argument_distance,0.13093947381245957,0.09541333449000212,0.1725095244147845,0.0008326394671107411,0.12153774449281554,0.13858634562713099,True,True,36,RANDOM_ONE_TO_ONE_MATCHING
RANDOM_ONE_TO_ONE_MATCHING,767,tool_name_distance,0.10049024367630069,0.06644496113531531,0.1345255511738502,0.0008326394671107411,0.09248365694645844,0.10707932529926965,True,True,36,RANDOM_ONE_TO_ONE_MATCHING
RANDOM_ONE_TO_ONE_MATCHING,767,stage_distance,0.1060598103585432,0.0704540047825017,0.14455694728533242,0.0008326394671107411,0.09707920630076006,0.11208518973531494,True,True,36,RANDOM_ONE_TO_ONE_MATCHING
RANDOM_ONE_TO_ONE_MATCHING,768,tool_argument_distance,0.11530352156358553,0.0741399044053255,0.15500196270196434,0.0008326394671107411,0.10640743170349751,0.1223391061966566,True,True,36,RANDOM_ONE_TO_ONE_MATCHING
RANDOM_ONE_TO_ONE_MATCHING,768,tool_name_distance,0.08690445326552541,0.04954171857659389,0.12380657802349486,0.0008326394671107411,0.08045414553981975,0.09351165593584557,True,True,36,RANDOM_ONE_TO_ONE_MATCHING
RANDOM_ONE_TO_ONE_MATCHING,768,stage_distance,0.09480991470873579,0.05247508853835335,0.13612708841768834,0.0008326394671107411,0.08455550410857723,0.10206101341926861,True,True,36,RANDOM_ONE_TO_ONE_MATCHING
RANDOM_ONE_TO_ONE_MATCHING,769,tool_argument_distance,0.10986602557180529,0.07609194107382436,0.14744279459546258,0.0008326394671107411,0.10367172154052354,0.11481890679143548,True,True,36,RANDOM_ONE_TO_ONE_MATCHING
RANDOM_ONE_TO_ONE_MATCHING,769,tool_name_distance,0.08241220977752489,0.050685086806081525,0.11611584274879813,0.0008326394671107411,0.07468275858708269,0.08695805338660109,True,True,36,RANDOM_ONE_TO_ONE_MATCHING
RANDOM_ONE_TO_ONE_MATCHING,769,stage_distance,0.09221936392103906,0.05694061422795483,0.12945221129917844,0.0008326394671107411,0.08551297427755443,0.09704541193421566,True,True,36,RANDOM_ONE_TO_ONE_MATCHING
RANDOM_ONE_TO_ONE_MATCHING,770,tool_argument_distance,0.10002104511493973,0.059727188429505876,0.13826901387381946,0.0008326394671107411,0.09344538034195765,0.10669872418661802,True,True,36,RANDOM_ONE_TO_ONE_MATCHING
RANDOM_ONE_TO_ONE_MATCHING,770,tool_name_distance,0.0778868175419718,0.03818045105742614,0.1252748107004863,0.004995836802664446,0.06853095543339982,0.08389069791106947,True,True,36,RANDOM_ONE_TO_ONE_MATCHING
RANDOM_ONE_TO_ONE_MATCHING,770,stage_distance,0.08631981215160424,0.04098400597659919,0.13354327444183822,0.0008326394671107411,0.07838065032192218,0.09327126122569836,True,True,36,RANDOM_ONE_TO_ONE_MATCHING
RANDOM_ONE_TO_ONE_MATCHING,771,tool_argument_distance,0.11933248589687993,0.07752881600503872,0.16589766802958505,0.0008326394671107411,0.11051240396435211,0.12555468390663208,True,True,36,RANDOM_ONE_TO_ONE_MATCHING
RANDOM_ONE_TO_ONE_MATCHING,771,tool_name_distance,0.0883670644685636,0.047466585035402215,0.13015228104300547,0.0008326394671107411,0.07950905068487836,0.09289395414121038,True,True,36,RANDOM_ONE_TO_ONE_MATCHING
RANDOM_ONE_TO_ONE_MATCHING,771,stage_distance,0.09787371501518315,0.05835847632954898,0.13675024732775756,0.0008326394671107411,0.09046307739430175,0.10238409024388603,True,True,36,RANDOM_ONE_TO_ONE_MATCHING
RANDOM_ONE_TO_ONE_MATCHING,772,tool_argument_distance,0.123677269355118,0.08619362171483722,0.16162619429303268,0.0008326394671107411,0.11502042943193087,0.12950458902169273,True,True,36,RANDOM_ONE_TO_ONE_MATCHING
RANDOM_ONE_TO_ONE_MATCHING,772,tool_name_distance,0.09101344987423692,0.0575527746014486,0.12423731459275528,0.0008326394671107411,0.08331329818439343,0.09541993916246298,True,True,36,RANDOM_ONE_TO_ONE_MATCHING
RANDOM_ONE_TO_ONE_MATCHING,772,stage_distance,0.10033101982671914,0.06552669464288996,0.13736261598051203,0.0008326394671107411,0.09023435508707438,0.10471801111358754,True,True,36,RANDOM_ONE_TO_ONE_MATCHING
RANDOM_ONE_TO_ONE_MATCHING,773,tool_argument_distance,0.11985997626656622,0.07673526265352237,0.16172242715909615,0.0008326394671107411,0.11109407082656338,0.12523706831045722,True,True,36,RANDOM_ONE_TO_ONE_MATCHING
RANDOM_ONE_TO_ONE_MATCHING,773,tool_name_distance,0.09797745553453506,0.057945513191402676,0.14132126309102638,0.0008326394671107411,0.08737492757649512,0.10329969407983304,True,True,36,RANDOM_ONE_TO_ONE_MATCHING
RANDOM_ONE_TO_ONE_MATCHING,773,stage_distance,0.10418663040605039,0.06099019609551657,0.14800554631440635,0.0008326394671107411,0.0936267089095409,0.10963288289428628,True,True,36,RANDOM_ONE_TO_ONE_MATCHING
RANDOM_ONE_TO_ONE_MATCHING,774,tool_argument_distance,0.1251036429956514,0.0853236959421178,0.1677571875780745,0.0008326394671107411,0.11648755660505096,0.1304386182418269,True,True,36,RANDOM_ONE_TO_ONE_MATCHING
RANDOM_ONE_TO_ONE_MATCHING,774,tool_name_distance,0.09388806474038085,0.053825193324667765,0.13255885519215554,0.0008326394671107411,0.08459255572636656,0.0983766858819253,True,True,36,RANDOM_ONE_TO_ONE_MATCHING
RANDOM_ONE_TO_ONE_MATCHING,774,stage_distance,0.09980340561930184,0.06028466652365381,0.1418903287249596,0.0008326394671107411,0.09064404714039756,0.10417532221452978,True,True,36,RANDOM_ONE_TO_ONE_MATCHING
RANDOM_ONE_TO_ONE_MATCHING,775,tool_argument_distance,0.12017834345874628,0.07908816598860392,0.16083206608334596,0.0008326394671107411,0.1113824288851289,0.12820117610947837,True,True,36,RANDOM_ONE_TO_ONE_MATCHING
RANDOM_ONE_TO_ONE_MATCHING,775,tool_name_distance,0.09015103318095938,0.05314203883058431,0.12708138351143794,0.0008326394671107411,0.08134398993191402,0.09741885062470189,True,True,36,RANDOM_ONE_TO_ONE_MATCHING
RANDOM_ONE_TO_ONE_MATCHING,775,stage_distance,0.09839657608370984,0.061587641791137446,0.13732623534328897,0.0008326394671107411,0.08919702247521723,0.1059517058144944,True,True,36,RANDOM_ONE_TO_ONE_MATCHING
RANDOM_ONE_TO_ONE_MATCHING,776,tool_argument_distance,0.09752844320467932,0.0573731819321388,0.13652006414159001,0.0008326394671107411,0.08822439776281207,0.10413490507892163,True,True,36,RANDOM_ONE_TO_ONE_MATCHING
RANDOM_ONE_TO_ONE_MATCHING,776,tool_name_distance,0.07422562023757256,0.039217896381557954,0.11242976515672017,0.0008326394671107411,0.06546861569519524,0.0801248949694017,True,True,36,RANDOM_ONE_TO_ONE_MATCHING
RANDOM_ONE_TO_ONE_MATCHING,776,stage_distance,0.07908713907615193,0.04035434672198547,0.11866345306500964,0.0008326394671107411,0.07124796725095191,0.08583194034809027,True,True,36,RANDOM_ONE_TO_ONE_MATCHING
RANDOM_ONE_TO_ONE_MATCHING,777,tool_argument_distance,0.10865200656452861,0.07028185989187484,0.1491547686555506,0.0008326394671107411,0.09956587341875325,0.1156739646324467,True,True,36,RANDOM_ONE_TO_ONE_MATCHING
RANDOM_ONE_TO_ONE_MATCHING,777,tool_name_distance,0.08600068420363259,0.05237786969647278,0.12315116955428333,0.0008326394671107411,0.07970492968510517,0.09217577841309675,True,True,36,RANDOM_ONE_TO_ONE_MATCHING
RANDOM_ONE_TO_ONE_MATCHING,777,stage_distance,0.09442846925944437,0.056604693760243824,0.1353008748733081,0.0008326394671107411,0.08511554117025842,0.1007713234106345,True,True,36,RANDOM_ONE_TO_ONE_MATCHING
RANDOM_ONE_TO_ONE_MATCHING,778,tool_argument_distance,0.09861263966337476,0.05866337906174981,0.13532805546845045,0.0008326394671107411,0.09209681032042356,0.10399423087522061,True,True,36,RANDOM_ONE_TO_ONE_MATCHING
RANDOM_ONE_TO_ONE_MATCHING,778,tool_name_distance,0.08054278718215123,0.04312512224717851,0.11983389622952646,0.0016652789342214821,0.07277545917594791,0.08586032247838522,True,True,36,RANDOM_ONE_TO_ONE_MATCHING
RANDOM_ONE_TO_ONE_MATCHING,778,stage_distance,0.08953148299839216,0.050501263082294155,0.12702318996596487,0.0008326394671107411,0.08283855729023529,0.0946311670614165,True,True,36,RANDOM_ONE_TO_ONE_MATCHING
RANDOM_ONE_TO_ONE_MATCHING,779,tool_argument_distance,0.0907464106966771,0.04948247739184383,0.1303691310537249,0.0008326394671107411,0.08114868909753455,0.09854361057817031,True,True,36,RANDOM_ONE_TO_ONE_MATCHING
RANDOM_ONE_TO_ONE_MATCHING,779,tool_name_distance,0.06736635915525452,0.028348792452507154,0.10420882676595118,0.0016652789342214821,0.05976258207401731,0.07430774537632347,True,True,36,RANDOM_ONE_TO_ONE_MATCHING
RANDOM_ONE_TO_ONE_MATCHING,779,stage_distance,0.07631001662236353,0.03695365852734573,0.12088663347217035,0.0016652789342214821,0.06647941845783241,0.08278410319108859,True,True,36,RANDOM_ONE_TO_ONE_MATCHING
RANDOM_ONE_TO_ONE_MATCHING,780,tool_argument_distance,0.11316295658224826,0.0684274273374056,0.153145436224184,0.0008326394671107411,0.10623682845381421,0.12160062920332922,True,True,36,RANDOM_ONE_TO_ONE_MATCHING
RANDOM_ONE_TO_ONE_MATCHING,780,tool_name_distance,0.09132419810003932,0.05332858121575383,0.12951403029337968,0.0008326394671107411,0.08294749924550736,0.09895009400524497,True,True,36,RANDOM_ONE_TO_ONE_MATCHING
RANDOM_ONE_TO_ONE_MATCHING,780,stage_distance,0.09440955457217853,0.05731148673572595,0.13351522066920862,0.0008326394671107411,0.08729676633546526,0.10140077079661258,True,True,36,RANDOM_ONE_TO_ONE_MATCHING
RANDOM_ONE_TO_ONE_MATCHING,781,tool_argument_distance,0.1259375862134675,0.08551682223650756,0.1733490990908715,0.0008326394671107411,0.11732618295280373,0.13230711330992456,True,True,36,RANDOM_ONE_TO_ONE_MATCHING
RANDOM_ONE_TO_ONE_MATCHING,781,tool_name_distance,0.09979581357150805,0.06451025567178004,0.13581216003661598,0.0008326394671107411,0.09333865005079293,0.10565715272251688,True,True,36,RANDOM_ONE_TO_ONE_MATCHING
RANDOM_ONE_TO_ONE_MATCHING,781,stage_distance,0.10525421718571613,0.06669197787920374,0.1440253310078984,0.0008326394671107411,0.09625059618013795,0.11161183636126609,True,True,36,RANDOM_ONE_TO_ONE_MATCHING
RANDOM_ONE_TO_ONE_MATCHING,782,tool_argument_distance,0.11544098976305922,0.07516581997584082,0.15756225948751354,0.0008326394671107411,0.10654882756581331,0.12195962206232208,True,True,36,RANDOM_ONE_TO_ONE_MATCHING
RANDOM_ONE_TO_ONE_MATCHING,782,tool_name_distance,0.09185474775454111,0.05273016181075888,0.1310812353243027,0.0008326394671107411,0.08408844555680443,0.09830532603082776,True,True,36,RANDOM_ONE_TO_ONE_MATCHING
RANDOM_ONE_TO_ONE_MATCHING,782,stage_distance,0.09827872839641771,0.05530573635712407,0.14284194602760816,0.0008326394671107411,0.08812342675876435,0.10419001625392527,True,True,36,RANDOM_ONE_TO_ONE_MATCHING
RANDOM_ONE_TO_ONE_MATCHING,783,tool_argument_distance,0.12113164598831339,0.08034085662043593,0.159809519855757,0.0008326394671107411,0.11240207396893183,0.12755119767954015,True,True,36,RANDOM_ONE_TO_ONE_MATCHING
RANDOM_ONE_TO_ONE_MATCHING,783,tool_name_distance,0.09330227995077676,0.0561957777812459,0.1340617946180214,0.0008326394671107411,0.08494712792843895,0.09909327667024594,True,True,36,RANDOM_ONE_TO_ONE_MATCHING
RANDOM_ONE_TO_ONE_MATCHING,783,stage_distance,0.1007520288059216,0.06368333270717921,0.14476063820752616,0.0008326394671107411,0.09161977384663501,0.106741000773044,True,True,36,RANDOM_ONE_TO_ONE_MATCHING
RANDOM_ONE_TO_ONE_MATCHING,784,tool_argument_distance,0.10107130352353763,0.05845010751819688,0.14611951124933262,0.0008326394671107411,0.09081619790992443,0.10916350034294114,True,True,36,RANDOM_ONE_TO_ONE_MATCHING
RANDOM_ONE_TO_ONE_MATCHING,784,tool_name_distance,0.07201610117029542,0.032461911955760765,0.11061966727771588,0.0008326394671107411,0.06424324880184862,0.07909033716322267,True,True,36,RANDOM_ONE_TO_ONE_MATCHING
RANDOM_ONE_TO_ONE_MATCHING,784,stage_distance,0.08169237004951792,0.03788692657724031,0.12479966556556327,0.0033305578684429643,0.07201555341147693,0.0883202381447331,True,True,36,RANDOM_ONE_TO_ONE_MATCHING
RANDOM_ONE_TO_ONE_MATCHING,785,tool_argument_distance,0.10254574376076558,0.061123293959553085,0.14981728377047138,0.0008326394671107411,0.09328514596345414,0.1106800674440899,True,True,36,RANDOM_ONE_TO_ONE_MATCHING
RANDOM_ONE_TO_ONE_MATCHING,785,tool_name_distance,0.06773342111235961,0.028466819290566072,0.10826582980547202,0.005828476269775187,0.05769063656611617,0.07468529481791726,True,True,36,RANDOM_ONE_TO_ONE_MATCHING
RANDOM_ONE_TO_ONE_MATCHING,785,stage_distance,0.07849177405977728,0.037663314756572454,0.12726987554725167,0.0008326394671107411,0.06872351182202942,0.08502819655528558,True,True,36,RANDOM_ONE_TO_ONE_MATCHING
RANDOM_ONE_TO_ONE_MATCHING,786,tool_argument_distance,0.10025429987629193,0.0614283018492792,0.14074703603246716,0.0008326394671107411,0.09378537511085266,0.10712065253184437,True,True,36,RANDOM_ONE_TO_ONE_MATCHING
RANDOM_ONE_TO_ONE_MATCHING,786,tool_name_distance,0.07683852817491292,0.04363917676203619,0.11497526737320876,0.0008326394671107411,0.06954506703391991,0.08329466312203142,True,True,36,RANDOM_ONE_TO_ONE_MATCHING
RANDOM_ONE_TO_ONE_MATCHING,786,stage_distance,0.0850690719307198,0.04962048418672592,0.11982468525028796,0.0008326394671107411,0.07834587534642745,0.09174549055122472,True,True,36,RANDOM_ONE_TO_ONE_MATCHING
RANDOM_ONE_TO_ONE_MATCHING,787,tool_argument_distance,0.12896161353372598,0.09337683358093075,0.16869157223257242,0.0008326394671107411,0.12045575487278484,0.1346640481667924,True,True,36,RANDOM_ONE_TO_ONE_MATCHING
RANDOM_ONE_TO_ONE_MATCHING,787,tool_name_distance,0.10214855100923055,0.06814203019790009,0.13730288213231637,0.0008326394671107411,0.09438775718731329,0.10769073674743572,True,True,36,RANDOM_ONE_TO_ONE_MATCHING
RANDOM_ONE_TO_ONE_MATCHING,787,stage_distance,0.10954367496515686,0.07542957099949935,0.14501446714372543,0.0008326394671107411,0.10066260989613413,0.11457431723641291,True,True,36,RANDOM_ONE_TO_ONE_MATCHING
RANDOM_ONE_TO_ONE_MATCHING,788,tool_argument_distance,0.11248731036209086,0.07008890709541694,0.15671120251616685,0.0008326394671107411,0.10255837637243631,0.11958221850188068,True,True,36,RANDOM_ONE_TO_ONE_MATCHING
RANDOM_ONE_TO_ONE_MATCHING,788,tool_name_distance,0.08836436291845864,0.04979435047613782,0.12669939374392733,0.0008326394671107411,0.07990309734445296,0.09399605105533385,True,True,36,RANDOM_ONE_TO_ONE_MATCHING
RANDOM_ONE_TO_ONE_MATCHING,788,stage_distance,0.08940498138571494,0.049771520245558164,0.13108411966054012,0.0008326394671107411,0.0799485250715653,0.09540672711436118,True,True,36,RANDOM_ONE_TO_ONE_MATCHING
RANDOM_ONE_TO_ONE_MATCHING,789,tool_argument_distance,0.12167102921764757,0.08028972150518414,0.16632570980686986,0.0008326394671107411,0.11200448719529464,0.12769887446587236,True,True,36,RANDOM_ONE_TO_ONE_MATCHING
RANDOM_ONE_TO_ONE_MATCHING,789,tool_name_distance,0.09241412338451561,0.05273860799289059,0.13002811836441563,0.0008326394671107411,0.08406856525239725,0.09810798500800262,True,True,36,RANDOM_ONE_TO_ONE_MATCHING
RANDOM_ONE_TO_ONE_MATCHING,789,stage_distance,0.09830659841931473,0.05632030961183048,0.13894613627197042,0.0008326394671107411,0.08910447402041083,0.10413604387186862,True,True,36,RANDOM_ONE_TO_ONE_MATCHING
RANDOM_ONE_TO_ONE_MATCHING,790,tool_argument_distance,0.11197530857421449,0.06863778092938094,0.1549546093890766,0.0008326394671107411,0.10298412691443017,0.11832743757202652,True,True,36,RANDOM_ONE_TO_ONE_MATCHING
RANDOM_ONE_TO_ONE_MATCHING,790,tool_name_distance,0.08786821880797378,0.04448075932184092,0.12953589153920078,0.0008326394671107411,0.08049306628824283,0.09455964842395174,True,True,36,RANDOM_ONE_TO_ONE_MATCHING
RANDOM_ONE_TO_ONE_MATCHING,790,stage_distance,0.08832056238139961,0.04650326827234404,0.13076093471312752,0.002497918401332223,0.07883312266712668,0.0940569400354165,True,True,36,RANDOM_ONE_TO_ONE_MATCHING
RANDOM_ONE_TO_ONE_MATCHING,791,tool_argument_distance,0.11292632284243255,0.07020843628558657,0.1548208233505823,0.0008326394671107411,0.10465178597978456,0.11992349232095866,True,True,36,RANDOM_ONE_TO_ONE_MATCHING
RANDOM_ONE_TO_ONE_MATCHING,791,tool_name_distance,0.08179157904521656,0.04217658842435843,0.12205031759024582,0.0016652789342214821,0.07404439554813698,0.08857929293625566,True,True,36,RANDOM_ONE_TO_ONE_MATCHING
RANDOM_ONE_TO_ONE_MATCHING,791,stage_distance,0.08918808442391529,0.05218570156097238,0.1274286337659078,0.0008326394671107411,0.08239508679479855,0.09617225232042345,True,True,36,RANDOM_ONE_TO_ONE_MATCHING
RANDOM_ONE_TO_ONE_MATCHING,792,tool_argument_distance,0.12794293297351056,0.08877221986713134,0.16989724174337822,0.0008326394671107411,0.12077771422345118,0.1331398869713382,True,True,36,RANDOM_ONE_TO_ONE_MATCHING
RANDOM_ONE_TO_ONE_MATCHING,792,tool_name_distance,0.11027545740610188,0.07315869367604261,0.1502870915773001,0.0008326394671107411,0.10195321011615872,0.11514611456620603,True,True,36,RANDOM_ONE_TO_ONE_MATCHING
RANDOM_ONE_TO_ONE_MATCHING,792,stage_distance,0.11461006651416253,0.07422915246339097,0.15721370416407085,0.0008326394671107411,0.10675769694476714,0.11943940563964109,True,True,36,RANDOM_ONE_TO_ONE_MATCHING
RANDOM_ONE_TO_ONE_MATCHING,793,tool_argument_distance,0.11814405696752672,0.07853497766783367,0.1579901592665703,0.0008326394671107411,0.10932912526183702,0.12526079975499613,True,True,36,RANDOM_ONE_TO_ONE_MATCHING
RANDOM_ONE_TO_ONE_MATCHING,793,tool_name_distance,0.09588569109640094,0.059164219715752295,0.13266665946209066,0.0008326394671107411,0.0877475457214187,0.10274950056188895,True,True,36,RANDOM_ONE_TO_ONE_MATCHING
RANDOM_ONE_TO_ONE_MATCHING,793,stage_distance,0.1015449997726252,0.06642315308422826,0.1430261638677094,0.0008326394671107411,0.09148302017429205,0.10898852948498343,True,True,36,RANDOM_ONE_TO_ONE_MATCHING
RANDOM_ONE_TO_ONE_MATCHING,794,tool_argument_distance,0.1085117494852254,0.06629536548091042,0.15301683823752138,0.0008326394671107411,0.10026225353497162,0.11621417912779357,True,True,36,RANDOM_ONE_TO_ONE_MATCHING
RANDOM_ONE_TO_ONE_MATCHING,794,tool_name_distance,0.08770223020405518,0.0475586214173152,0.13185905587293403,0.0016652789342214821,0.07992550975595832,0.0942925194761893,True,True,36,RANDOM_ONE_TO_ONE_MATCHING
RANDOM_ONE_TO_ONE_MATCHING,794,stage_distance,0.08982570782950602,0.04663106877496466,0.13220248950508787,0.0008326394671107411,0.0824556899167395,0.09718329389280285,True,True,36,RANDOM_ONE_TO_ONE_MATCHING
RANDOM_ONE_TO_ONE_MATCHING,795,tool_argument_distance,0.1075425405672029,0.06468016534460659,0.14979296544043957,0.0008326394671107411,0.09842470839293252,0.11581962987356828,True,True,36,RANDOM_ONE_TO_ONE_MATCHING
RANDOM_ONE_TO_ONE_MATCHING,795,tool_name_distance,0.083651080749382,0.04356086959147396,0.12394436343764527,0.0016652789342214821,0.07574057565597124,0.09105774473028316,True,True,36,RANDOM_ONE_TO_ONE_MATCHING
RANDOM_ONE_TO_ONE_MATCHING,795,stage_distance,0.08420299087189279,0.04252262819160571,0.1305712043104603,0.0016652789342214821,0.07459790625734822,0.09090259099060437,True,True,36,RANDOM_ONE_TO_ONE_MATCHING
RANDOM_ONE_TO_ONE_MATCHING,796,tool_argument_distance,0.10001089172059657,0.05733231130228403,0.1450014763292398,0.0008326394671107411,0.09067786957928027,0.10624793760649115,True,True,36,RANDOM_ONE_TO_ONE_MATCHING
RANDOM_ONE_TO_ONE_MATCHING,796,tool_name_distance,0.07926911388835409,0.04050243984808781,0.12253555661979755,0.002497918401332223,0.0681320618832804,0.0845791460160788,True,True,36,RANDOM_ONE_TO_ONE_MATCHING
RANDOM_ONE_TO_ONE_MATCHING,796,stage_distance,0.07916232652070457,0.037180168225256584,0.12595457797273538,0.0016652789342214821,0.06883980586556614,0.08436257436690604,True,True,36,RANDOM_ONE_TO_ONE_MATCHING
RANDOM_ONE_TO_ONE_MATCHING,797,tool_argument_distance,0.10711823777499788,0.06892849764040965,0.15117145569993387,0.0008326394671107411,0.09703590171142637,0.1134995197512349,True,True,36,RANDOM_ONE_TO_ONE_MATCHING
RANDOM_ONE_TO_ONE_MATCHING,797,tool_name_distance,0.07687114363596853,0.0414547000876289,0.1127035428348774,0.0008326394671107411,0.06912406891074595,0.08172717479956614,True,True,36,RANDOM_ONE_TO_ONE_MATCHING
RANDOM_ONE_TO_ONE_MATCHING,797,stage_distance,0.08250673442695532,0.044627857641032075,0.12149189165246421,0.0008326394671107411,0.07285318534255542,0.08753197401420121,True,True,36,RANDOM_ONE_TO_ONE_MATCHING
RANDOM_ONE_TO_ONE_MATCHING,798,tool_argument_distance,0.11578935636454801,0.07166955037406644,0.16326339289569944,0.0008326394671107411,0.10595476654639222,0.1219910341588503,True,True,36,RANDOM_ONE_TO_ONE_MATCHING
RANDOM_ONE_TO_ONE_MATCHING,798,tool_name_distance,0.08930735695215579,0.05379879518985785,0.12670245550909429,0.0008326394671107411,0.08217173536352844,0.09499112603614042,True,True,36,RANDOM_ONE_TO_ONE_MATCHING
RANDOM_ONE_TO_ONE_MATCHING,798,stage_distance,0.0931696674132532,0.054184830672720355,0.13369855485214382,0.0008326394671107411,0.08382077355703321,0.09967041422656184,True,True,36,RANDOM_ONE_TO_ONE_MATCHING
RANDOM_ONE_TO_ONE_MATCHING,799,tool_argument_distance,0.11077483077059734,0.06884578802929078,0.15511259929667082,0.0008326394671107411,0.10133338052902617,0.11767906976042966,True,True,36,RANDOM_ONE_TO_ONE_MATCHING
RANDOM_ONE_TO_ONE_MATCHING,799,tool_name_distance,0.08808984871953411,0.05044968139243082,0.1281566425564072,0.0008326394671107411,0.0794223271842893,0.09415813317723815,True,True,36,RANDOM_ONE_TO_ONE_MATCHING
RANDOM_ONE_TO_ONE_MATCHING,799,stage_distance,0.0970421905725476,0.055945152624632725,0.13984953554293064,0.0008326394671107411,0.08782208082473376,0.10354591079702313,True,True,36,RANDOM_ONE_TO_ONE_MATCHING
RANDOM_ONE_TO_ONE_MATCHING,800,tool_argument_distance,0.09952350954980588,0.05649998859097215,0.1427314141663876,0.0008326394671107411,0.08922418125122893,0.10670652729505956,True,True,36,RANDOM_ONE_TO_ONE_MATCHING
RANDOM_ONE_TO_ONE_MATCHING,800,tool_name_distance,0.07061289228005185,0.029467019718645654,0.11179706991252769,0.0016652789342214821,0.062329867516088794,0.07673242175715844,True,True,36,RANDOM_ONE_TO_ONE_MATCHING
RANDOM_ONE_TO_ONE_MATCHING,800,stage_distance,0.0753498274231411,0.03277893305331763,0.11809167631478266,0.0033305578684429643,0.06549179528148935,0.08231132390620004,True,True,36,RANDOM_ONE_TO_ONE_MATCHING
RANDOM_ONE_TO_ONE_MATCHING,801,tool_argument_distance,0.10983611331064086,0.06725592123589014,0.14998922874306184,0.0008326394671107411,0.10088371558608679,0.11559013503249142,True,True,36,RANDOM_ONE_TO_ONE_MATCHING
RANDOM_ONE_TO_ONE_MATCHING,801,tool_name_distance,0.08211999146092575,0.043770658687006386,0.12265902177335575,0.0008326394671107411,0.0735885403820728,0.08874466703123927,True,True,36,RANDOM_ONE_TO_ONE_MATCHING
RANDOM_ONE_TO_ONE_MATCHING,801,stage_distance,0.08912765599939478,0.048129526678381565,0.12844459142496825,0.0008326394671107411,0.08114245565338696,0.09452822528611349,True,True,36,RANDOM_ONE_TO_ONE_MATCHING
RANDOM_ONE_TO_ONE_MATCHING,802,tool_argument_distance,0.10319771429147707,0.06779307022817467,0.14053661722014782,0.0008326394671107411,0.09681288708075737,0.11052233935169424,True,True,36,RANDOM_ONE_TO_ONE_MATCHING
RANDOM_ONE_TO_ONE_MATCHING,802,tool_name_distance,0.08215615422966058,0.046782357179560065,0.11535511792346831,0.0008326394671107411,0.07441938716642227,0.08878642137197187,True,True,36,RANDOM_ONE_TO_ONE_MATCHING
RANDOM_ONE_TO_ONE_MATCHING,802,stage_distance,0.0872690658747798,0.0469634785848798,0.12643593344360893,0.0008326394671107411,0.08042123914425918,0.09446344192021545,True,True,36,RANDOM_ONE_TO_ONE_MATCHING
RANDOM_ONE_TO_ONE_MATCHING,803,tool_argument_distance,0.10342194429906829,0.06278266515789468,0.1391053303840301,0.0008326394671107411,0.09674660206307245,0.1091481673408282,True,True,36,RANDOM_ONE_TO_ONE_MATCHING
RANDOM_ONE_TO_ONE_MATCHING,803,tool_name_distance,0.0701282724273587,0.03257084406706005,0.11049932319730557,0.0016652789342214821,0.06222822677871552,0.07695380571472558,True,True,36,RANDOM_ONE_TO_ONE_MATCHING
RANDOM_ONE_TO_ONE_MATCHING,803,stage_distance,0.07572465771280873,0.03727694353466739,0.11670092382663515,0.0008326394671107411,0.06873447786514747,0.08128576245220884,True,True,36,RANDOM_ONE_TO_ONE_MATCHING
RANDOM_ONE_TO_ONE_MATCHING,804,tool_argument_distance,0.11180623390498748,0.07469892258398914,0.15312072136247554,0.0008326394671107411,0.10522902495917148,0.11695171813900751,True,True,36,RANDOM_ONE_TO_ONE_MATCHING
RANDOM_ONE_TO_ONE_MATCHING,804,tool_name_distance,0.08351574192680865,0.04511813168975952,0.12604631975997385,0.0008326394671107411,0.07471090650514657,0.08800090698086133,True,True,36,RANDOM_ONE_TO_ONE_MATCHING
RANDOM_ONE_TO_ONE_MATCHING,804,stage_distance,0.09199663745239756,0.05083794418320405,0.1330390939145684,0.0008326394671107411,0.08329931479666805,0.09756357989664743,True,True,36,RANDOM_ONE_TO_ONE_MATCHING
RANDOM_ONE_TO_ONE_MATCHING,805,tool_argument_distance,0.12142834452868628,0.07843131531250915,0.17050614644853213,0.0008326394671107411,0.11175486865807731,0.12867444413913737,True,True,36,RANDOM_ONE_TO_ONE_MATCHING
RANDOM_ONE_TO_ONE_MATCHING,805,tool_name_distance,0.08579097278912222,0.04307018907440738,0.1276871943053054,0.0008326394671107411,0.07853684556351354,0.09250289186807527,True,True,36,RANDOM_ONE_TO_ONE_MATCHING
RANDOM_ONE_TO_ONE_MATCHING,805,stage_distance,0.09405897643737267,0.04988805088786151,0.13916853510757518,0.0008326394671107411,0.08473549141041326,0.1009922494723534,True,True,36,RANDOM_ONE_TO_ONE_MATCHING
RANDOM_ONE_TO_ONE_MATCHING,806,tool_argument_distance,0.10062741729178554,0.06297183241657153,0.1376169312134804,0.0008326394671107411,0.09416915302393176,0.10757843977411488,True,True,36,RANDOM_ONE_TO_ONE_MATCHING
RANDOM_ONE_TO_ONE_MATCHING,806,tool_name_distance,0.07418976618985061,0.04026092939743796,0.11076245767355464,0.0008326394671107411,0.06600893782331038,0.08106553573312958,True,True,36,RANDOM_ONE_TO_ONE_MATCHING
RANDOM_ONE_TO_ONE_MATCHING,806,stage_distance,0.08010715025644435,0.04433659290934977,0.11661464358024562,0.0016652789342214821,0.07324218448145839,0.08677081282997469,True,True,36,RANDOM_ONE_TO_ONE_MATCHING
RANDOM_ONE_TO_ONE_MATCHING,807,tool_argument_distance,0.11272969050033238,0.07500591403658513,0.15000439666895177,0.0008326394671107411,0.10462283317263625,0.11916069135139078,True,True,36,RANDOM_ONE_TO_ONE_MATCHING
RANDOM_ONE_TO_ONE_MATCHING,807,tool_name_distance,0.08881108210821377,0.0560706436346768,0.12398759410197889,0.0016652789342214821,0.08047080504785475,0.09466160209187308,True,True,36,RANDOM_ONE_TO_ONE_MATCHING
RANDOM_ONE_TO_ONE_MATCHING,807,stage_distance,0.09604309602340144,0.06273199744611191,0.13233226315397228,0.0008326394671107411,0.08868838011097997,0.10251827068932995,True,True,36,RANDOM_ONE_TO_ONE_MATCHING
RANDOM_ONE_TO_ONE_MATCHING,808,tool_argument_distance,0.11276136690442226,0.07128745056220234,0.1571248353480788,0.0016652789342214821,0.10284026310169148,0.11931465468168528,True,True,36,RANDOM_ONE_TO_ONE_MATCHING
RANDOM_ONE_TO_ONE_MATCHING,808,tool_name_distance,0.09033506386576778,0.05178389478610149,0.13347204483433048,0.0008326394671107411,0.08202029162330136,0.09620620792714485,True,True,36,RANDOM_ONE_TO_ONE_MATCHING
RANDOM_ONE_TO_ONE_MATCHING,808,stage_distance,0.09346880762607629,0.05072709656214852,0.14077883123211307,0.0008326394671107411,0.08412846063307981,0.09976981285902588,True,True,36,RANDOM_ONE_TO_ONE_MATCHING
RANDOM_ONE_TO_ONE_MATCHING,809,tool_argument_distance,0.1117169944845002,0.0705572802589703,0.1571877434885761,0.0008326394671107411,0.10271843242215259,0.1172025920119144,True,True,36,RANDOM_ONE_TO_ONE_MATCHING
RANDOM_ONE_TO_ONE_MATCHING,809,tool_name_distance,0.08773992097146414,0.049465685234849,0.13113957424210934,0.0008326394671107411,0.07755917774019357,0.09367549275375009,True,True,36,RANDOM_ONE_TO_ONE_MATCHING
RANDOM_ONE_TO_ONE_MATCHING,809,stage_distance,0.09611633635785068,0.05313281331181088,0.14254435916030103,0.0008326394671107411,0.08589925209052396,0.10106673662819869,True,True,36,RANDOM_ONE_TO_ONE_MATCHING
RANDOM_ONE_TO_ONE_MATCHING,810,tool_argument_distance,0.10912903864633122,0.0695863504028627,0.15443554767587334,0.0008326394671107411,0.09910415403622641,0.11574837578605039,True,True,36,RANDOM_ONE_TO_ONE_MATCHING
RANDOM_ONE_TO_ONE_MATCHING,810,tool_name_distance,0.08237009327684602,0.041702809093447715,0.12456740319279998,0.0008326394671107411,0.07334073745911171,0.08890499764129907,True,True,36,RANDOM_ONE_TO_ONE_MATCHING
RANDOM_ONE_TO_ONE_MATCHING,810,stage_distance,0.08933652008004134,0.05005040368959354,0.13416386093594004,0.0008326394671107411,0.07987810772858676,0.09605559049066335,True,True,36,RANDOM_ONE_TO_ONE_MATCHING
RANDOM_ONE_TO_ONE_MATCHING,811,tool_argument_distance,0.10860205657769932,0.06573205196736372,0.15035490878017282,0.0008326394671107411,0.09951449628944312,0.11662380850435757,True,True,36,RANDOM_ONE_TO_ONE_MATCHING
RANDOM_ONE_TO_ONE_MATCHING,811,tool_name_distance,0.08455355215838936,0.051438258506241584,0.11951225190060595,0.0008326394671107411,0.0766688319623788,0.09184681175828577,True,True,36,RANDOM_ONE_TO_ONE_MATCHING
RANDOM_ONE_TO_ONE_MATCHING,811,stage_distance,0.08906366328771227,0.05248760035816831,0.12753484172331805,0.0008326394671107411,0.07959745502790543,0.09682610884115307,True,True,36,RANDOM_ONE_TO_ONE_MATCHING
RANDOM_ONE_TO_ONE_MATCHING,812,tool_argument_distance,0.10448133635769757,0.06223762895434986,0.1479301623573546,0.0016652789342214821,0.09527604120601274,0.1113722613879472,True,True,36,RANDOM_ONE_TO_ONE_MATCHING
RANDOM_ONE_TO_ONE_MATCHING,812,tool_name_distance,0.08793397081784775,0.04846292404382995,0.1271501261640344,0.0008326394671107411,0.08135434772062113,0.09416430178771805,True,True,36,RANDOM_ONE_TO_ONE_MATCHING
RANDOM_ONE_TO_ONE_MATCHING,812,stage_distance,0.08836001421178713,0.048018398061666384,0.1292270042285389,0.0008326394671107411,0.07887370169266812,0.09387968512722299,True,True,36,RANDOM_ONE_TO_ONE_MATCHING
RANDOM_ONE_TO_ONE_MATCHING,813,tool_argument_distance,0.1066412869209587,0.06599904286009771,0.14826248196963626,0.0008326394671107411,0.09749770464250992,0.11342742465794421,True,True,36,RANDOM_ONE_TO_ONE_MATCHING
RANDOM_ONE_TO_ONE_MATCHING,813,tool_name_distance,0.0798972976881084,0.04018789046317963,0.121249189352959,0.0008326394671107411,0.06980522707577523,0.08573150925920027,True,True,36,RANDOM_ONE_TO_ONE_MATCHING
RANDOM_ONE_TO_ONE_MATCHING,813,stage_distance,0.08726093530518124,0.0493204259359025,0.13005329826233983,0.0008326394671107411,0.07657088493068075,0.09258270379964248,True,True,36,RANDOM_ONE_TO_ONE_MATCHING
RANDOM_ONE_TO_ONE_MATCHING,814,tool_argument_distance,0.1028036265896025,0.060396790947162174,0.14417886981709346,0.0008326394671107411,0.09640753973025784,0.10896119136962375,True,True,36,RANDOM_ONE_TO_ONE_MATCHING
RANDOM_ONE_TO_ONE_MATCHING,814,tool_name_distance,0.07833920382713994,0.03867203285834292,0.12028964714120646,0.0016652789342214821,0.07148544453017881,0.08440362370550084,True,True,36,RANDOM_ONE_TO_ONE_MATCHING
RANDOM_ONE_TO_ONE_MATCHING,814,stage_distance,0.08365410619221812,0.042960451264860304,0.12233973177203496,0.0008326394671107411,0.07689048201539715,0.0897753097201128,True,True,36,RANDOM_ONE_TO_ONE_MATCHING
RANDOM_ONE_TO_ONE_MATCHING,815,tool_argument_distance,0.11110380309852086,0.07326456350589347,0.1525124555611665,0.0008326394671107411,0.10208772128228812,0.11704950782026512,True,True,36,RANDOM_ONE_TO_ONE_MATCHING
RANDOM_ONE_TO_ONE_MATCHING,815,tool_name_distance,0.09423260183859347,0.05874579656565893,0.13002718448959627,0.0008326394671107411,0.0866424634371977,0.0994533945695574,True,True,36,RANDOM_ONE_TO_ONE_MATCHING
RANDOM_ONE_TO_ONE_MATCHING,815,stage_distance,0.10047496537418842,0.06017065814512112,0.14077735151615886,0.0008326394671107411,0.09038241336447135,0.10582072029563541,True,True,36,RANDOM_ONE_TO_ONE_MATCHING
RANDOM_ONE_TO_ONE_MATCHING,816,tool_argument_distance,0.12362269519028615,0.08252917789400316,0.166479178623086,0.0008326394671107411,0.11496429600524667,0.1297188594171866,True,True,36,RANDOM_ONE_TO_ONE_MATCHING
RANDOM_ONE_TO_ONE_MATCHING,816,tool_name_distance,0.08928423477378802,0.04916219513671757,0.1298805308221675,0.0008326394671107411,0.08014578804932854,0.0966570812710529,True,True,36,RANDOM_ONE_TO_ONE_MATCHING
RANDOM_ONE_TO_ONE_MATCHING,816,stage_distance,0.09413265166689828,0.05292056936840304,0.13881777048294136,0.0008326394671107411,0.0838588906941158,0.10021969909070098,True,True,36,RANDOM_ONE_TO_ONE_MATCHING
RANDOM_ONE_TO_ONE_MATCHING,817,tool_argument_distance,0.09189759204759186,0.05204175667845381,0.13349333495251792,0.0008326394671107411,0.08513991450848574,0.09858737270440332,True,True,36,RANDOM_ONE_TO_ONE_MATCHING
RANDOM_ONE_TO_ONE_MATCHING,817,tool_name_distance,0.0695036062287546,0.03172451202921698,0.11310173452939765,0.0008326394671107411,0.06120692509564914,0.07546161870783269,True,True,36,RANDOM_ONE_TO_ONE_MATCHING
RANDOM_ONE_TO_ONE_MATCHING,817,stage_distance,0.0712301364086469,0.03277757780596985,0.11395037557468274,0.0016652789342214821,0.06374512237159029,0.07720100134063453,True,True,36,RANDOM_ONE_TO_ONE_MATCHING
RANDOM_ONE_TO_ONE_MATCHING,818,tool_argument_distance,0.10535470665132501,0.06639189931846991,0.14734275217442622,0.0008326394671107411,0.09766315762539364,0.11236678521473555,True,True,36,RANDOM_ONE_TO_ONE_MATCHING
RANDOM_ONE_TO_ONE_MATCHING,818,tool_name_distance,0.08720672109786498,0.04914561225198851,0.12510788475676335,0.0008326394671107411,0.07961425594514679,0.09351247360050731,True,True,36,RANDOM_ONE_TO_ONE_MATCHING
RANDOM_ONE_TO_ONE_MATCHING,818,stage_distance,0.09237846889028652,0.05335397121479777,0.131769867081999,0.0016652789342214821,0.0856766251030661,0.09838263955753992,True,True,36,RANDOM_ONE_TO_ONE_MATCHING
RANDOM_ONE_TO_ONE_MATCHING,819,tool_argument_distance,0.1135508824594822,0.0724997459242536,0.15665104263346338,0.0008326394671107411,0.10460471719641978,0.12001551169292858,True,True,36,RANDOM_ONE_TO_ONE_MATCHING
RANDOM_ONE_TO_ONE_MATCHING,819,tool_name_distance,0.09149664177205674,0.05290555128388445,0.13517915128442567,0.0008326394671107411,0.08411030825073507,0.09720438771624311,True,True,36,RANDOM_ONE_TO_ONE_MATCHING
RANDOM_ONE_TO_ONE_MATCHING,819,stage_distance,0.09187988649166151,0.050229768245838004,0.13757275428046142,0.0008326394671107411,0.08154176079958653,0.09760835029474746,True,True,36,RANDOM_ONE_TO_ONE_MATCHING
RANDOM_ONE_TO_ONE_MATCHING,820,tool_argument_distance,0.11149678679420062,0.07129311682307583,0.15029733585499472,0.0008326394671107411,0.10249193308355875,0.11713003686816946,True,True,36,RANDOM_ONE_TO_ONE_MATCHING
RANDOM_ONE_TO_ONE_MATCHING,820,tool_name_distance,0.08612207772520988,0.04543856340599438,0.12926466973360118,0.0008326394671107411,0.0782821725453942,0.09216837950072794,True,True,36,RANDOM_ONE_TO_ONE_MATCHING
RANDOM_ONE_TO_ONE_MATCHING,820,stage_distance,0.09047826613116562,0.05156364478326525,0.1319393360795733,0.0008326394671107411,0.08010009414307649,0.09596116641332707,True,True,36,RANDOM_ONE_TO_ONE_MATCHING
RANDOM_ONE_TO_ONE_MATCHING,821,tool_argument_distance,0.11358790032161019,0.0708064939577899,0.16044975279639004,0.0008326394671107411,0.10369041175937047,0.12073901289368588,True,True,36,RANDOM_ONE_TO_ONE_MATCHING
RANDOM_ONE_TO_ONE_MATCHING,821,tool_name_distance,0.08377142863070976,0.04321891596139858,0.12617731860506032,0.0016652789342214821,0.07588239956623159,0.08988282982380469,True,True,36,RANDOM_ONE_TO_ONE_MATCHING
RANDOM_ONE_TO_ONE_MATCHING,821,stage_distance,0.09315939223044187,0.05167123565050781,0.13612374913938202,0.0008326394671107411,0.08381020479757015,0.09891392472117803,True,True,36,RANDOM_ONE_TO_ONE_MATCHING
RANDOM_ONE_TO_ONE_MATCHING,822,tool_argument_distance,0.11066876829353384,0.06823740154285984,0.1541095701792487,0.0008326394671107411,0.10164025691144433,0.11783267718957889,True,True,36,RANDOM_ONE_TO_ONE_MATCHING
RANDOM_ONE_TO_ONE_MATCHING,822,tool_name_distance,0.08384302568031904,0.04528101152108909,0.12262729061257331,0.0008326394671107411,0.0738636901534776,0.09005267259960291,True,True,36,RANDOM_ONE_TO_ONE_MATCHING
RANDOM_ONE_TO_ONE_MATCHING,822,stage_distance,0.09298870591889524,0.04814990842785375,0.14177976411216914,0.0008326394671107411,0.08246230613335802,0.09873682526502,True,True,36,RANDOM_ONE_TO_ONE_MATCHING
RANDOM_ONE_TO_ONE_MATCHING,823,tool_argument_distance,0.12011710895885355,0.08312970658937728,0.15874811592327384,0.0008326394671107411,0.11281655882521043,0.12545358122310238,True,True,36,RANDOM_ONE_TO_ONE_MATCHING
RANDOM_ONE_TO_ONE_MATCHING,823,tool_name_distance,0.08798518874930417,0.0535501396924458,0.12841403995844242,0.0008326394671107411,0.08021655283107156,0.09278096327684844,True,True,36,RANDOM_ONE_TO_ONE_MATCHING
RANDOM_ONE_TO_ONE_MATCHING,823,stage_distance,0.09629986269054282,0.062426708495886045,0.13501598943601373,0.0008326394671107411,0.08954772106384919,0.10133319933069393,True,True,36,RANDOM_ONE_TO_ONE_MATCHING
RANDOM_ONE_TO_ONE_MATCHING,824,tool_argument_distance,0.10982968349170824,0.06706343329297036,0.15310558458916967,0.0008326394671107411,0.10196722093387496,0.11817211973877377,True,True,36,RANDOM_ONE_TO_ONE_MATCHING
RANDOM_ONE_TO_ONE_MATCHING,824,tool_name_distance,0.08007436240543668,0.03937393679494754,0.11867301386857064,0.0008326394671107411,0.07242569339479837,0.08737883443365368,True,True,36,RANDOM_ONE_TO_ONE_MATCHING
RANDOM_ONE_TO_ONE_MATCHING,824,stage_distance,0.08993484961103998,0.0492555400871312,0.1344535389914082,0.0008326394671107411,0.0823875748545135,0.09679821712229864,True,True,36,RANDOM_ONE_TO_ONE_MATCHING
RANDOM_ONE_TO_ONE_MATCHING,825,tool_argument_distance,0.120084871909311,0.08281460491450386,0.162380186529608,0.0008326394671107411,0.11132539205910086,0.12655532403188996,True,True,36,RANDOM_ONE_TO_ONE_MATCHING
RANDOM_ONE_TO_ONE_MATCHING,825,tool_name_distance,0.0897052521497801,0.056384091656354454,0.12559499219249698,0.0008326394671107411,0.081967723382095,0.09517740523463399,True,True,36,RANDOM_ONE_TO_ONE_MATCHING
RANDOM_ONE_TO_ONE_MATCHING,825,stage_distance,0.09585845350739704,0.058529997013824456,0.1376900856288173,0.0008326394671107411,0.08658638211100975,0.10110490062952827,True,True,36,RANDOM_ONE_TO_ONE_MATCHING
RANDOM_ONE_TO_ONE_MATCHING,826,tool_argument_distance,0.1266401163019625,0.0848337458958157,0.17146714937763624,0.0008326394671107411,0.1183354616162177,0.13299308565003223,True,True,36,RANDOM_ONE_TO_ONE_MATCHING
RANDOM_ONE_TO_ONE_MATCHING,826,tool_name_distance,0.0978778826422467,0.05687158143325153,0.1419182265408188,0.0008326394671107411,0.0892014189304791,0.10389310397538545,True,True,36,RANDOM_ONE_TO_ONE_MATCHING
RANDOM_ONE_TO_ONE_MATCHING,826,stage_distance,0.10729242764863421,0.06618788285425212,0.14883562782288864,0.0008326394671107411,0.09923098268308085,0.11356176126231883,True,True,36,RANDOM_ONE_TO_ONE_MATCHING
RANDOM_ONE_TO_ONE_MATCHING,827,tool_argument_distance,0.10577829948031392,0.06349850906448669,0.1522874389332866,0.0008326394671107411,0.09565767946546574,0.11280248069598127,True,True,36,RANDOM_ONE_TO_ONE_MATCHING
RANDOM_ONE_TO_ONE_MATCHING,827,tool_name_distance,0.07650137494334536,0.04069607003808117,0.11807472086783029,0.0008326394671107411,0.06779135444595258,0.0825012604130014,True,True,36,RANDOM_ONE_TO_ONE_MATCHING
RANDOM_ONE_TO_ONE_MATCHING,827,stage_distance,0.08389130483770504,0.041182036072621324,0.13040013168809433,0.0008326394671107411,0.07427731490789798,0.08937949843865294,True,True,36,RANDOM_ONE_TO_ONE_MATCHING
RANDOM_ONE_TO_ONE_MATCHING,828,tool_argument_distance,0.11616757707569351,0.07212660080389058,0.16160240694042288,0.0008326394671107411,0.10729617451595144,0.12356260412327741,True,True,36,RANDOM_ONE_TO_ONE_MATCHING
RANDOM_ONE_TO_ONE_MATCHING,828,tool_name_distance,0.08313929019381124,0.04177085781928373,0.12692297170026107,0.0008326394671107411,0.07442051171944765,0.09027076042291765,True,True,36,RANDOM_ONE_TO_ONE_MATCHING
RANDOM_ONE_TO_ONE_MATCHING,828,stage_distance,0.09271563970228103,0.04842954508993873,0.13746768131351764,0.0008326394671107411,0.08335377362574756,0.09973954483140673,True,True,36,RANDOM_ONE_TO_ONE_MATCHING
RANDOM_ONE_TO_ONE_MATCHING,829,tool_argument_distance,0.11475834979623732,0.06878916191316797,0.163804330686763,0.0008326394671107411,0.10489430264755842,0.12177162463048263,True,True,36,RANDOM_ONE_TO_ONE_MATCHING
RANDOM_ONE_TO_ONE_MATCHING,829,tool_name_distance,0.09062702358874392,0.04164945201558921,0.13383054396045022,0.0016652789342214821,0.08202536764313711,0.09705373990372226,True,True,36,RANDOM_ONE_TO_ONE_MATCHING
RANDOM_ONE_TO_ONE_MATCHING,829,stage_distance,0.09428957644876793,0.04644496432433672,0.14228147957535744,0.0008326394671107411,0.08497267999356266,0.10123896284443934,True,True,36,RANDOM_ONE_TO_ONE_MATCHING
RANDOM_ONE_TO_ONE_MATCHING,830,tool_argument_distance,0.11957673913743799,0.07035268471968602,0.1659060387059557,0.0008326394671107411,0.10985036025565054,0.12621353570454025,True,True,36,RANDOM_ONE_TO_ONE_MATCHING
RANDOM_ONE_TO_ONE_MATCHING,830,tool_name_distance,0.08914622134416027,0.049490826962734345,0.1285032740191882,0.0008326394671107411,0.08070729458231748,0.09551941315157891,True,True,36,RANDOM_ONE_TO_ONE_MATCHING
RANDOM_ONE_TO_ONE_MATCHING,830,stage_distance,0.09354748616365645,0.05227702714879299,0.13299486910879166,0.0008326394671107411,0.08420938712887659,0.09932359567165655,True,True,36,RANDOM_ONE_TO_ONE_MATCHING
RANDOM_ONE_TO_ONE_MATCHING,831,tool_argument_distance,0.12099204941927735,0.07811190050288787,0.16915492305993693,0.0008326394671107411,0.11024199060999647,0.12603446780807592,True,True,36,RANDOM_ONE_TO_ONE_MATCHING
RANDOM_ONE_TO_ONE_MATCHING,831,tool_name_distance,0.09984126484364134,0.06042678449725841,0.1407356799098327,0.0008326394671107411,0.0911126726579742,0.10441380221624662,True,True,36,RANDOM_ONE_TO_ONE_MATCHING
RANDOM_ONE_TO_ONE_MATCHING,831,stage_distance,0.10319719463356189,0.058241422382883455,0.1489611182886368,0.0008326394671107411,0.09318242060268407,0.10792023192508922,True,True,36,RANDOM_ONE_TO_ONE_MATCHING
RANDOM_ONE_TO_ONE_MATCHING,832,tool_argument_distance,0.09003797416751734,0.050863096698354794,0.13186308794232773,0.0008326394671107411,0.08137970368437666,0.09781493300532026,True,True,36,RANDOM_ONE_TO_ONE_MATCHING
RANDOM_ONE_TO_ONE_MATCHING,832,tool_name_distance,0.07145245864221363,0.03099218522886988,0.112901918110411,0.004163197335553705,0.062111170406346956,0.07851059056290997,True,True,36,RANDOM_ONE_TO_ONE_MATCHING
RANDOM_ONE_TO_ONE_MATCHING,832,stage_distance,0.07719188721064929,0.03745926260197971,0.11921924732046668,0.0008326394671107411,0.06919034022392408,0.08369117008189678,True,True,36,RANDOM_ONE_TO_ONE_MATCHING
RANDOM_ONE_TO_ONE_MATCHING,833,tool_argument_distance,0.10987821909289693,0.06934939465677853,0.1532567277951445,0.0008326394671107411,0.09987473963840827,0.11555433940372233,True,True,36,RANDOM_ONE_TO_ONE_MATCHING
RANDOM_ONE_TO_ONE_MATCHING,833,tool_name_distance,0.0805070899704798,0.04854712533506696,0.11735291425733262,0.0008326394671107411,0.07327876234110617,0.08595300493230164,True,True,36,RANDOM_ONE_TO_ONE_MATCHING
RANDOM_ONE_TO_ONE_MATCHING,833,stage_distance,0.08894132433829643,0.05168662302501329,0.12793808724490008,0.0008326394671107411,0.07947162067993484,0.09366024136085405,True,True,36,RANDOM_ONE_TO_ONE_MATCHING
RANDOM_ONE_TO_ONE_MATCHING,834,tool_argument_distance,0.1201090512945903,0.07869622644444194,0.16508957679844155,0.0008326394671107411,0.11105334068703797,0.12528577333048344,True,True,36,RANDOM_ONE_TO_ONE_MATCHING
RANDOM_ONE_TO_ONE_MATCHING,834,tool_name_distance,0.08848196129779595,0.04941434539377606,0.12975204749717498,0.0016652789342214821,0.08112434427777421,0.09408935535027523,True,True,36,RANDOM_ONE_TO_ONE_MATCHING
RANDOM_ONE_TO_ONE_MATCHING,834,stage_distance,0.09930887993877932,0.05807428706768307,0.14314714411557505,0.0008326394671107411,0.08918301120233628,0.10520311749046556,True,True,36,RANDOM_ONE_TO_ONE_MATCHING
RANDOM_ONE_TO_ONE_MATCHING,835,tool_argument_distance,0.11508868351084962,0.07515505032855423,0.1566581976658736,0.0008326394671107411,0.10618645542068343,0.12127034208076055,True,True,36,RANDOM_ONE_TO_ONE_MATCHING
RANDOM_ONE_TO_ONE_MATCHING,835,tool_name_distance,0.08639307561220402,0.04922311952934246,0.1238364581347789,0.0008326394671107411,0.0771720243402707,0.09199357951504718,True,True,36,RANDOM_ONE_TO_ONE_MATCHING
RANDOM_ONE_TO_ONE_MATCHING,835,stage_distance,0.09555534163125491,0.05486174938738353,0.13525082801789937,0.0008326394671107411,0.08578769998006792,0.1021242505650779,True,True,36,RANDOM_ONE_TO_ONE_MATCHING
RANDOM_ONE_TO_ONE_MATCHING,836,tool_argument_distance,0.13944281287640195,0.0935908964084996,0.18631409805967336,0.0008326394671107411,0.12921991873732463,0.14496833487145508,True,True,36,RANDOM_ONE_TO_ONE_MATCHING
RANDOM_ONE_TO_ONE_MATCHING,836,tool_name_distance,0.11901005961165034,0.07904683953639559,0.16211975417444588,0.0008326394671107411,0.11122833644711548,0.12482062669654859,True,True,36,RANDOM_ONE_TO_ONE_MATCHING
RANDOM_ONE_TO_ONE_MATCHING,836,stage_distance,0.12153645250177256,0.08120833313748341,0.16456630297621955,0.0008326394671107411,0.11370160449450512,0.1265415000486864,True,True,36,RANDOM_ONE_TO_ONE_MATCHING
RANDOM_ONE_TO_ONE_MATCHING,837,tool_argument_distance,0.10492462546971265,0.0651681989287563,0.14163487816049822,0.0008326394671107411,0.0947796147688473,0.11114279021773704,True,True,36,RANDOM_ONE_TO_ONE_MATCHING
RANDOM_ONE_TO_ONE_MATCHING,837,tool_name_distance,0.07651241215015998,0.04286964902702793,0.10923375192672455,0.0008326394671107411,0.06901122071004706,0.08252463798060719,True,True,36,RANDOM_ONE_TO_ONE_MATCHING
RANDOM_ONE_TO_ONE_MATCHING,837,stage_distance,0.08077457583195813,0.04512295571145637,0.11751789315553672,0.0008326394671107411,0.07107153650198689,0.08618574504476684,True,True,36,RANDOM_ONE_TO_ONE_MATCHING
RANDOM_ONE_TO_ONE_MATCHING,838,tool_argument_distance,0.09239988133180839,0.0483996046279836,0.13361471456868898,0.0016652789342214821,0.08284940175081244,0.09894562193274692,True,True,36,RANDOM_ONE_TO_ONE_MATCHING
RANDOM_ONE_TO_ONE_MATCHING,838,tool_name_distance,0.0661633153658889,0.025291239272073513,0.10805663972723258,0.004163197335553705,0.056580721160511105,0.07202589096317084,True,True,36,RANDOM_ONE_TO_ONE_MATCHING
RANDOM_ONE_TO_ONE_MATCHING,838,stage_distance,0.06761518667495359,0.024420917357115327,0.11217161881453826,0.0016652789342214821,0.057536164797639344,0.0725421482321942,True,True,36,RANDOM_ONE_TO_ONE_MATCHING
RANDOM_ONE_TO_ONE_MATCHING,839,tool_argument_distance,0.12915839526968045,0.0872637361202806,0.16919749610576326,0.0008326394671107411,0.12065815894405224,0.13622822697126316,True,True,36,RANDOM_ONE_TO_ONE_MATCHING
RANDOM_ONE_TO_ONE_MATCHING,839,tool_name_distance,0.09460577528888775,0.056419993799567705,0.13077154514879252,0.0008326394671107411,0.0865212484810213,0.100353997742342,True,True,36,RANDOM_ONE_TO_ONE_MATCHING
RANDOM_ONE_TO_ONE_MATCHING,839,stage_distance,0.10130415967961044,0.06162948147970038,0.13937916912176782,0.0008326394671107411,0.09123529893576257,0.10783998525473461,True,True,36,RANDOM_ONE_TO_ONE_MATCHING
RANDOM_ONE_TO_ONE_MATCHING,840,tool_argument_distance,0.10333325605678528,0.06261652507613658,0.14315742094177356,0.0008326394671107411,0.09695230146793152,0.11149008009142444,True,True,36,RANDOM_ONE_TO_ONE_MATCHING
RANDOM_ONE_TO_ONE_MATCHING,840,tool_name_distance,0.07519278549840773,0.03823285150616103,0.11307489254670819,0.002497918401332223,0.06840785869364156,0.08235778390070962,True,True,36,RANDOM_ONE_TO_ONE_MATCHING
RANDOM_ONE_TO_ONE_MATCHING,840,stage_distance,0.07491012184925323,0.037345275206641264,0.11400248853383788,0.0016652789342214821,0.06789666954834754,0.08177978001605185,True,True,36,RANDOM_ONE_TO_ONE_MATCHING
RANDOM_ONE_TO_ONE_MATCHING,841,tool_argument_distance,0.11160890303749763,0.07111516283639613,0.15407170079182986,0.0008326394671107411,0.10260725264809278,0.11681554594210038,True,True,36,RANDOM_ONE_TO_ONE_MATCHING
RANDOM_ONE_TO_ONE_MATCHING,841,tool_name_distance,0.08591443494554735,0.04943949185082505,0.12539439498142077,0.0008326394671107411,0.076391107937395,0.09144847110224812,True,True,36,RANDOM_ONE_TO_ONE_MATCHING
RANDOM_ONE_TO_ONE_MATCHING,841,stage_distance,0.09415770584356925,0.056304974240055705,0.13637403134245285,0.0008326394671107411,0.08388466070440592,0.09874874899706565,True,True,36,RANDOM_ONE_TO_ONE_MATCHING
RANDOM_ONE_TO_ONE_MATCHING,842,tool_argument_distance,0.11974304186222029,0.08110217943199856,0.1623252524060904,0.0008326394671107411,0.11383048478163971,0.12578011868554456,True,True,36,RANDOM_ONE_TO_ONE_MATCHING
RANDOM_ONE_TO_ONE_MATCHING,842,tool_name_distance,0.09476040004646677,0.054881358476784464,0.13641889936900162,0.0008326394671107411,0.08644690859829153,0.1011311507827164,True,True,36,RANDOM_ONE_TO_ONE_MATCHING
RANDOM_ONE_TO_ONE_MATCHING,842,stage_distance,0.10500588257969823,0.06258091260041121,0.1467138927976881,0.0008326394671107411,0.0968503206691025,0.11040376627664787,True,True,36,RANDOM_ONE_TO_ONE_MATCHING
RANDOM_ONE_TO_ONE_MATCHING,843,tool_argument_distance,0.11940345390407946,0.07692265648928763,0.16353033360823857,0.0008326394671107411,0.1101885742320748,0.1250410279460131,True,True,36,RANDOM_ONE_TO_ONE_MATCHING
RANDOM_ONE_TO_ONE_MATCHING,843,tool_name_distance,0.0866453956980687,0.04825836469644644,0.12470155836317816,0.0008326394671107411,0.07734136598125822,0.09230724578565343,True,True,36,RANDOM_ONE_TO_ONE_MATCHING
RANDOM_ONE_TO_ONE_MATCHING,843,stage_distance,0.09651693152583171,0.05620942639033524,0.14272762834316266,0.0008326394671107411,0.08631129283473303,0.10207965040827267,True,True,36,RANDOM_ONE_TO_ONE_MATCHING
RANDOM_ONE_TO_ONE_MATCHING,844,tool_argument_distance,0.11921750475042586,0.07512517553899879,0.16626545399642867,0.0008326394671107411,0.10948086202900943,0.12662566325952496,True,True,36,RANDOM_ONE_TO_ONE_MATCHING
RANDOM_ONE_TO_ONE_MATCHING,844,tool_name_distance,0.09296903818781047,0.05152000576243616,0.13584876011099067,0.0008326394671107411,0.08222341259129265,0.0994394283215941,True,True,36,RANDOM_ONE_TO_ONE_MATCHING
RANDOM_ONE_TO_ONE_MATCHING,844,stage_distance,0.09636576296069145,0.055775740371836816,0.14528688452620286,0.0008326394671107411,0.08558238810860029,0.10221036965086754,True,True,36,RANDOM_ONE_TO_ONE_MATCHING
RANDOM_ONE_TO_ONE_MATCHING,845,tool_argument_distance,0.10795533507721965,0.0633498939789839,0.1547834696361668,0.0008326394671107411,0.09988835427086412,0.11624421851244264,True,True,36,RANDOM_ONE_TO_ONE_MATCHING
RANDOM_ONE_TO_ONE_MATCHING,845,tool_name_distance,0.0908510823938281,0.05045893091188446,0.12982940304009039,0.0008326394671107411,0.083362741849566,0.09846346070742772,True,True,36,RANDOM_ONE_TO_ONE_MATCHING
RANDOM_ONE_TO_ONE_MATCHING,845,stage_distance,0.09230495381454203,0.053884904853503106,0.13334500593324008,0.0008326394671107411,0.08560100959658602,0.09923603858875789,True,True,36,RANDOM_ONE_TO_ONE_MATCHING
RANDOM_ONE_TO_ONE_MATCHING,846,tool_argument_distance,0.09896845376414574,0.061985747747831346,0.13983410300536564,0.0008326394671107411,0.0896056476812166,0.10400415975115722,True,True,36,RANDOM_ONE_TO_ONE_MATCHING
RANDOM_ONE_TO_ONE_MATCHING,846,tool_name_distance,0.07666335116327669,0.043773597990833565,0.10977254146207294,0.0008326394671107411,0.06777758337750678,0.0806021989735509,True,True,36,RANDOM_ONE_TO_ONE_MATCHING
RANDOM_ONE_TO_ONE_MATCHING,846,stage_distance,0.08492377339853933,0.05005599869232169,0.1230035600951648,0.0008326394671107411,0.0753392825704704,0.08955438615576417,True,True,36,RANDOM_ONE_TO_ONE_MATCHING
RANDOM_ONE_TO_ONE_MATCHING,847,tool_argument_distance,0.10476089598524221,0.06984886113939456,0.14096791550977975,0.0008326394671107411,0.09832222221012116,0.1097718815454948,True,True,36,RANDOM_ONE_TO_ONE_MATCHING
RANDOM_ONE_TO_ONE_MATCHING,847,tool_name_distance,0.07292731237917643,0.03575046971626798,0.1083527904835325,0.0008326394671107411,0.06518049461669764,0.07764798691276137,True,True,36,RANDOM_ONE_TO_ONE_MATCHING
RANDOM_ONE_TO_ONE_MATCHING,847,stage_distance,0.07821183556763363,0.04320483708869483,0.11434944183668103,0.0008326394671107411,0.07129271794439596,0.08268146332599847,True,True,36,RANDOM_ONE_TO_ONE_MATCHING
RANDOM_ONE_TO_ONE_MATCHING,848,tool_argument_distance,0.10581170779510546,0.06723288330870289,0.14921297169836834,0.0008326394671107411,0.09569204230353702,0.11085271654992557,True,True,36,RANDOM_ONE_TO_ONE_MATCHING
RANDOM_ONE_TO_ONE_MATCHING,848,tool_name_distance,0.07869065012565829,0.04292030656911142,0.11505983956090902,0.0008326394671107411,0.07163048193506177,0.08356261012433282,True,True,36,RANDOM_ONE_TO_ONE_MATCHING
RANDOM_ONE_TO_ONE_MATCHING,848,stage_distance,0.08040269721573211,0.04294950739195079,0.12113852961814828,0.0008326394671107411,0.0706890327824401,0.08532114527656057,True,True,36,RANDOM_ONE_TO_ONE_MATCHING
RANDOM_ONE_TO_ONE_MATCHING,849,tool_argument_distance,0.118024037222464,0.07406910802119507,0.1618458519004067,0.0008326394671107411,0.10920567638120106,0.12521608749721444,True,True,36,RANDOM_ONE_TO_ONE_MATCHING
RANDOM_ONE_TO_ONE_MATCHING,849,tool_name_distance,0.09106321026880315,0.049483136910468135,0.13425541900209853,0.0016652789342214821,0.0827692422092806,0.09749117318835444,True,True,36,RANDOM_ONE_TO_ONE_MATCHING
RANDOM_ONE_TO_ONE_MATCHING,849,stage_distance,0.10137276196332601,0.054816087856069944,0.15077880336620625,0.0008326394671107411,0.09130586128472716,0.10875429531775503,True,True,36,RANDOM_ONE_TO_ONE_MATCHING
RANDOM_ONE_TO_ONE_MATCHING,850,tool_argument_distance,0.10442523170567751,0.060658173692094995,0.15043498619130544,0.0008326394671107411,0.09521833356393496,0.11181443350093125,True,True,36,RANDOM_ONE_TO_ONE_MATCHING
RANDOM_ONE_TO_ONE_MATCHING,850,tool_name_distance,0.07238444713582716,0.03272487228103172,0.11150830502132439,0.0008326394671107411,0.06474727632012435,0.07906211598818533,True,True,36,RANDOM_ONE_TO_ONE_MATCHING
RANDOM_ONE_TO_ONE_MATCHING,850,stage_distance,0.0813946102045725,0.04196548113664047,0.12738911649639037,0.0008326394671107411,0.07075690519000925,0.08831483756782961,True,True,36,RANDOM_ONE_TO_ONE_MATCHING
RANDOM_ONE_TO_ONE_MATCHING,851,tool_argument_distance,0.12013206900551651,0.0740314020096478,0.1646283184162949,0.0008326394671107411,0.11153324500307675,0.1282031378138659,True,True,36,RANDOM_ONE_TO_ONE_MATCHING
RANDOM_ONE_TO_ONE_MATCHING,851,tool_name_distance,0.09080110260795032,0.051623374446545967,0.1318732190215784,0.0008326394671107411,0.08181422007269201,0.0976608612725545,True,True,36,RANDOM_ONE_TO_ONE_MATCHING
RANDOM_ONE_TO_ONE_MATCHING,851,stage_distance,0.09469762336673841,0.055447418382257536,0.1371402986366542,0.0016652789342214821,0.08699782757177447,0.10208673690914322,True,True,36,RANDOM_ONE_TO_ONE_MATCHING
RANDOM_ONE_TO_ONE_MATCHING,852,tool_argument_distance,0.11917840636167293,0.07756119004794514,0.1638991245919019,0.0008326394671107411,0.11039302749581598,0.12658544777395053,True,True,36,RANDOM_ONE_TO_ONE_MATCHING
RANDOM_ONE_TO_ONE_MATCHING,852,tool_name_distance,0.09472576457948378,0.057748067978057836,0.1348895269823499,0.0008326394671107411,0.08714971654211344,0.10124634689588664,True,True,36,RANDOM_ONE_TO_ONE_MATCHING
RANDOM_ONE_TO_ONE_MATCHING,852,stage_distance,0.10557623625937104,0.06860234971701999,0.14958798879111795,0.0008326394671107411,0.09562943484637351,0.11194305597988259,True,True,36,RANDOM_ONE_TO_ONE_MATCHING
RANDOM_ONE_TO_ONE_MATCHING,853,tool_argument_distance,0.1156480019153758,0.08381587505498969,0.14993361843940323,0.0008326394671107411,0.10961889720819608,0.12199168632384233,True,True,36,RANDOM_ONE_TO_ONE_MATCHING
RANDOM_ONE_TO_ONE_MATCHING,853,tool_name_distance,0.08888511237814486,0.053766729102972526,0.1231598332696131,0.0008326394671107411,0.08148129390269875,0.09365356078925134,True,True,36,RANDOM_ONE_TO_ONE_MATCHING
RANDOM_ONE_TO_ONE_MATCHING,853,stage_distance,0.09927472580731883,0.06566901777121134,0.13271210777246498,0.0008326394671107411,0.09239113005322572,0.10393850860060426,True,True,36,RANDOM_ONE_TO_ONE_MATCHING
RANDOM_ONE_TO_ONE_MATCHING,854,tool_argument_distance,0.10530331100814191,0.06678046373720513,0.14603085800832905,0.0008326394671107411,0.09612150084646978,0.10983642966700084,True,True,36,RANDOM_ONE_TO_ONE_MATCHING
RANDOM_ONE_TO_ONE_MATCHING,854,tool_name_distance,0.08198871997371154,0.04491857597630618,0.12086433047893734,0.0008326394671107411,0.07255164237906227,0.08692628757513604,True,True,36,RANDOM_ONE_TO_ONE_MATCHING
RANDOM_ONE_TO_ONE_MATCHING,854,stage_distance,0.09159381699336908,0.051361154768908464,0.13719504462549115,0.0008326394671107411,0.08124751788705717,0.0967524248848213,True,True,36,RANDOM_ONE_TO_ONE_MATCHING
RANDOM_ONE_TO_ONE_MATCHING,855,tool_argument_distance,0.11723314423247978,0.07556840672702504,0.1617138586848682,0.0008326394671107411,0.10743980549626492,0.12249776552238062,True,True,36,RANDOM_ONE_TO_ONE_MATCHING
RANDOM_ONE_TO_ONE_MATCHING,855,tool_name_distance,0.09185595306781641,0.055371837928551174,0.12878000050184527,0.0008326394671107411,0.0836928599107765,0.097183195247463,True,True,36,RANDOM_ONE_TO_ONE_MATCHING
RANDOM_ONE_TO_ONE_MATCHING,855,stage_distance,0.0967460037927652,0.057131700347534904,0.133073445550394,0.0008326394671107411,0.08749929097595985,0.10234025894209366,True,True,36,RANDOM_ONE_TO_ONE_MATCHING
RANDOM_ONE_TO_ONE_MATCHING,856,tool_argument_distance,0.10261516293511888,0.06594538246708515,0.14172875096280943,0.0008326394671107411,0.0962136913999318,0.10876734303929773,True,True,36,RANDOM_ONE_TO_ONE_MATCHING
RANDOM_ONE_TO_ONE_MATCHING,856,tool_name_distance,0.07967033264182605,0.04269361838080504,0.11390226496432082,0.0008326394671107411,0.07170800933583113,0.08504018403943439,True,True,36,RANDOM_ONE_TO_ONE_MATCHING
RANDOM_ONE_TO_ONE_MATCHING,856,stage_distance,0.08567886770894337,0.047822825725432824,0.1262669220778313,0.0008326394671107411,0.07840681886632525,0.0912301595468088,True,True,36,RANDOM_ONE_TO_ONE_MATCHING
RANDOM_ONE_TO_ONE_MATCHING,857,tool_argument_distance,0.12098493364203773,0.0815339199392382,0.16236390639849493,0.0008326394671107411,0.11223202602219023,0.1275656102613767,True,True,36,RANDOM_ONE_TO_ONE_MATCHING
RANDOM_ONE_TO_ONE_MATCHING,857,tool_name_distance,0.09091442938279316,0.048314053318438785,0.133955421048827,0.0008326394671107411,0.0830310733556761,0.09717529524293782,True,True,36,RANDOM_ONE_TO_ONE_MATCHING
RANDOM_ONE_TO_ONE_MATCHING,857,stage_distance,0.09227127848426253,0.04890780772366481,0.13605705161188458,0.0008326394671107411,0.08477272132036205,0.09855249861330462,True,True,36,RANDOM_ONE_TO_ONE_MATCHING
RANDOM_ONE_TO_ONE_MATCHING,858,tool_argument_distance,0.1114642480482069,0.07313277423293321,0.15699594835338312,0.0008326394671107411,0.10245846465910807,0.11869538945751747,True,True,36,RANDOM_ONE_TO_ONE_MATCHING
RANDOM_ONE_TO_ONE_MATCHING,858,tool_name_distance,0.08924741464217703,0.046215528536804676,0.1295599074225291,0.0008326394671107411,0.08129839210443342,0.09622680937136609,True,True,36,RANDOM_ONE_TO_ONE_MATCHING
RANDOM_ONE_TO_ONE_MATCHING,858,stage_distance,0.09585527964890207,0.05676775862615629,0.1387496815761917,0.0008326394671107411,0.08563073661846254,0.10307519586810386,True,True,36,RANDOM_ONE_TO_ONE_MATCHING
RANDOM_ONE_TO_ONE_MATCHING,859,tool_argument_distance,0.10954780531090541,0.06590153351831574,0.15596586364492854,0.0008326394671107411,0.10048726641502653,0.11788218789566231,True,True,36,RANDOM_ONE_TO_ONE_MATCHING
RANDOM_ONE_TO_ONE_MATCHING,859,tool_name_distance,0.0858577753367245,0.043199548114563814,0.1282816701125501,0.0008326394671107411,0.0784803993730328,0.09332748773440688,True,True,36,RANDOM_ONE_TO_ONE_MATCHING
RANDOM_ONE_TO_ONE_MATCHING,859,stage_distance,0.09281535729587119,0.04554557395803592,0.14036198352978982,0.0016652789342214821,0.08250395934105935,0.09991648157346952,True,True,36,RANDOM_ONE_TO_ONE_MATCHING
RANDOM_ONE_TO_ONE_MATCHING,860,tool_argument_distance,0.0930161469518458,0.05421791182126462,0.13339333390594738,0.0008326394671107411,0.08425778193450077,0.09957949514192825,True,True,36,RANDOM_ONE_TO_ONE_MATCHING
RANDOM_ONE_TO_ONE_MATCHING,860,tool_name_distance,0.06497887634348194,0.028645718130994462,0.10367711592617572,0.002497918401332223,0.057743393404130594,0.07055334747122752,True,True,36,RANDOM_ONE_TO_ONE_MATCHING
RANDOM_ONE_TO_ONE_MATCHING,860,stage_distance,0.07152687371207998,0.03588767045280544,0.11058192901386975,0.0016652789342214821,0.06441675717868363,0.07656559775609564,True,True,36,RANDOM_ONE_TO_ONE_MATCHING
RANDOM_ONE_TO_ONE_MATCHING,861,tool_argument_distance,0.12128810446345256,0.08138865638031777,0.1632877058681361,0.0008326394671107411,0.11256300268621788,0.1279737971827267,True,True,36,RANDOM_ONE_TO_ONE_MATCHING
RANDOM_ONE_TO_ONE_MATCHING,861,tool_name_distance,0.09542709123967942,0.057234356090457766,0.13822225935755433,0.0008326394671107411,0.08475169573035785,0.10197973647268431,True,True,36,RANDOM_ONE_TO_ONE_MATCHING
RANDOM_ONE_TO_ONE_MATCHING,861,stage_distance,0.10678800926334636,0.06488737712774331,0.1512017424934016,0.0008326394671107411,0.09687582993617666,0.11294241943133759,True,True,36,RANDOM_ONE_TO_ONE_MATCHING
RANDOM_ONE_TO_ONE_MATCHING,862,tool_argument_distance,0.11382739002564664,0.07356284168819689,0.15606140854525574,0.0008326394671107411,0.10393674402637942,0.11910829258364226,True,True,36,RANDOM_ONE_TO_ONE_MATCHING
RANDOM_ONE_TO_ONE_MATCHING,862,tool_name_distance,0.09281842384364064,0.05626731882994318,0.13087243145953273,0.0008326394671107411,0.08552698569578011,0.09852383690881693,True,True,36,RANDOM_ONE_TO_ONE_MATCHING
RANDOM_ONE_TO_ONE_MATCHING,862,stage_distance,0.1004362889718854,0.06157548287495992,0.14110307034466635,0.0008326394671107411,0.0912950128744835,0.10511126721756321,True,True,36,RANDOM_ONE_TO_ONE_MATCHING
RANDOM_ONE_TO_ONE_MATCHING,863,tool_argument_distance,0.11458183099215069,0.07482963956304674,0.1588075666024802,0.0008326394671107411,0.10471274044906931,0.11940057113689996,True,True,36,RANDOM_ONE_TO_ONE_MATCHING
RANDOM_ONE_TO_ONE_MATCHING,863,tool_name_distance,0.0868347665767708,0.04953440148723107,0.12705245430953793,0.0008326394671107411,0.07773456015490737,0.09119089218266796,True,True,36,RANDOM_ONE_TO_ONE_MATCHING
RANDOM_ONE_TO_ONE_MATCHING,863,stage_distance,0.09174428491987141,0.05363047481102265,0.13505008233039822,0.0008326394671107411,0.08235466584955482,0.09588594092368703,True,True,36,RANDOM_ONE_TO_ONE_MATCHING
RANDOM_ONE_TO_ONE_MATCHING,864,tool_argument_distance,0.12276005226358028,0.08589087167178332,0.16238702522888707,0.0008326394671107411,0.11407700613777781,0.12867249230945446,True,True,36,RANDOM_ONE_TO_ONE_MATCHING
RANDOM_ONE_TO_ONE_MATCHING,864,tool_name_distance,0.10302901308902314,0.06660504912978098,0.14300542693520626,0.0008326394671107411,0.09439149942465262,0.10886173924811372,True,True,36,RANDOM_ONE_TO_ONE_MATCHING
RANDOM_ONE_TO_ONE_MATCHING,864,stage_distance,0.10936973722403216,0.07274526294983384,0.14840791993076322,0.0008326394671107411,0.10048370250526302,0.11536875221020065,True,True,36,RANDOM_ONE_TO_ONE_MATCHING
RANDOM_ONE_TO_ONE_MATCHING,865,tool_argument_distance,0.12879495752467868,0.0899148464990902,0.17193091927651633,0.0008326394671107411,0.12184226346426237,0.13448838480842296,True,True,36,RANDOM_ONE_TO_ONE_MATCHING
RANDOM_ONE_TO_ONE_MATCHING,865,tool_name_distance,0.09479189939684221,0.05633957738999919,0.13713840804597102,0.0008326394671107411,0.08714330266552958,0.10057957739500853,True,True,36,RANDOM_ONE_TO_ONE_MATCHING
RANDOM_ONE_TO_ONE_MATCHING,865,stage_distance,0.10420942448446918,0.06722062710379921,0.14343289836383813,0.0008326394671107411,0.09685034929039528,0.10876674066953175,True,True,36,RANDOM_ONE_TO_ONE_MATCHING
RANDOM_ONE_TO_ONE_MATCHING,866,tool_argument_distance,0.10695086612791925,0.06870051189013678,0.14504515099385637,0.0008326394671107411,0.09686374801728839,0.11400854924780389,True,True,36,RANDOM_ONE_TO_ONE_MATCHING
RANDOM_ONE_TO_ONE_MATCHING,866,tool_name_distance,0.07629366690547006,0.041356783829203984,0.11291691025861587,0.0008326394671107411,0.06916501348001101,0.08228761785975824,True,True,36,RANDOM_ONE_TO_ONE_MATCHING
RANDOM_ONE_TO_ONE_MATCHING,866,stage_distance,0.07929504512556124,0.041386513673128573,0.12166970811041158,0.0016652789342214821,0.06954973348969291,0.08465191702044789,True,True,36,RANDOM_ONE_TO_ONE_MATCHING
RANDOM_ONE_TO_ONE_MATCHING,867,tool_argument_distance,0.10716984682685557,0.06985220747622331,0.14596561982421558,0.0008326394671107411,0.09804136626000383,0.11279592967194373,True,True,36,RANDOM_ONE_TO_ONE_MATCHING
RANDOM_ONE_TO_ONE_MATCHING,867,tool_name_distance,0.08080554269193979,0.04643419064052984,0.11503168926428647,0.0016652789342214821,0.07402225021968722,0.08761868052654866,True,True,36,RANDOM_ONE_TO_ONE_MATCHING
RANDOM_ONE_TO_ONE_MATCHING,867,stage_distance,0.0883404192159541,0.05047055618508991,0.12746027278532887,0.0008326394671107411,0.07790116588743036,0.0941032441252854,True,True,36,RANDOM_ONE_TO_ONE_MATCHING
RANDOM_ONE_TO_ONE_MATCHING,868,tool_argument_distance,0.10841996101783308,0.06488499189462041,0.15740288567352437,0.0008326394671107411,0.09932719799929497,0.11489726602650586,True,True,36,RANDOM_ONE_TO_ONE_MATCHING
RANDOM_ONE_TO_ONE_MATCHING,868,tool_name_distance,0.0750368678557218,0.032071082253273084,0.12049716000427405,0.0016652789342214821,0.06559957861325698,0.080906250777072,True,True,36,RANDOM_ONE_TO_ONE_MATCHING
RANDOM_ONE_TO_ONE_MATCHING,868,stage_distance,0.08808206265288984,0.042484991317455124,0.13524220091970332,0.0008326394671107411,0.07763542770827851,0.0941267353424433,True,True,36,RANDOM_ONE_TO_ONE_MATCHING
RANDOM_ONE_TO_ONE_MATCHING,869,tool_argument_distance,0.10184606201444417,0.05767101819038358,0.1445555620357043,0.0008326394671107411,0.09426590621052787,0.1082103022958203,True,True,36,RANDOM_ONE_TO_ONE_MATCHING
RANDOM_ONE_TO_ONE_MATCHING,869,tool_name_distance,0.07844069046199895,0.039908718747254435,0.11425035051717232,0.0008326394671107411,0.07156568350188652,0.08461086426464129,True,True,36,RANDOM_ONE_TO_ONE_MATCHING
RANDOM_ONE_TO_ONE_MATCHING,869,stage_distance,0.08294700712265812,0.04501046739003189,0.12181674121130506,0.0016652789342214821,0.07606595353233743,0.08929220806419419,True,True,36,RANDOM_ONE_TO_ONE_MATCHING
RANDOM_ONE_TO_ONE_MATCHING,870,tool_argument_distance,0.1108298014254179,0.06700290544818988,0.15314538899335448,0.0008326394671107411,0.1030654869495496,0.11737745990241888,True,True,36,RANDOM_ONE_TO_ONE_MATCHING
RANDOM_ONE_TO_ONE_MATCHING,870,tool_name_distance,0.07860265527523189,0.04489805998205229,0.11549476820137722,0.0016652789342214821,0.07076435967043847,0.0838388783140839,True,True,36,RANDOM_ONE_TO_ONE_MATCHING
RANDOM_ONE_TO_ONE_MATCHING,870,stage_distance,0.0859173692091576,0.04916095978916145,0.123719939221811,0.0008326394671107411,0.07903092257390491,0.09067472005545213,True,True,36,RANDOM_ONE_TO_ONE_MATCHING
RANDOM_ONE_TO_ONE_MATCHING,871,tool_argument_distance,0.10613068573418795,0.06657216271415614,0.14788831974693897,0.0008326394671107411,0.09697251485040284,0.11408182706531729,True,True,36,RANDOM_ONE_TO_ONE_MATCHING
RANDOM_ONE_TO_ONE_MATCHING,871,tool_name_distance,0.07488843850821246,0.037201222114905355,0.11370460717054436,0.0016652789342214821,0.06767995316029209,0.08190555200381812,True,True,36,RANDOM_ONE_TO_ONE_MATCHING
RANDOM_ONE_TO_ONE_MATCHING,871,stage_distance,0.082591493784497,0.04127295208039231,0.12450500466572131,0.002497918401332223,0.07294036639602686,0.0901690202092745,True,True,36,RANDOM_ONE_TO_ONE_MATCHING
RANDOM_ONE_TO_ONE_MATCHING,872,tool_argument_distance,0.127678162991669,0.08802674469813977,0.16917486138526072,0.0008326394671107411,0.11764823652784269,0.13326022700131776,True,True,36,RANDOM_ONE_TO_ONE_MATCHING
RANDOM_ONE_TO_ONE_MATCHING,872,tool_name_distance,0.09521385080348577,0.057432994482083055,0.13537280881503777,0.0008326394671107411,0.08728133648781815,0.10101358455612759,True,True,36,RANDOM_ONE_TO_ONE_MATCHING
RANDOM_ONE_TO_ONE_MATCHING,872,stage_distance,0.10317728539494704,0.06773697652074323,0.14307090942949025,0.0008326394671107411,0.09642390913350397,0.10821101938293916,True,True,36,RANDOM_ONE_TO_ONE_MATCHING
RANDOM_ONE_TO_ONE_MATCHING,873,tool_argument_distance,0.12774819104783622,0.08264361051391476,0.1749230145629467,0.0008326394671107411,0.11825528222063153,0.13660258465364825,True,True,36,RANDOM_ONE_TO_ONE_MATCHING
RANDOM_ONE_TO_ONE_MATCHING,873,tool_name_distance,0.10173508318580964,0.05965616781098381,0.14771785053811715,0.0008326394671107411,0.09123991601780608,0.10965843295060872,True,True,36,RANDOM_ONE_TO_ONE_MATCHING
RANDOM_ONE_TO_ONE_MATCHING,873,stage_distance,0.10840270710646026,0.06549986293268943,0.15038433634564427,0.0008326394671107411,0.09891562589662914,0.11579372768901663,True,True,36,RANDOM_ONE_TO_ONE_MATCHING
RANDOM_ONE_TO_ONE_MATCHING,874,tool_argument_distance,0.107017571239559,0.07055348039016089,0.14644260771971782,0.0008326394671107411,0.10074188279878452,0.11329553443815044,True,True,36,RANDOM_ONE_TO_ONE_MATCHING
RANDOM_ONE_TO_ONE_MATCHING,874,tool_name_distance,0.08435777584784696,0.04368604013637244,0.12409315200208768,0.0016652789342214821,0.07557699853821455,0.089913710406165,True,True,36,RANDOM_ONE_TO_ONE_MATCHING
RANDOM_ONE_TO_ONE_MATCHING,874,stage_distance,0.09160601771022665,0.05547526085365677,0.13429266662332162,0.0008326394671107411,0.08384991544281607,0.0973266566909859,True,True,36,RANDOM_ONE_TO_ONE_MATCHING
RANDOM_ONE_TO_ONE_MATCHING,875,tool_argument_distance,0.10769875389343968,0.06639963321747719,0.1474103379315838,0.0008326394671107411,0.09858538495706176,0.11477780523519635,True,True,36,RANDOM_ONE_TO_ONE_MATCHING
RANDOM_ONE_TO_ONE_MATCHING,875,tool_name_distance,0.0837745403290969,0.04429853609386552,0.1246795905011521,0.0008326394671107411,0.07509194937663614,0.08998223052406015,True,True,36,RANDOM_ONE_TO_ONE_MATCHING
RANDOM_ONE_TO_ONE_MATCHING,875,stage_distance,0.09366603251382047,0.049687816229664,0.13804035593717073,0.0008326394671107411,0.08337893956523576,0.09943350404837166,True,True,36,RANDOM_ONE_TO_ONE_MATCHING
RANDOM_ONE_TO_ONE_MATCHING,876,tool_argument_distance,0.10866641432534777,0.07090309905826324,0.1525632029610197,0.0008326394671107411,0.10022196267115135,0.11499148732639031,True,True,36,RANDOM_ONE_TO_ONE_MATCHING
RANDOM_ONE_TO_ONE_MATCHING,876,tool_name_distance,0.08176493341708518,0.04160293330484769,0.1209068731688713,0.0008326394671107411,0.07291670001605613,0.08800420567268856,True,True,36,RANDOM_ONE_TO_ONE_MATCHING
RANDOM_ONE_TO_ONE_MATCHING,876,stage_distance,0.08831141670124432,0.05014227527198814,0.13219646376311334,0.0008326394671107411,0.07884185627139324,0.09393792422460406,True,True,36,RANDOM_ONE_TO_ONE_MATCHING
RANDOM_ONE_TO_ONE_MATCHING,877,tool_argument_distance,0.09179036332121764,0.04971795410001618,0.1334161383151714,0.0008326394671107411,0.08484882776627792,0.09751392580756642,True,True,36,RANDOM_ONE_TO_ONE_MATCHING
RANDOM_ONE_TO_ONE_MATCHING,877,tool_name_distance,0.06838783475259927,0.03167585709260893,0.10945812556326048,0.0016652789342214821,0.06039837977356613,0.07294152868814362,True,True,36,RANDOM_ONE_TO_ONE_MATCHING
RANDOM_ONE_TO_ONE_MATCHING,877,stage_distance,0.07169975032588909,0.03351720425230957,0.1110874850967942,0.0016652789342214821,0.06402829812946942,0.07636954276129344,True,True,36,RANDOM_ONE_TO_ONE_MATCHING
RANDOM_ONE_TO_ONE_MATCHING,878,tool_argument_distance,0.12455720412845658,0.08330100838928091,0.16895566072878893,0.0008326394671107411,0.11592550519879347,0.1296609549342432,True,True,36,RANDOM_ONE_TO_ONE_MATCHING
RANDOM_ONE_TO_ONE_MATCHING,878,tool_name_distance,0.10426491683119922,0.06700678639979545,0.14082579208549226,0.0008326394671107411,0.09614972768933244,0.10911904673008006,True,True,36,RANDOM_ONE_TO_ONE_MATCHING
RANDOM_ONE_TO_ONE_MATCHING,878,stage_distance,0.11200272415676969,0.07310953986922138,0.15479228236452042,0.0008326394671107411,0.10223953668369783,0.11673537946525488,True,True,36,RANDOM_ONE_TO_ONE_MATCHING
RANDOM_ONE_TO_ONE_MATCHING,879,tool_argument_distance,0.1106578843586088,0.06725611744588005,0.15544535105756543,0.0008326394671107411,0.10067668105456905,0.1177005231840134,True,True,36,RANDOM_ONE_TO_ONE_MATCHING
RANDOM_ONE_TO_ONE_MATCHING,879,tool_name_distance,0.07873398211070054,0.0406795850174284,0.1180798728135508,0.0008326394671107411,0.07098300117048298,0.08409051651021121,True,True,36,RANDOM_ONE_TO_ONE_MATCHING
RANDOM_ONE_TO_ONE_MATCHING,879,stage_distance,0.08225308476553245,0.0420689064414098,0.12312543031220369,0.0008326394671107411,0.07259228854794902,0.0880504905907449,True,True,36,RANDOM_ONE_TO_ONE_MATCHING
RANDOM_ONE_TO_ONE_MATCHING,880,tool_argument_distance,0.10670631518654018,0.06186127230217026,0.15225004656303276,0.0008326394671107411,0.09896487945882516,0.11366081104047103,True,True,36,RANDOM_ONE_TO_ONE_MATCHING
RANDOM_ONE_TO_ONE_MATCHING,880,tool_name_distance,0.08154234986161234,0.04315844499941662,0.12161864378853243,0.0016652789342214821,0.07392873817140815,0.08759006308987592,True,True,36,RANDOM_ONE_TO_ONE_MATCHING
RANDOM_ONE_TO_ONE_MATCHING,880,stage_distance,0.09019365536905773,0.05318668538464217,0.13009720639650535,0.0016652789342214821,0.08305060045958575,0.09583412726743808,True,True,36,RANDOM_ONE_TO_ONE_MATCHING
RANDOM_ONE_TO_ONE_MATCHING,881,tool_argument_distance,0.10484922031389814,0.06524694742287673,0.14504118196872773,0.0008326394671107411,0.09470205518000951,0.11050489608845268,True,True,36,RANDOM_ONE_TO_ONE_MATCHING
RANDOM_ONE_TO_ONE_MATCHING,881,tool_name_distance,0.07627895151830753,0.04229198760095483,0.11300220167226581,0.0008326394671107411,0.06896950247284009,0.08121586376658903,True,True,36,RANDOM_ONE_TO_ONE_MATCHING
RANDOM_ONE_TO_ONE_MATCHING,881,stage_distance,0.08336900314097523,0.04527341622969527,0.12319882304023258,0.0008326394671107411,0.07374009030554733,0.08845495401326818,True,True,36,RANDOM_ONE_TO_ONE_MATCHING
RANDOM_ONE_TO_ONE_MATCHING,882,tool_argument_distance,0.11398084060231668,0.07000667420792236,0.15600194374080625,0.0008326394671107411,0.10409457890524003,0.12178997170623508,True,True,36,RANDOM_ONE_TO_ONE_MATCHING
RANDOM_ONE_TO_ONE_MATCHING,882,tool_name_distance,0.08647891812361039,0.05046730809776328,0.1250848790886675,0.0008326394671107411,0.07717013190467252,0.09312899748146529,True,True,36,RANDOM_ONE_TO_ONE_MATCHING
RANDOM_ONE_TO_ONE_MATCHING,882,stage_distance,0.09317632849106375,0.05227768707363444,0.1400879598960736,0.0008326394671107411,0.0832505274456837,0.10043578814410968,True,True,36,RANDOM_ONE_TO_ONE_MATCHING
RANDOM_ONE_TO_ONE_MATCHING,883,tool_argument_distance,0.10999952769890232,0.06879418335042152,0.15301848376866398,0.0008326394671107411,0.1009518951569662,0.11626633557700887,True,True,36,RANDOM_ONE_TO_ONE_MATCHING
RANDOM_ONE_TO_ONE_MATCHING,883,tool_name_distance,0.08444185019735165,0.046586151543315066,0.12455388004232076,0.0008326394671107411,0.07577832524112674,0.09008134666207535,True,True,36,RANDOM_ONE_TO_ONE_MATCHING
RANDOM_ONE_TO_ONE_MATCHING,883,stage_distance,0.09137937119893737,0.050713743924412504,0.1342818582734415,0.0008326394671107411,0.08197932602230837,0.09763510826268444,True,True,36,RANDOM_ONE_TO_ONE_MATCHING
RANDOM_ONE_TO_ONE_MATCHING,884,tool_argument_distance,0.12179522198296332,0.07575033203525705,0.16912316662102653,0.0008326394671107411,0.1121322283253337,0.1287764500751577,True,True,36,RANDOM_ONE_TO_ONE_MATCHING
RANDOM_ONE_TO_ONE_MATCHING,884,tool_name_distance,0.09778223364643074,0.06011912532610603,0.13964284914436925,0.0008326394671107411,0.09114311131771406,0.1047574848785862,True,True,36,RANDOM_ONE_TO_ONE_MATCHING
RANDOM_ONE_TO_ONE_MATCHING,884,stage_distance,0.09862017461052791,0.05876064247370041,0.14244313617916854,0.0008326394671107411,0.08942700953137295,0.10560449229344955,True,True,36,RANDOM_ONE_TO_ONE_MATCHING
RANDOM_ONE_TO_ONE_MATCHING,885,tool_argument_distance,0.12033481156542078,0.08285562473546006,0.15603901486611718,0.0008326394671107411,0.11443961570538518,0.12658564745141693,True,True,36,RANDOM_ONE_TO_ONE_MATCHING
RANDOM_ONE_TO_ONE_MATCHING,885,tool_name_distance,0.09978089857231127,0.06477678987115146,0.1358816711993829,0.0008326394671107411,0.09175404483949791,0.10599444200846653,True,True,36,RANDOM_ONE_TO_ONE_MATCHING
RANDOM_ONE_TO_ONE_MATCHING,885,stage_distance,0.10372205014843401,0.06943720598400607,0.13979073016040985,0.0008326394671107411,0.09615383249239876,0.10964668619953817,True,True,36,RANDOM_ONE_TO_ONE_MATCHING
RANDOM_ONE_TO_ONE_MATCHING,886,tool_argument_distance,0.11717030924188891,0.08062099490956544,0.1550471555232643,0.0008326394671107411,0.11075550230055564,0.1224521488586868,True,True,36,RANDOM_ONE_TO_ONE_MATCHING
RANDOM_ONE_TO_ONE_MATCHING,886,tool_name_distance,0.08731784176604619,0.051378892748862606,0.12692742935544835,0.0008326394671107411,0.07862163776836231,0.09270697430649998,True,True,36,RANDOM_ONE_TO_ONE_MATCHING
RANDOM_ONE_TO_ONE_MATCHING,886,stage_distance,0.0961866145892346,0.05607798128888515,0.13940017506086794,0.0008326394671107411,0.08760900556598616,0.1018142659192857,True,True,36,RANDOM_ONE_TO_ONE_MATCHING
RANDOM_ONE_TO_ONE_MATCHING,887,tool_argument_distance,0.11644995176434578,0.07892048850349581,0.15518620367380062,0.0008326394671107411,0.1071706478368817,0.12307199764383375,True,True,36,RANDOM_ONE_TO_ONE_MATCHING
RANDOM_ONE_TO_ONE_MATCHING,887,tool_name_distance,0.09722823668979905,0.058409676400140026,0.13887705372364093,0.0008326394671107411,0.08898525486000472,0.1038323432213788,True,True,36,RANDOM_ONE_TO_ONE_MATCHING
RANDOM_ONE_TO_ONE_MATCHING,887,stage_distance,0.0999603395078534,0.06073970139121097,0.13986846048927282,0.0008326394671107411,0.09261300017615733,0.10630029693376221,True,True,36,RANDOM_ONE_TO_ONE_MATCHING
RANDOM_ONE_TO_ONE_MATCHING,888,tool_argument_distance,0.11897262565462377,0.07710423982497343,0.16202628161390425,0.0008326394671107411,0.11016222352085013,0.12559216183650276,True,True,36,RANDOM_ONE_TO_ONE_MATCHING
RANDOM_ONE_TO_ONE_MATCHING,888,tool_name_distance,0.08636454607081386,0.045554168387354294,0.1290702501753819,0.0008326394671107411,0.07874801877446565,0.09265826144185117,True,True,36,RANDOM_ONE_TO_ONE_MATCHING
RANDOM_ONE_TO_ONE_MATCHING,888,stage_distance,0.09111962556684275,0.050321943354191934,0.130961102507675,0.0008326394671107411,0.08438181482752394,0.09682636762921959,True,True,36,RANDOM_ONE_TO_ONE_MATCHING
RANDOM_ONE_TO_ONE_MATCHING,889,tool_argument_distance,0.10616700184485045,0.06611485668972326,0.147023650782912,0.0008326394671107411,0.09700986856422714,0.11310608874616161,True,True,36,RANDOM_ONE_TO_ONE_MATCHING
RANDOM_ONE_TO_ONE_MATCHING,889,tool_name_distance,0.07871690098881336,0.04431349242952177,0.11482622738977874,0.0008326394671107411,0.07161780028319586,0.08468388710642553,True,True,36,RANDOM_ONE_TO_ONE_MATCHING
RANDOM_ONE_TO_ONE_MATCHING,889,stage_distance,0.0902901136256822,0.051971954424177215,0.1300016093803637,0.0008326394671107411,0.07990656585172211,0.09586493023865791,True,True,36,RANDOM_ONE_TO_ONE_MATCHING
RANDOM_ONE_TO_ONE_MATCHING,890,tool_argument_distance,0.1128517715504535,0.07239610868855854,0.15443375726177186,0.0008326394671107411,0.10293325073760932,0.11790261746217863,True,True,36,RANDOM_ONE_TO_ONE_MATCHING
RANDOM_ONE_TO_ONE_MATCHING,890,tool_name_distance,0.08331429048203617,0.04867058952505125,0.11857953857041596,0.0008326394671107411,0.0762058511212467,0.08884041117275962,True,True,36,RANDOM_ONE_TO_ONE_MATCHING
RANDOM_ONE_TO_ONE_MATCHING,890,stage_distance,0.0922160381006263,0.05581656496187253,0.12783389477831003,0.0008326394671107411,0.08283989769261699,0.09716482356039999,True,True,36,RANDOM_ONE_TO_ONE_MATCHING
RANDOM_ONE_TO_ONE_MATCHING,891,tool_argument_distance,0.12161222224769754,0.07494085387374831,0.16570907097181703,0.0008326394671107411,0.11429666957887272,0.1302913024592199,True,True,36,RANDOM_ONE_TO_ONE_MATCHING
RANDOM_ONE_TO_ONE_MATCHING,891,tool_name_distance,0.08650100253107082,0.046693183650530254,0.12477347650015137,0.0008326394671107411,0.0790290666314226,0.09398909284859165,True,True,36,RANDOM_ONE_TO_ONE_MATCHING
RANDOM_ONE_TO_ONE_MATCHING,891,stage_distance,0.09348551635194467,0.05368462219841238,0.13065503744773466,0.0008326394671107411,0.08643651461341231,0.10045033148437206,True,True,36,RANDOM_ONE_TO_ONE_MATCHING
RANDOM_ONE_TO_ONE_MATCHING,892,tool_argument_distance,0.11726305259572148,0.07772947786739998,0.15451030647681022,0.0008326394671107411,0.10842294933655162,0.1240670600862646,True,True,36,RANDOM_ONE_TO_ONE_MATCHING
RANDOM_ONE_TO_ONE_MATCHING,892,tool_name_distance,0.0898075600245562,0.05381361922498476,0.1255142479091442,0.0008326394671107411,0.08138752865358187,0.09578573266971306,True,True,36,RANDOM_ONE_TO_ONE_MATCHING
RANDOM_ONE_TO_ONE_MATCHING,892,stage_distance,0.09040937488669183,0.05670876843513452,0.1285304880432579,0.0008326394671107411,0.08098161552971295,0.09711136824405951,True,True,36,RANDOM_ONE_TO_ONE_MATCHING
RANDOM_ONE_TO_ONE_MATCHING,893,tool_argument_distance,0.11777371205245937,0.08142444381857675,0.15153333681995734,0.0008326394671107411,0.11117773249301545,0.12286293829250694,True,True,36,RANDOM_ONE_TO_ONE_MATCHING
RANDOM_ONE_TO_ONE_MATCHING,893,tool_name_distance,0.08800374965252689,0.05601954551448387,0.12444883267833669,0.0008326394671107411,0.0801274189375898,0.0925882861127427,True,True,36,RANDOM_ONE_TO_ONE_MATCHING
RANDOM_ONE_TO_ONE_MATCHING,893,stage_distance,0.09540206662366463,0.06127174749711236,0.13075174689557587,0.0008326394671107411,0.08891287396937476,0.09943366006158944,True,True,36,RANDOM_ONE_TO_ONE_MATCHING
RANDOM_ONE_TO_ONE_MATCHING,894,tool_argument_distance,0.11064617620671521,0.0688798258250148,0.1502928695309308,0.0008326394671107411,0.10066463838404993,0.11702781383293967,True,True,36,RANDOM_ONE_TO_ONE_MATCHING
RANDOM_ONE_TO_ONE_MATCHING,894,tool_name_distance,0.08196075805477897,0.04484917543832857,0.11869649423990702,0.0008326394671107411,0.07400195802723669,0.08812865091107243,True,True,36,RANDOM_ONE_TO_ONE_MATCHING
RANDOM_ONE_TO_ONE_MATCHING,894,stage_distance,0.0918207423954947,0.052460933978164155,0.13418304805389866,0.0008326394671107411,0.08243330782448162,0.0975475163672616,True,True,36,RANDOM_ONE_TO_ONE_MATCHING
RANDOM_ONE_TO_ONE_MATCHING,895,tool_argument_distance,0.13042495403914167,0.08518492658016749,0.17965485813486162,0.0008326394671107411,0.12196090510692668,0.1378358960875199,True,True,36,RANDOM_ONE_TO_ONE_MATCHING
RANDOM_ONE_TO_ONE_MATCHING,895,tool_name_distance,0.10248474576944494,0.06134568257771852,0.14805550889801905,0.0008326394671107411,0.09201099753240238,0.10898385388032875,True,True,36,RANDOM_ONE_TO_ONE_MATCHING
RANDOM_ONE_TO_ONE_MATCHING,895,stage_distance,0.11084544221872149,0.07027760931669322,0.1549014821393521,0.0008326394671107411,0.10142815344066929,0.11756855265137661,True,True,36,RANDOM_ONE_TO_ONE_MATCHING
RANDOM_ONE_TO_ONE_MATCHING,896,tool_argument_distance,0.10491895596187634,0.06482758019878897,0.14781262205878978,0.0008326394671107411,0.0947737832750728,0.11165588424288807,True,True,36,RANDOM_ONE_TO_ONE_MATCHING
RANDOM_ONE_TO_ONE_MATCHING,896,tool_name_distance,0.08177681522022516,0.043379913979172194,0.11991978877552859,0.0008326394671107411,0.07383079720116172,0.08801465673824253,True,True,36,RANDOM_ONE_TO_ONE_MATCHING
RANDOM_ONE_TO_ONE_MATCHING,896,stage_distance,0.08739790384941445,0.04832780265912624,0.12688955901454754,0.0008326394671107411,0.07788410246279909,0.09378147318005776,True,True,36,RANDOM_ONE_TO_ONE_MATCHING
RANDOM_ONE_TO_ONE_MATCHING,897,tool_argument_distance,0.10631483310419479,0.06409900434351122,0.15054308588122808,0.0008326394671107411,0.09726182737374225,0.11257271807034723,True,True,36,RANDOM_ONE_TO_ONE_MATCHING
RANDOM_ONE_TO_ONE_MATCHING,897,tool_name_distance,0.07521021398590845,0.034178106054708356,0.116374197939441,0.0008326394671107411,0.06727499148713437,0.0821809456035196,True,True,36,RANDOM_ONE_TO_ONE_MATCHING
RANDOM_ONE_TO_ONE_MATCHING,897,stage_distance,0.08080583891789343,0.036686561863700486,0.12178801341996158,0.0016652789342214821,0.07377334856003319,0.0865121202631531,True,True,36,RANDOM_ONE_TO_ONE_MATCHING
RANDOM_ONE_TO_ONE_MATCHING,898,tool_argument_distance,0.10005138399976775,0.06539605641515571,0.13452526439820145,0.0008326394671107411,0.09357666163785637,0.10559511699720808,True,True,36,RANDOM_ONE_TO_ONE_MATCHING
RANDOM_ONE_TO_ONE_MATCHING,898,tool_name_distance,0.07199799200069099,0.03688406845995096,0.109096116932979,0.0008326394671107411,0.06375454151446047,0.07718617533619294,True,True,36,RANDOM_ONE_TO_ONE_MATCHING
RANDOM_ONE_TO_ONE_MATCHING,898,stage_distance,0.08196126763406851,0.04526965487527437,0.12052439683039746,0.0008326394671107411,0.07514927664130039,0.0871771834890952,True,True,36,RANDOM_ONE_TO_ONE_MATCHING
RANDOM_ONE_TO_ONE_MATCHING,899,tool_argument_distance,0.12065110183664084,0.07883384849559971,0.1636640849701869,0.0008326394671107411,0.1119077999843544,0.12930272146499014,True,True,36,RANDOM_ONE_TO_ONE_MATCHING
RANDOM_ONE_TO_ONE_MATCHING,899,tool_name_distance,0.08522974155252065,0.04712118126465597,0.12595636139132543,0.0008326394671107411,0.07857285476199898,0.0926815101277972,True,True,36,RANDOM_ONE_TO_ONE_MATCHING
RANDOM_ONE_TO_ONE_MATCHING,899,stage_distance,0.09035413415805311,0.04890530729372342,0.1307060037990751,0.0008326394671107411,0.0809247964945417,0.09722948122779787,True,True,36,RANDOM_ONE_TO_ONE_MATCHING
RANDOM_ONE_TO_ONE_MATCHING,900,tool_argument_distance,0.10893689338568563,0.07044913085258042,0.1490916289411965,0.0008326394671107411,0.10222070842518045,0.11526969435988069,True,True,36,RANDOM_ONE_TO_ONE_MATCHING
RANDOM_ONE_TO_ONE_MATCHING,900,tool_name_distance,0.08289270428429217,0.04504013327671663,0.1172119534155537,0.0008326394671107411,0.07497856880991635,0.08908722417571457,True,True,36,RANDOM_ONE_TO_ONE_MATCHING
RANDOM_ONE_TO_ONE_MATCHING,900,stage_distance,0.08755139963351423,0.05379977247941244,0.12430187991052105,0.0008326394671107411,0.0801164014865765,0.09315619238351025,True,True,36,RANDOM_ONE_TO_ONE_MATCHING
RANDOM_ONE_TO_ONE_MATCHING,901,tool_argument_distance,0.11531452046388463,0.07032829323756885,0.16006952435307575,0.0008326394671107411,0.10639960103894704,0.12296528651023474,True,True,36,RANDOM_ONE_TO_ONE_MATCHING
RANDOM_ONE_TO_ONE_MATCHING,901,tool_name_distance,0.09019613032750579,0.04825173046930509,0.13343640469447954,0.0008326394671107411,0.08099355017153637,0.09780933660524997,True,True,36,RANDOM_ONE_TO_ONE_MATCHING
RANDOM_ONE_TO_ONE_MATCHING,901,stage_distance,0.09752130596779965,0.05407576159407121,0.14051266209694604,0.0016652789342214821,0.08771964713604063,0.10496262789218665,True,True,36,RANDOM_ONE_TO_ONE_MATCHING
RANDOM_ONE_TO_ONE_MATCHING,902,tool_argument_distance,0.10819784372326323,0.0703639149452453,0.14930273607294423,0.0008326394671107411,0.10195587735345171,0.1152911547744434,True,True,36,RANDOM_ONE_TO_ONE_MATCHING
RANDOM_ONE_TO_ONE_MATCHING,902,tool_name_distance,0.08238294898393118,0.046107702610997774,0.12016334874912737,0.0008326394671107411,0.0729571350752882,0.0885508794261754,True,True,36,RANDOM_ONE_TO_ONE_MATCHING
RANDOM_ONE_TO_ONE_MATCHING,902,stage_distance,0.09351894857393786,0.057262330691760954,0.13553239736994133,0.0008326394671107411,0.0836029366737828,0.09928221771020669,True,True,36,RANDOM_ONE_TO_ONE_MATCHING
RANDOM_ONE_TO_ONE_MATCHING,903,tool_argument_distance,0.11078399916211869,0.06919104050409924,0.149330570238697,0.0008326394671107411,0.10080639913817924,0.11716957458706896,True,True,36,RANDOM_ONE_TO_ONE_MATCHING
RANDOM_ONE_TO_ONE_MATCHING,903,tool_name_distance,0.08560294031164317,0.04856461836389209,0.12549650462387488,0.0008326394671107411,0.07765801504410942,0.09187489551813274,True,True,36,RANDOM_ONE_TO_ONE_MATCHING
RANDOM_ONE_TO_ONE_MATCHING,903,stage_distance,0.09476917348131156,0.05751471502700865,0.13409691381264302,0.0008326394671107411,0.08546597979846465,0.10058018834124464,True,True,36,RANDOM_ONE_TO_ONE_MATCHING
RANDOM_ONE_TO_ONE_MATCHING,904,tool_argument_distance,0.11794689247942657,0.07765910637854907,0.16046758182508541,0.0008326394671107411,0.10912632750264827,0.12374401457747819,True,True,36,RANDOM_ONE_TO_ONE_MATCHING
RANDOM_ONE_TO_ONE_MATCHING,904,tool_name_distance,0.09484784170920084,0.06031348178376183,0.13316764891600946,0.0008326394671107411,0.08727528158982241,0.09984161649467273,True,True,36,RANDOM_ONE_TO_ONE_MATCHING
RANDOM_ONE_TO_ONE_MATCHING,904,stage_distance,0.09949036692378871,0.06216786570602182,0.14194822939348203,0.0008326394671107411,0.09032206448215546,0.10460191056718361,True,True,36,RANDOM_ONE_TO_ONE_MATCHING
RANDOM_ONE_TO_ONE_MATCHING,905,tool_argument_distance,0.11515495424794303,0.08217361307612175,0.15017307883232334,0.0008326394671107411,0.10911176246455094,0.12087230668223801,True,True,36,RANDOM_ONE_TO_ONE_MATCHING
RANDOM_ONE_TO_ONE_MATCHING,905,tool_name_distance,0.08712777709774028,0.05323454933424759,0.12053963673742095,0.0008326394671107411,0.07967374904285401,0.0917003214226477,True,True,36,RANDOM_ONE_TO_ONE_MATCHING
RANDOM_ONE_TO_ONE_MATCHING,905,stage_distance,0.09121154359606728,0.05515892823851593,0.13257422241260997,0.0008326394671107411,0.084097571207367,0.09632315435437874,True,True,36,RANDOM_ONE_TO_ONE_MATCHING
RANDOM_ONE_TO_ONE_MATCHING,906,tool_argument_distance,0.13281432276760852,0.08647306751928292,0.18368290299586362,0.0008326394671107411,0.12378419807900626,0.13998860954056055,True,True,36,RANDOM_ONE_TO_ONE_MATCHING
RANDOM_ONE_TO_ONE_MATCHING,906,tool_name_distance,0.1099348637406673,0.06398266969138354,0.1603856062710711,0.0008326394671107411,0.10109783469808979,0.11703678963008457,True,True,36,RANDOM_ONE_TO_ONE_MATCHING
RANDOM_ONE_TO_ONE_MATCHING,906,stage_distance,0.11194903925786955,0.06546066035471827,0.15365176814209938,0.0008326394671107411,0.10434531566296967,0.11799535345586461,True,True,36,RANDOM_ONE_TO_ONE_MATCHING
RANDOM_ONE_TO_ONE_MATCHING,907,tool_argument_distance,0.10571357665606013,0.06642331367625004,0.14954137385172095,0.0008326394671107411,0.09559110741766186,0.11228527921743588,True,True,36,RANDOM_ONE_TO_ONE_MATCHING
RANDOM_ONE_TO_ONE_MATCHING,907,tool_name_distance,0.08425183080132558,0.04684620961543312,0.11951166774276183,0.0008326394671107411,0.07578128941791262,0.08958064783519822,True,True,36,RANDOM_ONE_TO_ONE_MATCHING
RANDOM_ONE_TO_ONE_MATCHING,907,stage_distance,0.09050369940157262,0.05488394201922493,0.13132332521270543,0.0008326394671107411,0.08107863503073319,0.0960628665995586,True,True,36,RANDOM_ONE_TO_ONE_MATCHING
RANDOM_ONE_TO_ONE_MATCHING,908,tool_argument_distance,0.10778589195572395,0.057731434328016126,0.15588723926501266,0.0008326394671107411,0.09865586885912464,0.11492962403848206,True,True,36,RANDOM_ONE_TO_ONE_MATCHING
RANDOM_ONE_TO_ONE_MATCHING,908,tool_name_distance,0.09009081816079012,0.04737194455418282,0.13422461829367913,0.0016652789342214821,0.08242622301247989,0.09668758450605426,True,True,36,RANDOM_ONE_TO_ONE_MATCHING
RANDOM_ONE_TO_ONE_MATCHING,908,stage_distance,0.09139762302576876,0.042704250220724195,0.13758238655986713,0.0016652789342214821,0.08199809932990636,0.09873835265475353,True,True,36,RANDOM_ONE_TO_ONE_MATCHING
RANDOM_ONE_TO_ONE_MATCHING,909,tool_argument_distance,0.1168871637174031,0.08231399884404404,0.1546256223121806,0.0008326394671107411,0.11089346363313844,0.12151230035197515,True,True,36,RANDOM_ONE_TO_ONE_MATCHING
RANDOM_ONE_TO_ONE_MATCHING,909,tool_name_distance,0.09322456907942778,0.056241301508129705,0.13009588377810563,0.0008326394671107411,0.08510057923700533,0.09850162770206548,True,True,36,RANDOM_ONE_TO_ONE_MATCHING
RANDOM_ONE_TO_ONE_MATCHING,909,stage_distance,0.09937996089062408,0.06612010937019028,0.13712341470081385,0.0008326394671107411,0.0920840665236058,0.10488729266254623,True,True,36,RANDOM_ONE_TO_ONE_MATCHING
RANDOM_ONE_TO_ONE_MATCHING,910,tool_argument_distance,0.12729776903556386,0.08584148815237562,0.17134649403085325,0.0008326394671107411,0.11779199100800855,0.13338247574500023,True,True,36,RANDOM_ONE_TO_ONE_MATCHING
RANDOM_ONE_TO_ONE_MATCHING,910,tool_name_distance,0.09696305915281411,0.061174999130955574,0.13908252418363887,0.0008326394671107411,0.08895882909686278,0.10331910325483515,True,True,36,RANDOM_ONE_TO_ONE_MATCHING
RANDOM_ONE_TO_ONE_MATCHING,910,stage_distance,0.10456289583165793,0.06224179462506257,0.1482106585756374,0.0008326394671107411,0.09553952278739235,0.11044821410526198,True,True,36,RANDOM_ONE_TO_ONE_MATCHING
RANDOM_ONE_TO_ONE_MATCHING,911,tool_argument_distance,0.11302157345636653,0.0712822855521479,0.15820406644694845,0.0008326394671107411,0.1059402342303071,0.12025270535706394,True,True,36,RANDOM_ONE_TO_ONE_MATCHING
RANDOM_ONE_TO_ONE_MATCHING,911,tool_name_distance,0.0815195404007523,0.04410207185468993,0.12023692616789207,0.0016652789342214821,0.07147381958020894,0.08766280202633425,True,True,36,RANDOM_ONE_TO_ONE_MATCHING
RANDOM_ONE_TO_ONE_MATCHING,911,stage_distance,0.09452407599894197,0.055562838108308595,0.13808540549275727,0.0008326394671107411,0.0840415439299775,0.1003160630616395,True,True,36,RANDOM_ONE_TO_ONE_MATCHING
RANDOM_ONE_TO_ONE_MATCHING,912,tool_argument_distance,0.12385236006684908,0.08259338183972975,0.1691029277655999,0.0008326394671107411,0.11424814178304477,0.12983862652003644,True,True,36,RANDOM_ONE_TO_ONE_MATCHING
RANDOM_ONE_TO_ONE_MATCHING,912,tool_name_distance,0.08898207969673146,0.05109276080813131,0.12521863550671028,0.0008326394671107411,0.07974481237988276,0.0954275561317533,True,True,36,RANDOM_ONE_TO_ONE_MATCHING
RANDOM_ONE_TO_ONE_MATCHING,912,stage_distance,0.09219928551966866,0.05039546737112574,0.13928404175064737,0.0008326394671107411,0.0822455689608202,0.097609975898271,True,True,36,RANDOM_ONE_TO_ONE_MATCHING
RANDOM_ONE_TO_ONE_MATCHING,913,tool_argument_distance,0.11218075091165455,0.07322299982255345,0.150195310045153,0.0008326394671107411,0.10562747366497456,0.1177450988968855,True,True,36,RANDOM_ONE_TO_ONE_MATCHING
RANDOM_ONE_TO_ONE_MATCHING,913,tool_name_distance,0.08164485971847729,0.04736097979527997,0.1163258068840675,0.0008326394671107411,0.07466909751624702,0.08626140644707135,True,True,36,RANDOM_ONE_TO_ONE_MATCHING
RANDOM_ONE_TO_ONE_MATCHING,913,stage_distance,0.09035049003783693,0.05644537251320588,0.1292544672331404,0.0008326394671107411,0.08377819111374792,0.09520089434163323,True,True,36,RANDOM_ONE_TO_ONE_MATCHING
RANDOM_ONE_TO_ONE_MATCHING,914,tool_argument_distance,0.11071471145791957,0.0701512270927712,0.15193609695675372,0.0008326394671107411,0.10168751273766966,0.1172575807648805,True,True,36,RANDOM_ONE_TO_ONE_MATCHING
RANDOM_ONE_TO_ONE_MATCHING,914,tool_name_distance,0.08061896244747824,0.044631452150011526,0.11970710250428063,0.0008326394671107411,0.0732170634978226,0.08603007166405206,True,True,36,RANDOM_ONE_TO_ONE_MATCHING
RANDOM_ONE_TO_ONE_MATCHING,914,stage_distance,0.09322057021218455,0.057444194563215846,0.13277822682601884,0.0008326394671107411,0.08387313072164833,0.09897685064525621,True,True,36,RANDOM_ONE_TO_ONE_MATCHING
RANDOM_ONE_TO_ONE_MATCHING,915,tool_argument_distance,0.11525615245640856,0.08140614102164538,0.15166699572159928,0.0008326394671107411,0.1092158520504012,0.12030015169618544,True,True,36,RANDOM_ONE_TO_ONE_MATCHING
RANDOM_ONE_TO_ONE_MATCHING,915,tool_name_distance,0.0927412869362234,0.05826761285914119,0.12682876957779035,0.0008326394671107411,0.08539051470530647,0.09701592466118776,True,True,36,RANDOM_ONE_TO_ONE_MATCHING
RANDOM_ONE_TO_ONE_MATCHING,915,stage_distance,0.09745509692389341,0.06268497859612274,0.13147056933162268,0.0008326394671107411,0.09010420644353999,0.10230053231531917,True,True,36,RANDOM_ONE_TO_ONE_MATCHING
RANDOM_ONE_TO_ONE_MATCHING,916,tool_argument_distance,0.1147533074553462,0.0738786914751689,0.1567508229453994,0.0008326394671107411,0.1058414971921656,0.1207537254452902,True,True,36,RANDOM_ONE_TO_ONE_MATCHING
RANDOM_ONE_TO_ONE_MATCHING,916,tool_name_distance,0.08679032107159333,0.04716652497540017,0.12661403998892096,0.0016652789342214821,0.0774904320797407,0.09267190511443503,True,True,36,RANDOM_ONE_TO_ONE_MATCHING
RANDOM_ONE_TO_ONE_MATCHING,916,stage_distance,0.09547613689745425,0.04975306723401458,0.1433377350173007,0.0016652789342214821,0.08524076121697337,0.10182776092913894,True,True,36,RANDOM_ONE_TO_ONE_MATCHING
RANDOM_ONE_TO_ONE_MATCHING,917,tool_argument_distance,0.10559635526326329,0.07247866477510488,0.1421015096792252,0.0008326394671107411,0.09865245122412804,0.1108460273233064,True,True,36,RANDOM_ONE_TO_ONE_MATCHING
RANDOM_ONE_TO_ONE_MATCHING,917,tool_name_distance,0.085791305336058,0.056215507043004834,0.11734723949413584,0.0008326394671107411,0.07853718761179035,0.08969002588255579,True,True,36,RANDOM_ONE_TO_ONE_MATCHING
RANDOM_ONE_TO_ONE_MATCHING,917,stage_distance,0.09025751103953102,0.05670844698305585,0.1248831560886315,0.0008326394671107411,0.08271945518096144,0.09380188148481634,True,True,36,RANDOM_ONE_TO_ONE_MATCHING
RANDOM_ONE_TO_ONE_MATCHING,918,tool_argument_distance,0.0916873487214065,0.05494601165157497,0.12723605394131093,0.0008326394671107411,0.08497365392297049,0.09822460227952108,True,True,36,RANDOM_ONE_TO_ONE_MATCHING
RANDOM_ONE_TO_ONE_MATCHING,918,tool_name_distance,0.06818356706904152,0.03218224357206625,0.10477435128258267,0.0008326394671107411,0.05984917053137283,0.07335854115867063,True,True,36,RANDOM_ONE_TO_ONE_MATCHING
RANDOM_ONE_TO_ONE_MATCHING,918,stage_distance,0.07340346602008035,0.03792763171171757,0.10797440931886719,0.0016652789342214821,0.06599714163137353,0.07914560579300295,True,True,36,RANDOM_ONE_TO_ONE_MATCHING
RANDOM_ONE_TO_ONE_MATCHING,919,tool_argument_distance,0.10741896171520336,0.06658464573385793,0.14931838365339314,0.0008326394671107411,0.09839750251649393,0.11408894784883561,True,True,36,RANDOM_ONE_TO_ONE_MATCHING
RANDOM_ONE_TO_ONE_MATCHING,919,tool_name_distance,0.07924036056313966,0.044294441699635284,0.11557136245115236,0.0008326394671107411,0.0717990729882172,0.08433125087361636,True,True,36,RANDOM_ONE_TO_ONE_MATCHING
RANDOM_ONE_TO_ONE_MATCHING,919,stage_distance,0.08366639485184976,0.04624804966364609,0.12180964126105899,0.0008326394671107411,0.07594002138791786,0.0892240689204248,True,True,36,RANDOM_ONE_TO_ONE_MATCHING
RANDOM_ONE_TO_ONE_MATCHING,920,tool_argument_distance,0.10195844525680042,0.05956768413173161,0.14353686162981133,0.0008326394671107411,0.09268106750223282,0.1084724166344783,True,True,36,RANDOM_ONE_TO_ONE_MATCHING
RANDOM_ONE_TO_ONE_MATCHING,920,tool_name_distance,0.07805711457313039,0.04150306400647175,0.11431778781839244,0.0008326394671107411,0.06919313108103305,0.08299010422435735,True,True,36,RANDOM_ONE_TO_ONE_MATCHING
RANDOM_ONE_TO_ONE_MATCHING,920,stage_distance,0.0901284545996441,0.049825393400548874,0.13662074278349548,0.0008326394671107411,0.07974028799636862,0.0955336369148834,True,True,36,RANDOM_ONE_TO_ONE_MATCHING
RANDOM_ONE_TO_ONE_MATCHING,921,tool_argument_distance,0.11094755551846681,0.06764178718807574,0.1534303254918685,0.0008326394671107411,0.10097462853328017,0.11733780398216988,True,True,36,RANDOM_ONE_TO_ONE_MATCHING
RANDOM_ONE_TO_ONE_MATCHING,921,tool_name_distance,0.08372157042318581,0.04522206065082783,0.127678108299537,0.0008326394671107411,0.07342601717625016,0.08920717147169016,True,True,36,RANDOM_ONE_TO_ONE_MATCHING
RANDOM_ONE_TO_ONE_MATCHING,921,stage_distance,0.08612681360818,0.04732638133364402,0.13194016648227486,0.0008326394671107411,0.07576518306030278,0.09169090390030933,True,True,36,RANDOM_ONE_TO_ONE_MATCHING
RANDOM_ONE_TO_ONE_MATCHING,922,tool_argument_distance,0.10255820929426077,0.06272422059182231,0.1483367728881308,0.0008326394671107411,0.09234558670266821,0.10939418783698364,True,True,36,RANDOM_ONE_TO_ONE_MATCHING
RANDOM_ONE_TO_ONE_MATCHING,922,tool_name_distance,0.07766434423943315,0.04352539315042331,0.11386604236201268,0.0008326394671107411,0.06810371305237593,0.08360125730706304,True,True,36,RANDOM_ONE_TO_ONE_MATCHING
RANDOM_ONE_TO_ONE_MATCHING,922,stage_distance,0.08587062180249558,0.04657139918977821,0.12733835798858717,0.0008326394671107411,0.0757360862802993,0.0913191672205231,True,True,36,RANDOM_ONE_TO_ONE_MATCHING
RANDOM_ONE_TO_ONE_MATCHING,923,tool_argument_distance,0.09701005931283689,0.055112276510230415,0.14196105220839775,0.0008326394671107411,0.08759129910272748,0.10351624013327075,True,True,36,RANDOM_ONE_TO_ONE_MATCHING
RANDOM_ONE_TO_ONE_MATCHING,923,tool_name_distance,0.07174264124965236,0.03737472142388788,0.11000304663997221,0.0008326394671107411,0.06408713312291599,0.07683615298986302,True,True,36,RANDOM_ONE_TO_ONE_MATCHING
RANDOM_ONE_TO_ONE_MATCHING,923,stage_distance,0.08037638080815926,0.037248336147194666,0.1221105444447531,0.0008326394671107411,0.06970958352512707,0.08629658323729265,True,True,36,RANDOM_ONE_TO_ONE_MATCHING
RANDOM_ONE_TO_ONE_MATCHING,924,tool_argument_distance,0.11408976821167428,0.07305023719520042,0.15550602516325002,0.0008326394671107411,0.10472306894845804,0.12125521986632326,True,True,36,RANDOM_ONE_TO_ONE_MATCHING
RANDOM_ONE_TO_ONE_MATCHING,924,tool_name_distance,0.08814155784632065,0.048319534204302524,0.1296379906569403,0.0016652789342214821,0.0788802756194602,0.09437781987414733,True,True,36,RANDOM_ONE_TO_ONE_MATCHING
RANDOM_ONE_TO_ONE_MATCHING,924,stage_distance,0.09386897843928216,0.05688109697059076,0.13487442194319657,0.0008326394671107411,0.08396296739242265,0.09954604833264645,True,True,36,RANDOM_ONE_TO_ONE_MATCHING
RANDOM_ONE_TO_ONE_MATCHING,925,tool_argument_distance,0.1022585057166046,0.06060307071482927,0.14378753341267236,0.0008326394671107411,0.0929897011180314,0.10708473217393202,True,True,36,RANDOM_ONE_TO_ONE_MATCHING
RANDOM_ONE_TO_ONE_MATCHING,925,tool_name_distance,0.07810724492189332,0.044209511941507726,0.11583400819709047,0.0008326394671107411,0.07045320743398865,0.08341385444202332,True,True,36,RANDOM_ONE_TO_ONE_MATCHING
RANDOM_ONE_TO_ONE_MATCHING,925,stage_distance,0.08718959437019219,0.04784462522465663,0.12867142179683208,0.0008326394671107411,0.07671746033178953,0.09196263762976187,True,True,36,RANDOM_ONE_TO_ONE_MATCHING
RANDOM_ONE_TO_ONE_MATCHING,926,tool_argument_distance,0.10458725735002376,0.06181739547876026,0.1460117022531657,0.0008326394671107411,0.09814362247103935,0.11154263801095125,True,True,36,RANDOM_ONE_TO_ONE_MATCHING
RANDOM_ONE_TO_ONE_MATCHING,926,tool_name_distance,0.08391647117105279,0.04489937292025168,0.12530128353548825,0.0008326394671107411,0.07624553413596095,0.09081849267649349,True,True,36,RANDOM_ONE_TO_ONE_MATCHING
RANDOM_ONE_TO_ONE_MATCHING,926,stage_distance,0.08737687278725892,0.04885814480205761,0.12896264241946764,0.0008326394671107411,0.08062238678735538,0.09371211118268202,True,True,36,RANDOM_ONE_TO_ONE_MATCHING
RANDOM_ONE_TO_ONE_MATCHING,927,tool_argument_distance,0.12189642758866241,0.0800057434662009,0.16586039639721134,0.0008326394671107411,0.11223632551976705,0.12773836633609356,True,True,36,RANDOM_ONE_TO_ONE_MATCHING
RANDOM_ONE_TO_ONE_MATCHING,927,tool_name_distance,0.08180847164529945,0.04932531027345281,0.11768026733081961,0.0008326394671107411,0.07426018349234924,0.08661864620403326,True,True,36,RANDOM_ONE_TO_ONE_MATCHING
RANDOM_ONE_TO_ONE_MATCHING,927,stage_distance,0.09030835132729943,0.05229958569336781,0.13338711284526578,0.0008326394671107411,0.08087770558290934,0.09534650487159659,True,True,36,RANDOM_ONE_TO_ONE_MATCHING
RANDOM_ONE_TO_ONE_MATCHING,928,tool_argument_distance,0.12315506371520546,0.08473414394676174,0.16599290987736864,0.0008326394671107411,0.11353092267849704,0.12827173421287433,True,True,36,RANDOM_ONE_TO_ONE_MATCHING
RANDOM_ONE_TO_ONE_MATCHING,928,tool_name_distance,0.09769715547460826,0.061742524506445885,0.13373879389329546,0.0008326394671107411,0.09020600431995576,0.104137198967336,True,True,36,RANDOM_ONE_TO_ONE_MATCHING
RANDOM_ONE_TO_ONE_MATCHING,928,stage_distance,0.10837202661124794,0.06734775486457362,0.14949007233928605,0.0008326394671107411,0.09945748587497066,0.11434023725057918,True,True,36,RANDOM_ONE_TO_ONE_MATCHING
RANDOM_ONE_TO_ONE_MATCHING,929,tool_argument_distance,0.09926899090842403,0.053291210800754406,0.14321568757110853,0.0008326394671107411,0.08896239064866471,0.10730969308168144,True,True,36,RANDOM_ONE_TO_ONE_MATCHING
RANDOM_ONE_TO_ONE_MATCHING,929,tool_name_distance,0.07238321763433314,0.02978477889457732,0.11648354685599485,0.0033305578684429643,0.06355553549954002,0.07946794266909003,True,True,36,RANDOM_ONE_TO_ONE_MATCHING
RANDOM_ONE_TO_ONE_MATCHING,929,stage_distance,0.08215334604637713,0.040275577083882935,0.12550769455275462,0.0008326394671107411,0.07248970015110355,0.08879438488435971,True,True,36,RANDOM_ONE_TO_ONE_MATCHING
RANDOM_ONE_TO_ONE_MATCHING,930,tool_argument_distance,0.108282973515757,0.06477004289264497,0.15277986131060342,0.0008326394671107411,0.09918629656858816,0.11407609248695551,True,True,36,RANDOM_ONE_TO_ONE_MATCHING
RANDOM_ONE_TO_ONE_MATCHING,930,tool_name_distance,0.07642115999992538,0.040920450964687535,0.11198343042694933,0.0008326394671107411,0.06985170478986347,0.08102896308504894,True,True,36,RANDOM_ONE_TO_ONE_MATCHING
RANDOM_ONE_TO_ONE_MATCHING,930,stage_distance,0.08494044948751936,0.04317354499563786,0.12972860735110778,0.0008326394671107411,0.07440405416675462,0.08964819626803958,True,True,36,RANDOM_ONE_TO_ONE_MATCHING
RANDOM_ONE_TO_ONE_MATCHING,931,tool_argument_distance,0.1057208812292037,0.05751907998087206,0.15424155417639598,0.0008326394671107411,0.09655100164527619,0.11311759677335591,True,True,36,RANDOM_ONE_TO_ONE_MATCHING
RANDOM_ONE_TO_ONE_MATCHING,931,tool_name_distance,0.0895557421256795,0.0489286610566681,0.12908510845515142,0.0008326394671107411,0.08203039185947031,0.09672931639691024,True,True,36,RANDOM_ONE_TO_ONE_MATCHING
RANDOM_ONE_TO_ONE_MATCHING,931,stage_distance,0.08532717457369086,0.04527430938774927,0.13382613898514759,0.0016652789342214821,0.07480182854110247,0.09272025826471426,True,True,36,RANDOM_ONE_TO_ONE_MATCHING
RANDOM_ONE_TO_ONE_MATCHING,932,tool_argument_distance,0.11132084898033673,0.06522708890216761,0.15730699739651144,0.0008326394671107411,0.10231096847501303,0.11772176297152183,True,True,36,RANDOM_ONE_TO_ONE_MATCHING
RANDOM_ONE_TO_ONE_MATCHING,932,tool_name_distance,0.08447254243302418,0.048343661835225184,0.12282748066806787,0.0008326394671107411,0.07590008198800607,0.0907122005572675,True,True,36,RANDOM_ONE_TO_ONE_MATCHING
RANDOM_ONE_TO_ONE_MATCHING,932,stage_distance,0.09019891144200926,0.0528324562773492,0.13043045892342747,0.0008326394671107411,0.08076513884375375,0.09587934738653373,True,True,36,RANDOM_ONE_TO_ONE_MATCHING
RANDOM_ONE_TO_ONE_MATCHING,933,tool_argument_distance,0.11619634734407473,0.07158446760708911,0.1631429690865984,0.0008326394671107411,0.10637338583961971,0.12153406008600824,True,True,36,RANDOM_ONE_TO_ONE_MATCHING
RANDOM_ONE_TO_ONE_MATCHING,933,tool_name_distance,0.08625091287324532,0.04815256705093823,0.12800293544342498,0.0008326394671107411,0.07877183155480208,0.09094052541794241,True,True,36,RANDOM_ONE_TO_ONE_MATCHING
RANDOM_ONE_TO_ONE_MATCHING,933,stage_distance,0.09310241703514334,0.05307686897248455,0.13896302667524943,0.0008326394671107411,0.0837516017395488,0.09766330907982756,True,True,36,RANDOM_ONE_TO_ONE_MATCHING
RANDOM_ONE_TO_ONE_MATCHING,934,tool_argument_distance,0.10981030115142415,0.06248868325922813,0.15780107725612158,0.0008326394671107411,0.10075726213670294,0.11815218361733869,True,True,36,RANDOM_ONE_TO_ONE_MATCHING
RANDOM_ONE_TO_ONE_MATCHING,934,tool_name_distance,0.08110071511602047,0.03895022293321075,0.12645805125025342,0.0008326394671107411,0.07413164083309778,0.08843451150739702,True,True,36,RANDOM_ONE_TO_ONE_MATCHING
RANDOM_ONE_TO_ONE_MATCHING,934,stage_distance,0.08668050177376077,0.045214383596151965,0.13176938357986043,0.0008326394671107411,0.07714620318498384,0.09345088791824002,True,True,36,RANDOM_ONE_TO_ONE_MATCHING
RANDOM_ONE_TO_ONE_MATCHING,935,tool_argument_distance,0.10010436271577967,0.06321589150418881,0.13854674217702484,0.0008326394671107411,0.09077401117432576,0.10618480567083455,True,True,36,RANDOM_ONE_TO_ONE_MATCHING
RANDOM_ONE_TO_ONE_MATCHING,935,tool_name_distance,0.07809053706328678,0.04485694503018456,0.11125361405116002,0.0008326394671107411,0.07097354024551139,0.08341525144436544,True,True,36,RANDOM_ONE_TO_ONE_MATCHING
RANDOM_ONE_TO_ONE_MATCHING,935,stage_distance,0.08183452665711682,0.04547767217703256,0.12127502016315499,0.0008326394671107411,0.07120939068405485,0.08727598017921578,True,True,36,RANDOM_ONE_TO_ONE_MATCHING
RANDOM_ONE_TO_ONE_MATCHING,936,tool_argument_distance,0.10988560122155959,0.0700742674892001,0.15240060402563266,0.0008326394671107411,0.10329457758299189,0.11707600498430724,True,True,36,RANDOM_ONE_TO_ONE_MATCHING
RANDOM_ONE_TO_ONE_MATCHING,936,tool_name_distance,0.08478251866433816,0.04565820515067461,0.12827788892539027,0.0016652789342214821,0.07720435305422453,0.09193580001788437,True,True,36,RANDOM_ONE_TO_ONE_MATCHING
RANDOM_ONE_TO_ONE_MATCHING,936,stage_distance,0.08851105681297818,0.04661757955399153,0.13148538599874693,0.0008326394671107411,0.08185700328183668,0.0957559931082775,True,True,36,RANDOM_ONE_TO_ONE_MATCHING
RANDOM_ONE_TO_ONE_MATCHING,937,tool_argument_distance,0.1094931683858863,0.0717566088969942,0.1525176743005814,0.0008326394671107411,0.09981668652062495,0.11490533808070508,True,True,36,RANDOM_ONE_TO_ONE_MATCHING
RANDOM_ONE_TO_ONE_MATCHING,937,tool_name_distance,0.07798061309974769,0.04379316265497787,0.11497673533412502,0.0008326394671107411,0.0705213702581944,0.08335434300812003,True,True,36,RANDOM_ONE_TO_ONE_MATCHING
RANDOM_ONE_TO_ONE_MATCHING,937,stage_distance,0.08537811650576027,0.047923532902899676,0.12683306407115988,0.0008326394671107411,0.0758066069093262,0.0899952275902454,True,True,36,RANDOM_ONE_TO_ONE_MATCHING
RANDOM_ONE_TO_ONE_MATCHING,938,tool_argument_distance,0.11781358231291786,0.07744185459028248,0.15867503752904605,0.0008326394671107411,0.11098003510792309,0.12362022719097233,True,True,36,RANDOM_ONE_TO_ONE_MATCHING
RANDOM_ONE_TO_ONE_MATCHING,938,tool_name_distance,0.08683067318551038,0.05141969971680886,0.12813841784701385,0.0008326394671107411,0.07843381301307413,0.09156427990068387,True,True,36,RANDOM_ONE_TO_ONE_MATCHING
RANDOM_ONE_TO_ONE_MATCHING,938,stage_distance,0.09349238143170818,0.05261750335877613,0.13458380824711397,0.0008326394671107411,0.0858271050075554,0.0976934899453689,True,True,36,RANDOM_ONE_TO_ONE_MATCHING
RANDOM_ONE_TO_ONE_MATCHING,939,tool_argument_distance,0.11480201748684703,0.0814446678670565,0.1497788361592836,0.0008326394671107411,0.10788242557253594,0.12027879666694627,True,True,36,RANDOM_ONE_TO_ONE_MATCHING
RANDOM_ONE_TO_ONE_MATCHING,939,tool_name_distance,0.08999650286759206,0.05388907409689206,0.12921557580086276,0.0008326394671107411,0.08169009497178671,0.09465101078592383,True,True,36,RANDOM_ONE_TO_ONE_MATCHING
RANDOM_ONE_TO_ONE_MATCHING,939,stage_distance,0.09857900528604603,0.061824538068763576,0.13955070978823442,0.0008326394671107411,0.09105906097201717,0.10346385283955413,True,True,36,RANDOM_ONE_TO_ONE_MATCHING
RANDOM_ONE_TO_ONE_MATCHING,940,tool_argument_distance,0.13664455547234386,0.09535875083082994,0.18006708407189492,0.0008326394671107411,0.12794224022225115,0.14392827746543127,True,True,36,RANDOM_ONE_TO_ONE_MATCHING
RANDOM_ONE_TO_ONE_MATCHING,940,tool_name_distance,0.11097594858530074,0.07243651227576102,0.15303978397609888,0.0008326394671107411,0.10337208679884902,0.1167156997996049,True,True,36,RANDOM_ONE_TO_ONE_MATCHING
RANDOM_ONE_TO_ONE_MATCHING,940,stage_distance,0.1204671102457473,0.07797840887590621,0.16227369016670268,0.0008326394671107411,0.11094576237521762,0.12687017658534613,True,True,36,RANDOM_ONE_TO_ONE_MATCHING
RANDOM_ONE_TO_ONE_MATCHING,941,tool_argument_distance,0.10435826531389171,0.07108657702571566,0.14049569515331042,0.0008326394671107411,0.09800659670381243,0.10925503292040431,True,True,36,RANDOM_ONE_TO_ONE_MATCHING
RANDOM_ONE_TO_ONE_MATCHING,941,tool_name_distance,0.0824098515567639,0.04861123376613112,0.11749730442174439,0.0008326394671107411,0.074481920290173,0.08761251208771766,True,True,36,RANDOM_ONE_TO_ONE_MATCHING
RANDOM_ONE_TO_ONE_MATCHING,941,stage_distance,0.08680223251320959,0.05327999503333598,0.12066834043764572,0.0008326394671107411,0.07934582959140601,0.09211237991169363,True,True,36,RANDOM_ONE_TO_ONE_MATCHING
RANDOM_ONE_TO_ONE_MATCHING,942,tool_argument_distance,0.11711886674408377,0.08054013013863484,0.15363147736754357,0.0008326394671107411,0.10827464388915287,0.12219857938927883,True,True,36,RANDOM_ONE_TO_ONE_MATCHING
RANDOM_ONE_TO_ONE_MATCHING,942,tool_name_distance,0.09036093623958964,0.05866814251565602,0.12159258529130018,0.0008326394671107411,0.08195671561761625,0.09450971471800301,True,True,36,RANDOM_ONE_TO_ONE_MATCHING
RANDOM_ONE_TO_ONE_MATCHING,942,stage_distance,0.09886028911837232,0.06546979917718454,0.1336965745534387,0.0008326394671107411,0.08967398445372717,0.10296801317632732,True,True,36,RANDOM_ONE_TO_ONE_MATCHING
RANDOM_ONE_TO_ONE_MATCHING,943,tool_argument_distance,0.09680020410838469,0.05489788657137579,0.14049972562476604,0.0008326394671107411,0.08737544803529092,0.10347166821722538,True,True,36,RANDOM_ONE_TO_ONE_MATCHING
RANDOM_ONE_TO_ONE_MATCHING,943,tool_name_distance,0.07684698255051985,0.038278735873758137,0.11603867376303123,0.0016652789342214821,0.0693373127466654,0.08276054242703794,True,True,36,RANDOM_ONE_TO_ONE_MATCHING
RANDOM_ONE_TO_ONE_MATCHING,943,stage_distance,0.08568760295807006,0.04199480698761122,0.13166487022889814,0.0016652789342214821,0.07517255487932104,0.09113091926625685,True,True,36,RANDOM_ONE_TO_ONE_MATCHING
RANDOM_ONE_TO_ONE_MATCHING,944,tool_argument_distance,0.113909239620198,0.0747992147371062,0.1578883593791652,0.0008326394671107411,0.1045573439171868,0.12171632498177011,True,True,36,RANDOM_ONE_TO_ONE_MATCHING
RANDOM_ONE_TO_ONE_MATCHING,944,tool_name_distance,0.090248207432723,0.0566720656512227,0.12377332387951161,0.0008326394671107411,0.08373470538163567,0.09700598077083823,True,True,36,RANDOM_ONE_TO_ONE_MATCHING
RANDOM_ONE_TO_ONE_MATCHING,944,stage_distance,0.09514871797474064,0.05933467912686566,0.1320161772116839,0.0008326394671107411,0.0849039874678965,0.10246453161303447,True,True,36,RANDOM_ONE_TO_ONE_MATCHING
RANDOM_ONE_TO_ONE_MATCHING,945,tool_argument_distance,0.11529855775788216,0.07410141553474602,0.15918018543701046,0.0008326394671107411,0.10640232607477401,0.12236952060345314,True,True,36,RANDOM_ONE_TO_ONE_MATCHING
RANDOM_ONE_TO_ONE_MATCHING,945,tool_name_distance,0.08759203251347619,0.04910870684559758,0.12413290166635048,0.0008326394671107411,0.08009413872762365,0.09435541044169647,True,True,36,RANDOM_ONE_TO_ONE_MATCHING
RANDOM_ONE_TO_ONE_MATCHING,945,stage_distance,0.09545333800975282,0.05281710608211775,0.13661239224281185,0.0008326394671107411,0.08521731093248046,0.10242644994680154,True,True,36,RANDOM_ONE_TO_ONE_MATCHING
RANDOM_ONE_TO_ONE_MATCHING,946,tool_argument_distance,0.1181000870071911,0.08302880976211567,0.15257068805976273,0.0008326394671107411,0.11169226842528976,0.12480590964453324,True,True,36,RANDOM_ONE_TO_ONE_MATCHING
RANDOM_ONE_TO_ONE_MATCHING,946,tool_name_distance,0.08390395015009171,0.04360912333938979,0.1257312674062476,0.0008326394671107411,0.07601870741473873,0.0903128488268073,True,True,36,RANDOM_ONE_TO_ONE_MATCHING
RANDOM_ONE_TO_ONE_MATCHING,946,stage_distance,0.09290320185924145,0.05349710794109664,0.13299945961673876,0.0008326394671107411,0.0856211123473245,0.09918804692742436,True,True,36,RANDOM_ONE_TO_ONE_MATCHING
RANDOM_ONE_TO_ONE_MATCHING,947,tool_argument_distance,0.11952326270477097,0.07549168812970794,0.16365788184531288,0.0008326394671107411,0.1097953559249073,0.12538584066189898,True,True,36,RANDOM_ONE_TO_ONE_MATCHING
RANDOM_ONE_TO_ONE_MATCHING,947,tool_name_distance,0.09393481607522895,0.05517997933466228,0.13725686512916765,0.0008326394671107411,0.08678821270406596,0.10079957704169992,True,True,36,RANDOM_ONE_TO_ONE_MATCHING
RANDOM_ONE_TO_ONE_MATCHING,947,stage_distance,0.09623411670394516,0.055844842304153944,0.13856958014139742,0.0016652789342214821,0.08697277854174496,0.10219659591003476,True,True,36,RANDOM_ONE_TO_ONE_MATCHING
RANDOM_ONE_TO_ONE_MATCHING,948,tool_argument_distance,0.1058553426585998,0.06935715580708222,0.14317091462080167,0.0008326394671107411,0.09949645799409391,0.11007347304253752,True,True,36,RANDOM_ONE_TO_ONE_MATCHING
RANDOM_ONE_TO_ONE_MATCHING,948,tool_name_distance,0.08487210083051858,0.04858025031260235,0.12362515211138798,0.0016652789342214821,0.07699648202514028,0.08989677379686063,True,True,36,RANDOM_ONE_TO_ONE_MATCHING
RANDOM_ONE_TO_ONE_MATCHING,948,stage_distance,0.09359683512072071,0.05555388808918625,0.13365711206273106,0.0008326394671107411,0.08555895042637561,0.09876764730225514,True,True,36,RANDOM_ONE_TO_ONE_MATCHING
RANDOM_ONE_TO_ONE_MATCHING,949,tool_argument_distance,0.11920785685474852,0.07582635364992271,0.1615770308200778,0.0008326394671107411,0.10996910697733842,0.1248142491367663,True,True,36,RANDOM_ONE_TO_ONE_MATCHING
RANDOM_ONE_TO_ONE_MATCHING,949,tool_name_distance,0.09419497954855574,0.05456790722299479,0.13375648411795896,0.0008326394671107411,0.08638731600813723,0.09884096553321531,True,True,36,RANDOM_ONE_TO_ONE_MATCHING
RANDOM_ONE_TO_ONE_MATCHING,949,stage_distance,0.10361123323720746,0.0641528944410397,0.1410696692631264,0.0008326394671107411,0.09724836309222229,0.10947394623923402,True,True,36,RANDOM_ONE_TO_ONE_MATCHING
RANDOM_ONE_TO_ONE_MATCHING,950,tool_argument_distance,0.10615475844452864,0.06431322354622548,0.15185630651513984,0.0008326394671107411,0.09744109449628668,0.11267801613881057,True,True,36,RANDOM_ONE_TO_ONE_MATCHING
RANDOM_ONE_TO_ONE_MATCHING,950,tool_name_distance,0.07565111371193889,0.03587374238371525,0.11598563393586055,0.0008326394671107411,0.06693483755454345,0.08172174405188108,True,True,36,RANDOM_ONE_TO_ONE_MATCHING
RANDOM_ONE_TO_ONE_MATCHING,950,stage_distance,0.07885025206647324,0.03850281481499988,0.12105848207344655,0.0016652789342214821,0.07100431204099666,0.08511431466416457,True,True,36,RANDOM_ONE_TO_ONE_MATCHING
RANDOM_ONE_TO_ONE_MATCHING,951,tool_argument_distance,0.1180201918265926,0.07292704550551984,0.16290052905606717,0.0008326394671107411,0.1092017211168762,0.12472373174448911,True,True,36,RANDOM_ONE_TO_ONE_MATCHING
RANDOM_ONE_TO_ONE_MATCHING,951,tool_name_distance,0.09534223453523599,0.05730370952856826,0.13750410160539833,0.0008326394671107411,0.08798221262358556,0.10189245529097109,True,True,36,RANDOM_ONE_TO_ONE_MATCHING
RANDOM_ONE_TO_ONE_MATCHING,951,stage_distance,0.10110295333877767,0.05728904919571423,0.14465557448472155,0.0008326394671107411,0.09102834384233462,0.10709493333749552,True,True,36,RANDOM_ONE_TO_ONE_MATCHING
RANDOM_ONE_TO_ONE_MATCHING,952,tool_argument_distance,0.10371567451422598,0.060012135261821684,0.151343115519621,0.0008326394671107411,0.0924720049933722,0.1119274858544553,True,True,36,RANDOM_ONE_TO_ONE_MATCHING
RANDOM_ONE_TO_ONE_MATCHING,952,tool_name_distance,0.07746110740425188,0.03541480652723812,0.1211703771808726,0.0016652789342214821,0.06849227131950562,0.08440520557893849,True,True,36,RANDOM_ONE_TO_ONE_MATCHING
RANDOM_ONE_TO_ONE_MATCHING,952,stage_distance,0.08154659124276244,0.04037176879758703,0.12292497006572226,0.002497918401332223,0.07364609461929927,0.08931404352898487,True,True,36,RANDOM_ONE_TO_ONE_MATCHING
RANDOM_ONE_TO_ONE_MATCHING,953,tool_argument_distance,0.10883134905392011,0.0697173303520097,0.1462382277921385,0.0008326394671107411,0.10059098451991474,0.11495560852543514,True,True,36,RANDOM_ONE_TO_ONE_MATCHING
RANDOM_ONE_TO_ONE_MATCHING,953,tool_name_distance,0.08974225664414295,0.054148473460135224,0.12624189958795368,0.0008326394671107411,0.08240261054455075,0.09596963185461188,True,True,36,RANDOM_ONE_TO_ONE_MATCHING
RANDOM_ONE_TO_ONE_MATCHING,953,stage_distance,0.0921229316597891,0.05798882636641093,0.13003948314633945,0.0008326394671107411,0.08560127392489873,0.09715273104474133,True,True,36,RANDOM_ONE_TO_ONE_MATCHING
RANDOM_ONE_TO_ONE_MATCHING,954,tool_argument_distance,0.11150642766877492,0.06898357332670818,0.15107614871457378,0.0008326394671107411,0.10305798216782505,0.11692495894040407,True,True,36,RANDOM_ONE_TO_ONE_MATCHING
RANDOM_ONE_TO_ONE_MATCHING,954,tool_name_distance,0.08494155458726295,0.04424237084081301,0.1268539373279431,0.0008326394671107411,0.0765809071879215,0.0902811980061395,True,True,36,RANDOM_ONE_TO_ONE_MATCHING
RANDOM_ONE_TO_ONE_MATCHING,954,stage_distance,0.08987710331791357,0.05281103099370068,0.13022453472470297,0.0008326394671107411,0.08283322917234828,0.09534288769517207,True,True,36,RANDOM_ONE_TO_ONE_MATCHING
RANDOM_ONE_TO_ONE_MATCHING,955,tool_argument_distance,0.12293258647410465,0.08368654960490694,0.16368672962716616,0.0008326394671107411,0.11474553015966318,0.12864539960238974,True,True,36,RANDOM_ONE_TO_ONE_MATCHING
RANDOM_ONE_TO_ONE_MATCHING,955,tool_name_distance,0.09905420095226869,0.06389098793511518,0.13680656095366722,0.0008326394671107411,0.09164570245514357,0.10450797668884637,True,True,36,RANDOM_ONE_TO_ONE_MATCHING
RANDOM_ONE_TO_ONE_MATCHING,955,stage_distance,0.10487028862736134,0.0713753365514666,0.14117556006244325,0.0008326394671107411,0.09749316552901176,0.10976740557468036,True,True,36,RANDOM_ONE_TO_ONE_MATCHING
RANDOM_ONE_TO_ONE_MATCHING,956,tool_argument_distance,0.10311362010389767,0.06252844622910808,0.14713314168433891,0.0008326394671107411,0.09291686639258048,0.10979896736039572,True,True,36,RANDOM_ONE_TO_ONE_MATCHING
RANDOM_ONE_TO_ONE_MATCHING,956,tool_name_distance,0.07828742785979843,0.04427158336133077,0.11622098219640949,0.0016652789342214821,0.07024171305900852,0.08407564315008147,True,True,36,RANDOM_ONE_TO_ONE_MATCHING
RANDOM_ONE_TO_ONE_MATCHING,956,stage_distance,0.0849250770133097,0.048126187751590166,0.12495704521638908,0.0008326394671107411,0.07534062343137707,0.09018010669943176,True,True,36,RANDOM_ONE_TO_ONE_MATCHING
RANDOM_ONE_TO_ONE_MATCHING,957,tool_argument_distance,0.1064217205738339,0.06870840405060548,0.14729272461758597,0.0016652789342214821,0.09727186497118155,0.1113774440449163,True,True,36,RANDOM_ONE_TO_ONE_MATCHING
RANDOM_ONE_TO_ONE_MATCHING,957,tool_name_distance,0.08127854365240257,0.04536749494452531,0.11649438440311034,0.0008326394671107411,0.0738954898800305,0.08630357413446592,True,True,36,RANDOM_ONE_TO_ONE_MATCHING
RANDOM_ONE_TO_ONE_MATCHING,957,stage_distance,0.087969541360257,0.051341008998620305,0.12707401310178232,0.0008326394671107411,0.07847207247395142,0.09410669123373602,True,True,36,RANDOM_ONE_TO_ONE_MATCHING
RANDOM_ONE_TO_ONE_MATCHING,958,tool_argument_distance,0.11711834776351665,0.081199438804092,0.15633371596813603,0.0008326394671107411,0.11107998515787315,0.1226117495238112,True,True,36,RANDOM_ONE_TO_ONE_MATCHING
RANDOM_ONE_TO_ONE_MATCHING,958,tool_name_distance,0.0851331638264672,0.04954453216174807,0.12345028698968623,0.0008326394671107411,0.07732692141146202,0.08959916091591442,True,True,36,RANDOM_ONE_TO_ONE_MATCHING
RANDOM_ONE_TO_ONE_MATCHING,958,stage_distance,0.09065506956661855,0.053770071465747006,0.12893270182646618,0.0008326394671107411,0.08382417830462868,0.09594919376535842,True,True,36,RANDOM_ONE_TO_ONE_MATCHING
RANDOM_ONE_TO_ONE_MATCHING,959,tool_argument_distance,0.11586759715364786,0.07881285632466582,0.1552282022031828,0.0008326394671107411,0.10698762373899018,0.12221755571177932,True,True,36,RANDOM_ONE_TO_ONE_MATCHING
RANDOM_ONE_TO_ONE_MATCHING,959,tool_name_distance,0.08457834636315675,0.047668271874007496,0.12537401449832739,0.0016652789342214821,0.07609909647775859,0.09096706570321778,True,True,36,RANDOM_ONE_TO_ONE_MATCHING
RANDOM_ONE_TO_ONE_MATCHING,959,stage_distance,0.090968913235917,0.052538912480127604,0.12870569113984062,0.0008326394671107411,0.08155714068891601,0.09686931000108533,True,True,36,RANDOM_ONE_TO_ONE_MATCHING
RANDOM_ONE_TO_ONE_MATCHING,960,tool_argument_distance,0.11176375412794176,0.07444189362400878,0.14553170679888072,0.0008326394671107411,0.10562367091254961,0.11886274823734123,True,True,36,RANDOM_ONE_TO_ONE_MATCHING
RANDOM_ONE_TO_ONE_MATCHING,960,tool_name_distance,0.08686760638800817,0.053295056072346754,0.12179839224183699,0.0008326394671107411,0.07847180144992899,0.09306746980274021,True,True,36,RANDOM_ONE_TO_ONE_MATCHING
RANDOM_ONE_TO_ONE_MATCHING,960,stage_distance,0.09384581829507796,0.061700940597069875,0.1272561067774481,0.0008326394671107411,0.08599542258608966,0.09952222647003642,True,True,36,RANDOM_ONE_TO_ONE_MATCHING
RANDOM_ONE_TO_ONE_MATCHING,961,tool_argument_distance,0.11359809372154123,0.07338969886656041,0.15764598876942718,0.0008326394671107411,0.10370089639929955,0.12058299736711481,True,True,36,RANDOM_ONE_TO_ONE_MATCHING
RANDOM_ONE_TO_ONE_MATCHING,961,tool_name_distance,0.08994919413757779,0.05624392127977158,0.12700883342802632,0.0008326394671107411,0.08082974625208374,0.09607060275008308,True,True,36,RANDOM_ONE_TO_ONE_MATCHING
RANDOM_ONE_TO_ONE_MATCHING,961,stage_distance,0.09504123362660685,0.055871376333741715,0.13849792257917762,0.0008326394671107411,0.08525890317528707,0.10058529635882311,True,True,36,RANDOM_ONE_TO_ONE_MATCHING
RANDOM_ONE_TO_ONE_MATCHING,962,tool_argument_distance,0.11184098943802022,0.07131276470257943,0.1562107320207758,0.0008326394671107411,0.10135857230123253,0.11746365716346023,True,True,36,RANDOM_ONE_TO_ONE_MATCHING
RANDOM_ONE_TO_ONE_MATCHING,962,tool_name_distance,0.08947169335910281,0.05290330792634534,0.13037745319134408,0.0008326394671107411,0.08137511740216712,0.09455548306824707,True,True,36,RANDOM_ONE_TO_ONE_MATCHING
RANDOM_ONE_TO_ONE_MATCHING,962,stage_distance,0.09380943265820213,0.05285418733549305,0.1361859565956235,0.0008326394671107411,0.0844788178089807,0.09829432505305936,True,True,36,RANDOM_ONE_TO_ONE_MATCHING
RANDOM_ONE_TO_ONE_MATCHING,963,tool_argument_distance,0.10123299633733705,0.06052456079923998,0.14170573849188411,0.0008326394671107411,0.09479203432792763,0.10666211028371787,True,True,36,RANDOM_ONE_TO_ONE_MATCHING
RANDOM_ONE_TO_ONE_MATCHING,963,tool_name_distance,0.0730654306809103,0.03488509815026611,0.11074334501017011,0.0016652789342214821,0.06640009749030511,0.07817553898003231,True,True,36,RANDOM_ONE_TO_ONE_MATCHING
RANDOM_ONE_TO_ONE_MATCHING,963,stage_distance,0.07931756859579714,0.043484389195580994,0.1175038705033788,0.0008326394671107411,0.07243004334479272,0.08420479769097562,True,True,36,RANDOM_ONE_TO_ONE_MATCHING
RANDOM_ONE_TO_ONE_MATCHING,964,tool_argument_distance,0.12531580698347963,0.0794231669981257,0.16983257971193563,0.0008326394671107411,0.11575340146872191,0.13280200260303732,True,True,36,RANDOM_ONE_TO_ONE_MATCHING
RANDOM_ONE_TO_ONE_MATCHING,964,tool_name_distance,0.09213219284029187,0.05162878617689685,0.13235833250358492,0.0008326394671107411,0.08357354173044358,0.09848247301080343,True,True,36,RANDOM_ONE_TO_ONE_MATCHING
RANDOM_ONE_TO_ONE_MATCHING,964,stage_distance,0.09706886381471175,0.05227561054617256,0.14022807065733048,0.0008326394671107411,0.08783137556996201,0.10283735900451688,True,True,36,RANDOM_ONE_TO_ONE_MATCHING
RANDOM_ONE_TO_ONE_MATCHING,965,tool_argument_distance,0.10900194283908836,0.06553349003114872,0.1498378070065189,0.0008326394671107411,0.10142782807460633,0.11552068680836142,True,True,36,RANDOM_ONE_TO_ONE_MATCHING
RANDOM_ONE_TO_ONE_MATCHING,965,tool_name_distance,0.08530788487885331,0.04422983385766603,0.12514093472831408,0.0016652789342214821,0.0775066344939163,0.09103611349090232,True,True,36,RANDOM_ONE_TO_ONE_MATCHING
RANDOM_ONE_TO_ONE_MATCHING,965,stage_distance,0.09218215468629688,0.050646463409186986,0.1345062511196885,0.0008326394671107411,0.08469908864620633,0.09809191628749336,True,True,36,RANDOM_ONE_TO_ONE_MATCHING
RANDOM_ONE_TO_ONE_MATCHING,966,tool_argument_distance,0.12087801165745161,0.0777694987161443,0.1625402363297858,0.0008326394671107411,0.1111888119905217,0.1262532861407101,True,True,36,RANDOM_ONE_TO_ONE_MATCHING
RANDOM_ONE_TO_ONE_MATCHING,966,tool_name_distance,0.09760445503683558,0.058943163624074,0.13661814598219074,0.0008326394671107411,0.08960560479319621,0.10344661185038888,True,True,36,RANDOM_ONE_TO_ONE_MATCHING
RANDOM_ONE_TO_ONE_MATCHING,966,stage_distance,0.1028338911706142,0.06546666143634663,0.14631271038053076,0.0008326394671107411,0.09376111799317596,0.10939573675296059,True,True,36,RANDOM_ONE_TO_ONE_MATCHING
RANDOM_ONE_TO_ONE_MATCHING,967,tool_argument_distance,0.10687969230642294,0.07039733782255013,0.14451418123449172,0.0008326394671107411,0.10060006446755883,0.11174800171549608,True,True,36,RANDOM_ONE_TO_ONE_MATCHING
RANDOM_ONE_TO_ONE_MATCHING,967,tool_name_distance,0.0795658684963851,0.045391368436482914,0.11531901699007313,0.0008326394671107411,0.07195350596775163,0.08436206169773591,True,True,36,RANDOM_ONE_TO_ONE_MATCHING
RANDOM_ONE_TO_ONE_MATCHING,967,stage_distance,0.08798028789340635,0.05037584073872214,0.12424379496063506,0.0008326394671107411,0.08095436909357666,0.09325845372583468,True,True,36,RANDOM_ONE_TO_ONE_MATCHING
RANDOM_ONE_TO_ONE_MATCHING,968,tool_argument_distance,0.11761025723751678,0.07536260951648552,0.16083025681657806,0.0008326394671107411,0.10878007411096963,0.12446081489731264,True,True,36,RANDOM_ONE_TO_ONE_MATCHING
RANDOM_ONE_TO_ONE_MATCHING,968,tool_name_distance,0.09026248375365135,0.05310766871011566,0.12806050849775086,0.0008326394671107411,0.0817472250952832,0.09643458440056969,True,True,36,RANDOM_ONE_TO_ONE_MATCHING
RANDOM_ONE_TO_ONE_MATCHING,968,stage_distance,0.09809143802272385,0.05645724328757308,0.1401398356727017,0.0008326394671107411,0.08888316618391733,0.10490524879059376,True,True,36,RANDOM_ONE_TO_ONE_MATCHING
RANDOM_ONE_TO_ONE_MATCHING,969,tool_argument_distance,0.0971865070178794,0.05415987086961649,0.13739075255764674,0.0008326394671107411,0.09062993102791403,0.10516770965140695,True,True,36,RANDOM_ONE_TO_ONE_MATCHING
RANDOM_ONE_TO_ONE_MATCHING,969,tool_name_distance,0.07481285799429722,0.03579851431619108,0.11356496131278168,0.0016652789342214821,0.06704665764756658,0.08196700132505311,True,True,36,RANDOM_ONE_TO_ONE_MATCHING
RANDOM_ONE_TO_ONE_MATCHING,969,stage_distance,0.0772234675449519,0.039743502397028126,0.11797053119533304,0.0008326394671107411,0.07027611083535186,0.08372365271146519,True,True,36,RANDOM_ONE_TO_ONE_MATCHING
RANDOM_ONE_TO_ONE_MATCHING,970,tool_argument_distance,0.0878311530057701,0.05058365064467503,0.12459354064696111,0.0008326394671107411,0.08100728118688737,0.0940798583451788,True,True,36,RANDOM_ONE_TO_ONE_MATCHING
RANDOM_ONE_TO_ONE_MATCHING,970,tool_name_distance,0.0623285005570244,0.027200337124841052,0.1054057598268437,0.0016652789342214821,0.05371859129650154,0.06786945278587843,True,True,36,RANDOM_ONE_TO_ONE_MATCHING
RANDOM_ONE_TO_ONE_MATCHING,970,stage_distance,0.06370797127285516,0.02494206443632559,0.10148413828864855,0.004163197335553705,0.056313233037113615,0.06999496295259702,True,True,36,RANDOM_ONE_TO_ONE_MATCHING
RANDOM_ONE_TO_ONE_MATCHING,971,tool_argument_distance,0.10283469573831872,0.06278528718145286,0.14701997411758067,0.0008326394671107411,0.09262997275941354,0.10927419450923755,True,True,36,RANDOM_ONE_TO_ONE_MATCHING
RANDOM_ONE_TO_ONE_MATCHING,971,tool_name_distance,0.0732472838250892,0.03250326869089968,0.1137060682514342,0.002497918401332223,0.06444428929574625,0.07872788569726982,True,True,36,RANDOM_ONE_TO_ONE_MATCHING
RANDOM_ONE_TO_ONE_MATCHING,971,stage_distance,0.07880587254496486,0.03855347110989722,0.1192273318914142,0.0016652789342214821,0.06904658454965092,0.08443041651807673,True,True,36,RANDOM_ONE_TO_ONE_MATCHING
RANDOM_ONE_TO_ONE_MATCHING,972,tool_argument_distance,0.12347142747454701,0.08517046131363332,0.16128452025297293,0.0008326394671107411,0.11558321332927914,0.12923854934609974,True,True,36,RANDOM_ONE_TO_ONE_MATCHING
RANDOM_ONE_TO_ONE_MATCHING,972,tool_name_distance,0.09479303040229098,0.05591168431779249,0.1320269618405975,0.0008326394671107411,0.08552337755004556,0.10010115849925509,True,True,36,RANDOM_ONE_TO_ONE_MATCHING
RANDOM_ONE_TO_ONE_MATCHING,972,stage_distance,0.10166526357797356,0.062459341304099955,0.14078653955069825,0.0008326394671107411,0.09376771782079095,0.10723788971239141,True,True,36,RANDOM_ONE_TO_ONE_MATCHING
RANDOM_ONE_TO_ONE_MATCHING,973,tool_argument_distance,0.09190324159457061,0.048062138940605514,0.13232641661978162,0.0008326394671107411,0.08489879356701771,0.09916777247689296,True,True,36,RANDOM_ONE_TO_ONE_MATCHING
RANDOM_ONE_TO_ONE_MATCHING,973,tool_name_distance,0.06920163711062677,0.026837178678703725,0.11057739767243267,0.0016652789342214821,0.060940208218026155,0.07544426818959313,True,True,36,RANDOM_ONE_TO_ONE_MATCHING
RANDOM_ONE_TO_ONE_MATCHING,973,stage_distance,0.07433013670778046,0.029426866752327,0.12012895481946555,0.002497918401332223,0.0660804378403,0.08113732205992931,True,True,36,RANDOM_ONE_TO_ONE_MATCHING
RANDOM_ONE_TO_ONE_MATCHING,974,tool_argument_distance,0.10666872586715263,0.0657140267566106,0.14529638288001703,0.0008326394671107411,0.0995374715701391,0.11303716464602265,True,True,36,RANDOM_ONE_TO_ONE_MATCHING
RANDOM_ONE_TO_ONE_MATCHING,974,tool_name_distance,0.08323929965690233,0.04628054557550815,0.1189607700505393,0.0008326394671107411,0.07483001640240773,0.08844444537005798,True,True,36,RANDOM_ONE_TO_ONE_MATCHING
RANDOM_ONE_TO_ONE_MATCHING,974,stage_distance,0.08974578524239502,0.05186062079502675,0.12782986525171272,0.0008326394671107411,0.08269815915181493,0.09547715617927133,True,True,36,RANDOM_ONE_TO_ONE_MATCHING
RANDOM_ONE_TO_ONE_MATCHING,975,tool_argument_distance,0.09768660877714659,0.05950183137209544,0.1364974163252943,0.0008326394671107411,0.09012397508852828,0.10267810825694716,True,True,36,RANDOM_ONE_TO_ONE_MATCHING
RANDOM_ONE_TO_ONE_MATCHING,975,tool_name_distance,0.06136727333700562,0.027038966804538125,0.09607875324182667,0.0008326394671107411,0.053216913428638074,0.06501167898054648,True,True,36,RANDOM_ONE_TO_ONE_MATCHING
RANDOM_ONE_TO_ONE_MATCHING,975,stage_distance,0.07192077928896312,0.03653544579769908,0.11047544089236555,0.0008326394671107411,0.06482191720062055,0.07617987792877148,True,True,36,RANDOM_ONE_TO_ONE_MATCHING
RANDOM_ONE_TO_ONE_MATCHING,976,tool_argument_distance,0.10279876024753101,0.055909378292018405,0.15146711537188248,0.0008326394671107411,0.09354539149269857,0.1103494534023627,True,True,36,RANDOM_ONE_TO_ONE_MATCHING
RANDOM_ONE_TO_ONE_MATCHING,976,tool_name_distance,0.07023340002120824,0.02694401102003838,0.11293352623794374,0.005828476269775187,0.06146546541863959,0.07681226211193488,True,True,36,RANDOM_ONE_TO_ONE_MATCHING
RANDOM_ONE_TO_ONE_MATCHING,976,stage_distance,0.07376629452788969,0.029946939280790123,0.11884318957209222,0.004163197335553705,0.06386301858923077,0.08115272246352848,True,True,36,RANDOM_ONE_TO_ONE_MATCHING
RANDOM_ONE_TO_ONE_MATCHING,977,tool_argument_distance,0.11346704045487827,0.07071420024381772,0.15599362423387145,0.0008326394671107411,0.10568981207730244,0.11992927420247881,True,True,36,RANDOM_ONE_TO_ONE_MATCHING
RANDOM_ONE_TO_ONE_MATCHING,977,tool_name_distance,0.08069970877944915,0.04287984038585464,0.12377842110120296,0.0016652789342214821,0.0718144152678625,0.08683157165644746,True,True,36,RANDOM_ONE_TO_ONE_MATCHING
RANDOM_ONE_TO_ONE_MATCHING,977,stage_distance,0.08362823939809796,0.04231106011541248,0.12876865584086905,0.0008326394671107411,0.07564420060748371,0.08912094185565353,True,True,36,RANDOM_ONE_TO_ONE_MATCHING
RANDOM_ONE_TO_ONE_MATCHING,978,tool_argument_distance,0.10134754146983455,0.06536438564115919,0.13853542857301557,0.0008326394671107411,0.09205270932135363,0.10757471994896649,True,True,36,RANDOM_ONE_TO_ONE_MATCHING
RANDOM_ONE_TO_ONE_MATCHING,978,tool_name_distance,0.07362234046923863,0.03941218093644639,0.10932074610232911,0.0016652789342214821,0.06578244279639518,0.0790159781478577,True,True,36,RANDOM_ONE_TO_ONE_MATCHING
RANDOM_ONE_TO_ONE_MATCHING,978,stage_distance,0.08252507509062733,0.043239971143947224,0.12343003331404902,0.0008326394671107411,0.07191966907280851,0.08851340225113555,True,True,36,RANDOM_ONE_TO_ONE_MATCHING
RANDOM_ONE_TO_ONE_MATCHING,979,tool_argument_distance,0.09881567074392134,0.05952528434486394,0.1390034314931974,0.0008326394671107411,0.09167803286137631,0.10479181008943925,True,True,36,RANDOM_ONE_TO_ONE_MATCHING
RANDOM_ONE_TO_ONE_MATCHING,979,tool_name_distance,0.07320645642659533,0.03461936869055674,0.10995491931246677,0.0008326394671107411,0.06431210780996496,0.07890962036790866,True,True,36,RANDOM_ONE_TO_ONE_MATCHING
RANDOM_ONE_TO_ONE_MATCHING,979,stage_distance,0.081177355261632,0.04202410121300535,0.12307454746739684,0.0008326394671107411,0.07353145447528196,0.08673717398660372,True,True,36,RANDOM_ONE_TO_ONE_MATCHING
RANDOM_ONE_TO_ONE_MATCHING,980,tool_argument_distance,0.102660029045007,0.06010527564534226,0.14641556463548427,0.0008326394671107411,0.09457402891286341,0.10881442529415614,True,True,36,RANDOM_ONE_TO_ONE_MATCHING
RANDOM_ONE_TO_ONE_MATCHING,980,tool_name_distance,0.07986521106915687,0.04410117371369598,0.11978534050853686,0.0016652789342214821,0.07305505197911051,0.08604843532571516,True,True,36,RANDOM_ONE_TO_ONE_MATCHING
RANDOM_ONE_TO_ONE_MATCHING,980,stage_distance,0.08417114291424074,0.04622388228132189,0.12280133023385753,0.0008326394671107411,0.07742229121519184,0.09046251907530765,True,True,36,RANDOM_ONE_TO_ONE_MATCHING
RANDOM_ONE_TO_ONE_MATCHING,981,tool_argument_distance,0.11231614689309682,0.07305947936433399,0.15456368340880616,0.0008326394671107411,0.1029055067417981,0.11713606401521251,True,True,36,RANDOM_ONE_TO_ONE_MATCHING
RANDOM_ONE_TO_ONE_MATCHING,981,tool_name_distance,0.08560948564674327,0.04951279318071191,0.1266906847061274,0.0008326394671107411,0.07757455979859622,0.08986157595704095,True,True,36,RANDOM_ONE_TO_ONE_MATCHING
RANDOM_ONE_TO_ONE_MATCHING,981,stage_distance,0.09302668162981557,0.05646528762833243,0.13139440196804036,0.0016652789342214821,0.08554970741293089,0.09748807777272983,True,True,36,RANDOM_ONE_TO_ONE_MATCHING
RANDOM_ONE_TO_ONE_MATCHING,982,tool_argument_distance,0.11361199844886258,0.07087655125946729,0.16031776782885038,0.0008326394671107411,0.10265108104042703,0.12059729937235963,True,True,36,RANDOM_ONE_TO_ONE_MATCHING
RANDOM_ONE_TO_ONE_MATCHING,982,tool_name_distance,0.09170550701049357,0.05301472815348484,0.13418035760002275,0.0008326394671107411,0.08314365377163996,0.09787709599079646,True,True,36,RANDOM_ONE_TO_ONE_MATCHING
RANDOM_ONE_TO_ONE_MATCHING,982,stage_distance,0.09313904342581486,0.051987123454981785,0.1378071179497076,0.0008326394671107411,0.08283689364614429,0.09862875786657993,True,True,36,RANDOM_ONE_TO_ONE_MATCHING
RANDOM_ONE_TO_ONE_MATCHING,983,tool_argument_distance,0.10395448067324346,0.06365591665280278,0.14624947568317878,0.0008326394671107411,0.0947341325020028,0.11212905398263856,True,True,36,RANDOM_ONE_TO_ONE_MATCHING
RANDOM_ONE_TO_ONE_MATCHING,983,tool_name_distance,0.08356160739386978,0.04385296953027971,0.12348869470432232,0.0008326394671107411,0.07588053139371556,0.09096571499318487,True,True,36,RANDOM_ONE_TO_ONE_MATCHING
RANDOM_ONE_TO_ONE_MATCHING,983,stage_distance,0.09008708119279513,0.0502295115398407,0.13212787454496672,0.0016652789342214821,0.07969773249218111,0.09736197196160264,True,True,36,RANDOM_ONE_TO_ONE_MATCHING
RANDOM_ONE_TO_ONE_MATCHING,984,tool_argument_distance,0.11452879502647975,0.0788204178637773,0.1499862040423589,0.0008326394671107411,0.10638507709698142,0.12118063814968531,True,True,36,RANDOM_ONE_TO_ONE_MATCHING
RANDOM_ONE_TO_ONE_MATCHING,984,tool_name_distance,0.08697870218488303,0.05050716794415616,0.12386898332066679,0.0008326394671107411,0.07907308439944184,0.0931125041550472,True,True,36,RANDOM_ONE_TO_ONE_MATCHING
RANDOM_ONE_TO_ONE_MATCHING,984,stage_distance,0.09182197564964727,0.057960646582685835,0.12541502105004468,0.0008326394671107411,0.08523049468181405,0.0972932308874074,True,True,36,RANDOM_ONE_TO_ONE_MATCHING
RANDOM_ONE_TO_ONE_MATCHING,985,tool_argument_distance,0.11510475459259241,0.06817029217980612,0.15869217394679078,0.0008326394671107411,0.10620298567619028,0.12229920585812475,True,True,36,RANDOM_ONE_TO_ONE_MATCHING
RANDOM_ONE_TO_ONE_MATCHING,985,tool_name_distance,0.09041024644137569,0.04973748366547019,0.1309850862223135,0.0008326394671107411,0.08200743468231048,0.097174305418308,True,True,36,RANDOM_ONE_TO_ONE_MATCHING
RANDOM_ONE_TO_ONE_MATCHING,985,stage_distance,0.09595563226062154,0.052676444815595316,0.14012693246925617,0.0008326394671107411,0.0857339564476597,0.10191015476833047,True,True,36,RANDOM_ONE_TO_ONE_MATCHING
RANDOM_ONE_TO_ONE_MATCHING,986,tool_argument_distance,0.10529016635413319,0.05901549776769278,0.15268506079957933,0.0008326394671107411,0.09610798063091797,0.11230040090905252,True,True,36,RANDOM_ONE_TO_ONE_MATCHING
RANDOM_ONE_TO_ONE_MATCHING,986,tool_name_distance,0.07696454144393462,0.03614028727621241,0.12132129482818724,0.0008326394671107411,0.06817756668494253,0.08297766024217895,True,True,36,RANDOM_ONE_TO_ONE_MATCHING
RANDOM_ONE_TO_ONE_MATCHING,986,stage_distance,0.08319127178374928,0.039965542753573176,0.13050434590728272,0.002497918401332223,0.07260489995716253,0.08891852109067162,True,True,36,RANDOM_ONE_TO_ONE_MATCHING
RANDOM_ONE_TO_ONE_MATCHING,987,tool_argument_distance,0.09097649724062747,0.04928472747518237,0.1338400650587388,0.0008326394671107411,0.08138534954274064,0.09757776982087521,True,True,36,RANDOM_ONE_TO_ONE_MATCHING
RANDOM_ONE_TO_ONE_MATCHING,987,tool_name_distance,0.07665232831513652,0.04086546065122944,0.11391227711970726,0.0008326394671107411,0.06949423981884255,0.08265652673827233,True,True,36,RANDOM_ONE_TO_ONE_MATCHING
RANDOM_ONE_TO_ONE_MATCHING,987,stage_distance,0.08008466562363006,0.04167172673751079,0.11900569899348439,0.0008326394671107411,0.07036191457342085,0.08546409810417581,True,True,36,RANDOM_ONE_TO_ONE_MATCHING
RANDOM_ONE_TO_ONE_MATCHING,988,tool_argument_distance,0.09398270679299715,0.05460263741317473,0.13576604852412674,0.0008326394671107411,0.08352506984422564,0.10074388040393256,True,True,36,RANDOM_ONE_TO_ONE_MATCHING
RANDOM_ONE_TO_ONE_MATCHING,988,tool_name_distance,0.07064892003435896,0.034354185262977684,0.10689640971760245,0.002497918401332223,0.06157327384115388,0.07742352254462388,True,True,36,RANDOM_ONE_TO_ONE_MATCHING
RANDOM_ONE_TO_ONE_MATCHING,988,stage_distance,0.07744779367507511,0.03330416919602647,0.12327565407659422,0.0008326394671107411,0.06764970342633576,0.08403547463199493,True,True,36,RANDOM_ONE_TO_ONE_MATCHING
RANDOM_ONE_TO_ONE_MATCHING,989,tool_argument_distance,0.1115553357005691,0.06819880653911561,0.15677003683420535,0.0008326394671107411,0.1015997738634425,0.11906206643133727,True,True,36,RANDOM_ONE_TO_ONE_MATCHING
RANDOM_ONE_TO_ONE_MATCHING,989,tool_name_distance,0.08786647022388178,0.04999730482781602,0.1268764369050217,0.0008326394671107411,0.08037641751546942,0.09490029427155906,True,True,36,RANDOM_ONE_TO_ONE_MATCHING
RANDOM_ONE_TO_ONE_MATCHING,989,stage_distance,0.09488731832554859,0.055107571491816006,0.13618469010096523,0.0008326394671107411,0.0855875002096799,0.10210686331363683,True,True,36,RANDOM_ONE_TO_ONE_MATCHING
RANDOM_ONE_TO_ONE_MATCHING,990,tool_argument_distance,0.10904816436081036,0.07255847157846272,0.1499440992519548,0.0008326394671107411,0.09997335000921447,0.11464065978212647,True,True,36,RANDOM_ONE_TO_ONE_MATCHING
RANDOM_ONE_TO_ONE_MATCHING,990,tool_name_distance,0.08837904557794267,0.05381630946360612,0.1267060669217386,0.0008326394671107411,0.07921473630503045,0.09316101542273814,True,True,36,RANDOM_ONE_TO_ONE_MATCHING
RANDOM_ONE_TO_ONE_MATCHING,990,stage_distance,0.09583519877976962,0.05889737886423815,0.13868698274497868,0.0008326394671107411,0.08607555304711163,0.1000937380367252,True,True,36,RANDOM_ONE_TO_ONE_MATCHING
RANDOM_ONE_TO_ONE_MATCHING,991,tool_argument_distance,0.10881617167990781,0.06903206633881281,0.14724838353844139,0.0008326394671107411,0.09973472896600041,0.113943022260008,True,True,36,RANDOM_ONE_TO_ONE_MATCHING
RANDOM_ONE_TO_ONE_MATCHING,991,tool_name_distance,0.0805192664844193,0.047373041816988766,0.11587936213299455,0.0008326394671107411,0.07372779469195188,0.08544347266477272,True,True,36,RANDOM_ONE_TO_ONE_MATCHING
RANDOM_ONE_TO_ONE_MATCHING,991,stage_distance,0.084767923055547,0.04895624696621077,0.12298046711321776,0.0008326394671107411,0.07517897936053546,0.0890906867008142,True,True,36,RANDOM_ONE_TO_ONE_MATCHING
RANDOM_ONE_TO_ONE_MATCHING,992,tool_argument_distance,0.11072137174974701,0.06762597662516656,0.15725818360817265,0.0008326394671107411,0.10169436332354931,0.11908928480418507,True,True,36,RANDOM_ONE_TO_ONE_MATCHING
RANDOM_ONE_TO_ONE_MATCHING,992,tool_name_distance,0.09037793727680425,0.0546730726941457,0.12552252864327582,0.0008326394671107411,0.08157737700192588,0.0979767971584889,True,True,36,RANDOM_ONE_TO_ONE_MATCHING
RANDOM_ONE_TO_ONE_MATCHING,992,stage_distance,0.09754391640373493,0.0601889240245997,0.1372902769513484,0.0008326394671107411,0.08832000109010014,0.1046246858233563,True,True,36,RANDOM_ONE_TO_ONE_MATCHING
RANDOM_ONE_TO_ONE_MATCHING,993,tool_argument_distance,0.11540972376578727,0.07018340016590675,0.15765394074454775,0.0008326394671107411,0.10651666825433358,0.12308326338241332,True,True,36,RANDOM_ONE_TO_ONE_MATCHING
RANDOM_ONE_TO_ONE_MATCHING,993,tool_name_distance,0.08654075527711441,0.04928864815393052,0.12370078474048025,0.0008326394671107411,0.07992132602158113,0.09329629673506723,True,True,36,RANDOM_ONE_TO_ONE_MATCHING
RANDOM_ONE_TO_ONE_MATCHING,993,stage_distance,0.09758297836403088,0.05667149964783351,0.13933628640661735,0.0008326394671107411,0.0874077981540236,0.10507203762344514,True,True,36,RANDOM_ONE_TO_ONE_MATCHING
RANDOM_ONE_TO_ONE_MATCHING,994,tool_argument_distance,0.11991079018369424,0.08070131667484924,0.1621330268908117,0.0008326394671107411,0.11114633656989502,0.12525191564362975,True,True,36,RANDOM_ONE_TO_ONE_MATCHING
RANDOM_ONE_TO_ONE_MATCHING,994,tool_name_distance,0.0915877434441436,0.05430505844204797,0.13096412361483115,0.0008326394671107411,0.08355374246318262,0.09690732249168525,True,True,36,RANDOM_ONE_TO_ONE_MATCHING
RANDOM_ONE_TO_ONE_MATCHING,994,stage_distance,0.09464866907607838,0.059320653253087635,0.13665355862963682,0.0008326394671107411,0.08534203241022487,0.10018300037635866,True,True,36,RANDOM_ONE_TO_ONE_MATCHING
RANDOM_ONE_TO_ONE_MATCHING,995,tool_argument_distance,0.11195955054114723,0.07036770703836509,0.15879392896490815,0.0008326394671107411,0.1014805208644489,0.11853798667905756,True,True,36,RANDOM_ONE_TO_ONE_MATCHING
RANDOM_ONE_TO_ONE_MATCHING,995,tool_name_distance,0.09365661473108017,0.04943099187216074,0.1396536154032529,0.0008326394671107411,0.08531158655960813,0.09946361585887895,True,True,36,RANDOM_ONE_TO_ONE_MATCHING
RANDOM_ONE_TO_ONE_MATCHING,995,stage_distance,0.10096518720934601,0.058511060584138096,0.14785357858427725,0.0008326394671107411,0.0925425887651521,0.1068110557479048,True,True,36,RANDOM_ONE_TO_ONE_MATCHING
RANDOM_ONE_TO_ONE_MATCHING,996,tool_argument_distance,0.1043462669474715,0.06647647671496872,0.14522984872116065,0.0008326394671107411,0.09799425552692305,0.11253203415041597,True,True,36,RANDOM_ONE_TO_ONE_MATCHING
RANDOM_ONE_TO_ONE_MATCHING,996,tool_name_distance,0.08690905643123426,0.05106434717549414,0.12578999862345766,0.0008326394671107411,0.07948846175413038,0.09440880543161692,True,True,36,RANDOM_ONE_TO_ONE_MATCHING
RANDOM_ONE_TO_ONE_MATCHING,996,stage_distance,0.09327187138694522,0.05728409984080635,0.12929181965144843,0.0008326394671107411,0.08678304050140216,0.10023058237751546,True,True,36,RANDOM_ONE_TO_ONE_MATCHING
RANDOM_ONE_TO_ONE_MATCHING,997,tool_argument_distance,0.1072998789052114,0.06953311802328492,0.1467065968253827,0.0008326394671107411,0.10072114528663013,0.11427133372253286,True,True,36,RANDOM_ONE_TO_ONE_MATCHING
RANDOM_ONE_TO_ONE_MATCHING,997,tool_name_distance,0.08011154074300222,0.042851159903611276,0.11997879581794967,0.0008326394671107411,0.07211794345316098,0.08611837371073408,True,True,36,RANDOM_ONE_TO_ONE_MATCHING
RANDOM_ONE_TO_ONE_MATCHING,997,stage_distance,0.08308172398704548,0.04425370754352788,0.1254212269786932,0.0008326394671107411,0.07595192125453765,0.08849368003004994,True,True,36,RANDOM_ONE_TO_ONE_MATCHING
RANDOM_ONE_TO_ONE_MATCHING,998,tool_argument_distance,0.11206370031583551,0.07097229872745794,0.1546857036252617,0.0008326394671107411,0.10307504413438322,0.11774908736991103,True,True,36,RANDOM_ONE_TO_ONE_MATCHING
RANDOM_ONE_TO_ONE_MATCHING,998,tool_name_distance,0.09561073842699837,0.055006081195333546,0.13737957380539528,0.0008326394671107411,0.08795175024847476,0.10224560511145644,True,True,36,RANDOM_ONE_TO_ONE_MATCHING
RANDOM_ONE_TO_ONE_MATCHING,998,stage_distance,0.10319058027375584,0.06332476420671002,0.1489089353625104,0.0008326394671107411,0.09317561726116928,0.1089153076453321,True,True,36,RANDOM_ONE_TO_ONE_MATCHING
RANDOM_ONE_TO_ONE_MATCHING,999,tool_argument_distance,0.11210459493360886,0.0643718066024335,0.16524304842951276,0.0008326394671107411,0.10307800183070186,0.120556089714392,True,True,36,RANDOM_ONE_TO_ONE_MATCHING
RANDOM_ONE_TO_ONE_MATCHING,999,tool_name_distance,0.08894447263003609,0.0476020254791063,0.1314377657768268,0.0008326394671107411,0.08010295622239293,0.09621666695403082,True,True,36,RANDOM_ONE_TO_ONE_MATCHING
RANDOM_ONE_TO_ONE_MATCHING,999,stage_distance,0.09832657565627478,0.0579919964030211,0.14106791673724764,0.0008326394671107411,0.08912502203556971,0.1065734560685976,True,True,36,RANDOM_ONE_TO_ONE_MATCHING
