spec_id,representation,distance,normalization,call_filtering,pairing,aggregation,estimator,data_inclusion,outcome_restriction,effect,ci_low,ci_high,p,q,direction,n_tasks,main_observation_retained,family
S0000,tool_name,normalized_levenshtein,max,all_calls,ALL_VALID_PAIRS,task,mean,all_valid,ALL,0.08545333273087245,0.05058297815793989,0.11962227517475241,0.000555247084952804,0.0006892722433896878,positive,36,True,tool_name|all_valid
S0001,tool_name,normalized_levenshtein,max,remove_exact_duplicates,ALL_VALID_PAIRS,task,mean,all_valid,ALL,0.0853264814788054,0.051283386466036945,0.12064283134503995,0.000555247084952804,0.0006892722433896878,positive,36,True,tool_name|all_valid
S0002,tool_name,normalized_levenshtein,max,collapse_consecutive_duplicates,ALL_VALID_PAIRS,task,mean,all_valid,ALL,0.08711115804624132,0.05270160396814722,0.123984881596597,0.000555247084952804,0.0006892722433896878,positive,36,True,tool_name|all_valid
S0003,tool_name,normalized_levenshtein,max,exclude_reorder_only,ALL_VALID_PAIRS,task,mean,all_valid,ALL,0.08566701084169226,0.0530204623316825,0.12252136175486286,0.000555247084952804,0.0006892722433896878,positive,36,True,tool_name|all_valid
S0004,tool_name,normalized_levenshtein,max,effective_calls_only,ALL_VALID_PAIRS,task,mean,all_valid,ALL,0.0916571371543459,0.05252408470964382,0.13194512664350228,0.000555247084952804,0.0006892722433896878,positive,36,True,tool_name|all_valid
S0005,tool_name,normalized_levenshtein,mean,all_calls,ALL_VALID_PAIRS,task,mean,all_valid,ALL,0.11299263291937597,0.059405348083893264,0.16927308287350903,0.000555247084952804,0.0006892722433896878,positive,36,True,tool_name|all_valid
S0006,tool_name,normalized_levenshtein,mean,remove_exact_duplicates,ALL_VALID_PAIRS,task,mean,all_valid,ALL,0.11069792122688953,0.05771097101859697,0.16717581629431014,0.001110494169905608,0.0011933668691522954,positive,36,True,tool_name|all_valid
S0007,tool_name,normalized_levenshtein,mean,collapse_consecutive_duplicates,ALL_VALID_PAIRS,task,mean,all_valid,ALL,0.11372952243806135,0.058831011413781255,0.17116452010979513,0.000555247084952804,0.0006892722433896878,positive,36,True,tool_name|all_valid
S0008,tool_name,normalized_levenshtein,mean,exclude_reorder_only,ALL_VALID_PAIRS,task,mean,all_valid,ALL,0.11323012475525543,0.0610634051661639,0.1688529696994439,0.001110494169905608,0.0011933668691522954,positive,36,True,tool_name|all_valid
S0009,tool_name,normalized_levenshtein,mean,effective_calls_only,ALL_VALID_PAIRS,task,mean,all_valid,ALL,0.12848547918644304,0.06678987391965327,0.1976206067457852,0.000555247084952804,0.0006892722433896878,positive,36,True,tool_name|all_valid
S0010,tool_name,normalized_levenshtein,reference,all_calls,ALL_VALID_PAIRS,task,mean,all_valid,ALL,0.2183444094033713,0.10220317847478981,0.35939243032493273,0.001110494169905608,0.0011933668691522954,positive,36,True,tool_name|all_valid
S0011,tool_name,normalized_levenshtein,reference,remove_exact_duplicates,ALL_VALID_PAIRS,task,mean,all_valid,ALL,0.21157721113726236,0.09463665611586096,0.3555871567122516,0.000555247084952804,0.0006892722433896878,positive,36,True,tool_name|all_valid
S0012,tool_name,normalized_levenshtein,reference,collapse_consecutive_duplicates,ALL_VALID_PAIRS,task,mean,all_valid,ALL,0.2173536743002996,0.10339116834397623,0.35373345577911236,0.001110494169905608,0.0011933668691522954,positive,36,True,tool_name|all_valid
S0013,tool_name,normalized_levenshtein,reference,exclude_reorder_only,ALL_VALID_PAIRS,task,mean,all_valid,ALL,0.21852522450783102,0.10262712297645689,0.36089837611855563,0.000555247084952804,0.0006892722433896878,positive,36,True,tool_name|all_valid
S0014,tool_name,normalized_levenshtein,reference,effective_calls_only,ALL_VALID_PAIRS,task,mean,all_valid,ALL,0.2865360707869473,0.14295447091097635,0.45916950226363396,0.000555247084952804,0.0006892722433896878,positive,36,True,tool_name|all_valid
S0015,tool_name,normalized_levenshtein,none,all_calls,ALL_VALID_PAIRS,task,mean,all_valid,ALL,0.8714814814814816,0.44977777777777783,1.3300046296296295,0.000555247084952804,0.0006892722433896878,positive,36,True,tool_name|all_valid
S0016,tool_name,normalized_levenshtein,none,remove_exact_duplicates,ALL_VALID_PAIRS,task,mean,all_valid,ALL,0.7899074074074074,0.40648611111111116,1.1829120370370365,0.000555247084952804,0.0006892722433896878,positive,36,True,tool_name|all_valid
S0017,tool_name,normalized_levenshtein,none,collapse_consecutive_duplicates,ALL_VALID_PAIRS,task,mean,all_valid,ALL,0.8781481481481482,0.4448055555555556,1.3303564814814808,0.001110494169905608,0.0011933668691522954,positive,36,True,tool_name|all_valid
S0018,tool_name,normalized_levenshtein,none,exclude_reorder_only,ALL_VALID_PAIRS,task,mean,all_valid,ALL,0.8743441401593576,0.46494338477656727,1.3090268413372275,0.001665741254858412,0.001713333862140081,positive,36,True,tool_name|all_valid
S0019,tool_name,normalized_levenshtein,none,effective_calls_only,ALL_VALID_PAIRS,task,mean,all_valid,ALL,0.7005864197530864,0.34312577160493835,1.045216049382715,0.000555247084952804,0.0006892722433896878,positive,36,True,tool_name|all_valid
S0020,tool_name,raw_edit_count,max,all_calls,ALL_VALID_PAIRS,task,mean,all_valid,ALL,0.8714814814814816,0.4243981481481482,1.2991111111111109,0.000555247084952804,0.0006892722433896878,positive,36,True,tool_name|all_valid
S0021,tool_name,raw_edit_count,max,remove_exact_duplicates,ALL_VALID_PAIRS,task,mean,all_valid,ALL,0.7899074074074074,0.423138888888889,1.190377314814815,0.00277623542476402,0.002815337332155063,positive,36,True,tool_name|all_valid
S0022,tool_name,raw_edit_count,max,collapse_consecutive_duplicates,ALL_VALID_PAIRS,task,mean,all_valid,ALL,0.8781481481481482,0.4449444444444445,1.3172314814814814,0.001110494169905608,0.0011933668691522954,positive,36,True,tool_name|all_valid
S0023,tool_name,raw_edit_count,max,exclude_reorder_only,ALL_VALID_PAIRS,task,mean,all_valid,ALL,0.8743441401593576,0.441446523624211,1.3244406734849061,0.000555247084952804,0.0006892722433896878,positive,36,True,tool_name|all_valid
S0024,tool_name,raw_edit_count,max,effective_calls_only,ALL_VALID_PAIRS,task,mean,all_valid,ALL,0.7005864197530864,0.35742824074074075,1.071181327160494,0.000555247084952804,0.0006892722433896878,positive,36,True,tool_name|all_valid
S0025,tool_name,raw_edit_count,mean,all_calls,ALL_VALID_PAIRS,task,mean,all_valid,ALL,0.8714814814814816,0.432212962962963,1.3363611111111107,0.000555247084952804,0.0006892722433896878,positive,36,True,tool_name|all_valid
S0026,tool_name,raw_edit_count,mean,remove_exact_duplicates,ALL_VALID_PAIRS,task,mean,all_valid,ALL,0.7899074074074074,0.4035856481481482,1.2129930555555557,0.001665741254858412,0.001713333862140081,positive,36,True,tool_name|all_valid
S0027,tool_name,raw_edit_count,mean,collapse_consecutive_duplicates,ALL_VALID_PAIRS,task,mean,all_valid,ALL,0.8781481481481482,0.46388888888888885,1.3295324074074069,0.000555247084952804,0.0006892722433896878,positive,36,True,tool_name|all_valid
S0028,tool_name,raw_edit_count,mean,exclude_reorder_only,ALL_VALID_PAIRS,task,mean,all_valid,ALL,0.8743441401593576,0.45539844281903463,1.304075456006464,0.000555247084952804,0.0006892722433896878,positive,36,True,tool_name|all_valid
S0029,tool_name,raw_edit_count,mean,effective_calls_only,ALL_VALID_PAIRS,task,mean,all_valid,ALL,0.7005864197530864,0.33529320987654315,1.0441342592592588,0.000555247084952804,0.0006892722433896878,positive,36,True,tool_name|all_valid
S0030,tool_name,raw_edit_count,reference,all_calls,ALL_VALID_PAIRS,task,mean,all_valid,ALL,0.8714814814814816,0.440550925925926,1.2920694444444443,0.000555247084952804,0.0006892722433896878,positive,36,True,tool_name|all_valid
S0031,tool_name,raw_edit_count,reference,remove_exact_duplicates,ALL_VALID_PAIRS,task,mean,all_valid,ALL,0.7899074074074074,0.41615046296296304,1.210282407407408,0.001110494169905608,0.0011933668691522954,positive,36,True,tool_name|all_valid
S0032,tool_name,raw_edit_count,reference,collapse_consecutive_duplicates,ALL_VALID_PAIRS,task,mean,all_valid,ALL,0.8781481481481482,0.46882870370370366,1.317305555555555,0.001665741254858412,0.001713333862140081,positive,36,True,tool_name|all_valid
S0033,tool_name,raw_edit_count,reference,exclude_reorder_only,ALL_VALID_PAIRS,task,mean,all_valid,ALL,0.8743441401593576,0.41220223398001177,1.3325795663676094,0.001110494169905608,0.0011933668691522954,positive,36,True,tool_name|all_valid
S0034,tool_name,raw_edit_count,reference,effective_calls_only,ALL_VALID_PAIRS,task,mean,all_valid,ALL,0.7005864197530864,0.3316280864197531,1.0760810185185181,0.001110494169905608,0.0011933668691522954,positive,36,True,tool_name|all_valid
S0035,tool_name,raw_edit_count,none,all_calls,ALL_VALID_PAIRS,task,mean,all_valid,ALL,0.8714814814814816,0.4574907407407408,1.322222222222222,0.000555247084952804,0.0006892722433896878,positive,36,True,tool_name|all_valid
S0036,tool_name,raw_edit_count,none,remove_exact_duplicates,ALL_VALID_PAIRS,task,mean,all_valid,ALL,0.7899074074074074,0.4039791666666667,1.1985532407407402,0.000555247084952804,0.0006892722433896878,positive,36,True,tool_name|all_valid
S0037,tool_name,raw_edit_count,none,collapse_consecutive_duplicates,ALL_VALID_PAIRS,task,mean,all_valid,ALL,0.8781481481481482,0.4686527777777779,1.3222731481481478,0.000555247084952804,0.0006892722433896878,positive,36,True,tool_name|all_valid
S0038,tool_name,raw_edit_count,none,exclude_reorder_only,ALL_VALID_PAIRS,task,mean,all_valid,ALL,0.8743441401593576,0.4485737372139848,1.3009703202225846,0.000555247084952804,0.0006892722433896878,positive,36,True,tool_name|all_valid
S0039,tool_name,raw_edit_count,none,effective_calls_only,ALL_VALID_PAIRS,task,mean,all_valid,ALL,0.7005864197530864,0.361837962962963,1.0628433641975308,0.000555247084952804,0.0006892722433896878,positive,36,True,tool_name|all_valid
S0040,tool_name,lcs_distance,max,all_calls,ALL_VALID_PAIRS,task,mean,all_valid,ALL,0.10754729612336007,0.0651476109878914,0.153378371607124,0.000555247084952804,0.0006892722433896878,positive,36,True,tool_name|all_valid
S0041,tool_name,lcs_distance,max,remove_exact_duplicates,ALL_VALID_PAIRS,task,mean,all_valid,ALL,0.10963212979663457,0.06645625071817414,0.15551574730718468,0.000555247084952804,0.0006892722433896878,positive,36,True,tool_name|all_valid
S0042,tool_name,lcs_distance,max,collapse_consecutive_duplicates,ALL_VALID_PAIRS,task,mean,all_valid,ALL,0.11034265490401297,0.06848044310409193,0.1549508099037541,0.000555247084952804,0.0006892722433896878,positive,36,True,tool_name|all_valid
S0043,tool_name,lcs_distance,max,exclude_reorder_only,ALL_VALID_PAIRS,task,mean,all_valid,ALL,0.10773238228677422,0.06565744558139658,0.15108070939784873,0.000555247084952804,0.0006892722433896878,positive,36,True,tool_name|all_valid
S0044,tool_name,lcs_distance,max,effective_calls_only,ALL_VALID_PAIRS,task,mean,all_valid,ALL,0.11341039686926016,0.06948741461400841,0.15885113156197045,0.000555247084952804,0.0006892722433896878,positive,36,True,tool_name|all_valid
S0045,tool_name,lcs_distance,mean,all_calls,ALL_VALID_PAIRS,task,mean,all_valid,ALL,0.13928521570326294,0.0780720257697757,0.20624930297455443,0.000555247084952804,0.0006892722433896878,positive,36,True,tool_name|all_valid
S0046,tool_name,lcs_distance,mean,remove_exact_duplicates,ALL_VALID_PAIRS,task,mean,all_valid,ALL,0.13924982283983248,0.07656123093464413,0.20703703729896863,0.000555247084952804,0.0006892722433896878,positive,36,True,tool_name|all_valid
S0047,tool_name,lcs_distance,mean,collapse_consecutive_duplicates,ALL_VALID_PAIRS,task,mean,all_valid,ALL,0.14124433000274858,0.08086889471976597,0.2110704577035496,0.000555247084952804,0.0006892722433896878,positive,36,True,tool_name|all_valid
S0048,tool_name,lcs_distance,mean,exclude_reorder_only,ALL_VALID_PAIRS,task,mean,all_valid,ALL,0.1395019266453005,0.07742032376244819,0.20459693271138035,0.000555247084952804,0.0006892722433896878,positive,36,True,tool_name|all_valid
S0049,tool_name,lcs_distance,mean,effective_calls_only,ALL_VALID_PAIRS,task,mean,all_valid,ALL,0.15414981563138141,0.08617364314212009,0.2301851638364495,0.000555247084952804,0.0006892722433896878,positive,36,True,tool_name|all_valid
S0050,tool_name,lcs_distance,reference,all_calls,ALL_VALID_PAIRS,task,mean,all_valid,ALL,0.2576309246237998,0.12584009583793943,0.42299371221764503,0.000555247084952804,0.0006892722433896878,positive,36,True,tool_name|all_valid
S0051,tool_name,lcs_distance,reference,remove_exact_duplicates,ALL_VALID_PAIRS,task,mean,all_valid,ALL,0.25317042728707695,0.12722913844075426,0.42293044589462897,0.000555247084952804,0.0006892722433896878,positive,36,True,tool_name|all_valid
S0052,tool_name,lcs_distance,reference,collapse_consecutive_duplicates,ALL_VALID_PAIRS,task,mean,all_valid,ALL,0.25835313629617485,0.1235733826217038,0.41781537701284377,0.000555247084952804,0.0006892722433896878,positive,36,True,tool_name|all_valid
S0053,tool_name,lcs_distance,reference,exclude_reorder_only,ALL_VALID_PAIRS,task,mean,all_valid,ALL,0.2578026307009675,0.12525675886364993,0.4301125265888688,0.000555247084952804,0.0006892722433896878,positive,36,True,tool_name|all_valid
S0054,tool_name,lcs_distance,reference,effective_calls_only,ALL_VALID_PAIRS,task,mean,all_valid,ALL,0.32579680662697985,0.1734248822079872,0.5119486788047466,0.000555247084952804,0.0006892722433896878,positive,36,True,tool_name|all_valid
S0055,tool_name,lcs_distance,none,all_calls,ALL_VALID_PAIRS,task,mean,all_valid,ALL,1.0343827160493824,0.5262870370370369,1.5387546296296293,0.001110494169905608,0.0011933668691522954,positive,36,True,tool_name|all_valid
S0056,tool_name,lcs_distance,none,remove_exact_duplicates,ALL_VALID_PAIRS,task,mean,all_valid,ALL,0.9911419753086417,0.5734675925925925,1.4266365740740736,0.000555247084952804,0.0006892722433896878,positive,36,True,tool_name|all_valid
S0057,tool_name,lcs_distance,none,collapse_consecutive_duplicates,ALL_VALID_PAIRS,task,mean,all_valid,ALL,1.0714197530864196,0.5982700617283951,1.5632484567901233,0.000555247084952804,0.0006892722433896878,positive,36,True,tool_name|all_valid
S0058,tool_name,lcs_distance,none,exclude_reorder_only,ALL_VALID_PAIRS,task,mean,all_valid,ALL,1.036825571100933,0.5380801613733377,1.5582999827321984,0.001110494169905608,0.0011933668691522954,positive,36,True,tool_name|all_valid
S0059,tool_name,lcs_distance,none,effective_calls_only,ALL_VALID_PAIRS,task,mean,all_valid,ALL,0.8801234567901234,0.5112932098765431,1.2878827160493826,0.000555247084952804,0.0006892722433896878,positive,36,True,tool_name|all_valid
S0060,tool_name,jaccard,max,all_calls,ALL_VALID_PAIRS,task,mean,all_valid,ALL,0.07926355820105818,0.048274390064667834,0.11287163433274544,0.000555247084952804,0.0006892722433896878,positive,36,True,tool_name|all_valid
S0061,tool_name,jaccard,max,remove_exact_duplicates,ALL_VALID_PAIRS,task,mean,all_valid,ALL,0.07926355820105818,0.04773772505144031,0.11367451131687242,0.000555247084952804,0.0006892722433896878,positive,36,True,tool_name|all_valid
S0062,tool_name,jaccard,max,collapse_consecutive_duplicates,ALL_VALID_PAIRS,task,mean,all_valid,ALL,0.07926355820105818,0.049031712044385646,0.11158051513815401,0.000555247084952804,0.0006892722433896878,positive,36,True,tool_name|all_valid
S0063,tool_name,jaccard,max,exclude_reorder_only,ALL_VALID_PAIRS,task,mean,all_valid,ALL,0.0791556060034824,0.047645570440501744,0.11120639068392689,0.000555247084952804,0.0006892722433896878,positive,36,True,tool_name|all_valid
S0064,tool_name,jaccard,max,effective_calls_only,ALL_VALID_PAIRS,task,mean,all_valid,ALL,0.08698758083480305,0.052375865299823625,0.12506016130217515,0.000555247084952804,0.0006892722433896878,positive,36,True,tool_name|all_valid
S0065,tool_name,jaccard,mean,all_calls,ALL_VALID_PAIRS,task,mean,all_valid,ALL,0.07926355820105818,0.04880260141093473,0.11340411063345089,0.000555247084952804,0.0006892722433896878,positive,36,True,tool_name|all_valid
S0066,tool_name,jaccard,mean,remove_exact_duplicates,ALL_VALID_PAIRS,task,mean,all_valid,ALL,0.07926355820105818,0.04869402741034685,0.1143932732583774,0.000555247084952804,0.0006892722433896878,positive,36,True,tool_name|all_valid
S0067,tool_name,jaccard,mean,collapse_consecutive_duplicates,ALL_VALID_PAIRS,task,mean,all_valid,ALL,0.07926355820105818,0.04695548023221633,0.1135373759920635,0.000555247084952804,0.0006892722433896878,positive,36,True,tool_name|all_valid
S0068,tool_name,jaccard,mean,exclude_reorder_only,ALL_VALID_PAIRS,task,mean,all_valid,ALL,0.0791556060034824,0.048155523995950224,0.11426415351237332,0.000555247084952804,0.0006892722433896878,positive,36,True,tool_name|all_valid
S0069,tool_name,jaccard,mean,effective_calls_only,ALL_VALID_PAIRS,task,mean,all_valid,ALL,0.08698758083480305,0.054003152557319224,0.12380222663139322,0.000555247084952804,0.0006892722433896878,positive,36,True,tool_name|all_valid
S0070,tool_name,jaccard,reference,all_calls,ALL_VALID_PAIRS,task,mean,all_valid,ALL,0.07926355820105818,0.04782255107289828,0.11244405496766605,0.000555247084952804,0.0006892722433896878,positive,36,True,tool_name|all_valid
S0071,tool_name,jaccard,reference,remove_exact_duplicates,ALL_VALID_PAIRS,task,mean,all_valid,ALL,0.07926355820105818,0.04970086713697824,0.1132355241402116,0.000555247084952804,0.0006892722433896878,positive,36,True,tool_name|all_valid
S0072,tool_name,jaccard,reference,collapse_consecutive_duplicates,ALL_VALID_PAIRS,task,mean,all_valid,ALL,0.07926355820105818,0.0466712733318636,0.11287457194297466,0.000555247084952804,0.0006892722433896878,positive,36,True,tool_name|all_valid
S0073,tool_name,jaccard,reference,exclude_reorder_only,ALL_VALID_PAIRS,task,mean,all_valid,ALL,0.0791556060034824,0.0483573926720477,0.10960769276302436,0.000555247084952804,0.0006892722433896878,positive,36,True,tool_name|all_valid
S0074,tool_name,jaccard,reference,effective_calls_only,ALL_VALID_PAIRS,task,mean,all_valid,ALL,0.08698758083480305,0.052183950617283946,0.12070587154614927,0.000555247084952804,0.0006892722433896878,positive,36,True,tool_name|all_valid
S0075,tool_name,jaccard,none,all_calls,ALL_VALID_PAIRS,task,mean,all_valid,ALL,0.07926355820105818,0.04834135251322751,0.11314785604056435,0.000555247084952804,0.0006892722433896878,positive,36,True,tool_name|all_valid
S0076,tool_name,jaccard,none,remove_exact_duplicates,ALL_VALID_PAIRS,task,mean,all_valid,ALL,0.07926355820105818,0.046913098912404465,0.11250300650352733,0.000555247084952804,0.0006892722433896878,positive,36,True,tool_name|all_valid
S0077,tool_name,jaccard,none,collapse_consecutive_duplicates,ALL_VALID_PAIRS,task,mean,all_valid,ALL,0.07926355820105818,0.048290807796884175,0.11295454052763079,0.000555247084952804,0.0006892722433896878,positive,36,True,tool_name|all_valid
S0078,tool_name,jaccard,none,exclude_reorder_only,ALL_VALID_PAIRS,task,mean,all_valid,ALL,0.0791556060034824,0.04905913802702374,0.1123684157038185,0.000555247084952804,0.0006892722433896878,positive,36,True,tool_name|all_valid
S0079,tool_name,jaccard,none,effective_calls_only,ALL_VALID_PAIRS,task,mean,all_valid,ALL,0.08698758083480305,0.04902703373015873,0.125027237654321,0.000555247084952804,0.0006892722433896878,positive,36,True,tool_name|all_valid
S0080,tool_name,weighted_edit,max,all_calls,ALL_VALID_PAIRS,task,mean,all_valid,ALL,0.10754729612336007,0.06589596780194829,0.1537924069617208,0.000555247084952804,0.0006892722433896878,positive,36,True,tool_name|all_valid
S0081,tool_name,weighted_edit,max,remove_exact_duplicates,ALL_VALID_PAIRS,task,mean,all_valid,ALL,0.10963212979663457,0.06843582241085376,0.15676094168545066,0.000555247084952804,0.0006892722433896878,positive,36,True,tool_name|all_valid
S0082,tool_name,weighted_edit,max,collapse_consecutive_duplicates,ALL_VALID_PAIRS,task,mean,all_valid,ALL,0.11034265490401297,0.06874826825254625,0.15558964116892351,0.000555247084952804,0.0006892722433896878,positive,36,True,tool_name|all_valid
S0083,tool_name,weighted_edit,max,exclude_reorder_only,ALL_VALID_PAIRS,task,mean,all_valid,ALL,0.10773238228677422,0.06603875716920087,0.15361179865375976,0.001110494169905608,0.0011933668691522954,positive,36,True,tool_name|all_valid
S0084,tool_name,weighted_edit,max,effective_calls_only,ALL_VALID_PAIRS,task,mean,all_valid,ALL,0.11341039686926016,0.06956689813632708,0.1602580928157852,0.000555247084952804,0.0006892722433896878,positive,36,True,tool_name|all_valid
S0085,tool_name,weighted_edit,mean,all_calls,ALL_VALID_PAIRS,task,mean,all_valid,ALL,0.13928521570326294,0.07581927936065852,0.20816657602392213,0.000555247084952804,0.0006892722433896878,positive,36,True,tool_name|all_valid
S0086,tool_name,weighted_edit,mean,remove_exact_duplicates,ALL_VALID_PAIRS,task,mean,all_valid,ALL,0.13924982283983248,0.07700756304926426,0.20744024533370403,0.000555247084952804,0.0006892722433896878,positive,36,True,tool_name|all_valid
S0087,tool_name,weighted_edit,mean,collapse_consecutive_duplicates,ALL_VALID_PAIRS,task,mean,all_valid,ALL,0.14124433000274858,0.07718384006823811,0.2061208628715733,0.000555247084952804,0.0006892722433896878,positive,36,True,tool_name|all_valid
S0088,tool_name,weighted_edit,mean,exclude_reorder_only,ALL_VALID_PAIRS,task,mean,all_valid,ALL,0.1395019266453005,0.07852627007936099,0.20370587359006853,0.000555247084952804,0.0006892722433896878,positive,36,True,tool_name|all_valid
S0089,tool_name,weighted_edit,mean,effective_calls_only,ALL_VALID_PAIRS,task,mean,all_valid,ALL,0.15414981563138141,0.08486343762395672,0.22516283401235582,0.001110494169905608,0.0011933668691522954,positive,36,True,tool_name|all_valid
S0090,tool_name,weighted_edit,reference,all_calls,ALL_VALID_PAIRS,task,mean,all_valid,ALL,0.2576309246237998,0.123980987729881,0.4212164682063138,0.000555247084952804,0.0006892722433896878,positive,36,True,tool_name|all_valid
S0091,tool_name,weighted_edit,reference,remove_exact_duplicates,ALL_VALID_PAIRS,task,mean,all_valid,ALL,0.25317042728707695,0.12232758348199653,0.4230478536469095,0.000555247084952804,0.0006892722433896878,positive,36,True,tool_name|all_valid
S0092,tool_name,weighted_edit,reference,collapse_consecutive_duplicates,ALL_VALID_PAIRS,task,mean,all_valid,ALL,0.25835313629617485,0.1278638365464491,0.43001429582749634,0.000555247084952804,0.0006892722433896878,positive,36,True,tool_name|all_valid
S0093,tool_name,weighted_edit,reference,exclude_reorder_only,ALL_VALID_PAIRS,task,mean,all_valid,ALL,0.2578026307009675,0.12502436220116295,0.41902697255715265,0.000555247084952804,0.0006892722433896878,positive,36,True,tool_name|all_valid
S0094,tool_name,weighted_edit,reference,effective_calls_only,ALL_VALID_PAIRS,task,mean,all_valid,ALL,0.32579680662697985,0.17205283502488602,0.5081331403831335,0.000555247084952804,0.0006892722433896878,positive,36,True,tool_name|all_valid
S0095,tool_name,weighted_edit,none,all_calls,ALL_VALID_PAIRS,task,mean,all_valid,ALL,1.0343827160493824,0.514091049382716,1.5738271604938268,0.000555247084952804,0.0006892722433896878,positive,36,True,tool_name|all_valid
S0096,tool_name,weighted_edit,none,remove_exact_duplicates,ALL_VALID_PAIRS,task,mean,all_valid,ALL,0.9911419753086417,0.5601766975308642,1.4785524691358025,0.000555247084952804,0.0006892722433896878,positive,36,True,tool_name|all_valid
S0097,tool_name,weighted_edit,none,collapse_consecutive_duplicates,ALL_VALID_PAIRS,task,mean,all_valid,ALL,1.0714197530864196,0.5919768518518519,1.5524799382716041,0.000555247084952804,0.0006892722433896878,positive,36,True,tool_name|all_valid
S0098,tool_name,weighted_edit,none,exclude_reorder_only,ALL_VALID_PAIRS,task,mean,all_valid,ALL,1.036825571100933,0.5340291435170662,1.5454830265793429,0.001110494169905608,0.0011933668691522954,positive,36,True,tool_name|all_valid
S0099,tool_name,weighted_edit,none,effective_calls_only,ALL_VALID_PAIRS,task,mean,all_valid,ALL,0.8801234567901234,0.5119151234567901,1.2633302469135799,0.000555247084952804,0.0006892722433896878,positive,36,True,tool_name|all_valid
S0100,tool_name,argument_aware,max,all_calls,ALL_VALID_PAIRS,task,mean,all_valid,ALL,0.11184566472826932,0.07658877800934286,0.1524502076715991,0.000555247084952804,0.0006892722433896878,positive,36,True,tool_name|all_valid
S0101,tool_name,argument_aware,max,remove_exact_duplicates,ALL_VALID_PAIRS,task,mean,all_valid,ALL,0.11134677173226147,0.07560232925242887,0.15076327743520168,0.000555247084952804,0.0006892722433896878,positive,36,True,tool_name|all_valid
S0102,tool_name,argument_aware,max,collapse_consecutive_duplicates,ALL_VALID_PAIRS,task,mean,all_valid,ALL,0.11309320528381638,0.07730855224928697,0.15281001852659326,0.000555247084952804,0.0006892722433896878,positive,36,True,tool_name|all_valid
S0103,tool_name,argument_aware,max,exclude_reorder_only,ALL_VALID_PAIRS,task,mean,all_valid,ALL,0.11174957502395363,0.07437246918291224,0.1477748804555534,0.000555247084952804,0.0006892722433896878,positive,36,True,tool_name|all_valid
S0104,tool_name,argument_aware,max,effective_calls_only,ALL_VALID_PAIRS,task,mean,all_valid,ALL,0.10434344235995742,0.06782600099710147,0.1438207660481405,0.000555247084952804,0.0006892722433896878,positive,36,True,tool_name|all_valid
S0105,tool_name,argument_aware,mean,all_calls,ALL_VALID_PAIRS,task,mean,all_valid,ALL,0.14343466662279508,0.08772773035755146,0.19653305802377233,0.000555247084952804,0.0006892722433896878,positive,36,True,tool_name|all_valid
S0106,tool_name,argument_aware,mean,remove_exact_duplicates,ALL_VALID_PAIRS,task,mean,all_valid,ALL,0.14084662564616643,0.08517311920554946,0.19780416417379035,0.000555247084952804,0.0006892722433896878,positive,36,True,tool_name|all_valid
S0107,tool_name,argument_aware,mean,collapse_consecutive_duplicates,ALL_VALID_PAIRS,task,mean,all_valid,ALL,0.14384716751049667,0.08769565421520246,0.20125159639454074,0.000555247084952804,0.0006892722433896878,positive,36,True,tool_name|all_valid
S0108,tool_name,argument_aware,mean,exclude_reorder_only,ALL_VALID_PAIRS,task,mean,all_valid,ALL,0.14334912859005336,0.0908105565279307,0.2007707574503154,0.000555247084952804,0.0006892722433896878,positive,36,True,tool_name|all_valid
S0109,tool_name,argument_aware,mean,effective_calls_only,ALL_VALID_PAIRS,task,mean,all_valid,ALL,0.14391950242915785,0.08697212107752754,0.21143413821836426,0.000555247084952804,0.0006892722433896878,positive,36,True,tool_name|all_valid
S0110,tool_name,argument_aware,reference,all_calls,ALL_VALID_PAIRS,task,mean,all_valid,ALL,0.24814068901507114,0.1351437203254326,0.38514731626833276,0.000555247084952804,0.0006892722433896878,positive,36,True,tool_name|all_valid
S0111,tool_name,argument_aware,reference,remove_exact_duplicates,ALL_VALID_PAIRS,task,mean,all_valid,ALL,0.2408972870829437,0.12899726146213292,0.3797578654659102,0.000555247084952804,0.0006892722433896878,positive,36,True,tool_name|all_valid
S0112,tool_name,argument_aware,reference,collapse_consecutive_duplicates,ALL_VALID_PAIRS,task,mean,all_valid,ALL,0.24679151194244633,0.13108567833413895,0.3818110330111227,0.000555247084952804,0.0006892722433896878,positive,36,True,tool_name|all_valid
S0113,tool_name,argument_aware,reference,exclude_reorder_only,ALL_VALID_PAIRS,task,mean,all_valid,ALL,0.24798025372661656,0.13454443369172203,0.37684056829082985,0.000555247084952804,0.0006892722433896878,positive,36,True,tool_name|all_valid
S0114,tool_name,argument_aware,reference,effective_calls_only,ALL_VALID_PAIRS,task,mean,all_valid,ALL,0.3003501879174752,0.1616544604080767,0.47244780097933003,0.000555247084952804,0.0006892722433896878,positive,36,True,tool_name|all_valid
S0115,tool_name,argument_aware,none,all_calls,ALL_VALID_PAIRS,task,mean,all_valid,ALL,1.1217592592592593,0.6214212962962962,1.6093935185185186,0.000555247084952804,0.0006892722433896878,positive,36,True,tool_name|all_valid
S0116,tool_name,argument_aware,none,remove_exact_duplicates,ALL_VALID_PAIRS,task,mean,all_valid,ALL,1.037222222222222,0.6282731481481483,1.509717592592592,0.000555247084952804,0.0006892722433896878,positive,36,True,tool_name|all_valid
S0117,tool_name,argument_aware,none,collapse_consecutive_duplicates,ALL_VALID_PAIRS,task,mean,all_valid,ALL,1.1299074074074074,0.674,1.5846921296296295,0.000555247084952804,0.0006892722433896878,positive,36,True,tool_name|all_valid
S0118,tool_name,argument_aware,none,exclude_reorder_only,ALL_VALID_PAIRS,task,mean,all_valid,ALL,1.121443553315534,0.6252443213768696,1.6061034429148857,0.000555247084952804,0.0006892722433896878,positive,36,True,tool_name|all_valid
S0119,tool_name,argument_aware,none,effective_calls_only,ALL_VALID_PAIRS,task,mean,all_valid,ALL,0.8579938271604939,0.495300925925926,1.2162422839506164,0.000555247084952804,0.0006892722433896878,positive,36,True,tool_name|all_valid
S0120,tool_arguments,normalized_levenshtein,max,all_calls,ALL_VALID_PAIRS,task,mean,all_valid,ALL,0.11184566472826932,0.07467905272934829,0.15348321399479728,0.000555247084952804,0.000592263557282991,positive,36,True,tool_arguments|all_valid
S0121,tool_arguments,normalized_levenshtein,max,remove_exact_duplicates,ALL_VALID_PAIRS,task,mean,all_valid,ALL,0.11134677173226147,0.07490008018008233,0.15023269940621733,0.000555247084952804,0.000592263557282991,positive,36,True,tool_arguments|all_valid
S0122,tool_arguments,normalized_levenshtein,max,collapse_consecutive_duplicates,ALL_VALID_PAIRS,task,mean,all_valid,ALL,0.11309320528381638,0.07527731053949939,0.15176376726472057,0.000555247084952804,0.000592263557282991,positive,36,True,tool_arguments|all_valid
S0123,tool_arguments,normalized_levenshtein,max,exclude_reorder_only,ALL_VALID_PAIRS,task,mean,all_valid,ALL,0.11197003332948977,0.07547216813458169,0.15146138880768611,0.000555247084952804,0.000592263557282991,positive,36,True,tool_arguments|all_valid
S0124,tool_arguments,normalized_levenshtein,max,effective_calls_only,ALL_VALID_PAIRS,task,mean,all_valid,ALL,0.10434344235995742,0.06701143848610354,0.14229670421980237,0.000555247084952804,0.000592263557282991,positive,36,True,tool_arguments|all_valid
S0125,tool_arguments,normalized_levenshtein,mean,all_calls,ALL_VALID_PAIRS,task,mean,all_valid,ALL,0.14343466662279508,0.08933022175781398,0.20001310334620867,0.000555247084952804,0.000592263557282991,positive,36,True,tool_arguments|all_valid
S0126,tool_arguments,normalized_levenshtein,mean,remove_exact_duplicates,ALL_VALID_PAIRS,task,mean,all_valid,ALL,0.14084662564616643,0.08582524942262423,0.19317300722562825,0.000555247084952804,0.000592263557282991,positive,36,True,tool_arguments|all_valid
S0127,tool_arguments,normalized_levenshtein,mean,collapse_consecutive_duplicates,ALL_VALID_PAIRS,task,mean,all_valid,ALL,0.14384716751049667,0.08959100417580367,0.20318653368748474,0.000555247084952804,0.000592263557282991,positive,36,True,tool_arguments|all_valid
S0128,tool_arguments,normalized_levenshtein,mean,exclude_reorder_only,ALL_VALID_PAIRS,task,mean,all_valid,ALL,0.14370552257583863,0.08667294918569779,0.20225285927789333,0.000555247084952804,0.000592263557282991,positive,36,True,tool_arguments|all_valid
S0129,tool_arguments,normalized_levenshtein,mean,effective_calls_only,ALL_VALID_PAIRS,task,mean,all_valid,ALL,0.14391950242915785,0.08640511516092554,0.20917479596407396,0.000555247084952804,0.000592263557282991,positive,36,True,tool_arguments|all_valid
S0130,tool_arguments,normalized_levenshtein,reference,all_calls,ALL_VALID_PAIRS,task,mean,all_valid,ALL,0.24814068901507114,0.133551133388016,0.37395440604362123,0.000555247084952804,0.000592263557282991,positive,36,True,tool_arguments|all_valid
S0131,tool_arguments,normalized_levenshtein,reference,remove_exact_duplicates,ALL_VALID_PAIRS,task,mean,all_valid,ALL,0.2408972870829437,0.1282675813735617,0.38111229303474903,0.000555247084952804,0.000592263557282991,positive,36,True,tool_arguments|all_valid
S0132,tool_arguments,normalized_levenshtein,reference,collapse_consecutive_duplicates,ALL_VALID_PAIRS,task,mean,all_valid,ALL,0.24679151194244633,0.13474987533795438,0.38291509997505685,0.000555247084952804,0.000592263557282991,positive,36,True,tool_arguments|all_valid
S0133,tool_arguments,normalized_levenshtein,reference,exclude_reorder_only,ALL_VALID_PAIRS,task,mean,all_valid,ALL,0.24825883355914163,0.13413071773805008,0.3947433955685731,0.000555247084952804,0.000592263557282991,positive,36,True,tool_arguments|all_valid
S0134,tool_arguments,normalized_levenshtein,reference,effective_calls_only,ALL_VALID_PAIRS,task,mean,all_valid,ALL,0.3003501879174752,0.1557253006599842,0.4580893691154528,0.000555247084952804,0.000592263557282991,positive,36,True,tool_arguments|all_valid
S0135,tool_arguments,normalized_levenshtein,none,all_calls,ALL_VALID_PAIRS,task,mean,all_valid,ALL,1.1217592592592593,0.6797986111111111,1.5968703703703704,0.001110494169905608,0.0011182598634014516,positive,36,True,tool_arguments|all_valid
S0136,tool_arguments,normalized_levenshtein,none,remove_exact_duplicates,ALL_VALID_PAIRS,task,mean,all_valid,ALL,1.037222222222222,0.6319953703703703,1.4794444444444443,0.000555247084952804,0.000592263557282991,positive,36,True,tool_arguments|all_valid
S0137,tool_arguments,normalized_levenshtein,none,collapse_consecutive_duplicates,ALL_VALID_PAIRS,task,mean,all_valid,ALL,1.1299074074074074,0.7001226851851853,1.5944259259259257,0.000555247084952804,0.000592263557282991,positive,36,True,tool_arguments|all_valid
S0138,tool_arguments,normalized_levenshtein,none,exclude_reorder_only,ALL_VALID_PAIRS,task,mean,all_valid,ALL,1.1252668216557107,0.6442944390999947,1.6195556958473623,0.000555247084952804,0.000592263557282991,positive,36,True,tool_arguments|all_valid
S0139,tool_arguments,normalized_levenshtein,none,effective_calls_only,ALL_VALID_PAIRS,task,mean,all_valid,ALL,0.8579938271604939,0.48107253086419755,1.232128086419753,0.000555247084952804,0.000592263557282991,positive,36,True,tool_arguments|all_valid
S0140,tool_arguments,raw_edit_count,max,all_calls,ALL_VALID_PAIRS,task,mean,all_valid,ALL,1.1217592592592593,0.6545925925925926,1.6172638888888888,0.000555247084952804,0.000592263557282991,positive,36,True,tool_arguments|all_valid
S0141,tool_arguments,raw_edit_count,max,remove_exact_duplicates,ALL_VALID_PAIRS,task,mean,all_valid,ALL,1.037222222222222,0.6203333333333333,1.4500416666666656,0.000555247084952804,0.000592263557282991,positive,36,True,tool_arguments|all_valid
S0142,tool_arguments,raw_edit_count,max,collapse_consecutive_duplicates,ALL_VALID_PAIRS,task,mean,all_valid,ALL,1.1299074074074074,0.6740717592592592,1.6141157407407372,0.000555247084952804,0.000592263557282991,positive,36,True,tool_arguments|all_valid
S0143,tool_arguments,raw_edit_count,max,exclude_reorder_only,ALL_VALID_PAIRS,task,mean,all_valid,ALL,1.1252668216557107,0.6645234988776656,1.6370180274971937,0.000555247084952804,0.000592263557282991,positive,36,True,tool_arguments|all_valid
S0144,tool_arguments,raw_edit_count,max,effective_calls_only,ALL_VALID_PAIRS,task,mean,all_valid,ALL,0.8579938271604939,0.4861929012345678,1.231799382716049,0.000555247084952804,0.000592263557282991,positive,36,True,tool_arguments|all_valid
S0145,tool_arguments,raw_edit_count,mean,all_calls,ALL_VALID_PAIRS,task,mean,all_valid,ALL,1.1217592592592593,0.623513888888889,1.6154143518518516,0.001110494169905608,0.0011182598634014516,positive,36,True,tool_arguments|all_valid
S0146,tool_arguments,raw_edit_count,mean,remove_exact_duplicates,ALL_VALID_PAIRS,task,mean,all_valid,ALL,1.037222222222222,0.6036898148148148,1.4818888888888886,0.000555247084952804,0.000592263557282991,positive,36,True,tool_arguments|all_valid
S0147,tool_arguments,raw_edit_count,mean,collapse_consecutive_duplicates,ALL_VALID_PAIRS,task,mean,all_valid,ALL,1.1299074074074074,0.6769212962962964,1.5960185185185185,0.000555247084952804,0.000592263557282991,positive,36,True,tool_arguments|all_valid
S0148,tool_arguments,raw_edit_count,mean,exclude_reorder_only,ALL_VALID_PAIRS,task,mean,all_valid,ALL,1.1252668216557107,0.6544879215434771,1.5948146244187904,0.000555247084952804,0.000592263557282991,positive,36,True,tool_arguments|all_valid
S0149,tool_arguments,raw_edit_count,mean,effective_calls_only,ALL_VALID_PAIRS,task,mean,all_valid,ALL,0.8579938271604939,0.48374999999999996,1.2265879629629624,0.000555247084952804,0.000592263557282991,positive,36,True,tool_arguments|all_valid
S0150,tool_arguments,raw_edit_count,reference,all_calls,ALL_VALID_PAIRS,task,mean,all_valid,ALL,1.1217592592592593,0.6609120370370372,1.581590277777778,0.000555247084952804,0.000592263557282991,positive,36,True,tool_arguments|all_valid
S0151,tool_arguments,raw_edit_count,reference,remove_exact_duplicates,ALL_VALID_PAIRS,task,mean,all_valid,ALL,1.037222222222222,0.6286898148148147,1.5118796296296297,0.000555247084952804,0.000592263557282991,positive,36,True,tool_arguments|all_valid
S0152,tool_arguments,raw_edit_count,reference,collapse_consecutive_duplicates,ALL_VALID_PAIRS,task,mean,all_valid,ALL,1.1299074074074074,0.6681296296296296,1.6048819444444438,0.000555247084952804,0.000592263557282991,positive,36,True,tool_arguments|all_valid
S0153,tool_arguments,raw_edit_count,reference,exclude_reorder_only,ALL_VALID_PAIRS,task,mean,all_valid,ALL,1.1252668216557107,0.6843841323285768,1.630314029848752,0.000555247084952804,0.000592263557282991,positive,36,True,tool_arguments|all_valid
S0154,tool_arguments,raw_edit_count,reference,effective_calls_only,ALL_VALID_PAIRS,task,mean,all_valid,ALL,0.8579938271604939,0.49907175925925934,1.2387824074074074,0.000555247084952804,0.000592263557282991,positive,36,True,tool_arguments|all_valid
S0155,tool_arguments,raw_edit_count,none,all_calls,ALL_VALID_PAIRS,task,mean,all_valid,ALL,1.1217592592592593,0.656263888888889,1.5992893518518518,0.000555247084952804,0.000592263557282991,positive,36,True,tool_arguments|all_valid
S0156,tool_arguments,raw_edit_count,none,remove_exact_duplicates,ALL_VALID_PAIRS,task,mean,all_valid,ALL,1.037222222222222,0.6101666666666666,1.47236574074074,0.000555247084952804,0.000592263557282991,positive,36,True,tool_arguments|all_valid
S0157,tool_arguments,raw_edit_count,none,collapse_consecutive_duplicates,ALL_VALID_PAIRS,task,mean,all_valid,ALL,1.1299074074074074,0.6694791666666666,1.5823287037037035,0.000555247084952804,0.000592263557282991,positive,36,True,tool_arguments|all_valid
S0158,tool_arguments,raw_edit_count,none,exclude_reorder_only,ALL_VALID_PAIRS,task,mean,all_valid,ALL,1.1252668216557107,0.6683463470685692,1.6093471654374432,0.000555247084952804,0.000592263557282991,positive,36,True,tool_arguments|all_valid
S0159,tool_arguments,raw_edit_count,none,effective_calls_only,ALL_VALID_PAIRS,task,mean,all_valid,ALL,0.8579938271604939,0.48044907407407406,1.2601242283950613,0.000555247084952804,0.000592263557282991,positive,36,True,tool_arguments|all_valid
S0160,tool_arguments,lcs_distance,max,all_calls,ALL_VALID_PAIRS,task,mean,all_valid,ALL,0.1494815112896462,0.09166285691502063,0.20683356768343564,0.000555247084952804,0.000592263557282991,positive,36,True,tool_arguments|all_valid
S0161,tool_arguments,lcs_distance,max,remove_exact_duplicates,ALL_VALID_PAIRS,task,mean,all_valid,ALL,0.15114358618586426,0.0967379910072833,0.20786403494252031,0.000555247084952804,0.000592263557282991,positive,36,True,tool_arguments|all_valid
S0162,tool_arguments,lcs_distance,max,collapse_consecutive_duplicates,ALL_VALID_PAIRS,task,mean,all_valid,ALL,0.15185730832203367,0.09703420452950075,0.20957746564617,0.000555247084952804,0.000592263557282991,positive,36,True,tool_arguments|all_valid
S0163,tool_arguments,lcs_distance,max,exclude_reorder_only,ALL_VALID_PAIRS,task,mean,all_valid,ALL,0.14980230846229525,0.09331572526388082,0.21130214423577903,0.000555247084952804,0.000592263557282991,positive,36,True,tool_arguments|all_valid
S0164,tool_arguments,lcs_distance,max,effective_calls_only,ALL_VALID_PAIRS,task,mean,all_valid,ALL,0.13053790921452166,0.08594806475780883,0.17662856471444335,0.000555247084952804,0.000592263557282991,positive,36,True,tool_arguments|all_valid
S0165,tool_arguments,lcs_distance,mean,all_calls,ALL_VALID_PAIRS,task,mean,all_valid,ALL,0.18745688351396317,0.11639329816269521,0.25774998691121676,0.000555247084952804,0.000592263557282991,positive,36,True,tool_arguments|all_valid
S0166,tool_arguments,lcs_distance,mean,remove_exact_duplicates,ALL_VALID_PAIRS,task,mean,all_valid,ALL,0.18716129194894052,0.11993260343750217,0.2562249639653089,0.000555247084952804,0.000592263557282991,positive,36,True,tool_arguments|all_valid
S0167,tool_arguments,lcs_distance,mean,collapse_consecutive_duplicates,ALL_VALID_PAIRS,task,mean,all_valid,ALL,0.1892024580310746,0.11690277112058214,0.2613203000981475,0.000555247084952804,0.000592263557282991,positive,36,True,tool_arguments|all_valid
S0168,tool_arguments,lcs_distance,mean,exclude_reorder_only,ALL_VALID_PAIRS,task,mean,all_valid,ALL,0.18792403220607365,0.11739776032416673,0.2605204863762727,0.000555247084952804,0.000592263557282991,positive,36,True,tool_arguments|all_valid
S0169,tool_arguments,lcs_distance,mean,effective_calls_only,ALL_VALID_PAIRS,task,mean,all_valid,ALL,0.17551162440029247,0.1130140670089706,0.24253266183296396,0.000555247084952804,0.000592263557282991,positive,36,True,tool_arguments|all_valid
S0170,tool_arguments,lcs_distance,reference,all_calls,ALL_VALID_PAIRS,task,mean,all_valid,ALL,0.3037395252965671,0.1776469478514397,0.4510640871472007,0.000555247084952804,0.000592263557282991,positive,36,True,tool_arguments|all_valid
S0171,tool_arguments,lcs_distance,reference,remove_exact_duplicates,ALL_VALID_PAIRS,task,mean,all_valid,ALL,0.2986016374491205,0.1783764849450689,0.44381846160331734,0.000555247084952804,0.000592263557282991,positive,36,True,tool_arguments|all_valid
S0172,tool_arguments,lcs_distance,reference,collapse_consecutive_duplicates,ALL_VALID_PAIRS,task,mean,all_valid,ALL,0.3042080359374635,0.183477709467725,0.4543351450927862,0.000555247084952804,0.000592263557282991,positive,36,True,tool_arguments|all_valid
S0173,tool_arguments,lcs_distance,reference,exclude_reorder_only,ALL_VALID_PAIRS,task,mean,all_valid,ALL,0.30402194931973187,0.18711233436465527,0.4467421401670509,0.000555247084952804,0.000592263557282991,positive,36,True,tool_arguments|all_valid
S0174,tool_arguments,lcs_distance,reference,effective_calls_only,ALL_VALID_PAIRS,task,mean,all_valid,ALL,0.34441570153226375,0.20000996737176968,0.5135262541818465,0.000555247084952804,0.000592263557282991,positive,36,True,tool_arguments|all_valid
S0175,tool_arguments,lcs_distance,none,all_calls,ALL_VALID_PAIRS,task,mean,all_valid,ALL,1.4358024691358025,0.8663302469135803,2.0714012345679014,0.000555247084952804,0.000592263557282991,positive,36,True,tool_arguments|all_valid
S0176,tool_arguments,lcs_distance,none,remove_exact_duplicates,ALL_VALID_PAIRS,task,mean,all_valid,ALL,1.3881172839506173,0.8475871913580246,1.9548896604938266,0.001110494169905608,0.0011182598634014516,positive,36,True,tool_arguments|all_valid
S0177,tool_arguments,lcs_distance,none,collapse_consecutive_duplicates,ALL_VALID_PAIRS,task,mean,all_valid,ALL,1.4780246913580246,0.9307746913580249,2.0894567901234566,0.000555247084952804,0.000592263557282991,positive,36,True,tool_arguments|all_valid
S0178,tool_arguments,lcs_distance,none,exclude_reorder_only,ALL_VALID_PAIRS,task,mean,all_valid,ALL,1.4409921971033082,0.8324926179787289,2.0631934156378597,0.000555247084952804,0.000592263557282991,positive,36,True,tool_arguments|all_valid
S0179,tool_arguments,lcs_distance,none,effective_calls_only,ALL_VALID_PAIRS,task,mean,all_valid,ALL,1.11820987654321,0.6943101851851854,1.5518117283950614,0.000555247084952804,0.000592263557282991,positive,36,True,tool_arguments|all_valid
S0180,tool_arguments,jaccard,max,all_calls,ALL_VALID_PAIRS,task,mean,all_valid,ALL,0.10662881056503017,0.06976117945151761,0.14448616973433204,0.000555247084952804,0.000592263557282991,positive,36,True,tool_arguments|all_valid
S0181,tool_arguments,jaccard,max,remove_exact_duplicates,ALL_VALID_PAIRS,task,mean,all_valid,ALL,0.10662881056503017,0.06841951324534543,0.14569715144406117,0.000555247084952804,0.000592263557282991,positive,36,True,tool_arguments|all_valid
S0182,tool_arguments,jaccard,max,collapse_consecutive_duplicates,ALL_VALID_PAIRS,task,mean,all_valid,ALL,0.10662881056503017,0.06872528818533252,0.1435515434576408,0.000555247084952804,0.000592263557282991,positive,36,True,tool_arguments|all_valid
S0183,tool_arguments,jaccard,max,exclude_reorder_only,ALL_VALID_PAIRS,task,mean,all_valid,ALL,0.1076782240858943,0.07169213868021189,0.14659524871245153,0.000555247084952804,0.000592263557282991,positive,36,True,tool_arguments|all_valid
S0184,tool_arguments,jaccard,max,effective_calls_only,ALL_VALID_PAIRS,task,mean,all_valid,ALL,0.10176362185206073,0.06609352088476278,0.1394576003911763,0.000555247084952804,0.000592263557282991,positive,36,True,tool_arguments|all_valid
S0185,tool_arguments,jaccard,mean,all_calls,ALL_VALID_PAIRS,task,mean,all_valid,ALL,0.10662881056503017,0.06995160921366207,0.14606686731666582,0.000555247084952804,0.000592263557282991,positive,36,True,tool_arguments|all_valid
S0186,tool_arguments,jaccard,mean,remove_exact_duplicates,ALL_VALID_PAIRS,task,mean,all_valid,ALL,0.10662881056503017,0.07010179139464945,0.14608035560881852,0.000555247084952804,0.000592263557282991,positive,36,True,tool_arguments|all_valid
S0187,tool_arguments,jaccard,mean,collapse_consecutive_duplicates,ALL_VALID_PAIRS,task,mean,all_valid,ALL,0.10662881056503017,0.06975250588011402,0.14551315796377087,0.000555247084952804,0.000592263557282991,positive,36,True,tool_arguments|all_valid
S0188,tool_arguments,jaccard,mean,exclude_reorder_only,ALL_VALID_PAIRS,task,mean,all_valid,ALL,0.1076782240858943,0.07144621360939082,0.14622644433338544,0.000555247084952804,0.000592263557282991,positive,36,True,tool_arguments|all_valid
S0189,tool_arguments,jaccard,mean,effective_calls_only,ALL_VALID_PAIRS,task,mean,all_valid,ALL,0.10176362185206073,0.06332630910717059,0.13966736185701548,0.000555247084952804,0.000592263557282991,positive,36,True,tool_arguments|all_valid
S0190,tool_arguments,jaccard,reference,all_calls,ALL_VALID_PAIRS,task,mean,all_valid,ALL,0.10662881056503017,0.06796617285268089,0.14641153661230447,0.000555247084952804,0.000592263557282991,positive,36,True,tool_arguments|all_valid
S0191,tool_arguments,jaccard,reference,remove_exact_duplicates,ALL_VALID_PAIRS,task,mean,all_valid,ALL,0.10662881056503017,0.06956005807563764,0.14554948495207523,0.000555247084952804,0.000592263557282991,positive,36,True,tool_arguments|all_valid
S0192,tool_arguments,jaccard,reference,collapse_consecutive_duplicates,ALL_VALID_PAIRS,task,mean,all_valid,ALL,0.10662881056503017,0.06678269402842979,0.14510472268786417,0.000555247084952804,0.000592263557282991,positive,36,True,tool_arguments|all_valid
S0193,tool_arguments,jaccard,reference,exclude_reorder_only,ALL_VALID_PAIRS,task,mean,all_valid,ALL,0.1076782240858943,0.07109417834597104,0.14486232720504502,0.000555247084952804,0.000592263557282991,positive,36,True,tool_arguments|all_valid
S0194,tool_arguments,jaccard,reference,effective_calls_only,ALL_VALID_PAIRS,task,mean,all_valid,ALL,0.10176362185206073,0.06465619074480318,0.13657543890100296,0.000555247084952804,0.000592263557282991,positive,36,True,tool_arguments|all_valid
S0195,tool_arguments,jaccard,none,all_calls,ALL_VALID_PAIRS,task,mean,all_valid,ALL,0.10662881056503017,0.0663813299652956,0.14394010589612144,0.000555247084952804,0.000592263557282991,positive,36,True,tool_arguments|all_valid
S0196,tool_arguments,jaccard,none,remove_exact_duplicates,ALL_VALID_PAIRS,task,mean,all_valid,ALL,0.10662881056503017,0.068194223037083,0.1447020676430187,0.000555247084952804,0.000592263557282991,positive,36,True,tool_arguments|all_valid
S0197,tool_arguments,jaccard,none,collapse_consecutive_duplicates,ALL_VALID_PAIRS,task,mean,all_valid,ALL,0.10662881056503017,0.07096276678850863,0.14569018265378395,0.000555247084952804,0.000592263557282991,positive,36,True,tool_arguments|all_valid
S0198,tool_arguments,jaccard,none,exclude_reorder_only,ALL_VALID_PAIRS,task,mean,all_valid,ALL,0.1076782240858943,0.0695975446512077,0.14559896233571848,0.000555247084952804,0.000592263557282991,positive,36,True,tool_arguments|all_valid
S0199,tool_arguments,jaccard,none,effective_calls_only,ALL_VALID_PAIRS,task,mean,all_valid,ALL,0.10176362185206073,0.06672620497157791,0.13742382563057182,0.000555247084952804,0.000592263557282991,positive,36,True,tool_arguments|all_valid
S0200,tool_arguments,weighted_edit,max,all_calls,ALL_VALID_PAIRS,task,mean,all_valid,ALL,0.1494815112896462,0.09571863247584887,0.20952674255098178,0.000555247084952804,0.000592263557282991,positive,36,True,tool_arguments|all_valid
S0201,tool_arguments,weighted_edit,max,remove_exact_duplicates,ALL_VALID_PAIRS,task,mean,all_valid,ALL,0.15114358618586426,0.09486339227286134,0.21038425128827826,0.000555247084952804,0.000592263557282991,positive,36,True,tool_arguments|all_valid
S0202,tool_arguments,weighted_edit,max,collapse_consecutive_duplicates,ALL_VALID_PAIRS,task,mean,all_valid,ALL,0.15185730832203367,0.0961927233752927,0.21172981939632265,0.000555247084952804,0.000592263557282991,positive,36,True,tool_arguments|all_valid
S0203,tool_arguments,weighted_edit,max,exclude_reorder_only,ALL_VALID_PAIRS,task,mean,all_valid,ALL,0.14980230846229525,0.09520270734240749,0.2146477829728743,0.000555247084952804,0.000592263557282991,positive,36,True,tool_arguments|all_valid
S0204,tool_arguments,weighted_edit,max,effective_calls_only,ALL_VALID_PAIRS,task,mean,all_valid,ALL,0.13053790921452166,0.08526872392853842,0.1760301737151012,0.000555247084952804,0.000592263557282991,positive,36,True,tool_arguments|all_valid
S0205,tool_arguments,weighted_edit,mean,all_calls,ALL_VALID_PAIRS,task,mean,all_valid,ALL,0.18745688351396317,0.12082132383192663,0.25835505519653973,0.000555247084952804,0.000592263557282991,positive,36,True,tool_arguments|all_valid
S0206,tool_arguments,weighted_edit,mean,remove_exact_duplicates,ALL_VALID_PAIRS,task,mean,all_valid,ALL,0.18716129194894052,0.11728859520339191,0.2619426593335855,0.000555247084952804,0.000592263557282991,positive,36,True,tool_arguments|all_valid
S0207,tool_arguments,weighted_edit,mean,collapse_consecutive_duplicates,ALL_VALID_PAIRS,task,mean,all_valid,ALL,0.1892024580310746,0.12117993881777166,0.2602914554272736,0.000555247084952804,0.000592263557282991,positive,36,True,tool_arguments|all_valid
S0208,tool_arguments,weighted_edit,mean,exclude_reorder_only,ALL_VALID_PAIRS,task,mean,all_valid,ALL,0.18792403220607365,0.11980119195099537,0.25990400804578856,0.000555247084952804,0.000592263557282991,positive,36,True,tool_arguments|all_valid
S0209,tool_arguments,weighted_edit,mean,effective_calls_only,ALL_VALID_PAIRS,task,mean,all_valid,ALL,0.17551162440029247,0.11201303257428909,0.2425040115207371,0.000555247084952804,0.000592263557282991,positive,36,True,tool_arguments|all_valid
S0210,tool_arguments,weighted_edit,reference,all_calls,ALL_VALID_PAIRS,task,mean,all_valid,ALL,0.3037395252965671,0.17846194725309372,0.46584064348681503,0.000555247084952804,0.000592263557282991,positive,36,True,tool_arguments|all_valid
S0211,tool_arguments,weighted_edit,reference,remove_exact_duplicates,ALL_VALID_PAIRS,task,mean,all_valid,ALL,0.2986016374491205,0.18195151408713234,0.44851253656228246,0.000555247084952804,0.000592263557282991,positive,36,True,tool_arguments|all_valid
S0212,tool_arguments,weighted_edit,reference,collapse_consecutive_duplicates,ALL_VALID_PAIRS,task,mean,all_valid,ALL,0.3042080359374635,0.18286729274126828,0.4585512490810487,0.000555247084952804,0.000592263557282991,positive,36,True,tool_arguments|all_valid
S0213,tool_arguments,weighted_edit,reference,exclude_reorder_only,ALL_VALID_PAIRS,task,mean,all_valid,ALL,0.30402194931973187,0.17998887841381367,0.4578155106030273,0.000555247084952804,0.000592263557282991,positive,36,True,tool_arguments|all_valid
S0214,tool_arguments,weighted_edit,reference,effective_calls_only,ALL_VALID_PAIRS,task,mean,all_valid,ALL,0.34441570153226375,0.1993900362451559,0.5094985559062091,0.000555247084952804,0.000592263557282991,positive,36,True,tool_arguments|all_valid
S0215,tool_arguments,weighted_edit,none,all_calls,ALL_VALID_PAIRS,task,mean,all_valid,ALL,1.4358024691358025,0.8419120370370368,2.057981481481481,0.000555247084952804,0.000592263557282991,positive,36,True,tool_arguments|all_valid
S0216,tool_arguments,weighted_edit,none,remove_exact_duplicates,ALL_VALID_PAIRS,task,mean,all_valid,ALL,1.3881172839506173,0.8504606481481481,1.9976350308641972,0.000555247084952804,0.000592263557282991,positive,36,True,tool_arguments|all_valid
S0217,tool_arguments,weighted_edit,none,collapse_consecutive_duplicates,ALL_VALID_PAIRS,task,mean,all_valid,ALL,1.4780246913580246,0.9147885802469136,2.1175910493827157,0.000555247084952804,0.000592263557282991,positive,36,True,tool_arguments|all_valid
S0218,tool_arguments,weighted_edit,none,exclude_reorder_only,ALL_VALID_PAIRS,task,mean,all_valid,ALL,1.4409921971033082,0.8365471848110737,2.0682822069905384,0.000555247084952804,0.000592263557282991,positive,36,True,tool_arguments|all_valid
S0219,tool_arguments,weighted_edit,none,effective_calls_only,ALL_VALID_PAIRS,task,mean,all_valid,ALL,1.11820987654321,0.7203148148148147,1.5403703703703695,0.000555247084952804,0.000592263557282991,positive,36,True,tool_arguments|all_valid
S0220,tool_arguments,argument_aware,max,all_calls,ALL_VALID_PAIRS,task,mean,all_valid,ALL,0.11184566472826932,0.07613772624734637,0.15029449809752018,0.000555247084952804,0.000592263557282991,positive,36,True,tool_arguments|all_valid
S0221,tool_arguments,argument_aware,max,remove_exact_duplicates,ALL_VALID_PAIRS,task,mean,all_valid,ALL,0.11134677173226147,0.07292447699444923,0.15003196592533793,0.000555247084952804,0.000592263557282991,positive,36,True,tool_arguments|all_valid
S0222,tool_arguments,argument_aware,max,collapse_consecutive_duplicates,ALL_VALID_PAIRS,task,mean,all_valid,ALL,0.11309320528381638,0.0766313507614963,0.15132623737884043,0.000555247084952804,0.000592263557282991,positive,36,True,tool_arguments|all_valid
S0223,tool_arguments,argument_aware,max,exclude_reorder_only,ALL_VALID_PAIRS,task,mean,all_valid,ALL,0.11197003332948977,0.07459403446874302,0.15258504352752772,0.000555247084952804,0.000592263557282991,positive,36,True,tool_arguments|all_valid
S0224,tool_arguments,argument_aware,max,effective_calls_only,ALL_VALID_PAIRS,task,mean,all_valid,ALL,0.10434344235995742,0.06730535022811873,0.14001713240344743,0.000555247084952804,0.000592263557282991,positive,36,True,tool_arguments|all_valid
S0225,tool_arguments,argument_aware,mean,all_calls,ALL_VALID_PAIRS,task,mean,all_valid,ALL,0.14343466662279508,0.08762149242022439,0.19658967853892567,0.000555247084952804,0.000592263557282991,positive,36,True,tool_arguments|all_valid
S0226,tool_arguments,argument_aware,mean,remove_exact_duplicates,ALL_VALID_PAIRS,task,mean,all_valid,ALL,0.14084662564616643,0.0898910016168859,0.195460033613213,0.000555247084952804,0.000592263557282991,positive,36,True,tool_arguments|all_valid
S0227,tool_arguments,argument_aware,mean,collapse_consecutive_duplicates,ALL_VALID_PAIRS,task,mean,all_valid,ALL,0.14384716751049667,0.08879089666504252,0.20125979415619955,0.000555247084952804,0.000592263557282991,positive,36,True,tool_arguments|all_valid
S0228,tool_arguments,argument_aware,mean,exclude_reorder_only,ALL_VALID_PAIRS,task,mean,all_valid,ALL,0.14370552257583863,0.0873157245181003,0.19732077097985468,0.000555247084952804,0.000592263557282991,positive,36,True,tool_arguments|all_valid
S0229,tool_arguments,argument_aware,mean,effective_calls_only,ALL_VALID_PAIRS,task,mean,all_valid,ALL,0.14391950242915785,0.08273419202627705,0.20837395790019403,0.000555247084952804,0.000592263557282991,positive,36,True,tool_arguments|all_valid
S0230,tool_arguments,argument_aware,reference,all_calls,ALL_VALID_PAIRS,task,mean,all_valid,ALL,0.24814068901507114,0.13995193734107292,0.3824534892489977,0.000555247084952804,0.000592263557282991,positive,36,True,tool_arguments|all_valid
S0231,tool_arguments,argument_aware,reference,remove_exact_duplicates,ALL_VALID_PAIRS,task,mean,all_valid,ALL,0.2408972870829437,0.12785944569332647,0.3738046602202271,0.000555247084952804,0.000592263557282991,positive,36,True,tool_arguments|all_valid
S0232,tool_arguments,argument_aware,reference,collapse_consecutive_duplicates,ALL_VALID_PAIRS,task,mean,all_valid,ALL,0.24679151194244633,0.1406923820656934,0.38473227677477906,0.000555247084952804,0.000592263557282991,positive,36,True,tool_arguments|all_valid
S0233,tool_arguments,argument_aware,reference,exclude_reorder_only,ALL_VALID_PAIRS,task,mean,all_valid,ALL,0.24825883355914163,0.13450866607937273,0.3838738424703012,0.000555247084952804,0.000592263557282991,positive,36,True,tool_arguments|all_valid
S0234,tool_arguments,argument_aware,reference,effective_calls_only,ALL_VALID_PAIRS,task,mean,all_valid,ALL,0.3003501879174752,0.16057384517869194,0.4746586631083805,0.000555247084952804,0.000592263557282991,positive,36,True,tool_arguments|all_valid
S0235,tool_arguments,argument_aware,none,all_calls,ALL_VALID_PAIRS,task,mean,all_valid,ALL,1.1217592592592593,0.6386157407407407,1.5940324074074061,0.001110494169905608,0.0011182598634014516,positive,36,True,tool_arguments|all_valid
S0236,tool_arguments,argument_aware,none,remove_exact_duplicates,ALL_VALID_PAIRS,task,mean,all_valid,ALL,1.037222222222222,0.6032916666666667,1.4572685185185172,0.000555247084952804,0.000592263557282991,positive,36,True,tool_arguments|all_valid
S0237,tool_arguments,argument_aware,none,collapse_consecutive_duplicates,ALL_VALID_PAIRS,task,mean,all_valid,ALL,1.1299074074074074,0.6843425925925927,1.6119768518518516,0.000555247084952804,0.000592263557282991,positive,36,True,tool_arguments|all_valid
S0238,tool_arguments,argument_aware,none,exclude_reorder_only,ALL_VALID_PAIRS,task,mean,all_valid,ALL,1.1252668216557107,0.6727372000427555,1.6408632923146813,0.001110494169905608,0.0011182598634014516,positive,36,True,tool_arguments|all_valid
S0239,tool_arguments,argument_aware,none,effective_calls_only,ALL_VALID_PAIRS,task,mean,all_valid,ALL,0.8579938271604939,0.5042685185185185,1.2207777777777782,0.000555247084952804,0.000592263557282991,positive,36,True,tool_arguments|all_valid
S0240,stage,normalized_levenshtein,max,all_calls,ALL_VALID_PAIRS,task,mean,all_valid,ALL,0.09185618553644778,0.056394373482199105,0.1314415303007928,0.000555247084952804,0.000634568097088919,positive,36,True,stage|all_valid
S0241,stage,normalized_levenshtein,max,remove_exact_duplicates,ALL_VALID_PAIRS,task,mean,all_valid,ALL,0.09128185742809627,0.055960223916146475,0.1270056278380706,0.000555247084952804,0.000634568097088919,positive,36,True,stage|all_valid
S0242,stage,normalized_levenshtein,max,collapse_consecutive_duplicates,ALL_VALID_PAIRS,task,mean,all_valid,ALL,0.09281114838506531,0.05745521498897757,0.13124866685427666,0.000555247084952804,0.000634568097088919,positive,36,True,stage|all_valid
S0243,stage,normalized_levenshtein,max,exclude_reorder_only,ALL_VALID_PAIRS,task,mean,all_valid,ALL,0.09245832613185437,0.058526286962238036,0.12912203569907613,0.000555247084952804,0.000634568097088919,positive,36,True,stage|all_valid
S0244,stage,normalized_levenshtein,max,effective_calls_only,ALL_VALID_PAIRS,task,mean,all_valid,ALL,0.08806150227983003,0.05243882424321492,0.12417551771276458,0.000555247084952804,0.000634568097088919,positive,36,True,stage|all_valid
S0245,stage,normalized_levenshtein,mean,all_calls,ALL_VALID_PAIRS,task,mean,all_valid,ALL,0.11888958285332879,0.06536790347326456,0.17491269413603597,0.000555247084952804,0.000634568097088919,positive,36,True,stage|all_valid
S0246,stage,normalized_levenshtein,mean,remove_exact_duplicates,ALL_VALID_PAIRS,task,mean,all_valid,ALL,0.11600635988995465,0.06627160212421249,0.17621560967642655,0.001110494169905608,0.0011504400033554502,positive,36,True,stage|all_valid
S0247,stage,normalized_levenshtein,mean,collapse_consecutive_duplicates,ALL_VALID_PAIRS,task,mean,all_valid,ALL,0.1187810786881236,0.06881720266702586,0.173683615615236,0.000555247084952804,0.000634568097088919,positive,36,True,stage|all_valid
S0248,stage,normalized_levenshtein,mean,exclude_reorder_only,ALL_VALID_PAIRS,task,mean,all_valid,ALL,0.11958063464567374,0.07033503462629613,0.1770463569425775,0.000555247084952804,0.000634568097088919,positive,36,True,stage|all_valid
S0249,stage,normalized_levenshtein,mean,effective_calls_only,ALL_VALID_PAIRS,task,mean,all_valid,ALL,0.12354714671199031,0.06293278912443033,0.19060766119227296,0.000555247084952804,0.000634568097088919,positive,36,True,stage|all_valid
S0250,stage,normalized_levenshtein,reference,all_calls,ALL_VALID_PAIRS,task,mean,all_valid,ALL,0.2198164483977355,0.10568994738370588,0.3523989864103386,0.000555247084952804,0.000634568097088919,positive,36,True,stage|all_valid
S0251,stage,normalized_levenshtein,reference,remove_exact_duplicates,ALL_VALID_PAIRS,task,mean,all_valid,ALL,0.21166462325503346,0.09998586584671586,0.3522502489102782,0.000555247084952804,0.000634568097088919,positive,36,True,stage|all_valid
S0252,stage,normalized_levenshtein,reference,collapse_consecutive_duplicates,ALL_VALID_PAIRS,task,mean,all_valid,ALL,0.21740575285387004,0.10564907031142519,0.35072198721959963,0.000555247084952804,0.000634568097088919,positive,36,True,stage|all_valid
S0253,stage,normalized_levenshtein,reference,exclude_reorder_only,ALL_VALID_PAIRS,task,mean,all_valid,ALL,0.22046923269256524,0.10081180891025741,0.351942242877321,0.000555247084952804,0.000634568097088919,positive,36,True,stage|all_valid
S0254,stage,normalized_levenshtein,reference,effective_calls_only,ALL_VALID_PAIRS,task,mean,all_valid,ALL,0.27590396810881473,0.12581996187634303,0.4311112355724898,0.000555247084952804,0.000634568097088919,positive,36,True,stage|all_valid
S0255,stage,normalized_levenshtein,none,all_calls,ALL_VALID_PAIRS,task,mean,all_valid,ALL,0.9041358024691356,0.49302777777777784,1.302432098765432,0.000555247084952804,0.000634568097088919,positive,36,True,stage|all_valid
S0256,stage,normalized_levenshtein,none,remove_exact_duplicates,ALL_VALID_PAIRS,task,mean,all_valid,ALL,0.816141975308642,0.42851466049382714,1.1911419753086414,0.001110494169905608,0.0011504400033554502,positive,36,True,stage|all_valid
S0257,stage,normalized_levenshtein,none,collapse_consecutive_duplicates,ALL_VALID_PAIRS,task,mean,all_valid,ALL,0.8980246913580245,0.5164768518518518,1.3378549382716045,0.000555247084952804,0.000634568097088919,positive,36,True,stage|all_valid
S0258,stage,normalized_levenshtein,none,exclude_reorder_only,ALL_VALID_PAIRS,task,mean,all_valid,ALL,0.9120057052001496,0.49442917601945374,1.3550906635802462,0.000555247084952804,0.000634568097088919,positive,36,True,stage|all_valid
S0259,stage,normalized_levenshtein,none,effective_calls_only,ALL_VALID_PAIRS,task,mean,all_valid,ALL,0.680895061728395,0.3516087962962962,1.0077839506172834,0.000555247084952804,0.000634568097088919,positive,36,True,stage|all_valid
S0260,stage,raw_edit_count,max,all_calls,ALL_VALID_PAIRS,task,mean,all_valid,ALL,0.9041358024691356,0.5007268518518518,1.3295509259259248,0.000555247084952804,0.000634568097088919,positive,36,True,stage|all_valid
S0261,stage,raw_edit_count,max,remove_exact_duplicates,ALL_VALID_PAIRS,task,mean,all_valid,ALL,0.816141975308642,0.42503780864197543,1.2132785493827156,0.000555247084952804,0.000634568097088919,positive,36,True,stage|all_valid
S0262,stage,raw_edit_count,max,collapse_consecutive_duplicates,ALL_VALID_PAIRS,task,mean,all_valid,ALL,0.8980246913580245,0.48202777777777783,1.3345694444444445,0.000555247084952804,0.000634568097088919,positive,36,True,stage|all_valid
S0263,stage,raw_edit_count,max,exclude_reorder_only,ALL_VALID_PAIRS,task,mean,all_valid,ALL,0.9120057052001496,0.46996539468761683,1.3292723297792735,0.000555247084952804,0.000634568097088919,positive,36,True,stage|all_valid
S0264,stage,raw_edit_count,max,effective_calls_only,ALL_VALID_PAIRS,task,mean,all_valid,ALL,0.680895061728395,0.36496527777777776,1.0069745370370369,0.000555247084952804,0.000634568097088919,positive,36,True,stage|all_valid
S0265,stage,raw_edit_count,mean,all_calls,ALL_VALID_PAIRS,task,mean,all_valid,ALL,0.9041358024691356,0.47036574074074067,1.3229969135802466,0.000555247084952804,0.000634568097088919,positive,36,True,stage|all_valid
S0266,stage,raw_edit_count,mean,remove_exact_duplicates,ALL_VALID_PAIRS,task,mean,all_valid,ALL,0.816141975308642,0.4372507716049383,1.1870470679012344,0.001110494169905608,0.0011504400033554502,positive,36,True,stage|all_valid
S0267,stage,raw_edit_count,mean,collapse_consecutive_duplicates,ALL_VALID_PAIRS,task,mean,all_valid,ALL,0.8980246913580245,0.49175462962962974,1.3212361111111108,0.000555247084952804,0.000634568097088919,positive,36,True,stage|all_valid
S0268,stage,raw_edit_count,mean,exclude_reorder_only,ALL_VALID_PAIRS,task,mean,all_valid,ALL,0.9120057052001496,0.49940768799102137,1.3118116933221098,0.000555247084952804,0.000634568097088919,positive,36,True,stage|all_valid
S0269,stage,raw_edit_count,mean,effective_calls_only,ALL_VALID_PAIRS,task,mean,all_valid,ALL,0.680895061728395,0.3701481481481482,1.006304012345679,0.000555247084952804,0.000634568097088919,positive,36,True,stage|all_valid
S0270,stage,raw_edit_count,reference,all_calls,ALL_VALID_PAIRS,task,mean,all_valid,ALL,0.9041358024691356,0.5033904320987656,1.327398148148148,0.000555247084952804,0.000634568097088919,positive,36,True,stage|all_valid
S0271,stage,raw_edit_count,reference,remove_exact_duplicates,ALL_VALID_PAIRS,task,mean,all_valid,ALL,0.816141975308642,0.46136651234567905,1.2076697530864193,0.000555247084952804,0.000634568097088919,positive,36,True,stage|all_valid
S0272,stage,raw_edit_count,reference,collapse_consecutive_duplicates,ALL_VALID_PAIRS,task,mean,all_valid,ALL,0.8980246913580245,0.48460648148148155,1.3276836419753086,0.000555247084952804,0.000634568097088919,positive,36,True,stage|all_valid
S0273,stage,raw_edit_count,reference,exclude_reorder_only,ALL_VALID_PAIRS,task,mean,all_valid,ALL,0.9120057052001496,0.4930137018331462,1.3390064534231196,0.001110494169905608,0.0011504400033554502,positive,36,True,stage|all_valid
S0274,stage,raw_edit_count,reference,effective_calls_only,ALL_VALID_PAIRS,task,mean,all_valid,ALL,0.680895061728395,0.3658310185185186,1.0096288580246906,0.000555247084952804,0.000634568097088919,positive,36,True,stage|all_valid
S0275,stage,raw_edit_count,none,all_calls,ALL_VALID_PAIRS,task,mean,all_valid,ALL,0.9041358024691356,0.49274228395061725,1.3206728395061726,0.000555247084952804,0.000634568097088919,positive,36,True,stage|all_valid
S0276,stage,raw_edit_count,none,remove_exact_duplicates,ALL_VALID_PAIRS,task,mean,all_valid,ALL,0.816141975308642,0.45226929012345685,1.2010270061728394,0.000555247084952804,0.000634568097088919,positive,36,True,stage|all_valid
S0277,stage,raw_edit_count,none,collapse_consecutive_duplicates,ALL_VALID_PAIRS,task,mean,all_valid,ALL,0.8980246913580245,0.512219135802469,1.3372314814814814,0.000555247084952804,0.000634568097088919,positive,36,True,stage|all_valid
S0278,stage,raw_edit_count,none,exclude_reorder_only,ALL_VALID_PAIRS,task,mean,all_valid,ALL,0.9120057052001496,0.48245574962588844,1.3445682636550689,0.000555247084952804,0.000634568097088919,positive,36,True,stage|all_valid
S0279,stage,raw_edit_count,none,effective_calls_only,ALL_VALID_PAIRS,task,mean,all_valid,ALL,0.680895061728395,0.3686010802469135,1.0048279320987654,0.000555247084952804,0.000634568097088919,positive,36,True,stage|all_valid
S0280,stage,lcs_distance,max,all_calls,ALL_VALID_PAIRS,task,mean,all_valid,ALL,0.11802385577261375,0.07034723784286707,0.17369122632610284,0.000555247084952804,0.000634568097088919,positive,36,True,stage|all_valid
S0281,stage,lcs_distance,max,remove_exact_duplicates,ALL_VALID_PAIRS,task,mean,all_valid,ALL,0.11957247173278374,0.0698840895348504,0.17571655982404874,0.000555247084952804,0.000634568097088919,positive,36,True,stage|all_valid
S0282,stage,lcs_distance,max,collapse_consecutive_duplicates,ALL_VALID_PAIRS,task,mean,all_valid,ALL,0.12090308096120712,0.07014278874894594,0.17840783535073917,0.000555247084952804,0.000634568097088919,positive,36,True,stage|all_valid
S0283,stage,lcs_distance,max,exclude_reorder_only,ALL_VALID_PAIRS,task,mean,all_valid,ALL,0.11864960296001918,0.0709933196785643,0.17635078716235195,0.000555247084952804,0.000634568097088919,positive,36,True,stage|all_valid
S0284,stage,lcs_distance,max,effective_calls_only,ALL_VALID_PAIRS,task,mean,all_valid,ALL,0.10658636883225311,0.06764718638491529,0.1482181711399679,0.000555247084952804,0.000634568097088919,positive,36,True,stage|all_valid
S0285,stage,lcs_distance,mean,all_calls,ALL_VALID_PAIRS,task,mean,all_valid,ALL,0.14857446611504588,0.08330970275884958,0.21601949292848024,0.000555247084952804,0.000634568097088919,positive,36,True,stage|all_valid
S0286,stage,lcs_distance,mean,remove_exact_duplicates,ALL_VALID_PAIRS,task,mean,all_valid,ALL,0.14791869770066624,0.08141452862257846,0.21908877721378317,0.000555247084952804,0.000634568097088919,positive,36,True,stage|all_valid
S0287,stage,lcs_distance,mean,collapse_consecutive_duplicates,ALL_VALID_PAIRS,task,mean,all_valid,ALL,0.15048031828200584,0.08502005345346356,0.21935121870398086,0.000555247084952804,0.000634568097088919,positive,36,True,stage|all_valid
S0288,stage,lcs_distance,mean,exclude_reorder_only,ALL_VALID_PAIRS,task,mean,all_valid,ALL,0.14929934800273306,0.08625183464361401,0.2171463912054498,0.000555247084952804,0.000634568097088919,positive,36,True,stage|all_valid
S0289,stage,lcs_distance,mean,effective_calls_only,ALL_VALID_PAIRS,task,mean,all_valid,ALL,0.14485323850648013,0.08412561920464304,0.21018109216907452,0.000555247084952804,0.000634568097088919,positive,36,True,stage|all_valid
S0290,stage,lcs_distance,reference,all_calls,ALL_VALID_PAIRS,task,mean,all_valid,ALL,0.25820867937673136,0.13029595086902335,0.4012823337354303,0.000555247084952804,0.000634568097088919,positive,36,True,stage|all_valid
S0291,stage,lcs_distance,reference,remove_exact_duplicates,ALL_VALID_PAIRS,task,mean,all_valid,ALL,0.2515250010714572,0.12788527185021245,0.4050694805533125,0.000555247084952804,0.000634568097088919,positive,36,True,stage|all_valid
S0292,stage,lcs_distance,reference,collapse_consecutive_duplicates,ALL_VALID_PAIRS,task,mean,all_valid,ALL,0.25784642047852474,0.13521587770511379,0.40725507642783004,0.000555247084952804,0.000634568097088919,positive,36,True,stage|all_valid
S0293,stage,lcs_distance,reference,exclude_reorder_only,ALL_VALID_PAIRS,task,mean,all_valid,ALL,0.2588957853792835,0.13626580310791916,0.40106737072790516,0.000555247084952804,0.000634568097088919,positive,36,True,stage|all_valid
S0294,stage,lcs_distance,reference,effective_calls_only,ALL_VALID_PAIRS,task,mean,all_valid,ALL,0.30577146300366487,0.1603139522888802,0.47437907546988,0.000555247084952804,0.000634568097088919,positive,36,True,stage|all_valid
S0295,stage,lcs_distance,none,all_calls,ALL_VALID_PAIRS,task,mean,all_valid,ALL,1.0837654320987655,0.5673194444444446,1.5971867283950616,0.000555247084952804,0.000634568097088919,positive,36,True,stage|all_valid
S0296,stage,lcs_distance,none,remove_exact_duplicates,ALL_VALID_PAIRS,task,mean,all_valid,ALL,1.0266358024691358,0.5709243827160493,1.4931651234567889,0.000555247084952804,0.000634568097088919,positive,36,True,stage|all_valid
S0297,stage,lcs_distance,none,collapse_consecutive_duplicates,ALL_VALID_PAIRS,task,mean,all_valid,ALL,1.1059876543209874,0.6251712962962963,1.5916635802469132,0.000555247084952804,0.000634568097088919,positive,36,True,stage|all_valid
S0298,stage,lcs_distance,none,exclude_reorder_only,ALL_VALID_PAIRS,task,mean,all_valid,ALL,1.0922423307145528,0.5970180041152263,1.5863499696034413,0.000555247084952804,0.000634568097088919,positive,36,True,stage|all_valid
S0299,stage,lcs_distance,none,effective_calls_only,ALL_VALID_PAIRS,task,mean,all_valid,ALL,0.8326543209876545,0.4748117283950617,1.1794675925925926,0.000555247084952804,0.000634568097088919,positive,36,True,stage|all_valid
S0300,stage,jaccard,max,all_calls,ALL_VALID_PAIRS,task,mean,all_valid,ALL,0.0806388888888889,0.045904012345679,0.11776381172839506,0.000555247084952804,0.000634568097088919,positive,36,True,stage|all_valid
S0301,stage,jaccard,max,remove_exact_duplicates,ALL_VALID_PAIRS,task,mean,all_valid,ALL,0.08390483539094651,0.051087499999999994,0.11961517489711934,0.000555247084952804,0.000634568097088919,positive,36,True,stage|all_valid
S0302,stage,jaccard,max,collapse_consecutive_duplicates,ALL_VALID_PAIRS,task,mean,all_valid,ALL,0.08228086419753088,0.048236882716049374,0.11692469135802465,0.000555247084952804,0.000634568097088919,positive,36,True,stage|all_valid
S0303,stage,jaccard,max,exclude_reorder_only,ALL_VALID_PAIRS,task,mean,all_valid,ALL,0.08209807956104254,0.04827803497942385,0.12068630440204513,0.000555247084952804,0.000634568097088919,positive,36,True,stage|all_valid
S0304,stage,jaccard,max,effective_calls_only,ALL_VALID_PAIRS,task,mean,all_valid,ALL,0.07990329218106997,0.04684853395061727,0.11671003086419751,0.000555247084952804,0.000634568097088919,positive,36,True,stage|all_valid
S0305,stage,jaccard,mean,all_calls,ALL_VALID_PAIRS,task,mean,all_valid,ALL,0.0806388888888889,0.047351851851851846,0.11818981481481473,0.000555247084952804,0.000634568097088919,positive,36,True,stage|all_valid
S0306,stage,jaccard,mean,remove_exact_duplicates,ALL_VALID_PAIRS,task,mean,all_valid,ALL,0.08390483539094651,0.05056682098765431,0.11953840020576129,0.000555247084952804,0.000634568097088919,positive,36,True,stage|all_valid
S0307,stage,jaccard,mean,collapse_consecutive_duplicates,ALL_VALID_PAIRS,task,mean,all_valid,ALL,0.08228086419753088,0.04991782407407406,0.11996064814814814,0.000555247084952804,0.000634568097088919,positive,36,True,stage|all_valid
S0308,stage,jaccard,mean,exclude_reorder_only,ALL_VALID_PAIRS,task,mean,all_valid,ALL,0.08209807956104254,0.05024978683439331,0.11955910065157749,0.000555247084952804,0.000634568097088919,positive,36,True,stage|all_valid
S0309,stage,jaccard,mean,effective_calls_only,ALL_VALID_PAIRS,task,mean,all_valid,ALL,0.07990329218106997,0.046484182098765425,0.11801630658436213,0.000555247084952804,0.000634568097088919,positive,36,True,stage|all_valid
S0310,stage,jaccard,reference,all_calls,ALL_VALID_PAIRS,task,mean,all_valid,ALL,0.0806388888888889,0.04764012345679011,0.11644143518518517,0.000555247084952804,0.000634568097088919,positive,36,True,stage|all_valid
S0311,stage,jaccard,reference,remove_exact_duplicates,ALL_VALID_PAIRS,task,mean,all_valid,ALL,0.08390483539094651,0.051385262345679,0.11789102366255143,0.000555247084952804,0.000634568097088919,positive,36,True,stage|all_valid
S0312,stage,jaccard,reference,collapse_consecutive_duplicates,ALL_VALID_PAIRS,task,mean,all_valid,ALL,0.08228086419753088,0.04716003086419752,0.11954745370370369,0.000555247084952804,0.000634568097088919,positive,36,True,stage|all_valid
S0313,stage,jaccard,reference,exclude_reorder_only,ALL_VALID_PAIRS,task,mean,all_valid,ALL,0.08209807956104254,0.05078928482354406,0.11687707904663919,0.000555247084952804,0.000634568097088919,positive,36,True,stage|all_valid
S0314,stage,jaccard,reference,effective_calls_only,ALL_VALID_PAIRS,task,mean,all_valid,ALL,0.07990329218106997,0.04610061728395061,0.11689238683127572,0.000555247084952804,0.000634568097088919,positive,36,True,stage|all_valid
S0315,stage,jaccard,none,all_calls,ALL_VALID_PAIRS,task,mean,all_valid,ALL,0.0806388888888889,0.04684591049382715,0.1155861882716049,0.000555247084952804,0.000634568097088919,positive,36,True,stage|all_valid
S0316,stage,jaccard,none,remove_exact_duplicates,ALL_VALID_PAIRS,task,mean,all_valid,ALL,0.08390483539094651,0.05061203703703703,0.118070228909465,0.000555247084952804,0.000634568097088919,positive,36,True,stage|all_valid
S0317,stage,jaccard,none,collapse_consecutive_duplicates,ALL_VALID_PAIRS,task,mean,all_valid,ALL,0.08228086419753088,0.04893703703703703,0.11844699074074076,0.000555247084952804,0.000634568097088919,positive,36,True,stage|all_valid
S0318,stage,jaccard,none,exclude_reorder_only,ALL_VALID_PAIRS,task,mean,all_valid,ALL,0.08209807956104254,0.049751283670033654,0.11907583200835514,0.000555247084952804,0.000634568097088919,positive,36,True,stage|all_valid
S0319,stage,jaccard,none,effective_calls_only,ALL_VALID_PAIRS,task,mean,all_valid,ALL,0.07990329218106997,0.04379158950617284,0.11653374485596703,0.000555247084952804,0.000634568097088919,positive,36,True,stage|all_valid
S0320,stage,weighted_edit,max,all_calls,ALL_VALID_PAIRS,task,mean,all_valid,ALL,0.11802385577261375,0.07025239125813415,0.17504712032574546,0.000555247084952804,0.000634568097088919,positive,36,True,stage|all_valid
S0321,stage,weighted_edit,max,remove_exact_duplicates,ALL_VALID_PAIRS,task,mean,all_valid,ALL,0.11957247173278374,0.06974053792432851,0.17776146186214556,0.000555247084952804,0.000634568097088919,positive,36,True,stage|all_valid
S0322,stage,weighted_edit,max,collapse_consecutive_duplicates,ALL_VALID_PAIRS,task,mean,all_valid,ALL,0.12090308096120712,0.06882325557693712,0.1792162687845706,0.000555247084952804,0.000634568097088919,positive,36,True,stage|all_valid
S0323,stage,weighted_edit,max,exclude_reorder_only,ALL_VALID_PAIRS,task,mean,all_valid,ALL,0.11864960296001918,0.07004361099522838,0.17262395572433628,0.000555247084952804,0.000634568097088919,positive,36,True,stage|all_valid
S0324,stage,weighted_edit,max,effective_calls_only,ALL_VALID_PAIRS,task,mean,all_valid,ALL,0.10658636883225311,0.06790833035949406,0.1509018638974757,0.000555247084952804,0.000634568097088919,positive,36,True,stage|all_valid
S0325,stage,weighted_edit,mean,all_calls,ALL_VALID_PAIRS,task,mean,all_valid,ALL,0.14857446611504588,0.08801328221581854,0.21628981343471787,0.000555247084952804,0.000634568097088919,positive,36,True,stage|all_valid
S0326,stage,weighted_edit,mean,remove_exact_duplicates,ALL_VALID_PAIRS,task,mean,all_valid,ALL,0.14791869770066624,0.08037082752439666,0.22235688481306776,0.000555247084952804,0.000634568097088919,positive,36,True,stage|all_valid
S0327,stage,weighted_edit,mean,collapse_consecutive_duplicates,ALL_VALID_PAIRS,task,mean,all_valid,ALL,0.15048031828200584,0.0864485743574992,0.21823038097994635,0.000555247084952804,0.000634568097088919,positive,36,True,stage|all_valid
S0328,stage,weighted_edit,mean,exclude_reorder_only,ALL_VALID_PAIRS,task,mean,all_valid,ALL,0.14929934800273306,0.08726647462306737,0.21747721472582765,0.000555247084952804,0.000634568097088919,positive,36,True,stage|all_valid
S0329,stage,weighted_edit,mean,effective_calls_only,ALL_VALID_PAIRS,task,mean,all_valid,ALL,0.14485323850648013,0.083103096237978,0.21358397065169688,0.000555247084952804,0.000634568097088919,positive,36,True,stage|all_valid
S0330,stage,weighted_edit,reference,all_calls,ALL_VALID_PAIRS,task,mean,all_valid,ALL,0.25820867937673136,0.1332280719647079,0.4171044801309715,0.001110494169905608,0.0011504400033554502,positive,36,True,stage|all_valid
S0331,stage,weighted_edit,reference,remove_exact_duplicates,ALL_VALID_PAIRS,task,mean,all_valid,ALL,0.2515250010714572,0.12353392387310269,0.40723389311165237,0.000555247084952804,0.000634568097088919,positive,36,True,stage|all_valid
S0332,stage,weighted_edit,reference,collapse_consecutive_duplicates,ALL_VALID_PAIRS,task,mean,all_valid,ALL,0.25784642047852474,0.13123291242324792,0.408041212912099,0.000555247084952804,0.000634568097088919,positive,36,True,stage|all_valid
S0333,stage,weighted_edit,reference,exclude_reorder_only,ALL_VALID_PAIRS,task,mean,all_valid,ALL,0.2588957853792835,0.13739444816069613,0.41392795550249134,0.000555247084952804,0.000634568097088919,positive,36,True,stage|all_valid
S0334,stage,weighted_edit,reference,effective_calls_only,ALL_VALID_PAIRS,task,mean,all_valid,ALL,0.30577146300366487,0.1625437887286066,0.48422908801354425,0.000555247084952804,0.000634568097088919,positive,36,True,stage|all_valid
S0335,stage,weighted_edit,none,all_calls,ALL_VALID_PAIRS,task,mean,all_valid,ALL,1.0837654320987655,0.5999444444444445,1.6188055555555554,0.000555247084952804,0.000634568097088919,positive,36,True,stage|all_valid
S0336,stage,weighted_edit,none,remove_exact_duplicates,ALL_VALID_PAIRS,task,mean,all_valid,ALL,1.0266358024691358,0.5988287037037038,1.4700532407407405,0.000555247084952804,0.000634568097088919,positive,36,True,stage|all_valid
S0337,stage,weighted_edit,none,collapse_consecutive_duplicates,ALL_VALID_PAIRS,task,mean,all_valid,ALL,1.1059876543209874,0.624912037037037,1.5916759259259257,0.000555247084952804,0.000634568097088919,positive,36,True,stage|all_valid
S0338,stage,weighted_edit,none,exclude_reorder_only,ALL_VALID_PAIRS,task,mean,all_valid,ALL,1.0922423307145528,0.5968785423681258,1.6197978745791244,0.000555247084952804,0.000634568097088919,positive,36,True,stage|all_valid
S0339,stage,weighted_edit,none,effective_calls_only,ALL_VALID_PAIRS,task,mean,all_valid,ALL,0.8326543209876545,0.49243981481481475,1.1745833333333329,0.000555247084952804,0.000634568097088919,positive,36,True,stage|all_valid
S0340,stage,argument_aware,max,all_calls,ALL_VALID_PAIRS,task,mean,all_valid,ALL,0.11184566472826932,0.07383456394453305,0.1517339139393424,0.000555247084952804,0.000634568097088919,positive,36,True,stage|all_valid
S0341,stage,argument_aware,max,remove_exact_duplicates,ALL_VALID_PAIRS,task,mean,all_valid,ALL,0.11134677173226147,0.07489117803394174,0.15102927369858943,0.000555247084952804,0.000634568097088919,positive,36,True,stage|all_valid
S0342,stage,argument_aware,max,collapse_consecutive_duplicates,ALL_VALID_PAIRS,task,mean,all_valid,ALL,0.11309320528381638,0.0749402316031395,0.1512256864796941,0.000555247084952804,0.000634568097088919,positive,36,True,stage|all_valid
S0343,stage,argument_aware,max,exclude_reorder_only,ALL_VALID_PAIRS,task,mean,all_valid,ALL,0.11266493131247696,0.07530805924909219,0.1511641951997952,0.000555247084952804,0.000634568097088919,positive,36,True,stage|all_valid
S0344,stage,argument_aware,max,effective_calls_only,ALL_VALID_PAIRS,task,mean,all_valid,ALL,0.10434344235995742,0.06781282344502651,0.1421064389540539,0.000555247084952804,0.000634568097088919,positive,36,True,stage|all_valid
S0345,stage,argument_aware,mean,all_calls,ALL_VALID_PAIRS,task,mean,all_valid,ALL,0.14343466662279508,0.08836379709977554,0.204172859493115,0.000555247084952804,0.000634568097088919,positive,36,True,stage|all_valid
S0346,stage,argument_aware,mean,remove_exact_duplicates,ALL_VALID_PAIRS,task,mean,all_valid,ALL,0.14084662564616643,0.0868967146152975,0.19664331020520964,0.000555247084952804,0.000634568097088919,positive,36,True,stage|all_valid
S0347,stage,argument_aware,mean,collapse_consecutive_duplicates,ALL_VALID_PAIRS,task,mean,all_valid,ALL,0.14384716751049667,0.08893053533683508,0.20131277964636182,0.000555247084952804,0.000634568097088919,positive,36,True,stage|all_valid
S0348,stage,argument_aware,mean,exclude_reorder_only,ALL_VALID_PAIRS,task,mean,all_valid,ALL,0.1443594634906692,0.09226515857937935,0.20019156562449344,0.000555247084952804,0.000634568097088919,positive,36,True,stage|all_valid
S0349,stage,argument_aware,mean,effective_calls_only,ALL_VALID_PAIRS,task,mean,all_valid,ALL,0.14391950242915785,0.08138208353242733,0.20785546283526968,0.001110494169905608,0.0011504400033554502,positive,36,True,stage|all_valid
S0350,stage,argument_aware,reference,all_calls,ALL_VALID_PAIRS,task,mean,all_valid,ALL,0.24814068901507114,0.14025583316823384,0.3935042441044793,0.000555247084952804,0.000634568097088919,positive,36,True,stage|all_valid
S0351,stage,argument_aware,reference,remove_exact_duplicates,ALL_VALID_PAIRS,task,mean,all_valid,ALL,0.2408972870829437,0.13068890992504306,0.3833984801235407,0.001110494169905608,0.0011504400033554502,positive,36,True,stage|all_valid
S0352,stage,argument_aware,reference,collapse_consecutive_duplicates,ALL_VALID_PAIRS,task,mean,all_valid,ALL,0.24679151194244633,0.12696801344228525,0.3743747208032631,0.000555247084952804,0.000634568097088919,positive,36,True,stage|all_valid
S0353,stage,argument_aware,reference,exclude_reorder_only,ALL_VALID_PAIRS,task,mean,all_valid,ALL,0.2490228160070466,0.13761150916757292,0.37828195942721543,0.000555247084952804,0.000634568097088919,positive,36,True,stage|all_valid
S0354,stage,argument_aware,reference,effective_calls_only,ALL_VALID_PAIRS,task,mean,all_valid,ALL,0.3003501879174752,0.16250605077482336,0.4635149685778094,0.000555247084952804,0.000634568097088919,positive,36,True,stage|all_valid
S0355,stage,argument_aware,none,all_calls,ALL_VALID_PAIRS,task,mean,all_valid,ALL,1.1217592592592593,0.6303564814814816,1.601481481481481,0.000555247084952804,0.000634568097088919,positive,36,True,stage|all_valid
S0356,stage,argument_aware,none,remove_exact_duplicates,ALL_VALID_PAIRS,task,mean,all_valid,ALL,1.037222222222222,0.6427499999999999,1.479166666666666,0.000555247084952804,0.000634568097088919,positive,36,True,stage|all_valid
S0357,stage,argument_aware,none,collapse_consecutive_duplicates,ALL_VALID_PAIRS,task,mean,all_valid,ALL,1.1299074074074074,0.6803495370370369,1.605759259259259,0.000555247084952804,0.000634568097088919,positive,36,True,stage|all_valid
S0358,stage,argument_aware,none,exclude_reorder_only,ALL_VALID_PAIRS,task,mean,all_valid,ALL,1.1305840815563037,0.6537037037037038,1.6400815679947618,0.000555247084952804,0.000634568097088919,positive,36,True,stage|all_valid
S0359,stage,argument_aware,none,effective_calls_only,ALL_VALID_PAIRS,task,mean,all_valid,ALL,0.8579938271604939,0.4864398148148148,1.2345169753086418,0.001110494169905608,0.0011504400033554502,positive,36,True,stage|all_valid
S0360,tool_bigram,normalized_levenshtein,max,all_calls,ALL_VALID_PAIRS,task,mean,all_valid,ALL,0.10391457979819241,0.06719585467976046,0.14198290476723177,0.000555247084952804,0.0006596995068746187,positive,36,True,tool_bigram|all_valid
S0361,tool_bigram,normalized_levenshtein,max,remove_exact_duplicates,ALL_VALID_PAIRS,task,mean,all_valid,ALL,0.10620365515018744,0.06677505857757088,0.1455610877902874,0.000555247084952804,0.0006596995068746187,positive,36,True,tool_bigram|all_valid
S0362,tool_bigram,normalized_levenshtein,max,collapse_consecutive_duplicates,ALL_VALID_PAIRS,task,mean,all_valid,ALL,0.10744285695197481,0.07177123703157279,0.14640334194103014,0.000555247084952804,0.0006596995068746187,positive,36,True,tool_bigram|all_valid
S0363,tool_bigram,normalized_levenshtein,max,exclude_reorder_only,ALL_VALID_PAIRS,task,mean,all_valid,ALL,0.10374891948399816,0.06761317330829131,0.1419051409415811,0.000555247084952804,0.0006596995068746187,positive,36,True,tool_bigram|all_valid
S0364,tool_bigram,normalized_levenshtein,max,effective_calls_only,ALL_VALID_PAIRS,task,mean,all_valid,ALL,0.10043457892455089,0.05782596961545461,0.14533143759786674,0.000555247084952804,0.0006596995068746187,positive,36,True,tool_bigram|all_valid
S0365,tool_bigram,normalized_levenshtein,mean,all_calls,ALL_VALID_PAIRS,task,mean,all_valid,ALL,0.13526772495793782,0.07870377362711843,0.19389485438254064,0.000555247084952804,0.0006596995068746187,positive,36,True,tool_bigram|all_valid
S0366,tool_bigram,normalized_levenshtein,mean,remove_exact_duplicates,ALL_VALID_PAIRS,task,mean,all_valid,ALL,0.13632398287112363,0.0791471711031879,0.19836376375597323,0.000555247084952804,0.0006596995068746187,positive,36,True,tool_bigram|all_valid
S0367,tool_bigram,normalized_levenshtein,mean,collapse_consecutive_duplicates,ALL_VALID_PAIRS,task,mean,all_valid,ALL,0.13864017800980222,0.08226098785888332,0.19963775299543302,0.000555247084952804,0.0006596995068746187,positive,36,True,tool_bigram|all_valid
S0368,tool_bigram,normalized_levenshtein,mean,exclude_reorder_only,ALL_VALID_PAIRS,task,mean,all_valid,ALL,0.1350422163931609,0.08077985016937843,0.19384288637521252,0.000555247084952804,0.0006596995068746187,positive,36,True,tool_bigram|all_valid
S0369,tool_bigram,normalized_levenshtein,mean,effective_calls_only,ALL_VALID_PAIRS,task,mean,all_valid,ALL,0.14394157889231723,0.07507189609820866,0.21987298351123058,0.001665741254858412,0.0016797390805294913,positive,36,True,tool_bigram|all_valid
S0370,tool_bigram,normalized_levenshtein,reference,all_calls,ALL_VALID_PAIRS,task,mean,all_valid,ALL,0.24563927928446608,0.10602129355138312,0.3845827417881407,0.001665741254858412,0.0016797390805294913,positive,36,True,tool_bigram|all_valid
S0371,tool_bigram,normalized_levenshtein,reference,remove_exact_duplicates,ALL_VALID_PAIRS,task,mean,all_valid,ALL,0.24598945039675016,0.1077343972407066,0.3912846001994633,0.000555247084952804,0.0006596995068746187,positive,36,True,tool_bigram|all_valid
S0372,tool_bigram,normalized_levenshtein,reference,collapse_consecutive_duplicates,ALL_VALID_PAIRS,task,mean,all_valid,ALL,0.2496638307462036,0.10797932222364591,0.39875460035628657,0.000555247084952804,0.0006596995068746187,positive,36,True,tool_bigram|all_valid
S0373,tool_bigram,normalized_levenshtein,reference,exclude_reorder_only,ALL_VALID_PAIRS,task,mean,all_valid,ALL,0.24547126128851599,0.11332818648976878,0.40060393906869013,0.001665741254858412,0.0016797390805294913,positive,36,True,tool_bigram|all_valid
S0374,tool_bigram,normalized_levenshtein,reference,effective_calls_only,ALL_VALID_PAIRS,task,mean,all_valid,ALL,0.2860477053234477,0.12345320357900581,0.46513645070872084,0.001110494169905608,0.0011587765251188954,positive,36,True,tool_bigram|all_valid
S0375,tool_bigram,normalized_levenshtein,none,all_calls,ALL_VALID_PAIRS,task,mean,all_valid,ALL,0.9235802469135801,0.501523148148148,1.3365077160493821,0.000555247084952804,0.0006596995068746187,positive,36,True,tool_bigram|all_valid
S0376,tool_bigram,normalized_levenshtein,none,remove_exact_duplicates,ALL_VALID_PAIRS,task,mean,all_valid,ALL,0.8485802469135802,0.47480246913580243,1.2347098765432098,0.000555247084952804,0.0006596995068746187,positive,36,True,tool_bigram|all_valid
S0377,tool_bigram,normalized_levenshtein,none,collapse_consecutive_duplicates,ALL_VALID_PAIRS,task,mean,all_valid,ALL,0.9354320987654321,0.5214691358024691,1.3817885802469134,0.000555247084952804,0.0006596995068746187,positive,36,True,tool_bigram|all_valid
S0378,tool_bigram,normalized_levenshtein,none,exclude_reorder_only,ALL_VALID_PAIRS,task,mean,all_valid,ALL,0.9210802469135803,0.49456712962962956,1.365653549382716,0.000555247084952804,0.0006596995068746187,positive,36,True,tool_bigram|all_valid
S0379,tool_bigram,normalized_levenshtein,none,effective_calls_only,ALL_VALID_PAIRS,task,mean,all_valid,ALL,0.7007407407407408,0.3783194444444445,1.0864351851851841,0.001110494169905608,0.0011587765251188954,positive,36,True,tool_bigram|all_valid
S0380,tool_bigram,raw_edit_count,max,all_calls,ALL_VALID_PAIRS,task,mean,all_valid,ALL,0.9235802469135801,0.4860833333333333,1.3571172839506171,0.000555247084952804,0.0006596995068746187,positive,36,True,tool_bigram|all_valid
S0381,tool_bigram,raw_edit_count,max,remove_exact_duplicates,ALL_VALID_PAIRS,task,mean,all_valid,ALL,0.8485802469135802,0.4791820987654321,1.2256450617283945,0.000555247084952804,0.0006596995068746187,positive,36,True,tool_bigram|all_valid
S0382,tool_bigram,raw_edit_count,max,collapse_consecutive_duplicates,ALL_VALID_PAIRS,task,mean,all_valid,ALL,0.9354320987654321,0.5386404320987654,1.3674675925925923,0.000555247084952804,0.0006596995068746187,positive,36,True,tool_bigram|all_valid
S0383,tool_bigram,raw_edit_count,max,exclude_reorder_only,ALL_VALID_PAIRS,task,mean,all_valid,ALL,0.9210802469135803,0.5128101851851853,1.3605563271604937,0.000555247084952804,0.0006596995068746187,positive,36,True,tool_bigram|all_valid
S0384,tool_bigram,raw_edit_count,max,effective_calls_only,ALL_VALID_PAIRS,task,mean,all_valid,ALL,0.7007407407407408,0.3695879629629631,1.0426712962962956,0.001110494169905608,0.0011587765251188954,positive,36,True,tool_bigram|all_valid
S0385,tool_bigram,raw_edit_count,mean,all_calls,ALL_VALID_PAIRS,task,mean,all_valid,ALL,0.9235802469135801,0.5223564814814814,1.3672422839506162,0.000555247084952804,0.0006596995068746187,positive,36,True,tool_bigram|all_valid
S0386,tool_bigram,raw_edit_count,mean,remove_exact_duplicates,ALL_VALID_PAIRS,task,mean,all_valid,ALL,0.8485802469135802,0.48031018518518515,1.2536049382716046,0.000555247084952804,0.0006596995068746187,positive,36,True,tool_bigram|all_valid
S0387,tool_bigram,raw_edit_count,mean,collapse_consecutive_duplicates,ALL_VALID_PAIRS,task,mean,all_valid,ALL,0.9354320987654321,0.5170339506172839,1.373739197530864,0.000555247084952804,0.0006596995068746187,positive,36,True,tool_bigram|all_valid
S0388,tool_bigram,raw_edit_count,mean,exclude_reorder_only,ALL_VALID_PAIRS,task,mean,all_valid,ALL,0.9210802469135803,0.5127692901234567,1.3800200617283953,0.000555247084952804,0.0006596995068746187,positive,36,True,tool_bigram|all_valid
S0389,tool_bigram,raw_edit_count,mean,effective_calls_only,ALL_VALID_PAIRS,task,mean,all_valid,ALL,0.7007407407407408,0.3412685185185186,1.0501944444444444,0.001110494169905608,0.0011587765251188954,positive,36,True,tool_bigram|all_valid
S0390,tool_bigram,raw_edit_count,reference,all_calls,ALL_VALID_PAIRS,task,mean,all_valid,ALL,0.9235802469135801,0.4924675925925926,1.3903858024691345,0.000555247084952804,0.0006596995068746187,positive,36,True,tool_bigram|all_valid
S0391,tool_bigram,raw_edit_count,reference,remove_exact_duplicates,ALL_VALID_PAIRS,task,mean,all_valid,ALL,0.8485802469135802,0.4886157407407407,1.261794753086419,0.000555247084952804,0.0006596995068746187,positive,36,True,tool_bigram|all_valid
S0392,tool_bigram,raw_edit_count,reference,collapse_consecutive_duplicates,ALL_VALID_PAIRS,task,mean,all_valid,ALL,0.9354320987654321,0.5083703703703705,1.365390432098765,0.000555247084952804,0.0006596995068746187,positive,36,True,tool_bigram|all_valid
S0393,tool_bigram,raw_edit_count,reference,exclude_reorder_only,ALL_VALID_PAIRS,task,mean,all_valid,ALL,0.9210802469135803,0.5272268518518518,1.3529027777777776,0.001110494169905608,0.0011587765251188954,positive,36,True,tool_bigram|all_valid
S0394,tool_bigram,raw_edit_count,reference,effective_calls_only,ALL_VALID_PAIRS,task,mean,all_valid,ALL,0.7007407407407408,0.36606481481481484,1.0383564814814812,0.000555247084952804,0.0006596995068746187,positive,36,True,tool_bigram|all_valid
S0395,tool_bigram,raw_edit_count,none,all_calls,ALL_VALID_PAIRS,task,mean,all_valid,ALL,0.9235802469135801,0.49673611111111104,1.3576388888888884,0.000555247084952804,0.0006596995068746187,positive,36,True,tool_bigram|all_valid
S0396,tool_bigram,raw_edit_count,none,remove_exact_duplicates,ALL_VALID_PAIRS,task,mean,all_valid,ALL,0.8485802469135802,0.45979629629629626,1.2257608024691358,0.000555247084952804,0.0006596995068746187,positive,36,True,tool_bigram|all_valid
S0397,tool_bigram,raw_edit_count,none,collapse_consecutive_duplicates,ALL_VALID_PAIRS,task,mean,all_valid,ALL,0.9354320987654321,0.5174074074074074,1.348899691358024,0.001110494169905608,0.0011587765251188954,positive,36,True,tool_bigram|all_valid
S0398,tool_bigram,raw_edit_count,none,exclude_reorder_only,ALL_VALID_PAIRS,task,mean,all_valid,ALL,0.9210802469135803,0.5033364197530864,1.3525177469135796,0.001110494169905608,0.0011587765251188954,positive,36,True,tool_bigram|all_valid
S0399,tool_bigram,raw_edit_count,none,effective_calls_only,ALL_VALID_PAIRS,task,mean,all_valid,ALL,0.7007407407407408,0.37072685185185195,1.0723148148148143,0.001110494169905608,0.0011587765251188954,positive,36,True,tool_bigram|all_valid
S0400,tool_bigram,lcs_distance,max,all_calls,ALL_VALID_PAIRS,task,mean,all_valid,ALL,0.13512219386855812,0.08674181725119195,0.1850093750355492,0.000555247084952804,0.0006596995068746187,positive,36,True,tool_bigram|all_valid
S0401,tool_bigram,lcs_distance,max,remove_exact_duplicates,ALL_VALID_PAIRS,task,mean,all_valid,ALL,0.14102212198930855,0.0926779200646423,0.19670591591644998,0.000555247084952804,0.0006596995068746187,positive,36,True,tool_bigram|all_valid
S0402,tool_bigram,lcs_distance,max,collapse_consecutive_duplicates,ALL_VALID_PAIRS,task,mean,all_valid,ALL,0.14091851596614904,0.0961174453557362,0.1910133104299868,0.000555247084952804,0.0006596995068746187,positive,36,True,tool_bigram|all_valid
S0403,tool_bigram,lcs_distance,max,exclude_reorder_only,ALL_VALID_PAIRS,task,mean,all_valid,ALL,0.13490767544802118,0.08727932372904862,0.1843061582811336,0.000555247084952804,0.0006596995068746187,positive,36,True,tool_bigram|all_valid
S0404,tool_bigram,lcs_distance,max,effective_calls_only,ALL_VALID_PAIRS,task,mean,all_valid,ALL,0.13121459104728242,0.08273035386503517,0.18528200188517235,0.000555247084952804,0.0006596995068746187,positive,36,True,tool_bigram|all_valid
S0405,tool_bigram,lcs_distance,mean,all_calls,ALL_VALID_PAIRS,task,mean,all_valid,ALL,0.17234230340595388,0.1047522166258298,0.2401151374675002,0.000555247084952804,0.0006596995068746187,positive,36,True,tool_bigram|all_valid
S0406,tool_bigram,lcs_distance,mean,remove_exact_duplicates,ALL_VALID_PAIRS,task,mean,all_valid,ALL,0.1775600991550918,0.10986725756976347,0.25250418171320216,0.000555247084952804,0.0006596995068746187,positive,36,True,tool_bigram|all_valid
S0407,tool_bigram,lcs_distance,mean,collapse_consecutive_duplicates,ALL_VALID_PAIRS,task,mean,all_valid,ALL,0.17834987779150546,0.10791803438555134,0.2514108203753461,0.000555247084952804,0.0006596995068746187,positive,36,True,tool_bigram|all_valid
S0408,tool_bigram,lcs_distance,mean,exclude_reorder_only,ALL_VALID_PAIRS,task,mean,all_valid,ALL,0.1720536948734373,0.1068006419284397,0.24116577823974508,0.000555247084952804,0.0006596995068746187,positive,36,True,tool_bigram|all_valid
S0409,tool_bigram,lcs_distance,mean,effective_calls_only,ALL_VALID_PAIRS,task,mean,all_valid,ALL,0.1802953994594736,0.0996015024802134,0.2647723999835898,0.000555247084952804,0.0006596995068746187,positive,36,True,tool_bigram|all_valid
S0410,tool_bigram,lcs_distance,reference,all_calls,ALL_VALID_PAIRS,task,mean,all_valid,ALL,0.2918987868755098,0.14285706003036547,0.446934330991275,0.001110494169905608,0.0011587765251188954,positive,36,True,tool_bigram|all_valid
S0411,tool_bigram,lcs_distance,reference,remove_exact_duplicates,ALL_VALID_PAIRS,task,mean,all_valid,ALL,0.2970424655346941,0.14635755856684435,0.45065958324506034,0.001110494169905608,0.0011587765251188954,positive,36,True,tool_bigram|all_valid
S0412,tool_bigram,lcs_distance,reference,collapse_consecutive_duplicates,ALL_VALID_PAIRS,task,mean,all_valid,ALL,0.30022711204207453,0.1341811561744598,0.4637947805090172,0.001665741254858412,0.0016797390805294913,positive,36,True,tool_bigram|all_valid
S0413,tool_bigram,lcs_distance,reference,exclude_reorder_only,ALL_VALID_PAIRS,task,mean,all_valid,ALL,0.29168383978556267,0.1438604406841331,0.44528774343490446,0.001110494169905608,0.0011587765251188954,positive,36,True,tool_bigram|all_valid
S0414,tool_bigram,lcs_distance,reference,effective_calls_only,ALL_VALID_PAIRS,task,mean,all_valid,ALL,0.32821257459400016,0.1489630934724864,0.5111976667541651,0.002220988339811216,0.002220988339811216,positive,36,True,tool_bigram|all_valid
S0415,tool_bigram,lcs_distance,none,all_calls,ALL_VALID_PAIRS,task,mean,all_valid,ALL,1.1355555555555554,0.6334074074074075,1.6301898148148137,0.000555247084952804,0.0006596995068746187,positive,36,True,tool_bigram|all_valid
S0416,tool_bigram,lcs_distance,none,remove_exact_duplicates,ALL_VALID_PAIRS,task,mean,all_valid,ALL,1.1023148148148147,0.6509930555555556,1.5238032407407407,0.000555247084952804,0.0006596995068746187,positive,36,True,tool_bigram|all_valid
S0417,tool_bigram,lcs_distance,none,collapse_consecutive_duplicates,ALL_VALID_PAIRS,task,mean,all_valid,ALL,1.1825925925925924,0.6890370370370371,1.6893842592592585,0.000555247084952804,0.0006596995068746187,positive,36,True,tool_bigram|all_valid
S0418,tool_bigram,lcs_distance,none,exclude_reorder_only,ALL_VALID_PAIRS,task,mean,all_valid,ALL,1.1323353909465022,0.6242304526748971,1.652307355967078,0.000555247084952804,0.0006596995068746187,positive,36,True,tool_bigram|all_valid
S0419,tool_bigram,lcs_distance,none,effective_calls_only,ALL_VALID_PAIRS,task,mean,all_valid,ALL,0.9053703703703706,0.5444722222222222,1.2968055555555549,0.000555247084952804,0.0006596995068746187,positive,36,True,tool_bigram|all_valid
S0420,tool_bigram,jaccard,max,all_calls,ALL_VALID_PAIRS,task,mean,all_valid,ALL,0.1135591827683331,0.07899863723634147,0.14865910486534467,0.000555247084952804,0.0006596995068746187,positive,36,True,tool_bigram|all_valid
S0421,tool_bigram,jaccard,max,remove_exact_duplicates,ALL_VALID_PAIRS,task,mean,all_valid,ALL,0.11917722853479934,0.08161458882212559,0.15954139956383281,0.000555247084952804,0.0006596995068746187,positive,36,True,tool_bigram|all_valid
S0422,tool_bigram,jaccard,max,collapse_consecutive_duplicates,ALL_VALID_PAIRS,task,mean,all_valid,ALL,0.11642564234966196,0.07869731876692665,0.155488334316449,0.000555247084952804,0.0006596995068746187,positive,36,True,tool_bigram|all_valid
S0423,tool_bigram,jaccard,max,exclude_reorder_only,ALL_VALID_PAIRS,task,mean,all_valid,ALL,0.11345632270829713,0.07686328921578955,0.15101204338690893,0.000555247084952804,0.0006596995068746187,positive,36,True,tool_bigram|all_valid
S0424,tool_bigram,jaccard,max,effective_calls_only,ALL_VALID_PAIRS,task,mean,all_valid,ALL,0.11148550505917064,0.07115841483405141,0.15309841584170286,0.000555247084952804,0.0006596995068746187,positive,36,True,tool_bigram|all_valid
S0425,tool_bigram,jaccard,mean,all_calls,ALL_VALID_PAIRS,task,mean,all_valid,ALL,0.1135591827683331,0.07934823687984432,0.14826513582792178,0.000555247084952804,0.0006596995068746187,positive,36,True,tool_bigram|all_valid
S0426,tool_bigram,jaccard,mean,remove_exact_duplicates,ALL_VALID_PAIRS,task,mean,all_valid,ALL,0.11917722853479934,0.08278514068500793,0.1581550165786515,0.000555247084952804,0.0006596995068746187,positive,36,True,tool_bigram|all_valid
S0427,tool_bigram,jaccard,mean,collapse_consecutive_duplicates,ALL_VALID_PAIRS,task,mean,all_valid,ALL,0.11642564234966196,0.07994453127134908,0.1559647302486457,0.000555247084952804,0.0006596995068746187,positive,36,True,tool_bigram|all_valid
S0428,tool_bigram,jaccard,mean,exclude_reorder_only,ALL_VALID_PAIRS,task,mean,all_valid,ALL,0.11345632270829713,0.07530882809106189,0.14912469897926894,0.000555247084952804,0.0006596995068746187,positive,36,True,tool_bigram|all_valid
S0429,tool_bigram,jaccard,mean,effective_calls_only,ALL_VALID_PAIRS,task,mean,all_valid,ALL,0.11148550505917064,0.06937474948042759,0.15052942314748197,0.000555247084952804,0.0006596995068746187,positive,36,True,tool_bigram|all_valid
S0430,tool_bigram,jaccard,reference,all_calls,ALL_VALID_PAIRS,task,mean,all_valid,ALL,0.1135591827683331,0.0792393011649752,0.14913086834869926,0.000555247084952804,0.0006596995068746187,positive,36,True,tool_bigram|all_valid
S0431,tool_bigram,jaccard,reference,remove_exact_duplicates,ALL_VALID_PAIRS,task,mean,all_valid,ALL,0.11917722853479934,0.08118777882102365,0.15510499137010914,0.000555247084952804,0.0006596995068746187,positive,36,True,tool_bigram|all_valid
S0432,tool_bigram,jaccard,reference,collapse_consecutive_duplicates,ALL_VALID_PAIRS,task,mean,all_valid,ALL,0.11642564234966196,0.07869658170820344,0.15474694008107,0.000555247084952804,0.0006596995068746187,positive,36,True,tool_bigram|all_valid
S0433,tool_bigram,jaccard,reference,exclude_reorder_only,ALL_VALID_PAIRS,task,mean,all_valid,ALL,0.11345632270829713,0.07819910287253698,0.1505832781087376,0.000555247084952804,0.0006596995068746187,positive,36,True,tool_bigram|all_valid
S0434,tool_bigram,jaccard,reference,effective_calls_only,ALL_VALID_PAIRS,task,mean,all_valid,ALL,0.11148550505917064,0.07077862526415427,0.1526082230690414,0.000555247084952804,0.0006596995068746187,positive,36,True,tool_bigram|all_valid
S0435,tool_bigram,jaccard,none,all_calls,ALL_VALID_PAIRS,task,mean,all_valid,ALL,0.1135591827683331,0.07881758304407407,0.14943019202905838,0.000555247084952804,0.0006596995068746187,positive,36,True,tool_bigram|all_valid
S0436,tool_bigram,jaccard,none,remove_exact_duplicates,ALL_VALID_PAIRS,task,mean,all_valid,ALL,0.11917722853479934,0.08078594219390109,0.15668215501188665,0.000555247084952804,0.0006596995068746187,positive,36,True,tool_bigram|all_valid
S0437,tool_bigram,jaccard,none,collapse_consecutive_duplicates,ALL_VALID_PAIRS,task,mean,all_valid,ALL,0.11642564234966196,0.07862985718930367,0.15358713042472233,0.000555247084952804,0.0006596995068746187,positive,36,True,tool_bigram|all_valid
S0438,tool_bigram,jaccard,none,exclude_reorder_only,ALL_VALID_PAIRS,task,mean,all_valid,ALL,0.11345632270829713,0.0787163857597307,0.15121554791671551,0.000555247084952804,0.0006596995068746187,positive,36,True,tool_bigram|all_valid
S0439,tool_bigram,jaccard,none,effective_calls_only,ALL_VALID_PAIRS,task,mean,all_valid,ALL,0.11148550505917064,0.06927506767281075,0.15417512122562846,0.000555247084952804,0.0006596995068746187,positive,36,True,tool_bigram|all_valid
S0440,tool_bigram,weighted_edit,max,all_calls,ALL_VALID_PAIRS,task,mean,all_valid,ALL,0.13512219386855812,0.08701840417025847,0.1867015338407294,0.000555247084952804,0.0006596995068746187,positive,36,True,tool_bigram|all_valid
S0441,tool_bigram,weighted_edit,max,remove_exact_duplicates,ALL_VALID_PAIRS,task,mean,all_valid,ALL,0.14102212198930855,0.09124029252088696,0.19721452652794502,0.000555247084952804,0.0006596995068746187,positive,36,True,tool_bigram|all_valid
S0442,tool_bigram,weighted_edit,max,collapse_consecutive_duplicates,ALL_VALID_PAIRS,task,mean,all_valid,ALL,0.14091851596614904,0.09185108016041661,0.1946565830841527,0.000555247084952804,0.0006596995068746187,positive,36,True,tool_bigram|all_valid
S0443,tool_bigram,weighted_edit,max,exclude_reorder_only,ALL_VALID_PAIRS,task,mean,all_valid,ALL,0.13490767544802118,0.08844111473867401,0.1863806667479151,0.000555247084952804,0.0006596995068746187,positive,36,True,tool_bigram|all_valid
S0444,tool_bigram,weighted_edit,max,effective_calls_only,ALL_VALID_PAIRS,task,mean,all_valid,ALL,0.13121459104728242,0.07861950824147333,0.189296675857415,0.000555247084952804,0.0006596995068746187,positive,36,True,tool_bigram|all_valid
S0445,tool_bigram,weighted_edit,mean,all_calls,ALL_VALID_PAIRS,task,mean,all_valid,ALL,0.17234230340595388,0.10936828905822267,0.24700592811715388,0.000555247084952804,0.0006596995068746187,positive,36,True,tool_bigram|all_valid
S0446,tool_bigram,weighted_edit,mean,remove_exact_duplicates,ALL_VALID_PAIRS,task,mean,all_valid,ALL,0.1775600991550918,0.10722276532830796,0.25371218982557503,0.000555247084952804,0.0006596995068746187,positive,36,True,tool_bigram|all_valid
S0447,tool_bigram,weighted_edit,mean,collapse_consecutive_duplicates,ALL_VALID_PAIRS,task,mean,all_valid,ALL,0.17834987779150546,0.1075884908714525,0.2525620705831653,0.000555247084952804,0.0006596995068746187,positive,36,True,tool_bigram|all_valid
S0448,tool_bigram,weighted_edit,mean,exclude_reorder_only,ALL_VALID_PAIRS,task,mean,all_valid,ALL,0.1720536948734373,0.10531914679478385,0.24447039540905072,0.000555247084952804,0.0006596995068746187,positive,36,True,tool_bigram|all_valid
S0449,tool_bigram,weighted_edit,mean,effective_calls_only,ALL_VALID_PAIRS,task,mean,all_valid,ALL,0.1802953994594736,0.10565129640776848,0.2676963502342362,0.000555247084952804,0.0006596995068746187,positive,36,True,tool_bigram|all_valid
S0450,tool_bigram,weighted_edit,reference,all_calls,ALL_VALID_PAIRS,task,mean,all_valid,ALL,0.2918987868755098,0.1436779549311933,0.44388118713033786,0.000555247084952804,0.0006596995068746187,positive,36,True,tool_bigram|all_valid
S0451,tool_bigram,weighted_edit,reference,remove_exact_duplicates,ALL_VALID_PAIRS,task,mean,all_valid,ALL,0.2970424655346941,0.15504168275406743,0.44786603915065987,0.000555247084952804,0.0006596995068746187,positive,36,True,tool_bigram|all_valid
S0452,tool_bigram,weighted_edit,reference,collapse_consecutive_duplicates,ALL_VALID_PAIRS,task,mean,all_valid,ALL,0.30022711204207453,0.13953577574202022,0.45927939548592345,0.000555247084952804,0.0006596995068746187,positive,36,True,tool_bigram|all_valid
S0453,tool_bigram,weighted_edit,reference,exclude_reorder_only,ALL_VALID_PAIRS,task,mean,all_valid,ALL,0.29168383978556267,0.14069202068187026,0.4474363839485534,0.001110494169905608,0.0011587765251188954,positive,36,True,tool_bigram|all_valid
S0454,tool_bigram,weighted_edit,reference,effective_calls_only,ALL_VALID_PAIRS,task,mean,all_valid,ALL,0.32821257459400016,0.1626730896204276,0.5103210309620916,0.001110494169905608,0.0011587765251188954,positive,36,True,tool_bigram|all_valid
S0455,tool_bigram,weighted_edit,none,all_calls,ALL_VALID_PAIRS,task,mean,all_valid,ALL,1.1355555555555554,0.6186944444444445,1.6536759259259248,0.000555247084952804,0.0006596995068746187,positive,36,True,tool_bigram|all_valid
S0456,tool_bigram,weighted_edit,none,remove_exact_duplicates,ALL_VALID_PAIRS,task,mean,all_valid,ALL,1.1023148148148147,0.6511319444444443,1.5560902777777772,0.000555247084952804,0.0006596995068746187,positive,36,True,tool_bigram|all_valid
S0457,tool_bigram,weighted_edit,none,collapse_consecutive_duplicates,ALL_VALID_PAIRS,task,mean,all_valid,ALL,1.1825925925925924,0.7158796296296296,1.6625092592592585,0.000555247084952804,0.0006596995068746187,positive,36,True,tool_bigram|all_valid
S0458,tool_bigram,weighted_edit,none,exclude_reorder_only,ALL_VALID_PAIRS,task,mean,all_valid,ALL,1.1323353909465022,0.6398125000000001,1.6380843621399168,0.000555247084952804,0.0006596995068746187,positive,36,True,tool_bigram|all_valid
S0459,tool_bigram,weighted_edit,none,effective_calls_only,ALL_VALID_PAIRS,task,mean,all_valid,ALL,0.9053703703703706,0.5251805555555558,1.2820462962962962,0.000555247084952804,0.0006596995068746187,positive,36,True,tool_bigram|all_valid
S0460,tool_bigram,argument_aware,max,all_calls,ALL_VALID_PAIRS,task,mean,all_valid,ALL,0.11184566472826932,0.07458912542234164,0.15064541796891517,0.000555247084952804,0.0006596995068746187,positive,36,True,tool_bigram|all_valid
S0461,tool_bigram,argument_aware,max,remove_exact_duplicates,ALL_VALID_PAIRS,task,mean,all_valid,ALL,0.11134677173226147,0.0766403357636479,0.1488653330023734,0.000555247084952804,0.0006596995068746187,positive,36,True,tool_bigram|all_valid
S0462,tool_bigram,argument_aware,max,collapse_consecutive_duplicates,ALL_VALID_PAIRS,task,mean,all_valid,ALL,0.11309320528381638,0.0771031550084079,0.150957415326093,0.000555247084952804,0.0006596995068746187,positive,36,True,tool_bigram|all_valid
S0463,tool_bigram,argument_aware,max,exclude_reorder_only,ALL_VALID_PAIRS,task,mean,all_valid,ALL,0.11165162037527433,0.07627098262968862,0.15074173028650736,0.000555247084952804,0.0006596995068746187,positive,36,True,tool_bigram|all_valid
S0464,tool_bigram,argument_aware,max,effective_calls_only,ALL_VALID_PAIRS,task,mean,all_valid,ALL,0.10434344235995742,0.06816808142016431,0.14176249800274818,0.000555247084952804,0.0006596995068746187,positive,36,True,tool_bigram|all_valid
S0465,tool_bigram,argument_aware,mean,all_calls,ALL_VALID_PAIRS,task,mean,all_valid,ALL,0.14343466662279508,0.08986263063044053,0.19924128099718275,0.000555247084952804,0.0006596995068746187,positive,36,True,tool_bigram|all_valid
S0466,tool_bigram,argument_aware,mean,remove_exact_duplicates,ALL_VALID_PAIRS,task,mean,all_valid,ALL,0.14084662564616643,0.0886927302524928,0.19869022617537638,0.000555247084952804,0.0006596995068746187,positive,36,True,tool_bigram|all_valid
S0467,tool_bigram,argument_aware,mean,collapse_consecutive_duplicates,ALL_VALID_PAIRS,task,mean,all_valid,ALL,0.14384716751049667,0.09274034748679379,0.19836117373654139,0.000555247084952804,0.0006596995068746187,positive,36,True,tool_bigram|all_valid
S0468,tool_bigram,argument_aware,mean,exclude_reorder_only,ALL_VALID_PAIRS,task,mean,all_valid,ALL,0.14317929998260062,0.08991864474039972,0.19832930052847556,0.000555247084952804,0.0006596995068746187,positive,36,True,tool_bigram|all_valid
S0469,tool_bigram,argument_aware,mean,effective_calls_only,ALL_VALID_PAIRS,task,mean,all_valid,ALL,0.14391950242915785,0.08233027939371254,0.21329486338225198,0.000555247084952804,0.0006596995068746187,positive,36,True,tool_bigram|all_valid
S0470,tool_bigram,argument_aware,reference,all_calls,ALL_VALID_PAIRS,task,mean,all_valid,ALL,0.24814068901507114,0.14590538859022972,0.3876522287084782,0.000555247084952804,0.0006596995068746187,positive,36,True,tool_bigram|all_valid
S0471,tool_bigram,argument_aware,reference,remove_exact_duplicates,ALL_VALID_PAIRS,task,mean,all_valid,ALL,0.2408972870829437,0.13017060926420668,0.37198492656989945,0.001110494169905608,0.0011587765251188954,positive,36,True,tool_bigram|all_valid
S0472,tool_bigram,argument_aware,reference,collapse_consecutive_duplicates,ALL_VALID_PAIRS,task,mean,all_valid,ALL,0.24679151194244633,0.12561109017207298,0.37815394513321304,0.000555247084952804,0.0006596995068746187,positive,36,True,tool_bigram|all_valid
S0473,tool_bigram,argument_aware,reference,exclude_reorder_only,ALL_VALID_PAIRS,task,mean,all_valid,ALL,0.2479380141179518,0.13438445055513967,0.3932208270524447,0.000555247084952804,0.0006596995068746187,positive,36,True,tool_bigram|all_valid
S0474,tool_bigram,argument_aware,reference,effective_calls_only,ALL_VALID_PAIRS,task,mean,all_valid,ALL,0.3003501879174752,0.15518970318246475,0.4717568679585167,0.000555247084952804,0.0006596995068746187,positive,36,True,tool_bigram|all_valid
S0475,tool_bigram,argument_aware,none,all_calls,ALL_VALID_PAIRS,task,mean,all_valid,ALL,1.1217592592592593,0.6412916666666667,1.5995879629629628,0.000555247084952804,0.0006596995068746187,positive,36,True,tool_bigram|all_valid
S0476,tool_bigram,argument_aware,none,remove_exact_duplicates,ALL_VALID_PAIRS,task,mean,all_valid,ALL,1.037222222222222,0.605824074074074,1.4952083333333333,0.000555247084952804,0.0006596995068746187,positive,36,True,tool_bigram|all_valid
S0477,tool_bigram,argument_aware,none,collapse_consecutive_duplicates,ALL_VALID_PAIRS,task,mean,all_valid,ALL,1.1299074074074074,0.6833124999999999,1.597048611111111,0.000555247084952804,0.0006596995068746187,positive,36,True,tool_bigram|all_valid
S0478,tool_bigram,argument_aware,none,exclude_reorder_only,ALL_VALID_PAIRS,task,mean,all_valid,ALL,1.1187397119341564,0.6634567901234568,1.6051655092592594,0.000555247084952804,0.0006596995068746187,positive,36,True,tool_bigram|all_valid
S0479,tool_bigram,argument_aware,none,effective_calls_only,ALL_VALID_PAIRS,task,mean,all_valid,ALL,0.8579938271604939,0.5009290123456791,1.238617283950617,0.000555247084952804,0.0006596995068746187,positive,36,True,tool_bigram|all_valid
S0480,tool_transition_multiset,normalized_levenshtein,max,all_calls,ALL_VALID_PAIRS,task,mean,all_valid,ALL,0.10391457979819241,0.066722688188545,0.14404426162904058,0.000555247084952804,0.0006662965019433649,positive,36,True,tool_transition_multiset|all_valid
S0481,tool_transition_multiset,normalized_levenshtein,max,remove_exact_duplicates,ALL_VALID_PAIRS,task,mean,all_valid,ALL,0.10620365515018744,0.06700376790444325,0.14731648203040815,0.000555247084952804,0.0006662965019433649,positive,36,True,tool_transition_multiset|all_valid
S0482,tool_transition_multiset,normalized_levenshtein,max,collapse_consecutive_duplicates,ALL_VALID_PAIRS,task,mean,all_valid,ALL,0.10744285695197481,0.06731782422807754,0.14642923337028832,0.000555247084952804,0.0006662965019433649,positive,36,True,tool_transition_multiset|all_valid
S0483,tool_transition_multiset,normalized_levenshtein,max,exclude_reorder_only,ALL_VALID_PAIRS,task,mean,all_valid,ALL,0.10374891948399816,0.06609789074142326,0.14236463258748677,0.000555247084952804,0.0006662965019433649,positive,36,True,tool_transition_multiset|all_valid
S0484,tool_transition_multiset,normalized_levenshtein,max,effective_calls_only,ALL_VALID_PAIRS,task,mean,all_valid,ALL,0.10043457892455089,0.058721812039308846,0.1486703920656048,0.000555247084952804,0.0006662965019433649,positive,36,True,tool_transition_multiset|all_valid
S0485,tool_transition_multiset,normalized_levenshtein,mean,all_calls,ALL_VALID_PAIRS,task,mean,all_valid,ALL,0.13526772495793782,0.07813003639287511,0.1959425460353644,0.000555247084952804,0.0006662965019433649,positive,36,True,tool_transition_multiset|all_valid
S0486,tool_transition_multiset,normalized_levenshtein,mean,remove_exact_duplicates,ALL_VALID_PAIRS,task,mean,all_valid,ALL,0.13632398287112363,0.07922470890563797,0.20125435974869688,0.000555247084952804,0.0006662965019433649,positive,36,True,tool_transition_multiset|all_valid
S0487,tool_transition_multiset,normalized_levenshtein,mean,collapse_consecutive_duplicates,ALL_VALID_PAIRS,task,mean,all_valid,ALL,0.13864017800980222,0.07964451126098512,0.1975380002056107,0.000555247084952804,0.0006662965019433649,positive,36,True,tool_transition_multiset|all_valid
S0488,tool_transition_multiset,normalized_levenshtein,mean,exclude_reorder_only,ALL_VALID_PAIRS,task,mean,all_valid,ALL,0.1350422163931609,0.07688806799133156,0.19396736834902573,0.001110494169905608,0.0011487870723161464,positive,36,True,tool_transition_multiset|all_valid
S0489,tool_transition_multiset,normalized_levenshtein,mean,effective_calls_only,ALL_VALID_PAIRS,task,mean,all_valid,ALL,0.14394157889231723,0.07264529599626007,0.2239708799766479,0.001665741254858412,0.0016797390805294913,positive,36,True,tool_transition_multiset|all_valid
S0490,tool_transition_multiset,normalized_levenshtein,reference,all_calls,ALL_VALID_PAIRS,task,mean,all_valid,ALL,0.24563927928446608,0.11667728723382965,0.394893341559678,0.001110494169905608,0.0011487870723161464,positive,36,True,tool_transition_multiset|all_valid
S0491,tool_transition_multiset,normalized_levenshtein,reference,remove_exact_duplicates,ALL_VALID_PAIRS,task,mean,all_valid,ALL,0.24598945039675016,0.11487825199319843,0.39578524327756087,0.001665741254858412,0.0016797390805294913,positive,36,True,tool_transition_multiset|all_valid
S0492,tool_transition_multiset,normalized_levenshtein,reference,collapse_consecutive_duplicates,ALL_VALID_PAIRS,task,mean,all_valid,ALL,0.2496638307462036,0.0998195353997286,0.39338243477200074,0.001665741254858412,0.0016797390805294913,positive,36,True,tool_transition_multiset|all_valid
S0493,tool_transition_multiset,normalized_levenshtein,reference,exclude_reorder_only,ALL_VALID_PAIRS,task,mean,all_valid,ALL,0.24547126128851599,0.10811150677710404,0.3954303412443998,0.000555247084952804,0.0006662965019433649,positive,36,True,tool_transition_multiset|all_valid
S0494,tool_transition_multiset,normalized_levenshtein,reference,effective_calls_only,ALL_VALID_PAIRS,task,mean,all_valid,ALL,0.2860477053234477,0.1152656442403958,0.46285521685104974,0.002220988339811216,0.002220988339811216,positive,36,True,tool_transition_multiset|all_valid
S0495,tool_transition_multiset,normalized_levenshtein,none,all_calls,ALL_VALID_PAIRS,task,mean,all_valid,ALL,0.9235802469135801,0.4992361111111111,1.3560509259259257,0.001110494169905608,0.0011487870723161464,positive,36,True,tool_transition_multiset|all_valid
S0496,tool_transition_multiset,normalized_levenshtein,none,remove_exact_duplicates,ALL_VALID_PAIRS,task,mean,all_valid,ALL,0.8485802469135802,0.46128549382716055,1.2409876543209875,0.000555247084952804,0.0006662965019433649,positive,36,True,tool_transition_multiset|all_valid
S0497,tool_transition_multiset,normalized_levenshtein,none,collapse_consecutive_duplicates,ALL_VALID_PAIRS,task,mean,all_valid,ALL,0.9354320987654321,0.5449444444444445,1.3511296296296298,0.000555247084952804,0.0006662965019433649,positive,36,True,tool_transition_multiset|all_valid
S0498,tool_transition_multiset,normalized_levenshtein,none,exclude_reorder_only,ALL_VALID_PAIRS,task,mean,all_valid,ALL,0.9210802469135803,0.48949614197530866,1.3596790123456788,0.000555247084952804,0.0006662965019433649,positive,36,True,tool_transition_multiset|all_valid
S0499,tool_transition_multiset,normalized_levenshtein,none,effective_calls_only,ALL_VALID_PAIRS,task,mean,all_valid,ALL,0.7007407407407408,0.35605555555555557,1.0752222222222219,0.000555247084952804,0.0006662965019433649,positive,36,True,tool_transition_multiset|all_valid
S0500,tool_transition_multiset,raw_edit_count,max,all_calls,ALL_VALID_PAIRS,task,mean,all_valid,ALL,0.9235802469135801,0.5171743827160493,1.3520478395061724,0.000555247084952804,0.0006662965019433649,positive,36,True,tool_transition_multiset|all_valid
S0501,tool_transition_multiset,raw_edit_count,max,remove_exact_duplicates,ALL_VALID_PAIRS,task,mean,all_valid,ALL,0.8485802469135802,0.4777222222222222,1.2115277777777775,0.001110494169905608,0.0011487870723161464,positive,36,True,tool_transition_multiset|all_valid
S0502,tool_transition_multiset,raw_edit_count,max,collapse_consecutive_duplicates,ALL_VALID_PAIRS,task,mean,all_valid,ALL,0.9354320987654321,0.5225324074074073,1.3583611111111107,0.000555247084952804,0.0006662965019433649,positive,36,True,tool_transition_multiset|all_valid
S0503,tool_transition_multiset,raw_edit_count,max,exclude_reorder_only,ALL_VALID_PAIRS,task,mean,all_valid,ALL,0.9210802469135803,0.5052970679012345,1.3578711419753084,0.000555247084952804,0.0006662965019433649,positive,36,True,tool_transition_multiset|all_valid
S0504,tool_transition_multiset,raw_edit_count,max,effective_calls_only,ALL_VALID_PAIRS,task,mean,all_valid,ALL,0.7007407407407408,0.3644027777777778,1.0583749999999996,0.000555247084952804,0.0006662965019433649,positive,36,True,tool_transition_multiset|all_valid
S0505,tool_transition_multiset,raw_edit_count,mean,all_calls,ALL_VALID_PAIRS,task,mean,all_valid,ALL,0.9235802469135801,0.49798148148148147,1.382942901234567,0.000555247084952804,0.0006662965019433649,positive,36,True,tool_transition_multiset|all_valid
S0506,tool_transition_multiset,raw_edit_count,mean,remove_exact_duplicates,ALL_VALID_PAIRS,task,mean,all_valid,ALL,0.8485802469135802,0.4985632716049383,1.2320401234567901,0.001110494169905608,0.0011487870723161464,positive,36,True,tool_transition_multiset|all_valid
S0507,tool_transition_multiset,raw_edit_count,mean,collapse_consecutive_duplicates,ALL_VALID_PAIRS,task,mean,all_valid,ALL,0.9354320987654321,0.550162037037037,1.3736466049382714,0.000555247084952804,0.0006662965019433649,positive,36,True,tool_transition_multiset|all_valid
S0508,tool_transition_multiset,raw_edit_count,mean,exclude_reorder_only,ALL_VALID_PAIRS,task,mean,all_valid,ALL,0.9210802469135803,0.49930787037037033,1.3546597222222219,0.000555247084952804,0.0006662965019433649,positive,36,True,tool_transition_multiset|all_valid
S0509,tool_transition_multiset,raw_edit_count,mean,effective_calls_only,ALL_VALID_PAIRS,task,mean,all_valid,ALL,0.7007407407407408,0.3668240740740741,1.044449074074074,0.001110494169905608,0.0011487870723161464,positive,36,True,tool_transition_multiset|all_valid
S0510,tool_transition_multiset,raw_edit_count,reference,all_calls,ALL_VALID_PAIRS,task,mean,all_valid,ALL,0.9235802469135801,0.4962962962962963,1.3593024691358022,0.000555247084952804,0.0006662965019433649,positive,36,True,tool_transition_multiset|all_valid
S0511,tool_transition_multiset,raw_edit_count,reference,remove_exact_duplicates,ALL_VALID_PAIRS,task,mean,all_valid,ALL,0.8485802469135802,0.46975617283950627,1.2187762345679012,0.000555247084952804,0.0006662965019433649,positive,36,True,tool_transition_multiset|all_valid
S0512,tool_transition_multiset,raw_edit_count,reference,collapse_consecutive_duplicates,ALL_VALID_PAIRS,task,mean,all_valid,ALL,0.9354320987654321,0.5222962962962963,1.3864537037037032,0.000555247084952804,0.0006662965019433649,positive,36,True,tool_transition_multiset|all_valid
S0513,tool_transition_multiset,raw_edit_count,reference,exclude_reorder_only,ALL_VALID_PAIRS,task,mean,all_valid,ALL,0.9210802469135803,0.482266975308642,1.389184413580246,0.000555247084952804,0.0006662965019433649,positive,36,True,tool_transition_multiset|all_valid
S0514,tool_transition_multiset,raw_edit_count,reference,effective_calls_only,ALL_VALID_PAIRS,task,mean,all_valid,ALL,0.7007407407407408,0.3575185185185185,1.051861111111111,0.001110494169905608,0.0011487870723161464,positive,36,True,tool_transition_multiset|all_valid
S0515,tool_transition_multiset,raw_edit_count,none,all_calls,ALL_VALID_PAIRS,task,mean,all_valid,ALL,0.9235802469135801,0.5044043209876544,1.3627546296296293,0.000555247084952804,0.0006662965019433649,positive,36,True,tool_transition_multiset|all_valid
S0516,tool_transition_multiset,raw_edit_count,none,remove_exact_duplicates,ALL_VALID_PAIRS,task,mean,all_valid,ALL,0.8485802469135802,0.47700000000000004,1.216743827160494,0.001110494169905608,0.0011487870723161464,positive,36,True,tool_transition_multiset|all_valid
S0517,tool_transition_multiset,raw_edit_count,none,collapse_consecutive_duplicates,ALL_VALID_PAIRS,task,mean,all_valid,ALL,0.9354320987654321,0.5087453703703704,1.348137345679012,0.000555247084952804,0.0006662965019433649,positive,36,True,tool_transition_multiset|all_valid
S0518,tool_transition_multiset,raw_edit_count,none,exclude_reorder_only,ALL_VALID_PAIRS,task,mean,all_valid,ALL,0.9210802469135803,0.5018047839506173,1.3491450617283949,0.000555247084952804,0.0006662965019433649,positive,36,True,tool_transition_multiset|all_valid
S0519,tool_transition_multiset,raw_edit_count,none,effective_calls_only,ALL_VALID_PAIRS,task,mean,all_valid,ALL,0.7007407407407408,0.33954629629629635,1.0402037037037035,0.001110494169905608,0.0011487870723161464,positive,36,True,tool_transition_multiset|all_valid
S0520,tool_transition_multiset,lcs_distance,max,all_calls,ALL_VALID_PAIRS,task,mean,all_valid,ALL,0.13512219386855812,0.08784953188134646,0.18032291206694911,0.000555247084952804,0.0006662965019433649,positive,36,True,tool_transition_multiset|all_valid
S0521,tool_transition_multiset,lcs_distance,max,remove_exact_duplicates,ALL_VALID_PAIRS,task,mean,all_valid,ALL,0.14102212198930855,0.09189122648189008,0.1930558896077801,0.000555247084952804,0.0006662965019433649,positive,36,True,tool_transition_multiset|all_valid
S0522,tool_transition_multiset,lcs_distance,max,collapse_consecutive_duplicates,ALL_VALID_PAIRS,task,mean,all_valid,ALL,0.14091851596614904,0.09121735228041421,0.19461901402557008,0.000555247084952804,0.0006662965019433649,positive,36,True,tool_transition_multiset|all_valid
S0523,tool_transition_multiset,lcs_distance,max,exclude_reorder_only,ALL_VALID_PAIRS,task,mean,all_valid,ALL,0.13490767544802118,0.08599428283879751,0.18346401149995417,0.000555247084952804,0.0006662965019433649,positive,36,True,tool_transition_multiset|all_valid
S0524,tool_transition_multiset,lcs_distance,max,effective_calls_only,ALL_VALID_PAIRS,task,mean,all_valid,ALL,0.13121459104728242,0.07763697143300297,0.18792745322712645,0.000555247084952804,0.0006662965019433649,positive,36,True,tool_transition_multiset|all_valid
S0525,tool_transition_multiset,lcs_distance,mean,all_calls,ALL_VALID_PAIRS,task,mean,all_valid,ALL,0.17234230340595388,0.10629990087228793,0.24166390627217849,0.000555247084952804,0.0006662965019433649,positive,36,True,tool_transition_multiset|all_valid
S0526,tool_transition_multiset,lcs_distance,mean,remove_exact_duplicates,ALL_VALID_PAIRS,task,mean,all_valid,ALL,0.1775600991550918,0.10894010267022337,0.2543900983363921,0.000555247084952804,0.0006662965019433649,positive,36,True,tool_transition_multiset|all_valid
S0527,tool_transition_multiset,lcs_distance,mean,collapse_consecutive_duplicates,ALL_VALID_PAIRS,task,mean,all_valid,ALL,0.17834987779150546,0.10809316505270258,0.2524387354469581,0.000555247084952804,0.0006662965019433649,positive,36,True,tool_transition_multiset|all_valid
S0528,tool_transition_multiset,lcs_distance,mean,exclude_reorder_only,ALL_VALID_PAIRS,task,mean,all_valid,ALL,0.1720536948734373,0.10582754073778594,0.24381040762982165,0.000555247084952804,0.0006662965019433649,positive,36,True,tool_transition_multiset|all_valid
S0529,tool_transition_multiset,lcs_distance,mean,effective_calls_only,ALL_VALID_PAIRS,task,mean,all_valid,ALL,0.1802953994594736,0.10006694151767073,0.2661300522261018,0.000555247084952804,0.0006662965019433649,positive,36,True,tool_transition_multiset|all_valid
S0530,tool_transition_multiset,lcs_distance,reference,all_calls,ALL_VALID_PAIRS,task,mean,all_valid,ALL,0.2918987868755098,0.13815315458827002,0.4564660335076989,0.001110494169905608,0.0011487870723161464,positive,36,True,tool_transition_multiset|all_valid
S0531,tool_transition_multiset,lcs_distance,reference,remove_exact_duplicates,ALL_VALID_PAIRS,task,mean,all_valid,ALL,0.2970424655346941,0.15415935728777544,0.46588367661625735,0.001110494169905608,0.0011487870723161464,positive,36,True,tool_transition_multiset|all_valid
S0532,tool_transition_multiset,lcs_distance,reference,collapse_consecutive_duplicates,ALL_VALID_PAIRS,task,mean,all_valid,ALL,0.30022711204207453,0.14197184877141258,0.4633866112370529,0.001110494169905608,0.0011487870723161464,positive,36,True,tool_transition_multiset|all_valid
S0533,tool_transition_multiset,lcs_distance,reference,exclude_reorder_only,ALL_VALID_PAIRS,task,mean,all_valid,ALL,0.29168383978556267,0.14486143220441874,0.4386870209483773,0.000555247084952804,0.0006662965019433649,positive,36,True,tool_transition_multiset|all_valid
S0534,tool_transition_multiset,lcs_distance,reference,effective_calls_only,ALL_VALID_PAIRS,task,mean,all_valid,ALL,0.32821257459400016,0.1571543311144873,0.5207869517252678,0.001110494169905608,0.0011487870723161464,positive,36,True,tool_transition_multiset|all_valid
S0535,tool_transition_multiset,lcs_distance,none,all_calls,ALL_VALID_PAIRS,task,mean,all_valid,ALL,1.1355555555555554,0.630537037037037,1.6565185185185183,0.000555247084952804,0.0006662965019433649,positive,36,True,tool_transition_multiset|all_valid
S0536,tool_transition_multiset,lcs_distance,none,remove_exact_duplicates,ALL_VALID_PAIRS,task,mean,all_valid,ALL,1.1023148148148147,0.6472777777777777,1.5074722222222219,0.000555247084952804,0.0006662965019433649,positive,36,True,tool_transition_multiset|all_valid
S0537,tool_transition_multiset,lcs_distance,none,collapse_consecutive_duplicates,ALL_VALID_PAIRS,task,mean,all_valid,ALL,1.1825925925925924,0.7048101851851852,1.6693518518518513,0.000555247084952804,0.0006662965019433649,positive,36,True,tool_transition_multiset|all_valid
S0538,tool_transition_multiset,lcs_distance,none,exclude_reorder_only,ALL_VALID_PAIRS,task,mean,all_valid,ALL,1.1323353909465022,0.6062438271604937,1.6369598765432096,0.000555247084952804,0.0006662965019433649,positive,36,True,tool_transition_multiset|all_valid
S0539,tool_transition_multiset,lcs_distance,none,effective_calls_only,ALL_VALID_PAIRS,task,mean,all_valid,ALL,0.9053703703703706,0.5136944444444446,1.2931851851851848,0.000555247084952804,0.0006662965019433649,positive,36,True,tool_transition_multiset|all_valid
S0540,tool_transition_multiset,jaccard,max,all_calls,ALL_VALID_PAIRS,task,mean,all_valid,ALL,0.10940316614593784,0.07103464122872664,0.14770972970468335,0.000555247084952804,0.0006662965019433649,positive,36,True,tool_transition_multiset|all_valid
S0541,tool_transition_multiset,jaccard,max,remove_exact_duplicates,ALL_VALID_PAIRS,task,mean,all_valid,ALL,0.11296812910413769,0.07370014204348566,0.1543532308050556,0.000555247084952804,0.0006662965019433649,positive,36,True,tool_transition_multiset|all_valid
S0542,tool_transition_multiset,jaccard,max,collapse_consecutive_duplicates,ALL_VALID_PAIRS,task,mean,all_valid,ALL,0.11303352310735375,0.07493174191375813,0.15246217926497532,0.000555247084952804,0.0006662965019433649,positive,36,True,tool_transition_multiset|all_valid
S0543,tool_transition_multiset,jaccard,max,exclude_reorder_only,ALL_VALID_PAIRS,task,mean,all_valid,ALL,0.10914859047469551,0.07141489464558558,0.14740022927514007,0.000555247084952804,0.0006662965019433649,positive,36,True,tool_transition_multiset|all_valid
S0544,tool_transition_multiset,jaccard,max,effective_calls_only,ALL_VALID_PAIRS,task,mean,all_valid,ALL,0.10688261543493255,0.06334654558780578,0.15250120537548773,0.001110494169905608,0.0011487870723161464,positive,36,True,tool_transition_multiset|all_valid
S0545,tool_transition_multiset,jaccard,mean,all_calls,ALL_VALID_PAIRS,task,mean,all_valid,ALL,0.10940316614593784,0.07503351822880579,0.14696519926577264,0.000555247084952804,0.0006662965019433649,positive,36,True,tool_transition_multiset|all_valid
S0546,tool_transition_multiset,jaccard,mean,remove_exact_duplicates,ALL_VALID_PAIRS,task,mean,all_valid,ALL,0.11296812910413769,0.07583413054021042,0.1530876268202921,0.000555247084952804,0.0006662965019433649,positive,36,True,tool_transition_multiset|all_valid
S0547,tool_transition_multiset,jaccard,mean,collapse_consecutive_duplicates,ALL_VALID_PAIRS,task,mean,all_valid,ALL,0.11303352310735375,0.07577669045922146,0.15223911990149158,0.000555247084952804,0.0006662965019433649,positive,36,True,tool_transition_multiset|all_valid
S0548,tool_transition_multiset,jaccard,mean,exclude_reorder_only,ALL_VALID_PAIRS,task,mean,all_valid,ALL,0.10914859047469551,0.07217468191987848,0.14875242770208205,0.000555247084952804,0.0006662965019433649,positive,36,True,tool_transition_multiset|all_valid
S0549,tool_transition_multiset,jaccard,mean,effective_calls_only,ALL_VALID_PAIRS,task,mean,all_valid,ALL,0.10688261543493255,0.0638387309209095,0.1505085802640162,0.000555247084952804,0.0006662965019433649,positive,36,True,tool_transition_multiset|all_valid
S0550,tool_transition_multiset,jaccard,reference,all_calls,ALL_VALID_PAIRS,task,mean,all_valid,ALL,0.10940316614593784,0.07331951038871728,0.14659971455061618,0.000555247084952804,0.0006662965019433649,positive,36,True,tool_transition_multiset|all_valid
S0551,tool_transition_multiset,jaccard,reference,remove_exact_duplicates,ALL_VALID_PAIRS,task,mean,all_valid,ALL,0.11296812910413769,0.07352506191158366,0.15225507556233817,0.000555247084952804,0.0006662965019433649,positive,36,True,tool_transition_multiset|all_valid
S0552,tool_transition_multiset,jaccard,reference,collapse_consecutive_duplicates,ALL_VALID_PAIRS,task,mean,all_valid,ALL,0.11303352310735375,0.07390450076141777,0.15352317876028423,0.000555247084952804,0.0006662965019433649,positive,36,True,tool_transition_multiset|all_valid
S0553,tool_transition_multiset,jaccard,reference,exclude_reorder_only,ALL_VALID_PAIRS,task,mean,all_valid,ALL,0.10914859047469551,0.07262974074750903,0.14722541449247575,0.000555247084952804,0.0006662965019433649,positive,36,True,tool_transition_multiset|all_valid
S0554,tool_transition_multiset,jaccard,reference,effective_calls_only,ALL_VALID_PAIRS,task,mean,all_valid,ALL,0.10688261543493255,0.06316824790651879,0.1517582003283299,0.000555247084952804,0.0006662965019433649,positive,36,True,tool_transition_multiset|all_valid
S0555,tool_transition_multiset,jaccard,none,all_calls,ALL_VALID_PAIRS,task,mean,all_valid,ALL,0.10940316614593784,0.07186976678964416,0.14766906616347014,0.000555247084952804,0.0006662965019433649,positive,36,True,tool_transition_multiset|all_valid
S0556,tool_transition_multiset,jaccard,none,remove_exact_duplicates,ALL_VALID_PAIRS,task,mean,all_valid,ALL,0.11296812910413769,0.07227083436958395,0.15524575869008025,0.000555247084952804,0.0006662965019433649,positive,36,True,tool_transition_multiset|all_valid
S0557,tool_transition_multiset,jaccard,none,collapse_consecutive_duplicates,ALL_VALID_PAIRS,task,mean,all_valid,ALL,0.11303352310735375,0.07503031852725724,0.15340646339181943,0.000555247084952804,0.0006662965019433649,positive,36,True,tool_transition_multiset|all_valid
S0558,tool_transition_multiset,jaccard,none,exclude_reorder_only,ALL_VALID_PAIRS,task,mean,all_valid,ALL,0.10914859047469551,0.0708136904503354,0.14797527933650947,0.000555247084952804,0.0006662965019433649,positive,36,True,tool_transition_multiset|all_valid
S0559,tool_transition_multiset,jaccard,none,effective_calls_only,ALL_VALID_PAIRS,task,mean,all_valid,ALL,0.10688261543493255,0.06367076004334922,0.15301148193043704,0.000555247084952804,0.0006662965019433649,positive,36,True,tool_transition_multiset|all_valid
S0560,tool_transition_multiset,weighted_edit,max,all_calls,ALL_VALID_PAIRS,task,mean,all_valid,ALL,0.13512219386855812,0.09123711341207873,0.18600745640126123,0.000555247084952804,0.0006662965019433649,positive,36,True,tool_transition_multiset|all_valid
S0561,tool_transition_multiset,weighted_edit,max,remove_exact_duplicates,ALL_VALID_PAIRS,task,mean,all_valid,ALL,0.14102212198930855,0.09308693834673298,0.19454407449874925,0.000555247084952804,0.0006662965019433649,positive,36,True,tool_transition_multiset|all_valid
S0562,tool_transition_multiset,weighted_edit,max,collapse_consecutive_duplicates,ALL_VALID_PAIRS,task,mean,all_valid,ALL,0.14091851596614904,0.09288656845563975,0.19603161665125643,0.000555247084952804,0.0006662965019433649,positive,36,True,tool_transition_multiset|all_valid
S0563,tool_transition_multiset,weighted_edit,max,exclude_reorder_only,ALL_VALID_PAIRS,task,mean,all_valid,ALL,0.13490767544802118,0.08559845518077722,0.1861561734986381,0.000555247084952804,0.0006662965019433649,positive,36,True,tool_transition_multiset|all_valid
S0564,tool_transition_multiset,weighted_edit,max,effective_calls_only,ALL_VALID_PAIRS,task,mean,all_valid,ALL,0.13121459104728242,0.07757678921154057,0.18574881812028984,0.000555247084952804,0.0006662965019433649,positive,36,True,tool_transition_multiset|all_valid
S0565,tool_transition_multiset,weighted_edit,mean,all_calls,ALL_VALID_PAIRS,task,mean,all_valid,ALL,0.17234230340595388,0.10836175141261188,0.24236209551599974,0.000555247084952804,0.0006662965019433649,positive,36,True,tool_transition_multiset|all_valid
S0566,tool_transition_multiset,weighted_edit,mean,remove_exact_duplicates,ALL_VALID_PAIRS,task,mean,all_valid,ALL,0.1775600991550918,0.10537095241998598,0.25484709610881534,0.000555247084952804,0.0006662965019433649,positive,36,True,tool_transition_multiset|all_valid
S0567,tool_transition_multiset,weighted_edit,mean,collapse_consecutive_duplicates,ALL_VALID_PAIRS,task,mean,all_valid,ALL,0.17834987779150546,0.11198499377934565,0.25432586987356526,0.000555247084952804,0.0006662965019433649,positive,36,True,tool_transition_multiset|all_valid
S0568,tool_transition_multiset,weighted_edit,mean,exclude_reorder_only,ALL_VALID_PAIRS,task,mean,all_valid,ALL,0.1720536948734373,0.1077259856761421,0.2416593841756143,0.000555247084952804,0.0006662965019433649,positive,36,True,tool_transition_multiset|all_valid
S0569,tool_transition_multiset,weighted_edit,mean,effective_calls_only,ALL_VALID_PAIRS,task,mean,all_valid,ALL,0.1802953994594736,0.10504269503766206,0.2643953632980822,0.000555247084952804,0.0006662965019433649,positive,36,True,tool_transition_multiset|all_valid
S0570,tool_transition_multiset,weighted_edit,reference,all_calls,ALL_VALID_PAIRS,task,mean,all_valid,ALL,0.2918987868755098,0.15050663648022838,0.45301489002016226,0.000555247084952804,0.0006662965019433649,positive,36,True,tool_transition_multiset|all_valid
S0571,tool_transition_multiset,weighted_edit,reference,remove_exact_duplicates,ALL_VALID_PAIRS,task,mean,all_valid,ALL,0.2970424655346941,0.1446026680780584,0.45566800348853265,0.000555247084952804,0.0006662965019433649,positive,36,True,tool_transition_multiset|all_valid
S0572,tool_transition_multiset,weighted_edit,reference,collapse_consecutive_duplicates,ALL_VALID_PAIRS,task,mean,all_valid,ALL,0.30022711204207453,0.13978973703361927,0.45457541533257345,0.001110494169905608,0.0011487870723161464,positive,36,True,tool_transition_multiset|all_valid
S0573,tool_transition_multiset,weighted_edit,reference,exclude_reorder_only,ALL_VALID_PAIRS,task,mean,all_valid,ALL,0.29168383978556267,0.1340612439012822,0.4469526694076309,0.000555247084952804,0.0006662965019433649,positive,36,True,tool_transition_multiset|all_valid
S0574,tool_transition_multiset,weighted_edit,reference,effective_calls_only,ALL_VALID_PAIRS,task,mean,all_valid,ALL,0.32821257459400016,0.15507127437322796,0.5234574950111159,0.001110494169905608,0.0011487870723161464,positive,36,True,tool_transition_multiset|all_valid
S0575,tool_transition_multiset,weighted_edit,none,all_calls,ALL_VALID_PAIRS,task,mean,all_valid,ALL,1.1355555555555554,0.6281388888888889,1.629462962962963,0.000555247084952804,0.0006662965019433649,positive,36,True,tool_transition_multiset|all_valid
S0576,tool_transition_multiset,weighted_edit,none,remove_exact_duplicates,ALL_VALID_PAIRS,task,mean,all_valid,ALL,1.1023148148148147,0.6492245370370371,1.5587060185185184,0.000555247084952804,0.0006662965019433649,positive,36,True,tool_transition_multiset|all_valid
S0577,tool_transition_multiset,weighted_edit,none,collapse_consecutive_duplicates,ALL_VALID_PAIRS,task,mean,all_valid,ALL,1.1825925925925924,0.7162824074074076,1.6954490740740737,0.000555247084952804,0.0006662965019433649,positive,36,True,tool_transition_multiset|all_valid
S0578,tool_transition_multiset,weighted_edit,none,exclude_reorder_only,ALL_VALID_PAIRS,task,mean,all_valid,ALL,1.1323353909465022,0.6391296296296297,1.6835769032921806,0.000555247084952804,0.0006662965019433649,positive,36,True,tool_transition_multiset|all_valid
S0579,tool_transition_multiset,weighted_edit,none,effective_calls_only,ALL_VALID_PAIRS,task,mean,all_valid,ALL,0.9053703703703706,0.5214583333333332,1.3004305555555553,0.000555247084952804,0.0006662965019433649,positive,36,True,tool_transition_multiset|all_valid
S0580,tool_transition_multiset,argument_aware,max,all_calls,ALL_VALID_PAIRS,task,mean,all_valid,ALL,0.11184566472826932,0.07466390439919454,0.14881430580602015,0.000555247084952804,0.0006662965019433649,positive,36,True,tool_transition_multiset|all_valid
S0581,tool_transition_multiset,argument_aware,max,remove_exact_duplicates,ALL_VALID_PAIRS,task,mean,all_valid,ALL,0.11134677173226147,0.07492633271801485,0.15186993481012342,0.000555247084952804,0.0006662965019433649,positive,36,True,tool_transition_multiset|all_valid
S0582,tool_transition_multiset,argument_aware,max,collapse_consecutive_duplicates,ALL_VALID_PAIRS,task,mean,all_valid,ALL,0.11309320528381638,0.07797137098242564,0.15311566896493975,0.000555247084952804,0.0006662965019433649,positive,36,True,tool_transition_multiset|all_valid
S0583,tool_transition_multiset,argument_aware,max,exclude_reorder_only,ALL_VALID_PAIRS,task,mean,all_valid,ALL,0.11165162037527433,0.07596742467631515,0.14925831051192057,0.000555247084952804,0.0006662965019433649,positive,36,True,tool_transition_multiset|all_valid
S0584,tool_transition_multiset,argument_aware,max,effective_calls_only,ALL_VALID_PAIRS,task,mean,all_valid,ALL,0.10434344235995742,0.06895362687139024,0.14455011050280264,0.000555247084952804,0.0006662965019433649,positive,36,True,tool_transition_multiset|all_valid
S0585,tool_transition_multiset,argument_aware,mean,all_calls,ALL_VALID_PAIRS,task,mean,all_valid,ALL,0.14343466662279508,0.08884587520422225,0.1986295818961753,0.000555247084952804,0.0006662965019433649,positive,36,True,tool_transition_multiset|all_valid
S0586,tool_transition_multiset,argument_aware,mean,remove_exact_duplicates,ALL_VALID_PAIRS,task,mean,all_valid,ALL,0.14084662564616643,0.0890805483608286,0.19450303198979801,0.000555247084952804,0.0006662965019433649,positive,36,True,tool_transition_multiset|all_valid
S0587,tool_transition_multiset,argument_aware,mean,collapse_consecutive_duplicates,ALL_VALID_PAIRS,task,mean,all_valid,ALL,0.14384716751049667,0.08601255003063205,0.19952450766321272,0.000555247084952804,0.0006662965019433649,positive,36,True,tool_transition_multiset|all_valid
S0588,tool_transition_multiset,argument_aware,mean,exclude_reorder_only,ALL_VALID_PAIRS,task,mean,all_valid,ALL,0.14317929998260062,0.08960213400420668,0.19849614332558693,0.000555247084952804,0.0006662965019433649,positive,36,True,tool_transition_multiset|all_valid
S0589,tool_transition_multiset,argument_aware,mean,effective_calls_only,ALL_VALID_PAIRS,task,mean,all_valid,ALL,0.14391950242915785,0.08712412779349255,0.2087310163787466,0.000555247084952804,0.0006662965019433649,positive,36,True,tool_transition_multiset|all_valid
S0590,tool_transition_multiset,argument_aware,reference,all_calls,ALL_VALID_PAIRS,task,mean,all_valid,ALL,0.24814068901507114,0.1370893548534287,0.3894314722874212,0.000555247084952804,0.0006662965019433649,positive,36,True,tool_transition_multiset|all_valid
S0591,tool_transition_multiset,argument_aware,reference,remove_exact_duplicates,ALL_VALID_PAIRS,task,mean,all_valid,ALL,0.2408972870829437,0.1344651478812197,0.3787491727817632,0.000555247084952804,0.0006662965019433649,positive,36,True,tool_transition_multiset|all_valid
S0592,tool_transition_multiset,argument_aware,reference,collapse_consecutive_duplicates,ALL_VALID_PAIRS,task,mean,all_valid,ALL,0.24679151194244633,0.1290870344663147,0.3806110422164389,0.000555247084952804,0.0006662965019433649,positive,36,True,tool_transition_multiset|all_valid
S0593,tool_transition_multiset,argument_aware,reference,exclude_reorder_only,ALL_VALID_PAIRS,task,mean,all_valid,ALL,0.2479380141179518,0.13500879149521508,0.3813818584609708,0.000555247084952804,0.0006662965019433649,positive,36,True,tool_transition_multiset|all_valid
S0594,tool_transition_multiset,argument_aware,reference,effective_calls_only,ALL_VALID_PAIRS,task,mean,all_valid,ALL,0.3003501879174752,0.1562690099086142,0.46300155034521623,0.000555247084952804,0.0006662965019433649,positive,36,True,tool_transition_multiset|all_valid
S0595,tool_transition_multiset,argument_aware,none,all_calls,ALL_VALID_PAIRS,task,mean,all_valid,ALL,1.1217592592592593,0.6340439814814814,1.599486111111111,0.000555247084952804,0.0006662965019433649,positive,36,True,tool_transition_multiset|all_valid
S0596,tool_transition_multiset,argument_aware,none,remove_exact_duplicates,ALL_VALID_PAIRS,task,mean,all_valid,ALL,1.037222222222222,0.609425925925926,1.4793055555555554,0.000555247084952804,0.0006662965019433649,positive,36,True,tool_transition_multiset|all_valid
S0597,tool_transition_multiset,argument_aware,none,collapse_consecutive_duplicates,ALL_VALID_PAIRS,task,mean,all_valid,ALL,1.1299074074074074,0.6739745370370371,1.5949074074074068,0.000555247084952804,0.0006662965019433649,positive,36,True,tool_transition_multiset|all_valid
S0598,tool_transition_multiset,argument_aware,none,exclude_reorder_only,ALL_VALID_PAIRS,task,mean,all_valid,ALL,1.1187397119341564,0.6717669753086419,1.6156485339506175,0.000555247084952804,0.0006662965019433649,positive,36,True,tool_transition_multiset|all_valid
S0599,tool_transition_multiset,argument_aware,none,effective_calls_only,ALL_VALID_PAIRS,task,mean,all_valid,ALL,0.8579938271604939,0.48344444444444445,1.237283950617284,0.000555247084952804,0.0006662965019433649,positive,36,True,tool_transition_multiset|all_valid
S0600,tool_name,normalized_levenshtein,max,all_calls,ALL_VALID_PAIRS,episode_pair,mean,all_valid,ALL,0.08673257220645628,0.05205193497056178,0.12332473024456642,0.000555247084952804,0.0006892722433896878,positive,36,True,tool_name|all_valid
S0601,tool_name,normalized_levenshtein,max,all_calls,ALL_VALID_PAIRS,episode_pair,median,all_valid,ALL,0.0997086675567001,0.05582253953991113,0.14550032382778497,0.000555247084952804,0.0006892722433896878,positive,36,True,tool_name|all_valid
S0602,tool_name,normalized_levenshtein,max,all_calls,ALL_VALID_PAIRS,model_task_cell,mean,all_valid,ALL,0.08545333273087245,0.05340906149236709,0.12183932691733447,0.000555247084952804,0.0006892722433896878,positive,36,True,tool_name|all_valid
S0603,tool_name,normalized_levenshtein,max,all_calls,ALL_VALID_PAIRS,model_task_cell,median,all_valid,ALL,0.06550916039140676,0.027291038185512814,0.11461860368563266,0.000555247084952804,0.0006892722433896878,positive,36,True,tool_name|all_valid
S0604,tool_name,normalized_levenshtein,max,all_calls,ALL_VALID_PAIRS,task,mean,all_valid,ALL,0.08545333273087245,0.053384642229339106,0.11980032616900906,0.000555247084952804,0.0006892722433896878,positive,36,True,tool_name|all_valid
S0605,tool_name,normalized_levenshtein,max,all_calls,ALL_VALID_PAIRS,task,median,all_valid,ALL,0.06550916039140676,0.0264528444499006,0.11543530677588636,0.001110494169905608,0.0011933668691522954,positive,36,True,tool_name|all_valid
S0606,tool_name,normalized_levenshtein,max,all_calls,DISJOINT_MATCHING,episode_pair,mean,all_valid,ALL,0.07027618303054864,0.035493707610577505,0.10904362114816865,0.001110494169905608,0.0011933668691522954,positive,36,True,tool_name|all_valid
S0607,tool_name,normalized_levenshtein,max,all_calls,DISJOINT_MATCHING,episode_pair,median,all_valid,ALL,0.07983165895763741,0.03910731714410484,0.12113699485523668,0.001665741254858412,0.001713333862140081,positive,36,True,tool_name|all_valid
S0608,tool_name,normalized_levenshtein,max,all_calls,DISJOINT_MATCHING,model_task_cell,mean,all_valid,ALL,0.06969458377880079,0.034486517777993685,0.10739564877545876,0.000555247084952804,0.0006892722433896878,positive,36,True,tool_name|all_valid
S0609,tool_name,normalized_levenshtein,max,all_calls,DISJOINT_MATCHING,model_task_cell,median,all_valid,ALL,0.0542621520655941,0.014771581828773585,0.09868197341839309,0.016102165463631316,0.016214768019321042,positive,36,True,tool_name|all_valid
S0610,tool_name,normalized_levenshtein,max,all_calls,DISJOINT_MATCHING,task,mean,all_valid,ALL,0.06969458377880079,0.03472941426630003,0.1064228555473637,0.001110494169905608,0.0011933668691522954,positive,36,True,tool_name|all_valid
S0611,tool_name,normalized_levenshtein,max,all_calls,DISJOINT_MATCHING,task,median,all_valid,ALL,0.0542621520655941,0.013400339592295318,0.09765959347937309,0.01943364797334814,0.01943364797334814,positive,36,True,tool_name|all_valid
S0612,tool_name,normalized_levenshtein,max,all_calls,RANDOM_ONE_TO_ONE_MATCHING,episode_pair,mean,all_valid,ALL,0.076155119605888,0.03689003326792852,0.11828473770994291,0.001665741254858412,0.001713333862140081,positive,36,True,tool_name|all_valid
S0613,tool_name,normalized_levenshtein,max,all_calls,RANDOM_ONE_TO_ONE_MATCHING,episode_pair,median,all_valid,ALL,0.09017401992849655,0.05446983612158202,0.1284514310281613,0.000555247084952804,0.0006892722433896878,positive,36,True,tool_name|all_valid
S0614,tool_name,normalized_levenshtein,max,all_calls,RANDOM_ONE_TO_ONE_MATCHING,model_task_cell,mean,all_valid,ALL,0.08510869220333853,0.049074284185565344,0.12093341478373058,0.000555247084952804,0.0006892722433896878,positive,36,True,tool_name|all_valid
S0615,tool_name,normalized_levenshtein,max,all_calls,RANDOM_ONE_TO_ONE_MATCHING,model_task_cell,median,all_valid,ALL,0.07213263202846536,0.04042218830438807,0.11119955423570617,0.000555247084952804,0.0006892722433896878,positive,36,True,tool_name|all_valid
S0616,tool_name,normalized_levenshtein,max,all_calls,RANDOM_ONE_TO_ONE_MATCHING,task,mean,all_valid,ALL,0.0768323657709448,0.037420041538888255,0.11886707320818406,0.001110494169905608,0.0011933668691522954,positive,36,True,tool_name|all_valid
S0617,tool_name,normalized_levenshtein,max,all_calls,RANDOM_ONE_TO_ONE_MATCHING,task,median,all_valid,ALL,0.07654956555366549,0.03611332359681665,0.12443628155382064,0.000555247084952804,0.0006892722433896878,positive,36,True,tool_name|all_valid
S0618,tool_name,normalized_levenshtein,max,all_calls,CELL_LEVEL_U_STATISTIC,episode_pair,mean,all_valid,ALL,0.08673257220645628,0.052799695753497515,0.12405973780804058,0.000555247084952804,0.0006892722433896878,positive,36,True,tool_name|all_valid
S0619,tool_name,normalized_levenshtein,max,all_calls,CELL_LEVEL_U_STATISTIC,episode_pair,median,all_valid,ALL,0.0997086675567001,0.05840662577434581,0.14441805347273037,0.000555247084952804,0.0006892722433896878,positive,36,True,tool_name|all_valid
S0620,tool_name,normalized_levenshtein,max,all_calls,CELL_LEVEL_U_STATISTIC,model_task_cell,mean,all_valid,ALL,0.08545333273087245,0.05007799200327077,0.11974349743988685,0.000555247084952804,0.0006892722433896878,positive,36,True,tool_name|all_valid
S0621,tool_name,normalized_levenshtein,max,all_calls,CELL_LEVEL_U_STATISTIC,model_task_cell,median,all_valid,ALL,0.06550916039140676,0.02753662316615214,0.11568309336764948,0.002220988339811216,0.0022682434108710296,positive,36,True,tool_name|all_valid
S0622,tool_name,normalized_levenshtein,max,all_calls,CELL_LEVEL_U_STATISTIC,task,mean,all_valid,ALL,0.08545333273087245,0.05012560673890346,0.12197125442507509,0.000555247084952804,0.0006892722433896878,positive,36,True,tool_name|all_valid
S0623,tool_name,normalized_levenshtein,max,all_calls,CELL_LEVEL_U_STATISTIC,task,median,all_valid,ALL,0.06550916039140676,0.02987191284292733,0.11691896590560538,0.001665741254858412,0.001713333862140081,positive,36,True,tool_name|all_valid
S0624,tool_name,normalized_levenshtein,max,all_calls,ALL_VALID_PAIRS,task,mean,complete_five,ALL,0.09043219596523883,0.0564153961479755,0.12863791512776318,0.000555247084952804,0.000555247084952804,positive,36,True,tool_name|complete_five
S0625,tool_name,normalized_levenshtein,max,all_calls,ALL_VALID_PAIRS,task,mean,balanced_downsample,ALL,0.08618834347145184,0.05260368126984814,0.12234574549466247,0.000555247084952804,0.000555247084952804,positive,36,True,tool_name|balanced_downsample
S0626,tool_name,normalized_levenshtein,max,all_calls,ALL_VALID_PAIRS,task,mean,both_success,both_success,0.05074752562252561,-0.006226112860203771,0.11879225496725491,0.24541921154913937,0.24541921154913937,positive,11,False,tool_name|both_success
S0627,tool_name,normalized_levenshtein,max,all_calls,ALL_VALID_PAIRS,task,mean,same_reward,same_reward,0.07637420170201058,0.04635031874732403,0.10739188101138587,0.000555247084952804,0.000555247084952804,positive,36,True,tool_name|same_reward
S0628,tool_name,normalized_levenshtein,max,all_calls,ALL_VALID_PAIRS,task,mean,airline,ALL,0.10528555920174977,0.0602059144912148,0.15275906186863783,0.001110494169905608,0.001110494169905608,positive,18,True,tool_name|airline
S0629,tool_name,normalized_levenshtein,max,all_calls,ALL_VALID_PAIRS,task,mean,retail,ALL,0.06562110625999515,0.01978848905723906,0.12147929993103602,0.009439200444197668,0.009439200444197668,positive,18,True,tool_name|retail
S0630,tool_name,normalized_levenshtein,max,all_calls,ALL_VALID_PAIRS,task,mean,drop_gemma4_31b,ALL,0.056811062874617776,0.017319697978526397,0.10217891049052703,0.014436424208772903,0.014436424208772903,positive,36,True,tool_name|drop_gemma4_31b
S0631,tool_name,normalized_levenshtein,max,all_calls,ALL_VALID_PAIRS,task,mean,drop_gpt_oss_120b,ALL,0.09696737871883322,0.059501962032598464,0.13940276258534284,0.000555247084952804,0.000555247084952804,positive,36,True,tool_name|drop_gpt_oss_120b
S0632,tool_name,normalized_levenshtein,max,all_calls,ALL_VALID_PAIRS,task,mean,drop_mistral_small_3p2,ALL,0.10258155659916637,0.06248089264367504,0.14646926314576636,0.000555247084952804,0.000555247084952804,positive,36,True,tool_name|drop_mistral_small_3p2
S0633,tool_name,normalized_levenshtein,max,all_calls,ALL_VALID_PAIRS,task,mean,drop_airline,ALL,0.06562110625999515,0.022509847392833505,0.1175782345098317,0.012770682953914493,0.012770682953914493,positive,18,True,tool_name|drop_airline
S0634,tool_name,normalized_levenshtein,max,all_calls,ALL_VALID_PAIRS,task,mean,drop_retail,ALL,0.10528555920174977,0.060560425350898825,0.15103414824416897,0.001110494169905608,0.001110494169905608,positive,18,True,tool_name|drop_retail
S0635,tool_arguments,normalized_levenshtein,max,all_calls,ALL_VALID_PAIRS,episode_pair,mean,all_valid,ALL,0.11309257555969271,0.07424543878038566,0.1489409376905906,0.000555247084952804,0.000592263557282991,positive,36,True,tool_arguments|all_valid
S0636,tool_arguments,normalized_levenshtein,max,all_calls,ALL_VALID_PAIRS,episode_pair,median,all_valid,ALL,0.12105439735166366,0.0766894732051439,0.1691164805051794,0.000555247084952804,0.000592263557282991,positive,36,True,tool_arguments|all_valid
S0637,tool_arguments,normalized_levenshtein,max,all_calls,ALL_VALID_PAIRS,model_task_cell,mean,all_valid,ALL,0.11184566472826932,0.0744204949852043,0.14988807274910004,0.000555247084952804,0.000592263557282991,positive,36,True,tool_arguments|all_valid
S0638,tool_arguments,normalized_levenshtein,max,all_calls,ALL_VALID_PAIRS,model_task_cell,median,all_valid,ALL,0.058217333075504314,0.03002086646707285,0.08789196485894496,0.000555247084952804,0.000592263557282991,positive,36,True,tool_arguments|all_valid
S0639,tool_arguments,normalized_levenshtein,max,all_calls,ALL_VALID_PAIRS,task,mean,all_valid,ALL,0.11184566472826932,0.07468745048175439,0.14914718146492062,0.000555247084952804,0.000592263557282991,positive,36,True,tool_arguments|all_valid
S0640,tool_arguments,normalized_levenshtein,max,all_calls,ALL_VALID_PAIRS,task,median,all_valid,ALL,0.058217333075504314,0.030210735284152516,0.08818341979693047,0.000555247084952804,0.000592263557282991,positive,36,True,tool_arguments|all_valid
S0641,tool_arguments,normalized_levenshtein,max,all_calls,DISJOINT_MATCHING,episode_pair,mean,all_valid,ALL,0.09839931621524269,0.06040685146422169,0.13844283145961897,0.000555247084952804,0.000592263557282991,positive,36,True,tool_arguments|all_valid
S0642,tool_arguments,normalized_levenshtein,max,all_calls,DISJOINT_MATCHING,episode_pair,median,all_valid,ALL,0.10604968512772235,0.06450943656417973,0.1497195094452952,0.000555247084952804,0.000592263557282991,positive,36,True,tool_arguments|all_valid
S0643,tool_arguments,normalized_levenshtein,max,all_calls,DISJOINT_MATCHING,model_task_cell,mean,all_valid,ALL,0.09795104106468464,0.06170139285852041,0.13774784716580335,0.000555247084952804,0.000592263557282991,positive,36,True,tool_arguments|all_valid
S0644,tool_arguments,normalized_levenshtein,max,all_calls,DISJOINT_MATCHING,model_task_cell,median,all_valid,ALL,0.05984823569444088,0.02675493761401465,0.09241212301428704,0.00277623542476402,0.00277623542476402,positive,36,True,tool_arguments|all_valid
S0645,tool_arguments,normalized_levenshtein,max,all_calls,DISJOINT_MATCHING,task,mean,all_valid,ALL,0.09795104106468464,0.060333682501828946,0.13888572804188865,0.000555247084952804,0.000592263557282991,positive,36,True,tool_arguments|all_valid
S0646,tool_arguments,normalized_levenshtein,max,all_calls,DISJOINT_MATCHING,task,median,all_valid,ALL,0.05984823569444088,0.02716897813759037,0.09423313943902593,0.001110494169905608,0.0011182598634014516,positive,36,True,tool_arguments|all_valid
S0647,tool_arguments,normalized_levenshtein,max,all_calls,RANDOM_ONE_TO_ONE_MATCHING,episode_pair,mean,all_valid,ALL,0.11342227472077265,0.06979016015660032,0.15905382649905703,0.000555247084952804,0.000592263557282991,positive,36,True,tool_arguments|all_valid
S0648,tool_arguments,normalized_levenshtein,max,all_calls,RANDOM_ONE_TO_ONE_MATCHING,episode_pair,median,all_valid,ALL,0.12245224241069635,0.07920494498615467,0.16684199868947178,0.000555247084952804,0.000592263557282991,positive,36,True,tool_arguments|all_valid
S0649,tool_arguments,normalized_levenshtein,max,all_calls,RANDOM_ONE_TO_ONE_MATCHING,model_task_cell,mean,all_valid,ALL,0.10963910661231989,0.06923201840344576,0.15500918249262377,0.000555247084952804,0.000592263557282991,positive,36,True,tool_arguments|all_valid
S0650,tool_arguments,normalized_levenshtein,max,all_calls,RANDOM_ONE_TO_ONE_MATCHING,model_task_cell,median,all_valid,ALL,0.08355518302271174,0.041882521252294684,0.1317270842753379,0.001110494169905608,0.0011182598634014516,positive,36,True,tool_arguments|all_valid
S0651,tool_arguments,normalized_levenshtein,max,all_calls,RANDOM_ONE_TO_ONE_MATCHING,task,mean,all_valid,ALL,0.12463862644392604,0.08040170058800555,0.1702506637586967,0.000555247084952804,0.000592263557282991,positive,36,True,tool_arguments|all_valid
S0652,tool_arguments,normalized_levenshtein,max,all_calls,RANDOM_ONE_TO_ONE_MATCHING,task,median,all_valid,ALL,0.08302718475058292,0.041024650499407365,0.12146088896148478,0.001110494169905608,0.0011182598634014516,positive,36,True,tool_arguments|all_valid
S0653,tool_arguments,normalized_levenshtein,max,all_calls,CELL_LEVEL_U_STATISTIC,episode_pair,mean,all_valid,ALL,0.11309257555969271,0.0750175002366727,0.15215808829468327,0.000555247084952804,0.000592263557282991,positive,36,True,tool_arguments|all_valid
S0654,tool_arguments,normalized_levenshtein,max,all_calls,CELL_LEVEL_U_STATISTIC,episode_pair,median,all_valid,ALL,0.12105439735166366,0.07847231504386307,0.16694246539003268,0.000555247084952804,0.000592263557282991,positive,36,True,tool_arguments|all_valid
S0655,tool_arguments,normalized_levenshtein,max,all_calls,CELL_LEVEL_U_STATISTIC,model_task_cell,mean,all_valid,ALL,0.11184566472826932,0.07523692430318629,0.15053635147247668,0.000555247084952804,0.000592263557282991,positive,36,True,tool_arguments|all_valid
S0656,tool_arguments,normalized_levenshtein,max,all_calls,CELL_LEVEL_U_STATISTIC,model_task_cell,median,all_valid,ALL,0.058217333075504314,0.029864989860788626,0.08968553060044523,0.000555247084952804,0.000592263557282991,positive,36,True,tool_arguments|all_valid
S0657,tool_arguments,normalized_levenshtein,max,all_calls,CELL_LEVEL_U_STATISTIC,task,mean,all_valid,ALL,0.11184566472826932,0.07527187226029226,0.15079569177064522,0.000555247084952804,0.000592263557282991,positive,36,True,tool_arguments|all_valid
S0658,tool_arguments,normalized_levenshtein,max,all_calls,CELL_LEVEL_U_STATISTIC,task,median,all_valid,ALL,0.058217333075504314,0.029804445253917268,0.08871712633982606,0.000555247084952804,0.000592263557282991,positive,36,True,tool_arguments|all_valid
S0659,tool_arguments,normalized_levenshtein,max,all_calls,ALL_VALID_PAIRS,task,mean,complete_five,ALL,0.11653833007305729,0.07929811870661015,0.15414732027509526,0.000555247084952804,0.000555247084952804,positive,36,True,tool_arguments|complete_five
S0660,tool_arguments,normalized_levenshtein,max,all_calls,ALL_VALID_PAIRS,task,mean,balanced_downsample,ALL,0.11298015260771262,0.07438365520936935,0.15304356755580054,0.000555247084952804,0.000555247084952804,positive,36,True,tool_arguments|balanced_downsample
S0661,tool_arguments,normalized_levenshtein,max,all_calls,ALL_VALID_PAIRS,task,mean,both_success,both_success,0.0774206563638382,0.01270025840111068,0.167045160332092,0.05052748473070516,0.05052748473070516,positive,11,False,tool_arguments|both_success
S0662,tool_arguments,normalized_levenshtein,max,all_calls,ALL_VALID_PAIRS,task,mean,same_reward,same_reward,0.10449299639847856,0.0691825678988463,0.13942964050561318,0.000555247084952804,0.000555247084952804,positive,36,True,tool_arguments|same_reward
S0663,tool_arguments,normalized_levenshtein,max,all_calls,ALL_VALID_PAIRS,task,mean,airline,ALL,0.1490840334603537,0.09193406144010116,0.20921770455644853,0.000555247084952804,0.000555247084952804,positive,18,True,tool_arguments|airline
S0664,tool_arguments,normalized_levenshtein,max,all_calls,ALL_VALID_PAIRS,task,mean,retail,ALL,0.0746072959961849,0.03472506269450714,0.12171096539777095,0.001665741254858412,0.001665741254858412,positive,18,True,tool_arguments|retail
S0665,tool_arguments,normalized_levenshtein,max,all_calls,ALL_VALID_PAIRS,task,mean,drop_gemma4_31b,ALL,0.08226174579118868,0.03801032963815873,0.1299937107874494,0.001110494169905608,0.001110494169905608,positive,36,True,tool_arguments|drop_gemma4_31b
S0666,tool_arguments,normalized_levenshtein,max,all_calls,ALL_VALID_PAIRS,task,mean,drop_gpt_oss_120b,ALL,0.12915007336125614,0.07793167365640348,0.18052735417251964,0.000555247084952804,0.000555247084952804,positive,36,True,tool_arguments|drop_gpt_oss_120b
S0667,tool_arguments,normalized_levenshtein,max,all_calls,ALL_VALID_PAIRS,task,mean,drop_mistral_small_3p2,ALL,0.12412517503236309,0.08403650903739529,0.1694395359597126,0.000555247084952804,0.000555247084952804,positive,36,True,tool_arguments|drop_mistral_small_3p2
S0668,tool_arguments,normalized_levenshtein,max,all_calls,ALL_VALID_PAIRS,task,mean,drop_airline,ALL,0.0746072959961849,0.03231839532638144,0.11690358247719357,0.003331482509716824,0.003331482509716824,positive,18,True,tool_arguments|drop_airline
S0669,tool_arguments,normalized_levenshtein,max,all_calls,ALL_VALID_PAIRS,task,mean,drop_retail,ALL,0.1490840334603537,0.09236298628619657,0.21075961868575835,0.000555247084952804,0.000555247084952804,positive,18,True,tool_arguments|drop_retail
S0670,stage,normalized_levenshtein,max,all_calls,ALL_VALID_PAIRS,episode_pair,mean,all_valid,ALL,0.09324987493894876,0.057566329483476446,0.1311021936037,0.000555247084952804,0.000634568097088919,positive,36,True,stage|all_valid
S0671,stage,normalized_levenshtein,max,all_calls,ALL_VALID_PAIRS,episode_pair,median,all_valid,ALL,0.10372341125756737,0.06106465654944671,0.15573156656508855,0.000555247084952804,0.000634568097088919,positive,36,True,stage|all_valid
S0672,stage,normalized_levenshtein,max,all_calls,ALL_VALID_PAIRS,model_task_cell,mean,all_valid,ALL,0.09185618553644778,0.05682410420631338,0.12959019893804885,0.000555247084952804,0.000634568097088919,positive,36,True,stage|all_valid
S0673,stage,normalized_levenshtein,max,all_calls,ALL_VALID_PAIRS,model_task_cell,median,all_valid,ALL,0.05973390035890036,0.0213147702991453,0.11014626673480837,0.003886729594669628,0.0039694259690243,positive,36,True,stage|all_valid
S0674,stage,normalized_levenshtein,max,all_calls,ALL_VALID_PAIRS,task,mean,all_valid,ALL,0.09185618553644778,0.05520961746480329,0.13127380031939617,0.000555247084952804,0.000634568097088919,positive,36,True,stage|all_valid
S0675,stage,normalized_levenshtein,max,all_calls,ALL_VALID_PAIRS,task,median,all_valid,ALL,0.05973390035890036,0.02062295150836817,0.11329718506801832,0.003886729594669628,0.0039694259690243,positive,36,True,stage|all_valid
S0676,stage,normalized_levenshtein,max,all_calls,DISJOINT_MATCHING,episode_pair,mean,all_valid,ALL,0.07532356303920056,0.03742859548966138,0.11889263636663804,0.000555247084952804,0.000634568097088919,positive,36,True,stage|all_valid
S0677,stage,normalized_levenshtein,max,all_calls,DISJOINT_MATCHING,episode_pair,median,all_valid,ALL,0.08499541032540507,0.042765009269306035,0.1281991481512835,0.001110494169905608,0.0011504400033554502,positive,36,True,stage|all_valid
S0678,stage,normalized_levenshtein,max,all_calls,DISJOINT_MATCHING,model_task_cell,mean,all_valid,ALL,0.0748193387519342,0.035959381920722296,0.11717816647775649,0.000555247084952804,0.000634568097088919,positive,36,True,stage|all_valid
S0679,stage,normalized_levenshtein,max,all_calls,DISJOINT_MATCHING,model_task_cell,median,all_valid,ALL,0.050893762872929536,0.00830419849644728,0.09882841601821374,0.029983342587451417,0.030193016311839186,positive,36,True,stage|all_valid
S0680,stage,normalized_levenshtein,max,all_calls,DISJOINT_MATCHING,task,mean,all_valid,ALL,0.0748193387519342,0.036237832400064326,0.11569487833814159,0.000555247084952804,0.000634568097088919,positive,36,True,stage|all_valid
S0681,stage,normalized_levenshtein,max,all_calls,DISJOINT_MATCHING,task,median,all_valid,ALL,0.050893762872929536,0.009853674319054234,0.09686170163804966,0.03164908384230983,0.03164908384230983,positive,36,True,stage|all_valid
S0682,stage,normalized_levenshtein,max,all_calls,RANDOM_ONE_TO_ONE_MATCHING,episode_pair,mean,all_valid,ALL,0.10095561751881496,0.06848596695856829,0.13817596619944783,0.000555247084952804,0.000634568097088919,positive,36,True,stage|all_valid
S0683,stage,normalized_levenshtein,max,all_calls,RANDOM_ONE_TO_ONE_MATCHING,episode_pair,median,all_valid,ALL,0.10414285715234019,0.05293034069548956,0.15745859780154864,0.000555247084952804,0.000634568097088919,positive,36,True,stage|all_valid
S0684,stage,normalized_levenshtein,max,all_calls,RANDOM_ONE_TO_ONE_MATCHING,model_task_cell,mean,all_valid,ALL,0.09452997824510292,0.05790259153901884,0.13252066771364937,0.000555247084952804,0.000634568097088919,positive,36,True,stage|all_valid
S0685,stage,normalized_levenshtein,max,all_calls,RANDOM_ONE_TO_ONE_MATCHING,model_task_cell,median,all_valid,ALL,0.0629214422106579,0.016119541428977716,0.11065207911868448,0.01110494169905608,0.011261349328620251,positive,36,True,stage|all_valid
S0686,stage,normalized_levenshtein,max,all_calls,RANDOM_ONE_TO_ONE_MATCHING,task,mean,all_valid,ALL,0.08965244383325478,0.050134769115038745,0.13096332978199987,0.000555247084952804,0.000634568097088919,positive,36,True,stage|all_valid
S0687,stage,normalized_levenshtein,max,all_calls,RANDOM_ONE_TO_ONE_MATCHING,task,median,all_valid,ALL,0.08166726323976065,0.035411076586095935,0.13879057347654156,0.001110494169905608,0.0011504400033554502,positive,36,True,stage|all_valid
S0688,stage,normalized_levenshtein,max,all_calls,CELL_LEVEL_U_STATISTIC,episode_pair,mean,all_valid,ALL,0.09324987493894876,0.05717344149118609,0.13148448822974243,0.000555247084952804,0.000634568097088919,positive,36,True,stage|all_valid
S0689,stage,normalized_levenshtein,max,all_calls,CELL_LEVEL_U_STATISTIC,episode_pair,median,all_valid,ALL,0.10372341125756737,0.06078624420902501,0.15325196601238258,0.000555247084952804,0.000634568097088919,positive,36,True,stage|all_valid
S0690,stage,normalized_levenshtein,max,all_calls,CELL_LEVEL_U_STATISTIC,model_task_cell,mean,all_valid,ALL,0.09185618553644778,0.0547664508465366,0.12971660247927685,0.001110494169905608,0.0011504400033554502,positive,36,True,stage|all_valid
S0691,stage,normalized_levenshtein,max,all_calls,CELL_LEVEL_U_STATISTIC,model_task_cell,median,all_valid,ALL,0.05973390035890036,0.021991542408209074,0.11263902282131445,0.001110494169905608,0.0011504400033554502,positive,36,True,stage|all_valid
S0692,stage,normalized_levenshtein,max,all_calls,CELL_LEVEL_U_STATISTIC,task,mean,all_valid,ALL,0.09185618553644778,0.057786099118194004,0.12915340167328318,0.000555247084952804,0.000634568097088919,positive,36,True,stage|all_valid
S0693,stage,normalized_levenshtein,max,all_calls,CELL_LEVEL_U_STATISTIC,task,median,all_valid,ALL,0.05973390035890036,0.0227399182607516,0.10770451674097503,0.001110494169905608,0.0011504400033554502,positive,36,True,stage|all_valid
S0694,stage,normalized_levenshtein,max,all_calls,ALL_VALID_PAIRS,task,mean,complete_five,ALL,0.09710036950586759,0.060977843813031576,0.13552251763057482,0.000555247084952804,0.000555247084952804,positive,36,True,stage|complete_five
S0695,stage,normalized_levenshtein,max,all_calls,ALL_VALID_PAIRS,task,mean,balanced_downsample,ALL,0.09332058368585641,0.05801150676104421,0.13187885209868438,0.000555247084952804,0.000555247084952804,positive,36,True,stage|balanced_downsample
S0696,stage,normalized_levenshtein,max,all_calls,ALL_VALID_PAIRS,task,mean,both_success,both_success,0.055732893369257,-0.0040444094625912705,0.1331443516920789,0.19211549139367018,0.19211549139367018,positive,11,False,stage|both_success
S0697,stage,normalized_levenshtein,max,all_calls,ALL_VALID_PAIRS,task,mean,same_reward,same_reward,0.08520452352888537,0.052956298701165735,0.12115220094741926,0.000555247084952804,0.000555247084952804,positive,36,True,stage|same_reward
S0698,stage,normalized_levenshtein,max,all_calls,ALL_VALID_PAIRS,task,mean,airline,ALL,0.11874714185766634,0.06567177080389397,0.17372086539145395,0.000555247084952804,0.000555247084952804,positive,18,True,stage|airline
S0699,stage,normalized_levenshtein,max,all_calls,ALL_VALID_PAIRS,task,mean,retail,ALL,0.06496522921522922,0.022199723450417895,0.11350812943486546,0.013325930038867296,0.013325930038867296,positive,18,True,stage|retail
S0700,stage,normalized_levenshtein,max,all_calls,ALL_VALID_PAIRS,task,mean,drop_gemma4_31b,ALL,0.06732508936815433,0.021622694490908964,0.12011074007202317,0.009439200444197668,0.009439200444197668,positive,36,True,stage|drop_gemma4_31b
S0701,stage,normalized_levenshtein,max,all_calls,ALL_VALID_PAIRS,task,mean,drop_gpt_oss_120b,ALL,0.10678515116052166,0.06510352541576185,0.15413695930445043,0.000555247084952804,0.000555247084952804,positive,36,True,stage|drop_gpt_oss_120b
S0702,stage,normalized_levenshtein,max,all_calls,ALL_VALID_PAIRS,task,mean,drop_mistral_small_3p2,ALL,0.10145831608066741,0.06426868393993232,0.14643717760471883,0.000555247084952804,0.000555247084952804,positive,36,True,stage|drop_mistral_small_3p2
S0703,stage,normalized_levenshtein,max,all_calls,ALL_VALID_PAIRS,task,mean,drop_airline,ALL,0.06496522921522922,0.022263701743215642,0.11450853873492757,0.0138811771238201,0.0138811771238201,positive,18,True,stage|drop_airline
S0704,stage,normalized_levenshtein,max,all_calls,ALL_VALID_PAIRS,task,mean,drop_retail,ALL,0.11874714185766634,0.0676440711230284,0.17306248487985965,0.000555247084952804,0.000555247084952804,positive,18,True,stage|drop_retail
